captured_at_utc,github_event_name,github_event_schedule,github_run_id,github_run_attempt,github_sha,evaluation_protocol_version,evaluation_protocol_sha256,official_evaluation_eligible,entry_lead_minutes,challenger_version,research_only,orientation_ready,season,week,game_id,start_date,away_team,home_team,venue_id,venue_name,division_track,closing_total,line_provider,baseline_status,baseline_pred_market_residual,model_projected_total,challenger_status,challenger_pred_market_residual,challenger_projected_total,challenger_abs_edge,challenger_minus_baseline_edge,status_changed,temperature_f,humidity,precipitation,wind_mph,wind_gust_mph,shadow_wind_direction_degrees,field_axis_deg,axis_uncertainty_deg,wind_field_angle_deg,crosswind_mph,alongwind_mph,nws_status,shadow_weather_status,weather_summary
2026-09-05T03:44:25.321067+00:00,push,,33942543856,1,cce03056f81cb4f15358257f408e28c23fe45937,orientation-eval-2026.2,c2fa1b1aaf967fb49d4f335564e11a2d2918fd41c77a7790c7b3877c5146d1ce,False,945.5779822166667,orientation-crosswind-hgb-v0.1,True,False,2026,1,401866625,2026-09-05 19:30:00+00:00,Western Carolina,Campbell,3629.0,Barker-Lane Stadium,FCS,67.5,DraftKings,QUALIFIES,-10.517283740128669,56.98271625987133,NO PLAY,,,,,True,97.0,43.0,0.3399999999999999,4.603116368,9.206232736,,,,,,,ok,not_applicable,Measurable precipitation forecast
2026-09-05T03:44:25.321067+00:00,push,,33942543856,1,cce03056f81cb4f15358257f408e28c23fe45937,orientation-eval-2026.2,c2fa1b1aaf967fb49d4f335564e11a2d2918fd41c77a7790c7b3877c5146d1ce,False,1335.5779822166667,orientation-crosswind-hgb-v0.1,True,False,2026,1,401868163,2026-09-06 02:00:00+00:00,UC Davis,San Diego,716.0,Torero Stadium,FCS,57.5,DraftKings,QUALIFIES,-8.169462739381437,49.33053726061856,NO PLAY,,,,,True,74.0,74.0,0.0,5.75389546,11.50779092,,,,,,,ok,not_applicable,No meaningful precipitation signal
2026-09-05T03:44:25.321067+00:00,push,,33942543856,1,cce03056f81cb4f15358257f408e28c23fe45937,orientation-eval-2026.2,c2fa1b1aaf967fb49d4f335564e11a2d2918fd41c77a7790c7b3877c5146d1ce,False,735.5779822166667,orientation-crosswind-hgb-v0.1,True,False,2026,1,401867924,2026-09-05 16:00:00+00:00,Stonehill,New Haven,6058.0,Ralph F. DellaCamera Stadium,FCS,41.5,DraftKings,LEAN,-10.600902888916927,30.899097111083076,NO PLAY,,,,,True,77.0,56.0,0.0,9.206232736,11.50779092,,,,,,,ok,not_applicable,No meaningful precipitation signal
2026-09-05T03:44:25.321067+00:00,push,,33942543856,1,cce03056f81cb4f15358257f408e28c23fe45937,orientation-eval-2026.2,c2fa1b1aaf967fb49d4f335564e11a2d2918fd41c77a7790c7b3877c5146d1ce,False,855.5779822166667,orientation-crosswind-hgb-v0.1,True,False,2026,1,401866624,2026-09-05 18:00:00+00:00,Sacred Heart,Monmouth,5389.0,Kessler Stadium,FCS,58.5,DraftKings,NO PLAY,9.976277172682131,68.47627717268213,NO PLAY,,,,,False,78.0,60.0,0.0,4.603116368,9.206232736,,,,,,,ok,not_applicable,No meaningful precipitation signal
2026-09-05T03:44:25.321067+00:00,push,,33942543856,1,cce03056f81cb4f15358257f408e28c23fe45937,orientation-eval-2026.2,c2fa1b1aaf967fb49d4f335564e11a2d2918fd41c77a7790c7b3877c5146d1ce,False,1095.5779822166667,orientation-crosswind-hgb-v0.1,True,False,2026,1,401867692,2026-09-05 22:00:00+00:00,Delaware State,William & Mary,3998.0,Zable Stadium,FCS,56.5,DraftKings,NO PLAY,8.797788091056423,65.29778809105642,NO PLAY,,,,,False,86.0,65.0,0.09,5.75389546,9.206232736,,,,,,,ok,not_applicable,Measurable precipitation forecast
2026-09-05T03:44:25.321067+00:00,push,,33942543856,1,cce03056f81cb4f15358257f408e28c23fe45937,orientation-eval-2026.2,c2fa1b1aaf967fb49d4f335564e11a2d2918fd41c77a7790c7b3877c5146d1ce,False,765.5779822166667,orientation-crosswind-hgb-v0.1,True,False,2026,1,401868017,2026-09-05 16:30:00+00:00,Lehigh,Georgetown,3847.0,Cooper Field,FCS,49.5,DraftKings,NO PLAY,6.627347940807075,56.12734794080708,NO PLAY,,,,,False,80.0,72.0,0.01,5.75389546,11.50779092,,,,,,,ok,not_applicable,No meaningful precipitation signal
2026-09-05T03:44:25.321067+00:00,push,,33942543856,1,cce03056f81cb4f15358257f408e28c23fe45937,orientation-eval-2026.2,c2fa1b1aaf967fb49d4f335564e11a2d2918fd41c77a7790c7b3877c5146d1ce,False,915.5779822166667,orientation-crosswind-hgb-v0.1,True,False,2026,1,401868111,2026-09-05 19:00:00+00:00,Drake,Montana,3987.0,Washington-Grizzly Stadium,FCS,57.5,DraftKings,NO PLAY,6.572736278700137,64.07273627870013,NO PLAY,,,,,False,66.0,62.0,0.04,1.150779092,5.75389546,,179.89373597081112,1.873851391023768,,,,ok,not_applicable,Measurable precipitation forecast
2026-09-05T03:44:25.321067+00:00,push,,33942543856,1,cce03056f81cb4f15358257f408e28c23fe45937,orientation-eval-2026.2,c2fa1b1aaf967fb49d4f335564e11a2d2918fd41c77a7790c7b3877c5146d1ce,False,1095.5779822166667,orientation-crosswind-hgb-v0.1,True,False,2026,1,401869127,2026-09-05 22:00:00+00:00,Richmond,Howard,3990.0,William H. Greene Stadium,FCS,45.5,DraftKings,NO PLAY,6.485526650857721,51.98552665085772,NO PLAY,,,,,False,79.0,69.0,0.0,4.603116368,8.055453644,,,,,,,ok,not_applicable,No meaningful precipitation signal
2026-09-05T03:44:25.321067+00:00,push,,33942543856,1,cce03056f81cb4f15358257f408e28c23fe45937,orientation-eval-2026.2,c2fa1b1aaf967fb49d4f335564e11a2d2918fd41c77a7790c7b3877c5146d1ce,False,825.5779822166667,orientation-crosswind-hgb-v0.1,True,False,2026,1,401868186,2026-09-05 17:30:00+00:00,Gardner-Webb,Wofford,3737.0,Gibbs Stadium,FCS,47.5,DraftKings,NO PLAY,6.133270566248595,53.6332705662486,NO PLAY,,,,,False,95.0,46.0,0.0,1.150779092,4.603116368,,,,,,,ok,not_applicable,No meaningful precipitation signal
2026-09-05T03:44:25.321067+00:00,push,,33942543856,1,cce03056f81cb4f15358257f408e28c23fe45937,orientation-eval-2026.2,c2fa1b1aaf967fb49d4f335564e11a2d2918fd41c77a7790c7b3877c5146d1ce,False,1215.5779822166667,orientation-crosswind-hgb-v0.1,True,False,2026,1,401868306,2026-09-06 00:00:00+00:00,East Texas A&M,Stephen F. Austin,3756.0,Homer Bryce Stadium,FCS,56.5,DraftKings,NO PLAY,5.978576635598602,62.4785766355986,NO PLAY,,,,,False,90.0,64.0,0.01,2.301558184,6.904674552,,,,,,,ok,not_applicable,No meaningful precipitation signal
2026-09-05T03:44:25.321067+00:00,push,,33942543856,1,cce03056f81cb4f15358257f408e28c23fe45937,orientation-eval-2026.2,c2fa1b1aaf967fb49d4f335564e11a2d2918fd41c77a7790c7b3877c5146d1ce,False,1095.5779822166667,orientation-crosswind-hgb-v0.1,True,False,2026,1,401866626,2026-09-05 22:00:00+00:00,Elon,Davidson,3897.0,Richardson Stadium,FCS,58.5,DraftKings,NO PLAY,5.883664856996871,64.38366485699687,NO PLAY,,,,,False,92.0,51.0,0.06,4.603116368,9.206232736,,,,,,,ok,not_applicable,Measurable precipitation forecast
2026-09-05T03:44:25.321067+00:00,push,,33942543856,1,cce03056f81cb4f15358257f408e28c23fe45937,orientation-eval-2026.2,c2fa1b1aaf967fb49d4f335564e11a2d2918fd41c77a7790c7b3877c5146d1ce,False,1095.5779822166667,orientation-crosswind-hgb-v0.1,True,False,2026,1,401867989,2026-09-05 22:00:00+00:00,Villanova,Bucknell,3676.0,Christy Mathewson-Memorial Stadium,FCS,56.5,DraftKings,NO PLAY,5.153685476851575,61.65368547685158,NO PLAY,,,,,False,76.0,60.0,0.0,4.603116368,12.658570012,,,,,,,ok,not_applicable,No meaningful precipitation signal
2026-09-05T03:44:25.321067+00:00,push,,33942543856,1,cce03056f81cb4f15358257f408e28c23fe45937,orientation-eval-2026.2,c2fa1b1aaf967fb49d4f335564e11a2d2918fd41c77a7790c7b3877c5146d1ce,False,1215.5779822166667,orientation-crosswind-hgb-v0.1,True,False,2026,1,401867883,2026-09-06 00:00:00+00:00,South Dakota,Northern Colorado,3856.0,Nottingham Field,FCS,56.5,DraftKings,NO PLAY,4.901288919106266,61.40128891910626,NO PLAY,,,,,False,89.0,25.0,0.0,8.055453644,13.809349104,,,,,,,ok,not_applicable,No meaningful precipitation signal
2026-09-05T03:44:25.321067+00:00,push,,33942543856,1,cce03056f81cb4f15358257f408e28c23fe45937,orientation-eval-2026.2,c2fa1b1aaf967fb49d4f335564e11a2d2918fd41c77a7790c7b3877c5146d1ce,False,1155.5779822166667,orientation-crosswind-hgb-v0.1,True,False,2026,1,401867845,2026-09-05 23:00:00+00:00,Illinois State,Western Illinois,3746.0,Hanson Field,FCS,59.5,DraftKings,NO PLAY,-4.697934836647071,54.80206516335293,NO PLAY,,,,,False,90.0,62.0,0.0,4.603116368,10.357011828,,,,,,,ok,not_applicable,No meaningful precipitation signal
2026-09-05T03:44:25.321067+00:00,push,,33942543856,1,cce03056f81cb4f15358257f408e28c23fe45937,orientation-eval-2026.2,c2fa1b1aaf967fb49d4f335564e11a2d2918fd41c77a7790c7b3877c5146d1ce,False,1245.5779822166667,orientation-crosswind-hgb-v0.1,True,False,2026,1,401868119,2026-09-06 00:30:00+00:00,Butler,Montana State,3643.0,Bobcat Stadium,FCS,59.5,DraftKings,NO PLAY,3.4600899058546912,62.96008990585469,NO PLAY,,,,,False,79.0,30.0,0.0,4.603116368,14.960128196,,135.33568482139555,1.8823323676204664,,,,ok,not_applicable,No meaningful precipitation signal
2026-09-05T03:44:25.321067+00:00,push,,33942543856,1,cce03056f81cb4f15358257f408e28c23fe45937,orientation-eval-2026.2,c2fa1b1aaf967fb49d4f335564e11a2d2918fd41c77a7790c7b3877c5146d1ce,False,975.5779822166667,orientation-crosswind-hgb-v0.1,True,False,2026,1,401867875,2026-09-05 20:00:00+00:00,St. Thomas (MN),North Dakota,3605.0,Alerus Center,FCS,52.5,DraftKings,NO PLAY,3.25825651841652,55.75825651841652,NO PLAY,,,,,False,,,,,,,,,,,,indoor,not_applicable,Indoor/dome game
2026-09-05T03:44:25.321067+00:00,push,,33942543856,1,cce03056f81cb4f15358257f408e28c23fe45937,orientation-eval-2026.2,c2fa1b1aaf967fb49d4f335564e11a2d2918fd41c77a7790c7b3877c5146d1ce,False,1095.5779822166667,orientation-crosswind-hgb-v0.1,True,False,2026,1,401868336,2026-09-05 22:00:00+00:00,Tennessee Tech,Chattanooga,3720.0,Finley Stadium,FCS,49.5,DraftKings,NO PLAY,2.780267570155487,52.28026757015549,NO PLAY,,,,,False,95.0,49.0,0.07,3.452337276,9.206232736,,,,,,,ok,not_applicable,Measurable precipitation forecast
2026-09-05T03:44:25.321067+00:00,push,,33942543856,1,cce03056f81cb4f15358257f408e28c23fe45937,orientation-eval-2026.2,c2fa1b1aaf967fb49d4f335564e11a2d2918fd41c77a7790c7b3877c5146d1ce,False,1155.5779822166667,orientation-crosswind-hgb-v0.1,True,False,2026,1,401867684,2026-09-05 23:00:00+00:00,Chicago State,UT Martin,3748.0,Graham Stadium,FCS,61.5,DraftKings,NO PLAY,-2.282805427063576,59.21719457293642,NO PLAY,,,,,False,96.0,46.0,0.0,2.301558184,6.904674552,,,,,,,ok,not_applicable,No meaningful precipitation signal
2026-09-05T03:44:25.321067+00:00,push,,33942543856,1,cce03056f81cb4f15358257f408e28c23fe45937,orientation-eval-2026.2,c2fa1b1aaf967fb49d4f335564e11a2d2918fd41c77a7790c7b3877c5146d1ce,False,2355.5779822166664,orientation-crosswind-hgb-v0.1,True,False,2026,1,401867939,2026-09-06 19:00:00+00:00,South Carolina State,Florida A&M,3948.0,Hard Rock Stadium,FCS,56.5,draftkings (OddsPapi),NO PLAY,2.225356415098132,58.72535641509813,NO PLAY,,,,,False,88.0,70.0,0.33,4.603116368,8.055453644,,121.65903108347374,1.873103367360682,,,,ok,not_applicable,Measurable precipitation forecast
2026-09-05T03:44:25.321067+00:00,push,,33942543856,1,cce03056f81cb4f15358257f408e28c23fe45937,orientation-eval-2026.2,c2fa1b1aaf967fb49d4f335564e11a2d2918fd41c77a7790c7b3877c5146d1ce,False,1155.5779822166667,orientation-crosswind-hgb-v0.1,True,False,2026,1,401868085,2026-09-05 23:00:00+00:00,Northern Iowa,Eastern Washington,3906.0,Roos Field,FCS,52.5,DraftKings,NO PLAY,-1.6378073012330914,50.86219269876691,NO PLAY,,,,,False,69.0,40.0,0.0,2.301558184,5.75389546,,,,,,,ok,not_applicable,No meaningful precipitation signal
2026-09-05T03:44:25.321067+00:00,push,,33942543856,1,cce03056f81cb4f15358257f408e28c23fe45937,orientation-eval-2026.2,c2fa1b1aaf967fb49d4f335564e11a2d2918fd41c77a7790c7b3877c5146d1ce,False,1215.5779822166667,orientation-crosswind-hgb-v0.1,True,False,2026,1,401868158,2026-09-06 00:00:00+00:00,Weber State,Southern Utah,3706.0,Eccles Coliseum,FCS,58.5,DraftKings,NO PLAY,1.5507604010307672,60.050760401030765,NO PLAY,,,,,False,77.0,26.0,0.0,14.960128196,28.7694773,,,,,,,ok,not_applicable,No meaningful precipitation signal
2026-09-05T03:44:25.321067+00:00,push,,33942543856,1,cce03056f81cb4f15358257f408e28c23fe45937,orientation-eval-2026.2,c2fa1b1aaf967fb49d4f335564e11a2d2918fd41c77a7790c7b3877c5146d1ce,False,1155.5779822166667,orientation-crosswind-hgb-v0.1,True,False,2026,1,401862697,2026-09-05 23:00:00+00:00,Houston Christian,Rice,3895.0,Rice Stadium,OTHER,47.5,DraftKings,NO PLAY,1.5478328744599257,49.04783287445993,NO PLAY,,,,,False,89.0,66.0,0.18,4.603116368,5.75389546,,179.4394182828769,1.8720276624385963,,,,ok,not_applicable,Measurable precipitation forecast
2026-09-05T03:44:25.321067+00:00,push,,33942543856,1,cce03056f81cb4f15358257f408e28c23fe45937,orientation-eval-2026.2,c2fa1b1aaf967fb49d4f335564e11a2d2918fd41c77a7790c7b3877c5146d1ce,False,1335.5779822166667,orientation-crosswind-hgb-v0.1,True,False,2026,1,401856774,2026-09-06 02:00:00+00:00,Morgan State,Arizona State,3947.0,Mountain America Stadium,OTHER,52.5,DraftKings,NO PLAY,1.424897551033898,53.9248975510339,NO PLAY,,,,,False,96.0,27.0,0.0,4.603116368,6.904674552,,14.150279556134343,1.8715068734243092,,,,ok,not_applicable,No meaningful precipitation signal
2026-09-05T03:44:25.321067+00:00,push,,33942543856,1,cce03056f81cb4f15358257f408e28c23fe45937,orientation-eval-2026.2,c2fa1b1aaf967fb49d4f335564e11a2d2918fd41c77a7790c7b3877c5146d1ce,False,1155.5779822166667,orientation-crosswind-hgb-v0.1,True,False,2026,1,401868071,2026-09-05 23:00:00+00:00,West Florida,Central Arkansas,3711.0,Estes Stadium,FCS,55.5,DraftKings,NO PLAY,1.4128565688184045,56.912856568818405,NO PLAY,,,,,False,99.0,44.0,0.0,2.301558184,4.603116368,,,,,,,ok,not_applicable,No meaningful precipitation signal
2026-09-05T03:44:25.321067+00:00,push,,33942543856,1,cce03056f81cb4f15358257f408e28c23fe45937,orientation-eval-2026.2,c2fa1b1aaf967fb49d4f335564e11a2d2918fd41c77a7790c7b3877c5146d1ce,False,1215.5779822166667,orientation-crosswind-hgb-v0.1,True,False,2026,1,401856775,2026-09-06 00:00:00+00:00,Utah Tech,BYU,3801.0,LaVell Edwards Stadium,OTHER,61.5,DraftKings,NO PLAY,1.3525441165479335,62.85254411654793,NO PLAY,,,,,False,84.0,22.0,0.0,5.75389546,12.658570012,,179.29850852085707,1.8747947404156928,,,,ok,not_applicable,No meaningful precipitation signal
2026-09-05T03:44:25.321067+00:00,push,,33942543856,1,cce03056f81cb4f15358257f408e28c23fe45937,orientation-eval-2026.2,c2fa1b1aaf967fb49d4f335564e11a2d2918fd41c77a7790c7b3877c5146d1ce,False,765.5779822166667,orientation-crosswind-hgb-v0.1,True,True,2026,1,401858207,2026-09-05 16:30:00+00:00,Miami (OH),Pittsburgh,3752.0,Acrisure Stadium,FBS,47.5,DraftKings,NO PLAY,1.328016675021332,48.82801667502133,NO PLAY,1.096988089613179,48.59698808961318,1.096988089613179,-0.23102858540815308,False,77.0,82.0,0.01,3.452337276,8.055453644,320.0,155.3104282088858,1.8725163665044011,15.31042820888581,0.911584829257495,3.3298116713001478,ok,ok,Low precipitation chance
2026-09-05T03:44:25.321067+00:00,push,,33942543856,1,cce03056f81cb4f15358257f408e28c23fe45937,orientation-eval-2026.2,c2fa1b1aaf967fb49d4f335564e11a2d2918fd41c77a7790c7b3877c5146d1ce,False,945.5779822166667,orientation-crosswind-hgb-v0.1,True,False,2026,1,401856636,2026-09-05 19:30:00+00:00,Baylor,Auburn,5348.0,Mercedes-Benz Stadium,FBS,59.5,DraftKings,NO PLAY,1.2535062643919952,60.753506264392,NO PLAY,1.5234947319956635,61.02349473199566,1.5234947319956635,0.26998846760366835,False,,,,,,,,,,,,indoor,not_applicable,Indoor/dome game
2026-09-05T03:44:25.321067+00:00,push,,33942543856,1,cce03056f81cb4f15358257f408e28c23fe45937,orientation-eval-2026.2,c2fa1b1aaf967fb49d4f335564e11a2d2918fd41c77a7790c7b3877c5146d1ce,False,1095.5779822166667,orientation-crosswind-hgb-v0.1,True,False,2026,1,401868274,2026-09-05 22:00:00+00:00,Presbyterian,Mercer,4417.0,Five Star Stadium at the Moye Complex,FCS,56.5,DraftKings,NO PLAY,1.234259279684884,57.734259279684885,NO PLAY,,,,,False,93.0,53.0,0.0,4.603116368,9.206232736,,,,,,,ok,not_applicable,No meaningful precipitation signal
2026-09-05T03:44:25.321067+00:00,push,,33942543856,1,cce03056f81cb4f15358257f408e28c23fe45937,orientation-eval-2026.2,c2fa1b1aaf967fb49d4f335564e11a2d2918fd41c77a7790c7b3877c5146d1ce,False,945.5779822166667,orientation-crosswind-hgb-v0.1,True,False,2026,1,401862694,2026-09-05 19:30:00+00:00,The Citadel,Charlotte,4418.0,Jerry Richardson Stadium,OTHER,46.5,DraftKings,NO PLAY,1.1787829281997164,47.67878292819972,NO PLAY,,,,,False,97.0,42.0,0.03,4.603116368,9.206232736,,130.7337132485115,1.880385779434281,,,,ok,not_applicable,Measurable precipitation forecast
2026-09-05T03:44:25.321067+00:00,push,,33942543856,1,cce03056f81cb4f15358257f408e28c23fe45937,orientation-eval-2026.2,c2fa1b1aaf967fb49d4f335564e11a2d2918fd41c77a7790c7b3877c5146d1ce,False,945.5779822166667,orientation-crosswind-hgb-v0.1,True,False,2026,1,401866627,2026-09-05 19:30:00+00:00,Maine,App State,3792.0,Kidd Brewer Stadium,OTHER,53.5,DraftKings,NO PLAY,1.1665634305307162,54.66656343053072,NO PLAY,,,,,False,81.0,61.0,0.05,8.055453644,13.809349104,,169.3772439564877,1.8936849561471096,,,,ok,not_applicable,Measurable precipitation forecast
2026-09-05T03:44:25.321067+00:00,push,,33942543856,1,cce03056f81cb4f15358257f408e28c23fe45937,orientation-eval-2026.2,c2fa1b1aaf967fb49d4f335564e11a2d2918fd41c77a7790c7b3877c5146d1ce,False,735.5779822166667,orientation-crosswind-hgb-v0.1,True,False,2026,1,401866410,2026-09-05 16:00:00+00:00,Tarleton State,Bowling Green,3700.0,Doyt L. Perry Stadium,OTHER,48.5,DraftKings,NO PLAY,1.0269791598816702,49.52697915988167,NO PLAY,,,,,False,76.0,81.0,0.01,8.055453644,13.809349104,,0.6758989946279681,1.8752626526061864,,,,ok,not_applicable,Low precipitation chance
2026-09-05T03:44:25.321067+00:00,push,,33942543856,1,cce03056f81cb4f15358257f408e28c23fe45937,orientation-eval-2026.2,c2fa1b1aaf967fb49d4f335564e11a2d2918fd41c77a7790c7b3877c5146d1ce,False,1155.5779822166667,orientation-crosswind-hgb-v0.1,True,False,2026,1,401868316,2026-09-05 23:00:00+00:00,SE Louisiana,South Alabama,6526.0,Hancock Whitney Stadium,OTHER,52.5,DraftKings,NO PLAY,0.9850618224722736,53.48506182247228,NO PLAY,,,,,False,84.0,77.0,0.05,4.603116368,5.75389546,,179.67443549010108,1.871118285548042,,,,ok,not_applicable,Measurable precipitation forecast
2026-09-05T03:44:25.321067+00:00,push,,33942543856,1,cce03056f81cb4f15358257f408e28c23fe45937,orientation-eval-2026.2,c2fa1b1aaf967fb49d4f335564e11a2d2918fd41c77a7790c7b3877c5146d1ce,False,1155.5779822166667,orientation-crosswind-hgb-v0.1,True,True,2026,1,401862699,2026-09-05 23:00:00+00:00,Florida International,South Florida,3886.0,Raymond James Stadium,FBS,51.5,DraftKings,NO PLAY,0.9744799844530152,52.47447998445301,NO PLAY,0.7970201084986058,52.29702010849861,0.7970201084986058,-0.17745987595440937,False,85.0,74.0,0.03,4.603116368,9.206232736,280.0,179.8670498323715,1.8798785257346229,79.86704983237149,4.531317721715251,0.809839491639435,ok,ok,Measurable precipitation forecast
2026-09-05T03:44:25.321067+00:00,push,,33942543856,1,cce03056f81cb4f15358257f408e28c23fe45937,orientation-eval-2026.2,c2fa1b1aaf967fb49d4f335564e11a2d2918fd41c77a7790c7b3877c5146d1ce,False,1275.5779822166667,orientation-crosswind-hgb-v0.1,True,False,2026,1,401870790,2026-09-06 01:00:00+00:00,Mercyhurst,New Mexico State,3601.0,Aggie Memorial Stadium,OTHER,52.5,DraftKings,NO PLAY,0.9501506619811576,53.45015066198116,NO PLAY,,,,,False,89.0,34.0,0.0,1.150779092,5.75389546,,167.70660090957762,1.87293576159372,,,,ok,not_applicable,No meaningful precipitation signal
2026-09-05T03:44:25.321067+00:00,push,,33942543856,1,cce03056f81cb4f15358257f408e28c23fe45937,orientation-eval-2026.2,c2fa1b1aaf967fb49d4f335564e11a2d2918fd41c77a7790c7b3877c5146d1ce,False,990.5779822166667,orientation-crosswind-hgb-v0.1,True,False,2026,1,401856635,2026-09-05 20:15:00+00:00,North Alabama,Arkansas,3887.0,Razorback Stadium,OTHER,63.5,DraftKings,NO PLAY,-0.9331324042328388,62.56686759576717,NO PLAY,,,,,False,99.0,36.0,0.0,3.452337276,6.904674552,,1.0697159752724532,1.8738743549641412,,,,ok,not_applicable,No meaningful precipitation signal
2026-09-05T03:44:25.321067+00:00,push,,33942543856,1,cce03056f81cb4f15358257f408e28c23fe45937,orientation-eval-2026.2,c2fa1b1aaf967fb49d4f335564e11a2d2918fd41c77a7790c7b3877c5146d1ce,False,945.5779822166667,orientation-crosswind-hgb-v0.1,True,False,2026,1,401862700,2026-09-05 19:30:00+00:00,UT Rio Grande Valley,UTSA,3604.0,Alamodome,OTHER,59.5,DraftKings,NO PLAY,0.9253024372246724,60.42530243722467,NO PLAY,,,,,False,,,,,,,,,,,,indoor,not_applicable,Indoor/dome game
2026-09-05T03:44:25.321067+00:00,push,,33942543856,1,cce03056f81cb4f15358257f408e28c23fe45937,orientation-eval-2026.2,c2fa1b1aaf967fb49d4f335564e11a2d2918fd41c77a7790c7b3877c5146d1ce,False,1155.5779822166667,orientation-crosswind-hgb-v0.1,True,True,2026,1,401870763,2026-09-05 23:00:00+00:00,Sam Houston,Troy,3975.0,Veterans Memorial Stadium (AL),FBS,53.5,DraftKings,NO PLAY,0.901112903910652,54.40111290391065,NO PLAY,0.744113874916239,54.24411387491624,0.744113874916239,-0.15699902899441298,False,86.0,68.0,0.08,2.301558184,8.055453644,220.0,178.86468964832034,1.8635396059936429,41.135310351679664,1.5140559503588504,1.7334372366833293,ok,ok,Measurable precipitation forecast
2026-09-05T03:44:25.321067+00:00,push,,33942543856,1,cce03056f81cb4f15358257f408e28c23fe45937,orientation-eval-2026.2,c2fa1b1aaf967fb49d4f335564e11a2d2918fd41c77a7790c7b3877c5146d1ce,False,1215.5779822166667,orientation-crosswind-hgb-v0.1,True,False,2026,1,401858427,2026-09-06 00:00:00+00:00,Hampton,Maryland,3665.0,SECU Stadium,OTHER,55.5,DraftKings,NO PLAY,0.88113437896196,56.38113437896196,NO PLAY,,,,,False,76.0,74.0,0.0,3.452337276,6.904674552,,126.25739709506098,1.882832282509331,,,,ok,not_applicable,No meaningful precipitation signal
2026-09-05T03:44:25.321067+00:00,push,,33942543856,1,cce03056f81cb4f15358257f408e28c23fe45937,orientation-eval-2026.2,c2fa1b1aaf967fb49d4f335564e11a2d2918fd41c77a7790c7b3877c5146d1ce,False,1035.5779822166667,orientation-crosswind-hgb-v0.1,True,False,2026,1,401868356,2026-09-05 21:00:00+00:00,Alcorn State,Southern Miss,3815.0,M. M. Roberts Stadium,OTHER,50.5,DraftKings,NO PLAY,0.8806472934683057,51.38064729346831,NO PLAY,,,,,False,90.0,62.0,0.09,4.603116368,9.206232736,,179.84125791146874,1.87297225497886,,,,ok,not_applicable,Measurable precipitation forecast
2026-09-05T03:44:25.321067+00:00,push,,33942543856,1,cce03056f81cb4f15358257f408e28c23fe45937,orientation-eval-2026.2,c2fa1b1aaf967fb49d4f335564e11a2d2918fd41c77a7790c7b3877c5146d1ce,False,735.5779822166667,orientation-crosswind-hgb-v0.1,True,False,2026,1,401858208,2026-09-05 16:00:00+00:00,New Hampshire,Syracuse,1964.0,JMA Wireless Dome,OTHER,55.5,DraftKings,NO PLAY,0.8525815030561179,56.35258150305612,NO PLAY,,,,,False,,,,,,,,,,,,indoor,not_applicable,Indoor/dome game
2026-09-05T03:44:25.321067+00:00,push,,33942543856,1,cce03056f81cb4f15358257f408e28c23fe45937,orientation-eval-2026.2,c2fa1b1aaf967fb49d4f335564e11a2d2918fd41c77a7790c7b3877c5146d1ce,False,915.5779822166667,orientation-crosswind-hgb-v0.1,True,False,2026,1,401856658,2026-09-05 19:00:00+00:00,Tennessee State,Georgia,3917.0,Sanford Stadium,OTHER,54.5,DraftKings,NO PLAY,0.8431839314168512,55.34318393141685,NO PLAY,,,,,False,98.0,44.0,0.0,2.301558184,8.055453644,,116.00228184876158,1.87643216054317,,,,ok,not_applicable,No meaningful precipitation signal
2026-09-05T03:44:25.321067+00:00,push,,33942543856,1,cce03056f81cb4f15358257f408e28c23fe45937,orientation-eval-2026.2,c2fa1b1aaf967fb49d4f335564e11a2d2918fd41c77a7790c7b3877c5146d1ce,False,765.5779822166667,orientation-crosswind-hgb-v0.1,True,True,2026,1,401858432,2026-09-05 16:30:00+00:00,Ball State,Ohio State,3861.0,Ohio Stadium,FBS,56.5,DraftKings,NO PLAY,0.7957857672743083,57.29578576727431,NO PLAY,0.6816560969564125,57.18165609695641,0.6816560969564125,-0.11412967031789578,False,82.0,75.0,0.03,4.603116368,10.357011828,330.0,6.93881633242061,1.8734539078532575,36.9388163324206,2.766297337969608,3.6791682939615273,ok,ok,Measurable precipitation forecast
2026-09-05T03:44:25.321067+00:00,push,,33942543856,1,cce03056f81cb4f15358257f408e28c23fe45937,orientation-eval-2026.2,c2fa1b1aaf967fb49d4f335564e11a2d2918fd41c77a7790c7b3877c5146d1ce,False,945.5779822166667,orientation-crosswind-hgb-v0.1,True,False,2026,1,401862696,2026-09-05 19:30:00+00:00,Towson,Navy,3852.0,Navy-Marine Corps Memorial Stadium,OTHER,50.5,DraftKings,NO PLAY,0.7957857672743083,51.29578576727431,NO PLAY,,,,,False,80.0,65.0,0.0,5.75389546,8.055453644,,141.12441908981867,1.8797886940252515,,,,ok,not_applicable,No meaningful precipitation signal
2026-09-05T03:44:25.321067+00:00,push,,33942543856,1,cce03056f81cb4f15358257f408e28c23fe45937,orientation-eval-2026.2,c2fa1b1aaf967fb49d4f335564e11a2d2918fd41c77a7790c7b3877c5146d1ce,False,990.5779822166667,orientation-crosswind-hgb-v0.1,True,True,2026,1,401858426,2026-09-05 20:15:00+00:00,Northern Illinois,Iowa,3793.0,Kinnick Stadium,FBS,44.5,DraftKings,NO PLAY,0.7957857672743083,45.29578576727431,NO PLAY,0.6816560969564125,45.18165609695641,0.6816560969564125,-0.11412967031789578,False,91.0,56.0,0.0,5.75389546,9.206232736,30.0,0.5400615253611892,1.875230700920845,29.45993847463881,2.829851418283799,5.009915559672217,ok,ok,No meaningful precipitation signal
2026-09-05T03:44:25.321067+00:00,push,,33942543856,1,cce03056f81cb4f15358257f408e28c23fe45937,orientation-eval-2026.2,c2fa1b1aaf967fb49d4f335564e11a2d2918fd41c77a7790c7b3877c5146d1ce,False,1185.5779822166667,orientation-crosswind-hgb-v0.1,True,True,2026,1,401856662,2026-09-05 23:30:00+00:00,UL Monroe,Mississippi State,3693.0,Davis Wade Stadium,FBS,54.5,DraftKings,NO PLAY,0.7654433161616556,55.26544331616166,NO PLAY,0.6816560969564125,55.18165609695641,0.6816560969564125,-0.08378721920524312,False,95.0,48.0,0.06,2.301558184,6.904674552,180.0,13.41475285157474,1.8730917244299168,13.41475285157474,0.5339577513310115,2.23876287134902,ok,ok,Measurable precipitation forecast
2026-09-05T03:44:25.321067+00:00,push,,33942543856,1,cce03056f81cb4f15358257f408e28c23fe45937,orientation-eval-2026.2,c2fa1b1aaf967fb49d4f335564e11a2d2918fd41c77a7790c7b3877c5146d1ce,False,735.5779822166667,orientation-crosswind-hgb-v0.1,True,True,2026,1,401858430,2026-09-05 16:00:00+00:00,Ohio,Nebraska,3834.0,"Memorial Stadium (Lincoln, NE)",FBS,46.5,DraftKings,NO PLAY,0.7627643368599065,47.26276433685991,NO PLAY,0.6816560969564125,47.18165609695641,0.6816560969564125,-0.08110823990349403,False,90.0,51.0,0.0,4.603116368,9.206232736,160.0,0.3058199391365794,1.8726953197557803,20.30581993913657,1.5974236980264558,4.317049666882812,ok,ok,No meaningful precipitation signal
2026-09-05T03:44:25.321067+00:00,push,,33942543856,1,cce03056f81cb4f15358257f408e28c23fe45937,orientation-eval-2026.2,c2fa1b1aaf967fb49d4f335564e11a2d2918fd41c77a7790c7b3877c5146d1ce,False,1155.5779822166667,orientation-crosswind-hgb-v0.1,True,False,2026,1,401868170,2026-09-05 23:00:00+00:00,Charleston Southern,Georgia Southern,3608.0,Allen E. Paulson Stadium,OTHER,51.5,DraftKings,NO PLAY,0.7627643368599065,52.26276433685991,NO PLAY,,,,,False,91.0,60.0,0.0,3.452337276,9.206232736,,91.93284789757364,1.878900064316108,,,,ok,not_applicable,No meaningful precipitation signal
2026-09-05T03:44:25.321067+00:00,push,,33942543856,1,cce03056f81cb4f15358257f408e28c23fe45937,orientation-eval-2026.2,c2fa1b1aaf967fb49d4f335564e11a2d2918fd41c77a7790c7b3877c5146d1ce,False,1095.5779822166667,orientation-crosswind-hgb-v0.1,True,True,2026,1,401860878,2026-09-05 22:00:00+00:00,Wyoming,Colorado State,5388.0,Canvas Stadium,FBS,46.5,DraftKings,NO PLAY,0.7273304765336892,47.22733047653369,NO PLAY,0.744113874916239,47.24411387491624,0.744113874916239,0.01678339838254983,False,89.0,25.0,0.0,6.904674552,11.50779092,100.0,0.2539636975341831,1.8750650301655745,80.25396369753419,6.805024716160252,1.168832443716584,ok,ok,No meaningful precipitation signal
2026-09-05T03:44:25.321067+00:00,push,,33942543856,1,cce03056f81cb4f15358257f408e28c23fe45937,orientation-eval-2026.2,c2fa1b1aaf967fb49d4f335564e11a2d2918fd41c77a7790c7b3877c5146d1ce,False,735.5779822166667,orientation-crosswind-hgb-v0.1,True,False,2026,1,401862701,2026-09-05 16:00:00+00:00,Bryant,Army,3841.0,Michie Stadium,OTHER,50.5,DraftKings,NO PLAY,0.7142930739350536,51.21429307393505,NO PLAY,,,,,False,74.0,64.0,0.0,8.055453644,12.658570012,,1.6738855107563233,1.8602172598753768,,,,ok,not_applicable,No meaningful precipitation signal
2026-09-05T03:44:25.321067+00:00,push,,33942543856,1,cce03056f81cb4f15358257f408e28c23fe45937,orientation-eval-2026.2,c2fa1b1aaf967fb49d4f335564e11a2d2918fd41c77a7790c7b3877c5146d1ce,False,795.5779822166667,orientation-crosswind-hgb-v0.1,True,False,2026,1,401856779,2026-09-05 17:00:00+00:00,Southeast Missouri State,Iowa State,3772.0,Jack Trice Stadium,OTHER,53.5,DraftKings,NO PLAY,0.7142930739350536,54.21429307393505,NO PLAY,,,,,False,90.0,64.0,0.0,5.75389546,6.904674552,,179.58495279948036,1.8729320584382128,,,,ok,not_applicable,No meaningful precipitation signal
2026-09-05T03:44:25.321067+00:00,push,,33942543856,1,cce03056f81cb4f15358257f408e28c23fe45937,orientation-eval-2026.2,c2fa1b1aaf967fb49d4f335564e11a2d2918fd41c77a7790c7b3877c5146d1ce,False,1200.5779822166667,orientation-crosswind-hgb-v0.1,True,True,2026,1,401856637,2026-09-05 23:45:00+00:00,Florida Atlantic,Florida,3634.0,Ben Hill Griffin Stadium,FBS,59.5,DraftKings,NO PLAY,0.6959821227400433,60.19598212274004,NO PLAY,0.13854085521458243,59.63854085521458,0.13854085521458243,-0.557441267525461,False,85.0,77.0,0.06,4.603116368,9.206232736,240.0,0.1453959827347325,1.870455954576616,59.85460401726527,3.9805623591294936,2.3116668450343263,ok,ok,Measurable precipitation forecast
2026-09-05T03:44:25.321067+00:00,push,,33942543856,1,cce03056f81cb4f15358257f408e28c23fe45937,orientation-eval-2026.2,c2fa1b1aaf967fb49d4f335564e11a2d2918fd41c77a7790c7b3877c5146d1ce,False,2415.5779822166664,orientation-crosswind-hgb-v0.1,True,True,2026,1,401858437,2026-09-06 20:00:00+00:00,Washington State,Washington,3765.0,Husky Stadium,FBS,51.5,DraftKings,NO PLAY,0.6814575774276652,52.18145757742767,NO PLAY,0.6816560969564125,52.18165609695641,0.6816560969564125,0.0001985195287472763,False,69.0,67.0,0.0,3.452337276,5.75389546,350.0,107.60780889275486,1.8826430752236207,62.39219110724514,3.059255631258229,1.5998711353961967,ok,ok,No meaningful precipitation signal
2026-09-05T03:44:25.321067+00:00,push,,33942543856,1,cce03056f81cb4f15358257f408e28c23fe45937,orientation-eval-2026.2,c2fa1b1aaf967fb49d4f335564e11a2d2918fd41c77a7790c7b3877c5146d1ce,False,945.5779822166667,orientation-crosswind-hgb-v0.1,True,False,2026,1,401864499,2026-09-05 19:30:00+00:00,Fordham,North Dakota State,3714.0,Fargodome,OTHER,56.5,DraftKings,NO PLAY,0.6767771454757576,57.17677714547576,NO PLAY,,,,,False,,,,,,,,,,,,indoor,not_applicable,Indoor/dome game
2026-09-05T03:44:25.321067+00:00,push,,33942543856,1,cce03056f81cb4f15358257f408e28c23fe45937,orientation-eval-2026.2,c2fa1b1aaf967fb49d4f335564e11a2d2918fd41c77a7790c7b3877c5146d1ce,False,1095.5779822166667,orientation-crosswind-hgb-v0.1,True,False,2026,1,401867973,2026-09-05 22:00:00+00:00,Norfolk State,Old Dominion,3918.0,S.B. Ballard Stadium,OTHER,52.5,DraftKings,NO PLAY,0.6767771454757576,53.17677714547576,NO PLAY,,,,,False,87.0,63.0,0.07,9.206232736,13.809349104,,163.67330747164988,1.873750476230905,,,,ok,not_applicable,Measurable precipitation forecast
2026-09-05T03:44:25.321067+00:00,push,,33942543856,1,cce03056f81cb4f15358257f408e28c23fe45937,orientation-eval-2026.2,c2fa1b1aaf967fb49d4f335564e11a2d2918fd41c77a7790c7b3877c5146d1ce,False,1185.5779822166667,orientation-crosswind-hgb-v0.1,True,True,2026,1,401858428,2026-09-05 23:30:00+00:00,Western Michigan,Michigan,3558.0,Michigan Stadium,FBS,49.5,DraftKings,NO PLAY,0.6767771454757576,50.17677714547576,NO PLAY,0.6816560969564125,50.18165609695641,0.6816560969564125,0.0048789514806548695,False,73.0,74.0,0.0,6.904674552,13.809349104,40.0,179.19022834932764,1.877367681688747,40.80977165067236,4.512547968827373,5.226034969082043,ok,ok,No meaningful precipitation signal
2026-09-05T03:44:25.321067+00:00,push,,33942543856,1,cce03056f81cb4f15358257f408e28c23fe45937,orientation-eval-2026.2,c2fa1b1aaf967fb49d4f335564e11a2d2918fd41c77a7790c7b3877c5146d1ce,False,1335.5779822166667,orientation-crosswind-hgb-v0.1,True,False,2026,1,401866411,2026-09-06 02:00:00+00:00,Mississippi Valley State,Sacramento State,3757.0,Hornet Stadium,OTHER,56.5,DraftKings,NO PLAY,0.6767771454757576,57.17677714547576,NO PLAY,,,,,False,78.0,38.0,0.0,6.904674552,12.658570012,,,,,,,ok,not_applicable,No meaningful precipitation signal
2026-09-05T03:44:25.321067+00:00,push,,33942543856,1,cce03056f81cb4f15358257f408e28c23fe45937,orientation-eval-2026.2,c2fa1b1aaf967fb49d4f335564e11a2d2918fd41c77a7790c7b3877c5146d1ce,False,2625.5779822166664,orientation-crosswind-hgb-v0.1,True,False,2026,1,401858438,2026-09-06 23:30:00+00:00,Wisconsin,Notre Dame,3798.0,Lambeau Field,FBS,46.5,DraftKings,NO PLAY,-0.6748234644956753,45.825176535504326,NO PLAY,0.2015597843877294,46.701559784387726,0.2015597843877294,0.8763832488834047,False,75.0,71.0,0.0,2.301558184,5.75389546,120.0,,,,,,ok,ok,No meaningful precipitation signal
2026-09-05T03:44:25.321067+00:00,push,,33942543856,1,cce03056f81cb4f15358257f408e28c23fe45937,orientation-eval-2026.2,c2fa1b1aaf967fb49d4f335564e11a2d2918fd41c77a7790c7b3877c5146d1ce,False,945.5779822166667,orientation-crosswind-hgb-v0.1,True,True,2026,1,401858434,2026-09-05 19:30:00+00:00,Marshall,Penn State,3632.0,Beaver Stadium,FBS,51.5,DraftKings,NO PLAY,0.6666507926144751,52.16665079261448,NO PLAY,0.8122392661470933,52.312239266147095,0.8122392661470933,0.14558847353261817,False,77.0,62.0,0.0,4.603116368,10.357011828,10.0,134.97489874241603,1.883079110342328,55.02510125758397,3.771808508720109,2.6385869079672357,ok,ok,No meaningful precipitation signal
2026-09-05T03:44:25.321067+00:00,push,,33942543856,1,cce03056f81cb4f15358257f408e28c23fe45937,orientation-eval-2026.2,c2fa1b1aaf967fb49d4f335564e11a2d2918fd41c77a7790c7b3877c5146d1ce,False,1155.5779822166667,orientation-crosswind-hgb-v0.1,True,False,2026,1,401868140,2026-09-05 23:00:00+00:00,Eastern Kentucky,Jacksonville State,3662.0,AmFirst Stadium,OTHER,53.5,DraftKings,NO PLAY,0.662274771692888,54.162274771692886,NO PLAY,,,,,False,93.0,52.0,0.0,2.301558184,6.904674552,,95.1661003897524,1.881901494980002,,,,ok,not_applicable,No meaningful precipitation signal
2026-09-05T03:44:25.321067+00:00,push,,33942543856,1,cce03056f81cb4f15358257f408e28c23fe45937,orientation-eval-2026.2,c2fa1b1aaf967fb49d4f335564e11a2d2918fd41c77a7790c7b3877c5146d1ce,False,960.5779822166667,orientation-crosswind-hgb-v0.1,True,True,2026,1,401856772,2026-09-05 19:45:00+00:00,Oklahoma State,Tulsa,3674.0,Chapman Stadium,FBS,59.5,DraftKings,NO PLAY,0.6592344254381203,60.15923442543812,NO PLAY,0.2589569045964841,59.75895690459648,0.2589569045964841,-0.40027752084163615,False,98.0,41.0,0.0,4.603116368,8.055453644,150.0,0.1732174575290248,1.867392374565086,30.173217457529034,2.3135994393241206,3.9794393991752948,ok,ok,No meaningful precipitation signal
2026-09-05T03:44:25.321067+00:00,push,,33942543856,1,cce03056f81cb4f15358257f408e28c23fe45937,orientation-eval-2026.2,c2fa1b1aaf967fb49d4f335564e11a2d2918fd41c77a7790c7b3877c5146d1ce,False,1335.5779822166667,orientation-crosswind-hgb-v0.1,True,True,2026,1,401864498,2026-09-06 02:00:00+00:00,Central Michigan,New Mexico,3971.0,University Stadium (NM),FBS,46.5,DraftKings,NO PLAY,0.6550516658814759,47.15505166588147,NO PLAY,0.6816560969564125,47.18165609695641,0.6816560969564125,0.026604431074936596,False,81.0,35.0,0.0,2.301558184,3.452337276,290.0,0.2941823539937301,1.8782909575680844,70.29418235399373,2.1667704492693574,0.776064362350473,ok,ok,No meaningful precipitation signal
2026-09-05T03:44:25.321067+00:00,push,,33942543856,1,cce03056f81cb4f15358257f408e28c23fe45937,orientation-eval-2026.2,c2fa1b1aaf967fb49d4f335564e11a2d2918fd41c77a7790c7b3877c5146d1ce,False,1155.5779822166667,orientation-crosswind-hgb-v0.1,True,False,2026,1,401856771,2026-09-05 23:00:00+00:00,Nicholls,Kansas State,3636.0,Bill Snyder Family Stadium,OTHER,54.5,DraftKings,NO PLAY,0.6423527554902378,55.14235275549024,NO PLAY,,,,,False,94.0,41.0,0.0,6.904674552,9.206232736,,179.96211134775302,1.8747077591906496,,,,ok,not_applicable,No meaningful precipitation signal
2026-09-05T03:44:25.321067+00:00,push,,33942543856,1,cce03056f81cb4f15358257f408e28c23fe45937,orientation-eval-2026.2,c2fa1b1aaf967fb49d4f335564e11a2d2918fd41c77a7790c7b3877c5146d1ce,False,1155.5779822166667,orientation-crosswind-hgb-v0.1,True,False,2026,1,401856770,2026-09-05 23:00:00+00:00,Abilene Christian,Texas Tech,3784.0,Jones AT&T Stadium,OTHER,59.5,DraftKings,NO PLAY,0.6335285829156914,60.133528582915694,NO PLAY,,,,,False,96.0,28.0,0.0,9.206232736,12.658570012,,0.0179604069427081,1.8703416113262092,,,,ok,not_applicable,No meaningful precipitation signal
2026-09-05T03:44:25.321067+00:00,push,,33942543856,1,cce03056f81cb4f15358257f408e28c23fe45937,orientation-eval-2026.2,c2fa1b1aaf967fb49d4f335564e11a2d2918fd41c77a7790c7b3877c5146d1ce,False,735.5779822166667,orientation-crosswind-hgb-v0.1,True,True,2026,1,401856778,2026-09-05 16:00:00+00:00,Oregon State,Houston,4728.0,TDECU Stadium,FBS,50.5,DraftKings,NO PLAY,0.6116471276302916,51.11164712763029,NO PLAY,0.7780810130403558,51.27808101304036,0.7780810130403558,0.1664338854100642,False,88.0,72.0,0.01,3.452337276,3.452337276,350.0,109.37976140277442,1.878441289678121,60.62023859722558,3.0083223700683193,1.6937028030341195,ok,ok,Low precipitation chance
2026-09-05T03:44:25.321067+00:00,push,,33942543856,1,cce03056f81cb4f15358257f408e28c23fe45937,orientation-eval-2026.2,c2fa1b1aaf967fb49d4f335564e11a2d2918fd41c77a7790c7b3877c5146d1ce,False,735.5779822166667,orientation-crosswind-hgb-v0.1,True,False,2026,1,401861962,2026-09-05 16:00:00+00:00,Lafayette,UConn,3892.0,Pratt & Whitney Stadium,OTHER,51.5,DraftKings,NO PLAY,0.6048368270309419,52.104836827030944,NO PLAY,,,,,False,73.0,66.0,0.0,8.055453644,13.809349104,,119.7789378275126,1.882949066254041,,,,ok,not_applicable,No meaningful precipitation signal
2026-09-05T03:44:25.321067+00:00,push,,33942543856,1,cce03056f81cb4f15358257f408e28c23fe45937,orientation-eval-2026.2,c2fa1b1aaf967fb49d4f335564e11a2d2918fd41c77a7790c7b3877c5146d1ce,False,855.5779822166667,orientation-crosswind-hgb-v0.1,True,False,2026,1,401862698,2026-09-05 18:00:00+00:00,Rhode Island,Temple,3806.0,Lincoln Financial Field,OTHER,51.5,DraftKings,NO PLAY,0.6048368270309419,52.104836827030944,NO PLAY,,,,,False,80.0,58.0,0.0,4.603116368,10.357011828,,171.4589722372333,1.86669638319505,,,,ok,not_applicable,No meaningful precipitation signal
2026-09-05T03:44:25.321067+00:00,push,,33942543856,1,cce03056f81cb4f15358257f408e28c23fe45937,orientation-eval-2026.2,c2fa1b1aaf967fb49d4f335564e11a2d2918fd41c77a7790c7b3877c5146d1ce,False,1155.5779822166667,orientation-crosswind-hgb-v0.1,True,False,2026,1,401867866,2026-09-05 23:00:00+00:00,Murray State,Middle Tennessee,3725.0,"Johnny ""Red"" Floyd Stadium",OTHER,57.5,DraftKings,NO PLAY,0.6048368270309419,58.104836827030944,NO PLAY,,,,,False,95.0,46.0,0.0,5.75389546,8.055453644,,3.638848234499462,1.8720848733706688,,,,ok,not_applicable,No meaningful precipitation signal
2026-09-05T03:44:25.321067+00:00,push,,33942543856,1,cce03056f81cb4f15358257f408e28c23fe45937,orientation-eval-2026.2,c2fa1b1aaf967fb49d4f335564e11a2d2918fd41c77a7790c7b3877c5146d1ce,False,1305.5779822166667,orientation-crosswind-hgb-v0.1,True,False,2026,1,401860879,2026-09-06 01:30:00+00:00,Portland State,San Diego State,7311.0,Snapdragon Stadium,OTHER,61.5,DraftKings,NO PLAY,0.595573511215702,62.0955735112157,NO PLAY,,,,,False,81.0,55.0,0.0,4.603116368,10.357011828,,6.698869441656768,1.8807757288763869,,,,ok,not_applicable,No meaningful precipitation signal
2026-09-05T03:44:25.321067+00:00,push,,33942543856,1,cce03056f81cb4f15358257f408e28c23fe45937,orientation-eval-2026.2,c2fa1b1aaf967fb49d4f335564e11a2d2918fd41c77a7790c7b3877c5146d1ce,False,735.5779822166667,orientation-crosswind-hgb-v0.1,True,True,2026,1,401856634,2026-09-05 16:00:00+00:00,East Carolina,Alabama,3657.0,Bryant-Denny Stadium,FBS,52.5,DraftKings,NO PLAY,0.5827051730991042,53.08270517309911,NO PLAY,0.9371187841452044,53.437118784145206,0.9371187841452044,0.35441361104610025,False,92.0,56.0,0.0,2.301558184,5.75389546,350.0,3.2889199922889394,1.8722523245617515,13.288919992288953,0.5290397016962021,2.23993014809984,ok,ok,No meaningful precipitation signal
2026-09-05T03:44:25.321067+00:00,push,,33942543856,1,cce03056f81cb4f15358257f408e28c23fe45937,orientation-eval-2026.2,c2fa1b1aaf967fb49d4f335564e11a2d2918fd41c77a7790c7b3877c5146d1ce,False,735.5779822166667,orientation-crosswind-hgb-v0.1,True,True,2026,1,401869960,2026-09-05 16:00:00+00:00,Liberty,James Madison,3651.0,Bridgeforth Stadium,FBS,50.5,DraftKings,NO PLAY,0.5778227866988707,51.07782278669887,NO PLAY,0.6816560969564125,51.18165609695641,0.6816560969564125,0.10383331025754183,False,82.0,65.0,0.03,5.75389546,13.809349104,320.0,166.13944926194745,1.873106716791279,26.139449261947448,2.5349210800749495,5.165412673001089,ok,ok,Measurable precipitation forecast
2026-09-05T03:44:25.321067+00:00,push,,33942543856,1,cce03056f81cb4f15358257f408e28c23fe45937,orientation-eval-2026.2,c2fa1b1aaf967fb49d4f335564e11a2d2918fd41c77a7790c7b3877c5146d1ce,False,1185.5779822166667,orientation-crosswind-hgb-v0.1,True,True,2026,1,401856660,2026-09-05 23:30:00+00:00,Clemson,LSU,3958.0,Tiger Stadium (LA),FBS,50.5,DraftKings,NO PLAY,0.5747936125978599,51.07479361259786,NO PLAY,1.1582288809494798,51.65822888094948,1.1582288809494798,0.58343526835162,False,85.0,80.0,0.13,3.452337276,5.75389546,130.0,157.14434181500735,1.8729309057714687,27.14434181500735,1.5750726640720354,3.0720968035125655,ok,ok,Measurable precipitation forecast
2026-09-05T03:44:25.321067+00:00,push,,33942543856,1,cce03056f81cb4f15358257f408e28c23fe45937,orientation-eval-2026.2,c2fa1b1aaf967fb49d4f335564e11a2d2918fd41c77a7790c7b3877c5146d1ce,False,1155.5779822166667,orientation-crosswind-hgb-v0.1,True,True,2026,1,401856668,2026-09-05 23:00:00+00:00,Missouri State,Texas A&M,3795.0,Kyle Field,FBS,53.5,DraftKings,NO PLAY,0.5716826079537506,54.07168260795376,NO PLAY,0.7780810130403558,54.27808101304036,0.7780810130403558,0.20639840508660523,False,90.0,62.0,0.05,5.75389546,8.055453644,120.0,141.6503524274865,1.881762059534153,21.650352427486496,2.1228508940565516,5.34797317179246,ok,ok,Measurable precipitation forecast
2026-09-05T03:44:25.321067+00:00,push,,33942543856,1,cce03056f81cb4f15358257f408e28c23fe45937,orientation-eval-2026.2,c2fa1b1aaf967fb49d4f335564e11a2d2918fd41c77a7790c7b3877c5146d1ce,False,1155.5779822166667,orientation-crosswind-hgb-v0.1,True,False,2026,1,401856669,2026-09-05 23:00:00+00:00,Austin Peay,Vanderbilt,3973.0,FirstBank Stadium,OTHER,60.5,DraftKings,NO PLAY,0.5615882644708757,61.06158826447088,NO PLAY,,,,,False,95.0,49.0,0.07,4.603116368,6.904674552,,9.553564852765282,1.876443980381165,,,,ok,not_applicable,Measurable precipitation forecast
2026-09-05T03:44:25.321067+00:00,push,,33942543856,1,cce03056f81cb4f15358257f408e28c23fe45937,orientation-eval-2026.2,c2fa1b1aaf967fb49d4f335564e11a2d2918fd41c77a7790c7b3877c5146d1ce,False,1365.5779822166667,orientation-crosswind-hgb-v0.1,True,True,2026,1,401858210,2026-09-06 02:30:00+00:00,UCLA,California,3831.0,California Memorial Stadium,FBS,53.5,DraftKings,NO PLAY,0.5585613927174016,54.0585613927174,NO PLAY,0.744113874916239,54.24411387491624,0.744113874916239,0.18555248219883747,False,64.0,77.0,0.0,5.75389546,12.658570012,250.0,138.34181520620166,1.873865692828897,68.34181520620166,5.347682926875203,2.123581945255721,ok,ok,No meaningful precipitation signal
2026-09-05T03:44:25.321067+00:00,push,,33942543856,1,cce03056f81cb4f15358257f408e28c23fe45937,orientation-eval-2026.2,c2fa1b1aaf967fb49d4f335564e11a2d2918fd41c77a7790c7b3877c5146d1ce,False,945.5779822166667,orientation-crosswind-hgb-v0.1,True,True,2026,1,401856777,2026-09-05 19:30:00+00:00,Boston College,Cincinnati,3854.0,Nippert Stadium,FBS,50.5,DraftKings,NO PLAY,0.5459645106389721,51.045964510638974,NO PLAY,1.159466978155884,51.65946697815588,1.159466978155884,0.6135024675169118,False,92.0,56.0,0.06,8.055453644,13.809349104,300.0,30.292940242135813,1.8752720884706584,89.70705975786419,8.055348357698836,0.04118551628352607,ok,ok,Measurable precipitation forecast
2026-09-05T03:44:25.321067+00:00,push,,33942543856,1,cce03056f81cb4f15358257f408e28c23fe45937,orientation-eval-2026.2,c2fa1b1aaf967fb49d4f335564e11a2d2918fd41c77a7790c7b3877c5146d1ce,False,1215.5779822166667,orientation-crosswind-hgb-v0.1,True,False,2026,1,401858431,2026-09-06 00:00:00+00:00,South Dakota State,Northwestern,5960.0,Lanny and Sharon Martin Stadium,OTHER,46.5,DraftKings,NO PLAY,0.5424035690324011,47.0424035690324,NO PLAY,,,,,False,76.0,79.0,0.0,14.960128196,17.26168638,,,,,,,ok,not_applicable,No meaningful precipitation signal
2026-09-05T03:44:25.321067+00:00,push,,33942543856,1,cce03056f81cb4f15358257f408e28c23fe45937,orientation-eval-2026.2,c2fa1b1aaf967fb49d4f335564e11a2d2918fd41c77a7790c7b3877c5146d1ce,False,1155.5779822166667,orientation-crosswind-hgb-v0.1,True,False,2026,1,401860880,2026-09-05 23:00:00+00:00,Idaho State,Utah State,3905.0,Maverik Stadium,OTHER,62.5,DraftKings,NO PLAY,-0.5421718465648591,61.95782815343514,NO PLAY,,,,,False,83.0,23.0,0.0,6.904674552,17.26168638,,0.0549949799610065,1.8709093288735417,,,,ok,not_applicable,No meaningful precipitation signal
2026-09-05T03:44:25.321067+00:00,push,,33942543856,1,cce03056f81cb4f15358257f408e28c23fe45937,orientation-eval-2026.2,c2fa1b1aaf967fb49d4f335564e11a2d2918fd41c77a7790c7b3877c5146d1ce,False,780.5779822166667,orientation-crosswind-hgb-v0.1,True,True,2026,1,401856665,2026-09-05 16:45:00+00:00,Kent State,South Carolina,3994.0,Williams-Brice Stadium,FBS,53.5,DraftKings,NO PLAY,0.5058824682540549,54.00588246825406,NO PLAY,0.6816560969564125,54.18165609695641,0.6816560969564125,0.17577362870235758,False,93.0,54.0,0.0,3.452337276,5.75389546,250.0,150.28848240968938,1.8637031902069436,80.28848240968938,3.402863830988278,0.5823662206986953,ok,ok,No meaningful precipitation signal
2026-09-05T03:44:25.321067+00:00,push,,33942543856,1,cce03056f81cb4f15358257f408e28c23fe45937,orientation-eval-2026.2,c2fa1b1aaf967fb49d4f335564e11a2d2918fd41c77a7790c7b3877c5146d1ce,False,4065.5779822166664,orientation-crosswind-hgb-v0.1,True,True,2026,1,401858212,2026-09-07 23:30:00+00:00,SMU,Florida State,3697.0,Doak Campbell Stadium,FBS,53.5,DraftKings,NO PLAY,0.4820942669393737,53.98209426693937,NO PLAY,0.531517252989551,54.03151725298955,0.531517252989551,0.04942298605017731,False,87.0,70.0,0.37,3.452337276,10.357011828,120.0,135.22482562928116,1.874675346161188,15.224825629281156,0.9066089190200278,3.331169904885135,ok,ok,Measurable precipitation forecast
2026-09-05T03:44:25.321067+00:00,push,,33942543856,1,cce03056f81cb4f15358257f408e28c23fe45937,orientation-eval-2026.2,c2fa1b1aaf967fb49d4f335564e11a2d2918fd41c77a7790c7b3877c5146d1ce,False,795.5779822166667,orientation-crosswind-hgb-v0.1,True,False,2026,1,401868000,2026-09-05 17:00:00+00:00,Holy Cross,Colgate,3617.0,Andy Kerr Stadium,FCS,47.5,DraftKings,NO PLAY,0.4660388462609222,47.96603884626092,NO PLAY,,,,,False,70.0,71.0,0.0,5.75389546,11.50779092,,,,,,,ok,not_applicable,No meaningful precipitation signal
2026-09-05T03:44:25.321067+00:00,push,,33942543856,1,cce03056f81cb4f15358257f408e28c23fe45937,orientation-eval-2026.2,c2fa1b1aaf967fb49d4f335564e11a2d2918fd41c77a7790c7b3877c5146d1ce,False,735.5779822166667,orientation-crosswind-hgb-v0.1,True,True,2026,1,401856780,2026-09-05 16:00:00+00:00,Coastal Carolina,West Virginia,3842.0,Milan Puskar Stadium,FBS,54.5,DraftKings,NO PLAY,0.455701717695326,54.95570171769533,NO PLAY,0.49409066478644814,54.99409066478645,0.49409066478644814,0.038388947091122116,False,75.0,90.0,0.0,3.452337276,8.055453644,260.0,151.8391563549951,1.878295656660805,71.83915635499511,3.280360066901383,1.0760439111569085,ok,ok,No meaningful precipitation signal
2026-09-05T03:44:25.321067+00:00,push,,33942543856,1,cce03056f81cb4f15358257f408e28c23fe45937,orientation-eval-2026.2,c2fa1b1aaf967fb49d4f335564e11a2d2918fd41c77a7790c7b3877c5146d1ce,False,2175.577982216667,orientation-crosswind-hgb-v0.1,True,False,2026,1,401868967,2026-09-06 16:00:00+00:00,Texas Southern,Prairie View A&M,5238.0,Panther Stadium,FCS,54.5,DraftKings,NO PLAY,0.4458569087568559,54.94585690875686,NO PLAY,,,,,False,85.0,80.0,0.02,3.452337276,3.452337276,,,,,,,ok,not_applicable,Measurable precipitation forecast
2026-09-05T03:44:25.321067+00:00,push,,33942543856,1,cce03056f81cb4f15358257f408e28c23fe45937,orientation-eval-2026.2,c2fa1b1aaf967fb49d4f335564e11a2d2918fd41c77a7790c7b3877c5146d1ce,False,1185.5779822166667,orientation-crosswind-hgb-v0.1,True,False,2026,1,401858211,2026-09-05 23:30:00+00:00,VMI,Virginia Tech,3799.0,Lane Stadium,OTHER,62.5,DraftKings,NO PLAY,0.4217320471075974,62.9217320471076,NO PLAY,,,,,False,81.0,63.0,0.07,4.603116368,13.809349104,,177.73372357489274,1.871587088459928,,,,ok,not_applicable,Measurable precipitation forecast
2026-09-05T03:44:25.321067+00:00,push,,33942543856,1,cce03056f81cb4f15358257f408e28c23fe45937,orientation-eval-2026.2,c2fa1b1aaf967fb49d4f335564e11a2d2918fd41c77a7790c7b3877c5146d1ce,False,945.5779822166667,orientation-crosswind-hgb-v0.1,True,True,2026,1,401858209,2026-09-05 19:30:00+00:00,Tulane,Duke,3982.0,Wallace Wade Stadium,FBS,51.5,DraftKings,NO PLAY,0.4050930391344557,51.90509303913446,NO PLAY,0.06527247056737354,51.56527247056737,0.06527247056737354,-0.3398205685670822,False,96.0,40.0,0.36,5.75389546,10.357011828,320.0,166.49236575864683,1.8731317423860685,26.492365758646827,2.56668943413224,5.1497007984272765,ok,ok,Measurable precipitation forecast
2026-09-05T03:44:25.321067+00:00,push,,33942543856,1,cce03056f81cb4f15358257f408e28c23fe45937,orientation-eval-2026.2,c2fa1b1aaf967fb49d4f335564e11a2d2918fd41c77a7790c7b3877c5146d1ce,False,1335.5779822166667,orientation-crosswind-hgb-v0.1,True,True,2026,1,401864497,2026-09-06 02:00:00+00:00,UNLV,Hawai'i,7220.0,Clarence T.C. Ching Athletics Complex,FBS,55.5,DraftKings,NO PLAY,0.3798877279520266,55.87988772795202,NO PLAY,0.19375380473635995,55.69375380473636,0.19375380473635995,-0.18613392321566663,False,86.0,59.0,0.0,17.26168638,24.166360932000003,60.0,137.87542117088435,1.8754258424432992,77.87542117088435,16.8766338138672,3.6256099892448055,ok,ok,No meaningful precipitation signal
2026-09-05T03:44:25.321067+00:00,push,,33942543856,1,cce03056f81cb4f15358257f408e28c23fe45937,orientation-eval-2026.2,c2fa1b1aaf967fb49d4f335564e11a2d2918fd41c77a7790c7b3877c5146d1ce,False,795.5779822166667,orientation-crosswind-hgb-v0.1,True,False,2026,1,401864496,2026-09-05 17:00:00+00:00,Duquesne,Air Force,3713.0,Falcon Stadium,OTHER,57.5,DraftKings,NO PLAY,0.3535199679909518,57.85351996799096,NO PLAY,,,,,False,80.0,28.0,0.0,8.055453644,11.50779092,,0.3990833719262536,1.8695725154492429,,,,ok,not_applicable,No meaningful precipitation signal
2026-09-05T03:44:25.321067+00:00,push,,33942543856,1,cce03056f81cb4f15358257f408e28c23fe45937,orientation-eval-2026.2,c2fa1b1aaf967fb49d4f335564e11a2d2918fd41c77a7790c7b3877c5146d1ce,False,945.5779822166667,orientation-crosswind-hgb-v0.1,True,True,2026,1,401856667,2026-09-05 19:30:00+00:00,Texas State,Texas,3910.0,DKR-Texas Memorial Stadium,FBS,59.5,DraftKings,NO PLAY,0.3483057158473456,59.84830571584735,NO PLAY,0.22674729324872506,59.72674729324873,0.22674729324872506,-0.12155842259862054,False,95.0,51.0,0.0,3.452337276,9.206232736,120.0,5.163332994368684,1.8711227860024429,65.16333299436869,3.1330266660836363,1.4500953681975386,ok,ok,No meaningful precipitation signal
2026-09-05T03:44:25.321067+00:00,push,,33942543856,1,cce03056f81cb4f15358257f408e28c23fe45937,orientation-eval-2026.2,c2fa1b1aaf967fb49d4f335564e11a2d2918fd41c77a7790c7b3877c5146d1ce,False,795.5779822166667,orientation-crosswind-hgb-v0.1,True,False,2026,1,401856659,2026-09-05 17:00:00+00:00,Youngstown State,Kentucky,3683.0,Kroger Field,OTHER,62.5,DraftKings,NO PLAY,-0.3182970429974126,62.181702957002585,NO PLAY,,,,,False,92.0,51.0,0.01,6.904674552,11.50779092,,121.27946965242243,1.8797781730267784,,,,ok,not_applicable,No meaningful precipitation signal
2026-09-05T03:44:25.321067+00:00,push,,33942543856,1,cce03056f81cb4f15358257f408e28c23fe45937,orientation-eval-2026.2,c2fa1b1aaf967fb49d4f335564e11a2d2918fd41c77a7790c7b3877c5146d1ce,False,1215.5779822166667,orientation-crosswind-hgb-v0.1,True,False,2026,1,401869142,2026-09-06 00:00:00+00:00,Lamar,Louisiana,3666.0,Cajun Field,OTHER,48.5,DraftKings,NO PLAY,0.2887743926882287,48.78877439268823,NO PLAY,,,,,False,82.0,91.0,0.01,2.301558184,5.75389546,,141.9710608082338,1.8745272957141057,,,,ok,not_applicable,No meaningful precipitation signal
2026-09-05T03:44:25.321067+00:00,push,,33942543856,1,cce03056f81cb4f15358257f408e28c23fe45937,orientation-eval-2026.2,c2fa1b1aaf967fb49d4f335564e11a2d2918fd41c77a7790c7b3877c5146d1ce,False,1155.5779822166667,orientation-crosswind-hgb-v0.1,True,True,2026,1,401862695,2026-09-05 23:00:00+00:00,Arkansas State,Memphis,3805.0,Simmons Bank Liberty Stadium,FBS,53.5,DraftKings,NO PLAY,0.2586674550352499,53.75866745503525,NO PLAY,0.3932389950058661,53.893238995005866,0.3932389950058661,0.13457153997061622,False,99.0,42.0,0.0,3.452337276,6.904674552,350.0,144.6272372247887,1.874840116984965,25.3727627752113,1.4793460564260397,3.1193217071337522,ok,ok,No meaningful precipitation signal
2026-09-05T03:44:25.321067+00:00,push,,33942543856,1,cce03056f81cb4f15358257f408e28c23fe45937,orientation-eval-2026.2,c2fa1b1aaf967fb49d4f335564e11a2d2918fd41c77a7790c7b3877c5146d1ce,False,735.5779822166667,orientation-crosswind-hgb-v0.1,True,True,2026,1,401858425,2026-09-05 16:00:00+00:00,North Texas,Indiana,3830.0,"Memorial Stadium (Bloomington, IN)",FBS,56.5,DraftKings,NO PLAY,0.246791227436368,56.74679122743637,NO PLAY,0.012739528589352955,56.51273952858935,0.012739528589352955,-0.23405169884701504,False,90.0,56.0,0.0,4.603116368,10.357011828,280.0,0.2711403258881309,1.8867420585374264,80.27114032588813,4.536916542094198,0.7778615477201202,ok,ok,No meaningful precipitation signal
2026-09-05T03:44:25.321067+00:00,push,,33942543856,1,cce03056f81cb4f15358257f408e28c23fe45937,orientation-eval-2026.2,c2fa1b1aaf967fb49d4f335564e11a2d2918fd41c77a7790c7b3877c5146d1ce,False,945.5779822166667,orientation-crosswind-hgb-v0.1,True,True,2026,1,401858433,2026-09-05 19:30:00+00:00,Boise State,Oregon,3626.0,Autzen Stadium,FBS,51.5,DraftKings,NO PLAY,0.2092258706544209,51.70922587065442,NO PLAY,0.7791414635936798,52.27914146359368,0.7791414635936798,0.5699155929392589,False,63.0,78.0,0.0,2.301558184,4.603116368,280.0,105.36120059178636,1.8804881306402732,5.361200591786357,0.21504406288030856,2.2914899356875447,ok,ok,No meaningful precipitation signal
2026-09-05T03:44:25.321067+00:00,push,,33942543856,1,cce03056f81cb4f15358257f408e28c23fe45937,orientation-eval-2026.2,c2fa1b1aaf967fb49d4f335564e11a2d2918fd41c77a7790c7b3877c5146d1ce,False,945.5779822166667,orientation-crosswind-hgb-v0.1,True,False,2026,1,401856666,2026-09-05 19:30:00+00:00,Furman,Tennessee,3853.0,Neyland Stadium,OTHER,66.5,DraftKings,NO PLAY,0.1486903903016763,66.64869039030168,NO PLAY,,,,,False,96.0,46.0,0.01,3.452337276,6.904674552,,143.33976209110023,1.8809552948639368,,,,ok,not_applicable,Low precipitation chance
2026-09-05T03:44:25.321067+00:00,push,,33942543856,1,cce03056f81cb4f15358257f408e28c23fe45937,orientation-eval-2026.2,c2fa1b1aaf967fb49d4f335564e11a2d2918fd41c77a7790c7b3877c5146d1ce,False,1365.5779822166667,orientation-crosswind-hgb-v0.1,True,True,2026,1,401864432,2026-09-06 02:30:00+00:00,Western Kentucky,Nevada,3816.0,Mackay Stadium,FBS,51.5,DraftKings,NO PLAY,0.1166922941710121,51.61669229417101,NO PLAY,0.3949650021351492,51.89496500213515,0.3949650021351492,0.27827270796413706,False,70.0,39.0,0.0,9.206232736,19.563244564,250.0,141.30091289789323,1.8779851130915732,71.30091289789323,8.720285294417826,2.9514988689407096,ok,ok,No meaningful precipitation signal
2026-09-05T03:44:25.321067+00:00,push,,33942543856,1,cce03056f81cb4f15358257f408e28c23fe45937,orientation-eval-2026.2,c2fa1b1aaf967fb49d4f335564e11a2d2918fd41c77a7790c7b3877c5146d1ce,False,1185.5779822166667,orientation-crosswind-hgb-v0.1,True,False,2026,1,401869129,2026-09-05 23:30:00+00:00,Northwestern State,Louisiana Tech,3776.0,Joe Aillet Stadium,OTHER,55.5,DraftKings,NO PLAY,0.0361856488790369,55.53618564887904,NO PLAY,,,,,False,90.0,60.0,0.0,3.452337276,8.055453644,,149.5693954975929,1.864809988113188,,,,ok,not_applicable,No meaningful precipitation signal
2026-09-05T03:44:25.321067+00:00,push,,33942543856,1,cce03056f81cb4f15358257f408e28c23fe45937,orientation-eval-2026.2,c2fa1b1aaf967fb49d4f335564e11a2d2918fd41c77a7790c7b3877c5146d1ce,False,2625.5779822166664,orientation-crosswind-hgb-v0.1,True,True,2026,1,401856661,2026-09-06 23:30:00+00:00,Louisville,Ole Miss,3810.0,Nissan Stadium,FBS,54.5,DraftKings,NO PLAY,-0.0149235224266065,54.485076477573394,NO PLAY,1.4542061736174767,55.95420617361748,1.4542061736174767,1.4691296960440832,False,92.0,49.0,0.0,10.357011828,16.110907288,20.0,155.52571735450044,1.8739074256212769,44.47428264549956,7.256009071720693,7.390400960464791,ok,ok,No meaningful precipitation signal
2026-09-05T03:44:25.321067+00:00,push,,33942543856,1,cce03056f81cb4f15358257f408e28c23fe45937,orientation-eval-2026.2,c2fa1b1aaf967fb49d4f335564e11a2d2918fd41c77a7790c7b3877c5146d1ce,False,1305.5779822166667,orientation-crosswind-hgb-v0.1,True,False,2026,1,401856773,2026-09-06 01:30:00+00:00,Northern Arizona,Arizona,3619.0,Arizona Stadium,OTHER,58.5,DraftKings,NO PLAY,-0.0052544505251489,58.49474554947485,NO PLAY,,,,,False,94.0,31.0,0.0,8.055453644,14.960128196,,179.81549241343362,1.8740699867497876,,,,ok,not_applicable,No meaningful precipitation signal
2026-09-05T03:44:25.321067+00:00,push,,33942543856,1,cce03056f81cb4f15358257f408e28c23fe45937,orientation-eval-2026.2,c2fa1b1aaf967fb49d4f335564e11a2d2918fd41c77a7790c7b3877c5146d1ce,False,675.5779822166667,orientation-crosswind-hgb-v0.1,True,False,2026,1,401868284,2026-09-05 15:00:00+00:00,Webber International,Stetson,4416.0,Spec Martin Municipal Stadium,OTHER,,missing,NO LINE,,,NO LINE,,,,,False,,,,,,,,,,,,,not_applicable,
2026-09-05T03:44:25.321067+00:00,push,,33942543856,1,cce03056f81cb4f15358257f408e28c23fe45937,orientation-eval-2026.2,c2fa1b1aaf967fb49d4f335564e11a2d2918fd41c77a7790c7b3877c5146d1ce,False,735.5779822166667,orientation-crosswind-hgb-v0.1,True,False,2026,1,401908091,2026-09-05 16:00:00+00:00,Washington & Jefferson,Utica,3675.0,Charles A. Gaetano Stadium,OTHER,,missing,NO LINE,,,NO LINE,,,,,False,,,,,,,,,,,,,not_applicable,
2026-09-05T03:44:25.321067+00:00,push,,33942543856,1,cce03056f81cb4f15358257f408e28c23fe45937,orientation-eval-2026.2,c2fa1b1aaf967fb49d4f335564e11a2d2918fd41c77a7790c7b3877c5146d1ce,False,735.5779822166667,orientation-crosswind-hgb-v0.1,True,False,2026,1,401907832,2026-09-05 16:00:00+00:00,Illinois Wesleyan,Albion,5786.0,Sprankle-Sprandel Stadium,OTHER,,missing,NO LINE,,,NO LINE,,,,,False,,,,,,,,,,,,,not_applicable,
2026-09-05T03:44:25.321067+00:00,push,,33942543856,1,cce03056f81cb4f15358257f408e28c23fe45937,orientation-eval-2026.2,c2fa1b1aaf967fb49d4f335564e11a2d2918fd41c77a7790c7b3877c5146d1ce,False,735.5779822166667,orientation-crosswind-hgb-v0.1,True,False,2026,1,401907013,2026-09-05 16:00:00+00:00,Truman State,Davenport,5934.0,Farmers Insurance Athletic Complex,OTHER,,missing,NO LINE,,,NO LINE,,,,,False,,,,,,,,,,,,,not_applicable,
2026-09-05T03:44:25.321067+00:00,push,,33942543856,1,cce03056f81cb4f15358257f408e28c23fe45937,orientation-eval-2026.2,c2fa1b1aaf967fb49d4f335564e11a2d2918fd41c77a7790c7b3877c5146d1ce,False,735.5779822166667,orientation-crosswind-hgb-v0.1,True,False,2026,1,401906844,2026-09-05 16:00:00+00:00,McKendree,Hillsdale,3729.0,"Frank ""Muddy"" Waters Stadium",OTHER,,missing,NO LINE,,,NO LINE,,,,,False,,,,,,,,,,,,,not_applicable,
2026-09-05T03:44:25.321067+00:00,push,,33942543856,1,cce03056f81cb4f15358257f408e28c23fe45937,orientation-eval-2026.2,c2fa1b1aaf967fb49d4f335564e11a2d2918fd41c77a7790c7b3877c5146d1ce,False,735.5779822166667,orientation-crosswind-hgb-v0.1,True,False,2026,1,401867928,2026-09-05 16:00:00+00:00,Southern Connecticut State,Wagner,3979.0,Wagner College Stadium,OTHER,,missing,NO LINE,,,NO LINE,,,,,False,,,,,,,,,,,,,not_applicable,
2026-09-05T03:44:25.321067+00:00,push,,33942543856,1,cce03056f81cb4f15358257f408e28c23fe45937,orientation-eval-2026.2,c2fa1b1aaf967fb49d4f335564e11a2d2918fd41c77a7790c7b3877c5146d1ce,False,735.5779822166667,orientation-crosswind-hgb-v0.1,True,False,2026,1,401907879,2026-09-05 16:00:00+00:00,SUNY Cortland,Grove City,5864.0,Robert E. Thorn Field,OTHER,,missing,NO LINE,,,NO LINE,,,,,False,,,,,,,,,,,,,not_applicable,
2026-09-05T03:44:25.321067+00:00,push,,33942543856,1,cce03056f81cb4f15358257f408e28c23fe45937,orientation-eval-2026.2,c2fa1b1aaf967fb49d4f335564e11a2d2918fd41c77a7790c7b3877c5146d1ce,False,735.5779822166667,orientation-crosswind-hgb-v0.1,True,False,2026,1,401906994,2026-09-05 16:00:00+00:00,Midwestern State,Michigan Tech,3927.0,Sherman Field,OTHER,,missing,NO LINE,,,NO LINE,,,,,False,,,,,,,,,,,,,not_applicable,
2026-09-05T03:44:25.321067+00:00,push,,33942543856,1,cce03056f81cb4f15358257f408e28c23fe45937,orientation-eval-2026.2,c2fa1b1aaf967fb49d4f335564e11a2d2918fd41c77a7790c7b3877c5146d1ce,False,735.5779822166667,orientation-crosswind-hgb-v0.1,True,False,2026,1,401908738,2026-09-05 16:00:00+00:00,Calvin,Otterbein,6101.0,"Memorial Stadium (Westerville, OH)",OTHER,,missing,NO LINE,,,NO LINE,,,,,False,,,,,,,,,,,,,not_applicable,
2026-09-05T03:44:25.321067+00:00,push,,33942543856,1,cce03056f81cb4f15358257f408e28c23fe45937,orientation-eval-2026.2,c2fa1b1aaf967fb49d4f335564e11a2d2918fd41c77a7790c7b3877c5146d1ce,False,735.5779822166667,orientation-crosswind-hgb-v0.1,True,False,2026,1,401908624,2026-09-05 16:00:00+00:00,WPI,Rensselaer,6107.0,ECAV Stadium,OTHER,,missing,NO LINE,,,NO LINE,,,,,False,,,,,,,,,,,,,not_applicable,
2026-09-05T03:44:25.321067+00:00,push,,33942543856,1,cce03056f81cb4f15358257f408e28c23fe45937,orientation-eval-2026.2,c2fa1b1aaf967fb49d4f335564e11a2d2918fd41c77a7790c7b3877c5146d1ce,False,735.5779822166667,orientation-crosswind-hgb-v0.1,True,False,2026,1,401908568,2026-09-05 16:00:00+00:00,Fitchburg State,Dean,5831.0,Dale Lippert Field,OTHER,,missing,NO LINE,,,NO LINE,,,,,False,,,,,,,,,,,,,not_applicable,
2026-09-05T03:44:25.321067+00:00,push,,33942543856,1,cce03056f81cb4f15358257f408e28c23fe45937,orientation-eval-2026.2,c2fa1b1aaf967fb49d4f335564e11a2d2918fd41c77a7790c7b3877c5146d1ce,False,735.5779822166667,orientation-crosswind-hgb-v0.1,True,False,2026,1,401908563,2026-09-05 16:00:00+00:00,Maine Maritime,Mass Maritime,5940.0,Clean Harbors Stadium,OTHER,,missing,NO LINE,,,NO LINE,,,,,False,,,,,,,,,,,,,not_applicable,
2026-09-05T03:44:25.321067+00:00,push,,33942543856,1,cce03056f81cb4f15358257f408e28c23fe45937,orientation-eval-2026.2,c2fa1b1aaf967fb49d4f335564e11a2d2918fd41c77a7790c7b3877c5146d1ce,False,735.5779822166667,orientation-crosswind-hgb-v0.1,True,False,2026,1,401908557,2026-09-05 16:00:00+00:00,New England College,Plymouth State,3690.0,Charles L. Currier Memorial Field,OTHER,,missing,NO LINE,,,NO LINE,,,,,False,,,,,,,,,,,,,not_applicable,
2026-09-05T03:44:25.321067+00:00,push,,33942543856,1,cce03056f81cb4f15358257f408e28c23fe45937,orientation-eval-2026.2,c2fa1b1aaf967fb49d4f335564e11a2d2918fd41c77a7790c7b3877c5146d1ce,False,735.5779822166667,orientation-crosswind-hgb-v0.1,True,False,2026,1,401908530,2026-09-05 16:00:00+00:00,New England,Coast Guard,5822.0,Cadet Memorial Field,OTHER,,missing,NO LINE,,,NO LINE,,,,,False,,,,,,,,,,,,,not_applicable,
2026-09-05T03:44:25.321067+00:00,push,,33942543856,1,cce03056f81cb4f15358257f408e28c23fe45937,orientation-eval-2026.2,c2fa1b1aaf967fb49d4f335564e11a2d2918fd41c77a7790c7b3877c5146d1ce,False,735.5779822166667,orientation-crosswind-hgb-v0.1,True,False,2026,1,401908475,2026-09-05 16:00:00+00:00,Curry,Bridgewater State,5808.0,Edward C. Swenson Athletic Complex,OTHER,,missing,NO LINE,,,NO LINE,,,,,False,,,,,,,,,,,,,not_applicable,
2026-09-05T03:44:25.321067+00:00,push,,33942543856,1,cce03056f81cb4f15358257f408e28c23fe45937,orientation-eval-2026.2,c2fa1b1aaf967fb49d4f335564e11a2d2918fd41c77a7790c7b3877c5146d1ce,False,735.5779822166667,orientation-crosswind-hgb-v0.1,True,False,2026,1,401908364,2026-09-05 16:00:00+00:00,Muhlenberg,Moravian,6086.0,Rocco Calvo Field,OTHER,,missing,NO LINE,,,NO LINE,,,,,False,,,,,,,,,,,,,not_applicable,
2026-09-05T03:44:25.321067+00:00,push,,33942543856,1,cce03056f81cb4f15358257f408e28c23fe45937,orientation-eval-2026.2,c2fa1b1aaf967fb49d4f335564e11a2d2918fd41c77a7790c7b3877c5146d1ce,False,735.5779822166667,orientation-crosswind-hgb-v0.1,True,False,2026,1,401908353,2026-09-05 16:00:00+00:00,Ithaca,Johns Hopkins,5124.0,Homewood Field,OTHER,,missing,NO LINE,,,NO LINE,,,,,False,,,,,,,,,,,,,not_applicable,
2026-09-05T03:44:25.321067+00:00,push,,33942543856,1,cce03056f81cb4f15358257f408e28c23fe45937,orientation-eval-2026.2,c2fa1b1aaf967fb49d4f335564e11a2d2918fd41c77a7790c7b3877c5146d1ce,False,735.5779822166667,orientation-crosswind-hgb-v0.1,True,False,2026,1,401908189,2026-09-05 16:00:00+00:00,Eastern,Endicott,3709.0,Hempstead Stadium,OTHER,,missing,NO LINE,,,NO LINE,,,,,False,,,,,,,,,,,,,not_applicable,
2026-09-05T03:44:25.321067+00:00,push,,33942543856,1,cce03056f81cb4f15358257f408e28c23fe45937,orientation-eval-2026.2,c2fa1b1aaf967fb49d4f335564e11a2d2918fd41c77a7790c7b3877c5146d1ce,False,735.5779822166667,orientation-crosswind-hgb-v0.1,True,False,2026,1,401909005,2026-09-05 16:00:00+00:00,Hampden Sydney,Wabash,5123.0,Little Giant Stadium,OTHER,,missing,NO LINE,,,NO LINE,,,,,False,,,,,,,,,,,,,not_applicable,
2026-09-05T03:44:25.321067+00:00,push,,33942543856,1,cce03056f81cb4f15358257f408e28c23fe45937,orientation-eval-2026.2,c2fa1b1aaf967fb49d4f335564e11a2d2918fd41c77a7790c7b3877c5146d1ce,False,735.5779822166667,orientation-crosswind-hgb-v0.1,True,False,2026,1,401908101,2026-09-05 16:00:00+00:00,Maryville (TN),Heidelberg,5854.0,Hoernemann Stadium,OTHER,,missing,NO LINE,,,NO LINE,,,,,False,,,,,,,,,,,,,not_applicable,
2026-09-05T03:44:25.321067+00:00,push,,33942543856,1,cce03056f81cb4f15358257f408e28c23fe45937,orientation-eval-2026.2,c2fa1b1aaf967fb49d4f335564e11a2d2918fd41c77a7790c7b3877c5146d1ce,False,795.5779822166667,orientation-crosswind-hgb-v0.1,True,False,2026,1,401908069,2026-09-05 17:00:00+00:00,Hilbert,Saint Vincent,3677.0,Chuck Noll Field,OTHER,,missing,NO LINE,,,NO LINE,,,,,False,,,,,,,,,,,,,not_applicable,
2026-09-05T03:44:25.321067+00:00,push,,33942543856,1,cce03056f81cb4f15358257f408e28c23fe45937,orientation-eval-2026.2,c2fa1b1aaf967fb49d4f335564e11a2d2918fd41c77a7790c7b3877c5146d1ce,False,795.5779822166667,orientation-crosswind-hgb-v0.1,True,False,2026,1,401908049,2026-09-05 17:00:00+00:00,Alma,Wisconsin Eau Claire,5916.0,Carson Park,OTHER,,missing,NO LINE,,,NO LINE,,,,,False,,,,,,,,,,,,,not_applicable,
2026-09-05T03:44:25.321067+00:00,push,,33942543856,1,cce03056f81cb4f15358257f408e28c23fe45937,orientation-eval-2026.2,c2fa1b1aaf967fb49d4f335564e11a2d2918fd41c77a7790c7b3877c5146d1ce,False,795.5779822166667,orientation-crosswind-hgb-v0.1,True,False,2026,1,401908285,2026-09-05 17:00:00+00:00,Chapman,Hardin Simmons,5114.0,Shelton Stadium,OTHER,,missing,NO LINE,,,NO LINE,,,,,False,,,,,,,,,,,,,not_applicable,
2026-09-05T03:44:25.321067+00:00,push,,33942543856,1,cce03056f81cb4f15358257f408e28c23fe45937,orientation-eval-2026.2,c2fa1b1aaf967fb49d4f335564e11a2d2918fd41c77a7790c7b3877c5146d1ce,False,795.5779822166667,orientation-crosswind-hgb-v0.1,True,False,2026,1,401908470,2026-09-05 17:00:00+00:00,Hamline,Crown,5829.0,Old National Bank Stadium,OTHER,,missing,NO LINE,,,NO LINE,,,,,False,,,,,,,,,,,,,not_applicable,
2026-09-05T03:44:25.321067+00:00,push,,33942543856,1,cce03056f81cb4f15358257f408e28c23fe45937,orientation-eval-2026.2,c2fa1b1aaf967fb49d4f335564e11a2d2918fd41c77a7790c7b3877c5146d1ce,False,795.5779822166667,orientation-crosswind-hgb-v0.1,True,False,2026,1,401908576,2026-09-05 17:00:00+00:00,Framingham State,Husson,3995.0,Dr. John W. Winkin Sports Complex,OTHER,,missing,NO LINE,,,NO LINE,,,,,False,,,,,,,,,,,,,not_applicable,
2026-09-05T03:44:25.321067+00:00,push,,33942543856,1,cce03056f81cb4f15358257f408e28c23fe45937,orientation-eval-2026.2,c2fa1b1aaf967fb49d4f335564e11a2d2918fd41c77a7790c7b3877c5146d1ce,False,795.5779822166667,orientation-crosswind-hgb-v0.1,True,False,2026,1,401908609,2026-09-05 17:00:00+00:00,Western Connecticut State,William Paterson,6150.0,Wightman Stadium,OTHER,,missing,NO LINE,,,NO LINE,,,,,False,,,,,,,,,,,,,not_applicable,
2026-09-05T03:44:25.321067+00:00,push,,33942543856,1,cce03056f81cb4f15358257f408e28c23fe45937,orientation-eval-2026.2,c2fa1b1aaf967fb49d4f335564e11a2d2918fd41c77a7790c7b3877c5146d1ce,False,795.5779822166667,orientation-crosswind-hgb-v0.1,True,False,2026,1,401908617,2026-09-05 17:00:00+00:00,Westfield State,Vermont State Castleton,5638.0,Dave Wolk Stadium,OTHER,,missing,NO LINE,,,NO LINE,,,,,False,,,,,,,,,,,,,not_applicable,
2026-09-05T03:44:25.321067+00:00,push,,33942543856,1,cce03056f81cb4f15358257f408e28c23fe45937,orientation-eval-2026.2,c2fa1b1aaf967fb49d4f335564e11a2d2918fd41c77a7790c7b3877c5146d1ce,False,795.5779822166667,orientation-crosswind-hgb-v0.1,True,False,2026,1,401908257,2026-09-05 17:00:00+00:00,Westminster (MO),Manchester,5930.0,Carl W. Burt Memorial Stadium,OTHER,,missing,NO LINE,,,NO LINE,,,,,False,,,,,,,,,,,,,not_applicable,
2026-09-05T03:44:25.321067+00:00,push,,33942543856,1,cce03056f81cb4f15358257f408e28c23fe45937,orientation-eval-2026.2,c2fa1b1aaf967fb49d4f335564e11a2d2918fd41c77a7790c7b3877c5146d1ce,False,795.5779822166667,orientation-crosswind-hgb-v0.1,True,False,2026,1,401907843,2026-09-05 17:00:00+00:00,Bethel (MN),North Central College,980.0,Benedetti-Wehrli Stadium,OTHER,,missing,NO LINE,,,NO LINE,,,,,False,,,,,,,,,,,,,not_applicable,
2026-09-05T03:44:25.321067+00:00,push,,33942543856,1,cce03056f81cb4f15358257f408e28c23fe45937,orientation-eval-2026.2,c2fa1b1aaf967fb49d4f335564e11a2d2918fd41c77a7790c7b3877c5146d1ce,False,795.5779822166667,orientation-crosswind-hgb-v0.1,True,False,2026,1,401907826,2026-09-05 17:00:00+00:00,Illinois College,Elmhurst,5839.0,Langhorst Field,OTHER,,missing,NO LINE,,,NO LINE,,,,,False,,,,,,,,,,,,,not_applicable,
2026-09-05T03:44:25.321067+00:00,push,,33942543856,1,cce03056f81cb4f15358257f408e28c23fe45937,orientation-eval-2026.2,c2fa1b1aaf967fb49d4f335564e11a2d2918fd41c77a7790c7b3877c5146d1ce,False,795.5779822166667,orientation-crosswind-hgb-v0.1,True,False,2026,1,401907604,2026-09-05 17:00:00+00:00,Frostburg State,Shepherd,5133.0,Ram Stadium (WV),OTHER,,missing,NO LINE,,,NO LINE,,,,,False,,,,,,,,,,,,,not_applicable,
2026-09-05T03:44:25.321067+00:00,push,,33942543856,1,cce03056f81cb4f15358257f408e28c23fe45937,orientation-eval-2026.2,c2fa1b1aaf967fb49d4f335564e11a2d2918fd41c77a7790c7b3877c5146d1ce,False,795.5779822166667,orientation-crosswind-hgb-v0.1,True,False,2026,1,401908744,2026-09-05 17:00:00+00:00,Hope,Denison,5834.0,Deeds Field-Piper Stadium,OTHER,,missing,NO LINE,,,NO LINE,,,,,False,,,,,,,,,,,,,not_applicable,
2026-09-05T03:44:25.321067+00:00,push,,33942543856,1,cce03056f81cb4f15358257f408e28c23fe45937,orientation-eval-2026.2,c2fa1b1aaf967fb49d4f335564e11a2d2918fd41c77a7790c7b3877c5146d1ce,False,795.5779822166667,orientation-crosswind-hgb-v0.1,True,False,2026,1,401908965,2026-09-05 17:00:00+00:00,Wittenberg,Washington and Lee,6138.0,Wilson Field,OTHER,,missing,NO LINE,,,NO LINE,,,,,False,,,,,,,,,,,,,not_applicable,
2026-09-05T03:44:25.321067+00:00,push,,33942543856,1,cce03056f81cb4f15358257f408e28c23fe45937,orientation-eval-2026.2,c2fa1b1aaf967fb49d4f335564e11a2d2918fd41c77a7790c7b3877c5146d1ce,False,795.5779822166667,orientation-crosswind-hgb-v0.1,True,False,2026,1,401908644,2026-09-05 17:00:00+00:00,Lycoming,The College of New Jersey,5824.0,Lions Stadium,OTHER,,missing,NO LINE,,,NO LINE,,,,,False,,,,,,,,,,,,,not_applicable,
2026-09-05T03:44:25.321067+00:00,push,,33942543856,1,cce03056f81cb4f15358257f408e28c23fe45937,orientation-eval-2026.2,c2fa1b1aaf967fb49d4f335564e11a2d2918fd41c77a7790c7b3877c5146d1ce,False,795.5779822166667,orientation-crosswind-hgb-v0.1,True,False,2026,1,401908623,2026-09-05 17:00:00+00:00,Worcester State,SUNY Maritime,3889.0,Reinhart Field,OTHER,,missing,NO LINE,,,NO LINE,,,,,False,,,,,,,,,,,,,not_applicable,
2026-09-05T03:44:25.321067+00:00,push,,33942543856,1,cce03056f81cb4f15358257f408e28c23fe45937,orientation-eval-2026.2,c2fa1b1aaf967fb49d4f335564e11a2d2918fd41c77a7790c7b3877c5146d1ce,False,795.5779822166667,orientation-crosswind-hgb-v0.1,True,False,2026,1,401873228,2026-09-05 17:00:00+00:00,Lewis & Clark,Puget Sound,6104.0,Baker Stadium,OTHER,,missing,NO LINE,,,NO LINE,,,,,False,,,,,,,,,,,,,not_applicable,
2026-09-05T03:44:25.321067+00:00,push,,33942543856,1,cce03056f81cb4f15358257f408e28c23fe45937,orientation-eval-2026.2,c2fa1b1aaf967fb49d4f335564e11a2d2918fd41c77a7790c7b3877c5146d1ce,False,795.5779822166667,orientation-crosswind-hgb-v0.1,True,False,2026,1,401873403,2026-09-05 17:00:00+00:00,SUNY Morrisville,Kean,5905.0,Kean Alumni Stadium,OTHER,,missing,NO LINE,,,NO LINE,,,,,False,,,,,,,,,,,,,not_applicable,
2026-09-05T03:44:25.321067+00:00,push,,33942543856,1,cce03056f81cb4f15358257f408e28c23fe45937,orientation-eval-2026.2,c2fa1b1aaf967fb49d4f335564e11a2d2918fd41c77a7790c7b3877c5146d1ce,False,795.5779822166667,orientation-crosswind-hgb-v0.1,True,False,2026,1,401907250,2026-09-05 17:00:00+00:00,Clark Atlanta,Morehouse,6056.0,B.T. Harvey Stadium,OTHER,,missing,NO LINE,,,NO LINE,,,,,False,,,,,,,,,,,,,not_applicable,
2026-09-05T03:44:25.321067+00:00,push,,33942543856,1,cce03056f81cb4f15358257f408e28c23fe45937,orientation-eval-2026.2,c2fa1b1aaf967fb49d4f335564e11a2d2918fd41c77a7790c7b3877c5146d1ce,False,795.5779822166667,orientation-crosswind-hgb-v0.1,True,False,2026,1,401907138,2026-09-05 17:00:00+00:00,Colorado School of Mines,Washburn,6034.0,Yager Stadium at Moore Bowl,OTHER,,missing,NO LINE,,,NO LINE,,,,,False,,,,,,,,,,,,,not_applicable,
2026-09-05T03:44:25.321067+00:00,push,,33942543856,1,cce03056f81cb4f15358257f408e28c23fe45937,orientation-eval-2026.2,c2fa1b1aaf967fb49d4f335564e11a2d2918fd41c77a7790c7b3877c5146d1ce,False,795.5779822166667,orientation-crosswind-hgb-v0.1,True,False,2026,1,401908684,2026-09-05 17:00:00+00:00,Susquehanna,Union,6134.0,Frank Bailey Field,OTHER,,missing,NO LINE,,,NO LINE,,,,,False,,,,,,,,,,,,,not_applicable,
2026-09-05T03:44:25.321067+00:00,push,,33942543856,1,cce03056f81cb4f15358257f408e28c23fe45937,orientation-eval-2026.2,c2fa1b1aaf967fb49d4f335564e11a2d2918fd41c77a7790c7b3877c5146d1ce,False,795.5779822166667,orientation-crosswind-hgb-v0.1,True,False,2026,1,401908662,2026-09-05 17:00:00+00:00,Capital,Waynesburg,6140.0,John F. Wiley Stadium,OTHER,,missing,NO LINE,,,NO LINE,,,,,False,,,,,,,,,,,,,not_applicable,
2026-09-05T03:44:25.321067+00:00,push,,33942543856,1,cce03056f81cb4f15358257f408e28c23fe45937,orientation-eval-2026.2,c2fa1b1aaf967fb49d4f335564e11a2d2918fd41c77a7790c7b3877c5146d1ce,False,795.5779822166667,orientation-crosswind-hgb-v0.1,True,False,2026,1,401908650,2026-09-05 17:00:00+00:00,Ohio Northern,Adrian,5787.0,Docking Stadium,OTHER,,missing,NO LINE,,,NO LINE,,,,,False,,,,,,,,,,,,,not_applicable,
2026-09-05T03:44:25.321067+00:00,push,,33942543856,1,cce03056f81cb4f15358257f408e28c23fe45937,orientation-eval-2026.2,c2fa1b1aaf967fb49d4f335564e11a2d2918fd41c77a7790c7b3877c5146d1ce,False,795.5779822166667,orientation-crosswind-hgb-v0.1,True,False,2026,1,401906118,2026-09-05 17:00:00+00:00,Bowie State,Virginia State,3904.0,Rogers Stadium (VA),OTHER,,missing,NO LINE,,,NO LINE,,,,,False,,,,,,,,,,,,,not_applicable,
2026-09-05T03:44:25.321067+00:00,push,,33942543856,1,cce03056f81cb4f15358257f408e28c23fe45937,orientation-eval-2026.2,c2fa1b1aaf967fb49d4f335564e11a2d2918fd41c77a7790c7b3877c5146d1ce,False,795.5779822166667,orientation-crosswind-hgb-v0.1,True,False,2026,1,401908805,2026-09-05 17:00:00+00:00,Kenyon,Kalamazoo,5904.0,Angell Field,OTHER,,missing,NO LINE,,,NO LINE,,,,,False,,,,,,,,,,,,,not_applicable,
2026-09-05T03:44:25.321067+00:00,push,,33942543856,1,cce03056f81cb4f15358257f408e28c23fe45937,orientation-eval-2026.2,c2fa1b1aaf967fb49d4f335564e11a2d2918fd41c77a7790c7b3877c5146d1ce,False,825.5779822166667,orientation-crosswind-hgb-v0.1,True,False,2026,1,401908206,2026-09-05 17:30:00+00:00,Allegheny,Anderson (IN),5793.0,Macholtz Stadium,OTHER,,missing,NO LINE,,,NO LINE,,,,,False,,,,,,,,,,,,,not_applicable,
2026-09-05T03:44:25.321067+00:00,push,,33942543856,1,cce03056f81cb4f15358257f408e28c23fe45937,orientation-eval-2026.2,c2fa1b1aaf967fb49d4f335564e11a2d2918fd41c77a7790c7b3877c5146d1ce,False,855.5779822166667,orientation-crosswind-hgb-v0.1,True,False,2026,1,401907655,2026-09-05 18:00:00+00:00,John Carroll,Carnegie Mellon,5814.0,Gesling Stadium,OTHER,,missing,NO LINE,,,NO LINE,,,,,False,,,,,,,,,,,,,not_applicable,
2026-09-05T03:44:25.321067+00:00,push,,33942543856,1,cce03056f81cb4f15358257f408e28c23fe45937,orientation-eval-2026.2,c2fa1b1aaf967fb49d4f335564e11a2d2918fd41c77a7790c7b3877c5146d1ce,False,855.5779822166667,orientation-crosswind-hgb-v0.1,True,False,2026,1,401908921,2026-09-05 18:00:00+00:00,Wisconsin Lutheran,St. Scholastica,6122.0,Public Schools Stadium,OTHER,,missing,NO LINE,,,NO LINE,,,,,False,,,,,,,,,,,,,not_applicable,
2026-09-05T03:44:25.321067+00:00,push,,33942543856,1,cce03056f81cb4f15358257f408e28c23fe45937,orientation-eval-2026.2,c2fa1b1aaf967fb49d4f335564e11a2d2918fd41c77a7790c7b3877c5146d1ce,False,855.5779822166667,orientation-crosswind-hgb-v0.1,True,False,2026,1,401908765,2026-09-05 18:00:00+00:00,Concordia (WI),Ripon,6109.0,Ingalls Field,OTHER,,missing,NO LINE,,,NO LINE,,,,,False,,,,,,,,,,,,,not_applicable,
2026-09-05T03:44:25.321067+00:00,push,,33942543856,1,cce03056f81cb4f15358257f408e28c23fe45937,orientation-eval-2026.2,c2fa1b1aaf967fb49d4f335564e11a2d2918fd41c77a7790c7b3877c5146d1ce,False,855.5779822166667,orientation-crosswind-hgb-v0.1,True,False,2026,1,401908759,2026-09-05 18:00:00+00:00,Lawrence,Luther,5923.0,Legacy Field in Carlson Stadium,OTHER,,missing,NO LINE,,,NO LINE,,,,,False,,,,,,,,,,,,,not_applicable,
2026-09-05T03:44:25.321067+00:00,push,,33942543856,1,cce03056f81cb4f15358257f408e28c23fe45937,orientation-eval-2026.2,c2fa1b1aaf967fb49d4f335564e11a2d2918fd41c77a7790c7b3877c5146d1ce,False,855.5779822166667,orientation-crosswind-hgb-v0.1,True,False,2026,1,401908514,2026-09-05 18:00:00+00:00,Concordia Chicago,Minnesota Morris,6082.0,Big Cat Stadium,OTHER,,missing,NO LINE,,,NO LINE,,,,,False,,,,,,,,,,,,,not_applicable,
2026-09-05T03:44:25.321067+00:00,push,,33942543856,1,cce03056f81cb4f15358257f408e28c23fe45937,orientation-eval-2026.2,c2fa1b1aaf967fb49d4f335564e11a2d2918fd41c77a7790c7b3877c5146d1ce,False,855.5779822166667,orientation-crosswind-hgb-v0.1,True,False,2026,1,401908508,2026-09-05 18:00:00+00:00,Macalester,Martin Luther,3843.0,MLC Bowl,OTHER,,missing,NO LINE,,,NO LINE,,,,,False,,,,,,,,,,,,,not_applicable,
2026-09-05T03:44:25.321067+00:00,push,,33942543856,1,cce03056f81cb4f15358257f408e28c23fe45937,orientation-eval-2026.2,c2fa1b1aaf967fb49d4f335564e11a2d2918fd41c77a7790c7b3877c5146d1ce,False,855.5779822166667,orientation-crosswind-hgb-v0.1,True,False,2026,1,401908412,2026-09-05 18:00:00+00:00,Bethany (WV),Sewanee,3823.0,Hardee-McGee Field,OTHER,,missing,NO LINE,,,NO LINE,,,,,False,,,,,,,,,,,,,not_applicable,
2026-09-05T03:44:25.321067+00:00,push,,33942543856,1,cce03056f81cb4f15358257f408e28c23fe45937,orientation-eval-2026.2,c2fa1b1aaf967fb49d4f335564e11a2d2918fd41c77a7790c7b3877c5146d1ce,False,855.5779822166667,orientation-crosswind-hgb-v0.1,True,False,2026,1,401908231,2026-09-05 18:00:00+00:00,Centre,Hanover,3614.0,Alumni Stadium (IN),OTHER,,missing,NO LINE,,,NO LINE,,,,,False,,,,,,,,,,,,,not_applicable,
2026-09-05T03:44:25.321067+00:00,push,,33942543856,1,cce03056f81cb4f15358257f408e28c23fe45937,orientation-eval-2026.2,c2fa1b1aaf967fb49d4f335564e11a2d2918fd41c77a7790c7b3877c5146d1ce,False,855.5779822166667,orientation-crosswind-hgb-v0.1,True,False,2026,1,401908247,2026-09-05 18:00:00+00:00,Concordia (MN),Nebraska Wesleyan,6091.0,Abel Stadium,OTHER,,missing,NO LINE,,,NO LINE,,,,,False,,,,,,,,,,,,,not_applicable,
2026-09-05T03:44:25.321067+00:00,push,,33942543856,1,cce03056f81cb4f15358257f408e28c23fe45937,orientation-eval-2026.2,c2fa1b1aaf967fb49d4f335564e11a2d2918fd41c77a7790c7b3877c5146d1ce,False,855.5779822166667,orientation-crosswind-hgb-v0.1,True,False,2026,1,401908771,2026-09-05 18:00:00+00:00,Mount Mercy,Grinnell,5861.0,Rosenbloom Field,OTHER,,missing,NO LINE,,,NO LINE,,,,,False,,,,,,,,,,,,,not_applicable,
2026-09-05T03:44:25.321067+00:00,push,,33942543856,1,cce03056f81cb4f15358257f408e28c23fe45937,orientation-eval-2026.2,c2fa1b1aaf967fb49d4f335564e11a2d2918fd41c77a7790c7b3877c5146d1ce,False,855.5779822166667,orientation-crosswind-hgb-v0.1,True,False,2026,1,401907758,2026-09-05 18:00:00+00:00,Benedictine (IL),Buena Vista,5809.0,J. Leslie Rollins Stadium,OTHER,,missing,NO LINE,,,NO LINE,,,,,False,,,,,,,,,,,,,not_applicable,
2026-09-05T03:44:25.321067+00:00,push,,33942543856,1,cce03056f81cb4f15358257f408e28c23fe45937,orientation-eval-2026.2,c2fa1b1aaf967fb49d4f335564e11a2d2918fd41c77a7790c7b3877c5146d1ce,False,855.5779822166667,orientation-crosswind-hgb-v0.1,True,False,2026,1,401908499,2026-09-05 18:00:00+00:00,Greenville,Lake Forest,5915.0,Farwell Field,OTHER,,missing,NO LINE,,,NO LINE,,,,,False,,,,,,,,,,,,,not_applicable,
2026-09-05T03:44:25.321067+00:00,push,,33942543856,1,cce03056f81cb4f15358257f408e28c23fe45937,orientation-eval-2026.2,c2fa1b1aaf967fb49d4f335564e11a2d2918fd41c77a7790c7b3877c5146d1ce,False,855.5779822166667,orientation-crosswind-hgb-v0.1,True,False,2026,1,401907850,2026-09-05 18:00:00+00:00,Mount Union,Wheaton (IL),5115.0,McCully Stadium,OTHER,,missing,NO LINE,,,NO LINE,,,,,False,,,,,,,,,,,,,not_applicable,
2026-09-05T03:44:25.321067+00:00,push,,33942543856,1,cce03056f81cb4f15358257f408e28c23fe45937,orientation-eval-2026.2,c2fa1b1aaf967fb49d4f335564e11a2d2918fd41c77a7790c7b3877c5146d1ce,False,855.5779822166667,orientation-crosswind-hgb-v0.1,True,False,2026,1,401908008,2026-09-05 18:00:00+00:00,Aurora,Wisconsin Platteville,5911.0,Ralph E. Davis Pioneer Stadium,OTHER,,missing,NO LINE,,,NO LINE,,,,,False,,,,,,,,,,,,,not_applicable,
2026-09-05T03:44:25.321067+00:00,push,,33942543856,1,cce03056f81cb4f15358257f408e28c23fe45937,orientation-eval-2026.2,c2fa1b1aaf967fb49d4f335564e11a2d2918fd41c77a7790c7b3877c5146d1ce,False,855.5779822166667,orientation-crosswind-hgb-v0.1,True,False,2026,1,401907886,2026-09-05 18:00:00+00:00,Carleton,Wisconsin Whitewater,4854.0,Perkins Stadium,OTHER,,missing,NO LINE,,,NO LINE,,,,,False,,,,,,,,,,,,,not_applicable,
2026-09-05T03:44:25.321067+00:00,push,,33942543856,1,cce03056f81cb4f15358257f408e28c23fe45937,orientation-eval-2026.2,c2fa1b1aaf967fb49d4f335564e11a2d2918fd41c77a7790c7b3877c5146d1ce,False,855.5779822166667,orientation-crosswind-hgb-v0.1,True,False,2026,1,401907420,2026-09-05 18:00:00+00:00,Emory & Henry,Ferrum,5843.0,W.B. Adams Stadium,OTHER,,missing,NO LINE,,,NO LINE,,,,,False,,,,,,,,,,,,,not_applicable,
2026-09-05T03:44:25.321067+00:00,push,,33942543856,1,cce03056f81cb4f15358257f408e28c23fe45937,orientation-eval-2026.2,c2fa1b1aaf967fb49d4f335564e11a2d2918fd41c77a7790c7b3877c5146d1ce,False,855.5779822166667,orientation-crosswind-hgb-v0.1,True,False,2026,1,401906929,2026-09-05 18:00:00+00:00,Roosevelt,Quincy,3723.0,QU Stadium,OTHER,,missing,NO LINE,,,NO LINE,,,,,False,,,,,,,,,,,,,not_applicable,
2026-09-05T03:44:25.321067+00:00,push,,33942543856,1,cce03056f81cb4f15358257f408e28c23fe45937,orientation-eval-2026.2,c2fa1b1aaf967fb49d4f335564e11a2d2918fd41c77a7790c7b3877c5146d1ce,False,855.5779822166667,orientation-crosswind-hgb-v0.1,True,False,2026,1,401906860,2026-09-05 18:00:00+00:00,Findlay,Indianapolis,6040.0,Key Stadium,OTHER,,missing,NO LINE,,,NO LINE,,,,,False,,,,,,,,,,,,,not_applicable,
2026-09-05T03:44:25.321067+00:00,push,,33942543856,1,cce03056f81cb4f15358257f408e28c23fe45937,orientation-eval-2026.2,c2fa1b1aaf967fb49d4f335564e11a2d2918fd41c77a7790c7b3877c5146d1ce,False,855.5779822166667,orientation-crosswind-hgb-v0.1,True,False,2026,1,401909047,2026-09-05 18:00:00+00:00,Hiram,Oberlin,6096.0,Austin E. Knowlton Athletics Complex,OTHER,,missing,NO LINE,,,NO LINE,,,,,False,,,,,,,,,,,,,not_applicable,
2026-09-05T03:44:25.321067+00:00,push,,33942543856,1,cce03056f81cb4f15358257f408e28c23fe45937,orientation-eval-2026.2,c2fa1b1aaf967fb49d4f335564e11a2d2918fd41c77a7790c7b3877c5146d1ce,False,855.5779822166667,orientation-crosswind-hgb-v0.1,True,False,2026,1,401907789,2026-09-05 18:00:00+00:00,Carroll (WI),St. Norbert,6121.0,Donald J. Schneider Stadium,OTHER,,missing,NO LINE,,,NO LINE,,,,,False,,,,,,,,,,,,,not_applicable,
2026-09-05T03:44:25.321067+00:00,push,,33942543856,1,cce03056f81cb4f15358257f408e28c23fe45937,orientation-eval-2026.2,c2fa1b1aaf967fb49d4f335564e11a2d2918fd41c77a7790c7b3877c5146d1ce,False,855.5779822166667,orientation-crosswind-hgb-v0.1,True,False,2026,1,401906049,2026-09-05 18:00:00+00:00,Bluefield State,Concord,3667.0,Callaghan Stadium,OTHER,,missing,NO LINE,,,NO LINE,,,,,False,,,,,,,,,,,,,not_applicable,
2026-09-05T03:44:25.321067+00:00,push,,33942543856,1,cce03056f81cb4f15358257f408e28c23fe45937,orientation-eval-2026.2,c2fa1b1aaf967fb49d4f335564e11a2d2918fd41c77a7790c7b3877c5146d1ce,False,855.5779822166667,orientation-crosswind-hgb-v0.1,True,False,2026,1,401908141,2026-09-05 18:00:00+00:00,Central College,Gustavus Adolphus,5893.0,Hollingsworth Field,OTHER,,missing,NO LINE,,,NO LINE,,,,,False,,,,,,,,,,,,,not_applicable,
2026-09-05T03:44:25.321067+00:00,push,,33942543856,1,cce03056f81cb4f15358257f408e28c23fe45937,orientation-eval-2026.2,c2fa1b1aaf967fb49d4f335564e11a2d2918fd41c77a7790c7b3877c5146d1ce,False,855.5779822166667,orientation-crosswind-hgb-v0.1,True,False,2026,1,401908088,2026-09-05 18:00:00+00:00,FDU Florham,St. John Fisher,6120.0,Growney Stadium,OTHER,,missing,NO LINE,,,NO LINE,,,,,False,,,,,,,,,,,,,not_applicable,
2026-09-05T03:44:25.321067+00:00,push,,33942543856,1,cce03056f81cb4f15358257f408e28c23fe45937,orientation-eval-2026.2,c2fa1b1aaf967fb49d4f335564e11a2d2918fd41c77a7790c7b3877c5146d1ce,False,855.5779822166667,orientation-crosswind-hgb-v0.1,True,False,2026,1,401908039,2026-09-05 18:00:00+00:00,Wisconsin La Crosse,Saint John's (MN),5117.0,Clemens Stadium,OTHER,,missing,NO LINE,,,NO LINE,,,,,False,,,,,,,,,,,,,not_applicable,
2026-09-05T03:44:25.321067+00:00,push,,33942543856,1,cce03056f81cb4f15358257f408e28c23fe45937,orientation-eval-2026.2,c2fa1b1aaf967fb49d4f335564e11a2d2918fd41c77a7790c7b3877c5146d1ce,False,855.5779822166667,orientation-crosswind-hgb-v0.1,True,False,2026,1,401908018,2026-09-05 18:00:00+00:00,Linfield,Wisconsin Oshkosh,5120.0,J.J. Keller Field at Titan Stadium,OTHER,,missing,NO LINE,,,NO LINE,,,,,False,,,,,,,,,,,,,not_applicable,
2026-09-05T03:44:25.321067+00:00,push,,33942543856,1,cce03056f81cb4f15358257f408e28c23fe45937,orientation-eval-2026.2,c2fa1b1aaf967fb49d4f335564e11a2d2918fd41c77a7790c7b3877c5146d1ce,False,855.5779822166667,orientation-crosswind-hgb-v0.1,True,False,2026,1,401907691,2026-09-05 18:00:00+00:00,Sioux Falls,Jamestown,11539.0,Charlotte & Gordon Hansen Stadium,OTHER,,missing,NO LINE,,,NO LINE,,,,,False,,,,,,,,,,,,,not_applicable,
2026-09-05T03:44:25.321067+00:00,push,,33942543856,1,cce03056f81cb4f15358257f408e28c23fe45937,orientation-eval-2026.2,c2fa1b1aaf967fb49d4f335564e11a2d2918fd41c77a7790c7b3877c5146d1ce,False,855.5779822166667,orientation-crosswind-hgb-v0.1,True,False,2026,1,401908150,2026-09-05 18:00:00+00:00,Cornell (IA),Coe,5823.0,Clark Field,OTHER,,missing,NO LINE,,,NO LINE,,,,,False,,,,,,,,,,,,,not_applicable,
2026-09-05T03:44:25.321067+00:00,push,,33942543856,1,cce03056f81cb4f15358257f408e28c23fe45937,orientation-eval-2026.2,c2fa1b1aaf967fb49d4f335564e11a2d2918fd41c77a7790c7b3877c5146d1ce,False,915.5779822166667,orientation-crosswind-hgb-v0.1,True,False,2026,1,401906597,2026-09-05 19:00:00+00:00,West Alabama,Lenoir Rhyne,6553.0,Helen and Leonard Moretz Stadium,OTHER,,missing,NO LINE,,,NO LINE,,,,,False,,,,,,,,,,,,,not_applicable,
2026-09-05T03:44:25.321067+00:00,push,,33942543856,1,cce03056f81cb4f15358257f408e28c23fe45937,orientation-eval-2026.2,c2fa1b1aaf967fb49d4f335564e11a2d2918fd41c77a7790c7b3877c5146d1ce,False,915.5779822166667,orientation-crosswind-hgb-v0.1,True,False,2026,1,401907159,2026-09-05 19:00:00+00:00,Southwest Baptist,South Dakota Mines,3860.0,O'Harra Stadium,OTHER,,missing,NO LINE,,,NO LINE,,,,,False,,,,,,,,,,,,,not_applicable,
2026-09-05T03:44:25.321067+00:00,push,,33942543856,1,cce03056f81cb4f15358257f408e28c23fe45937,orientation-eval-2026.2,c2fa1b1aaf967fb49d4f335564e11a2d2918fd41c77a7790c7b3877c5146d1ce,False,915.5779822166667,orientation-crosswind-hgb-v0.1,True,False,2026,1,401907111,2026-09-05 19:00:00+00:00,Dakota State University,Black Hills State,5877.0,Lyle Hare Stadium,OTHER,,missing,NO LINE,,,NO LINE,,,,,False,,,,,,,,,,,,,not_applicable,
2026-09-05T03:44:25.321067+00:00,push,,33942543856,1,cce03056f81cb4f15358257f408e28c23fe45937,orientation-eval-2026.2,c2fa1b1aaf967fb49d4f335564e11a2d2918fd41c77a7790c7b3877c5146d1ce,False,915.5779822166667,orientation-crosswind-hgb-v0.1,True,False,2026,1,401906682,2026-09-05 19:00:00+00:00,Saint Anselm,Lake Erie,3769.0,Jack Britt Memorial Stadium,OTHER,,missing,NO LINE,,,NO LINE,,,,,False,,,,,,,,,,,,,not_applicable,
2026-09-05T03:44:25.321067+00:00,push,,33942543856,1,cce03056f81cb4f15358257f408e28c23fe45937,orientation-eval-2026.2,c2fa1b1aaf967fb49d4f335564e11a2d2918fd41c77a7790c7b3877c5146d1ce,False,915.5779822166667,orientation-crosswind-hgb-v0.1,True,False,2026,1,401906206,2026-09-05 19:00:00+00:00,Benedict,Shorter,4015.0,Barron Stadium,OTHER,,missing,NO LINE,,,NO LINE,,,,,False,,,,,,,,,,,,,not_applicable,
2026-09-05T03:44:25.321067+00:00,push,,33942543856,1,cce03056f81cb4f15358257f408e28c23fe45937,orientation-eval-2026.2,c2fa1b1aaf967fb49d4f335564e11a2d2918fd41c77a7790c7b3877c5146d1ce,False,915.5779822166667,orientation-crosswind-hgb-v0.1,True,False,2026,1,401908448,2026-09-05 19:00:00+00:00,Northwestern (MN),Claremont Mudd Scripps,5821.0,Fritz B. Burns Stadium,OTHER,,missing,NO LINE,,,NO LINE,,,,,False,,,,,,,,,,,,,not_applicable,
2026-09-05T03:44:25.321067+00:00,push,,33942543856,1,cce03056f81cb4f15358257f408e28c23fe45937,orientation-eval-2026.2,c2fa1b1aaf967fb49d4f335564e11a2d2918fd41c77a7790c7b3877c5146d1ce,False,915.5779822166667,orientation-crosswind-hgb-v0.1,True,False,2026,1,401908722,2026-09-05 19:00:00+00:00,Widener,Geneva,5849.0,Reeves Field (PA),OTHER,,missing,NO LINE,,,NO LINE,,,,,False,,,,,,,,,,,,,not_applicable,
2026-09-05T03:44:25.321067+00:00,push,,33942543856,1,cce03056f81cb4f15358257f408e28c23fe45937,orientation-eval-2026.2,c2fa1b1aaf967fb49d4f335564e11a2d2918fd41c77a7790c7b3877c5146d1ce,False,915.5779822166667,orientation-crosswind-hgb-v0.1,True,False,2026,1,401908460,2026-09-05 19:00:00+00:00,Willamette,Pomona Pitzer,6103.0,Merritt Field,OTHER,,missing,NO LINE,,,NO LINE,,,,,False,,,,,,,,,,,,,not_applicable,
2026-09-05T03:44:25.321067+00:00,push,,33942543856,1,cce03056f81cb4f15358257f408e28c23fe45937,orientation-eval-2026.2,c2fa1b1aaf967fb49d4f335564e11a2d2918fd41c77a7790c7b3877c5146d1ce,False,915.5779822166667,orientation-crosswind-hgb-v0.1,True,False,2026,1,401907475,2026-09-05 19:00:00+00:00,Lock Haven,American International,5868.0,Ronald J. Abdow Field,OTHER,,missing,NO LINE,,,NO LINE,,,,,False,,,,,,,,,,,,,not_applicable,
2026-09-05T03:44:25.321067+00:00,push,,33942543856,1,cce03056f81cb4f15358257f408e28c23fe45937,orientation-eval-2026.2,c2fa1b1aaf967fb49d4f335564e11a2d2918fd41c77a7790c7b3877c5146d1ce,False,975.5779822166667,orientation-crosswind-hgb-v0.1,True,False,2026,1,401907332,2026-09-05 20:00:00+00:00,Western Oregon,Southern Oregon,,,OTHER,,missing,NO LINE,,,NO LINE,,,,,False,,,,,,,,,,,,,not_applicable,
2026-09-05T03:44:25.321067+00:00,push,,33942543856,1,cce03056f81cb4f15358257f408e28c23fe45937,orientation-eval-2026.2,c2fa1b1aaf967fb49d4f335564e11a2d2918fd41c77a7790c7b3877c5146d1ce,False,975.5779822166667,orientation-crosswind-hgb-v0.1,True,False,2026,1,401908429,2026-09-05 20:00:00+00:00,Cal Lutheran,Pacific Lutheran,6102.0,Sparks Stadium,OTHER,,missing,NO LINE,,,NO LINE,,,,,False,,,,,,,,,,,,,not_applicable,
2026-09-05T03:44:25.321067+00:00,push,,33942543856,1,cce03056f81cb4f15358257f408e28c23fe45937,orientation-eval-2026.2,c2fa1b1aaf967fb49d4f335564e11a2d2918fd41c77a7790c7b3877c5146d1ce,False,975.5779822166667,orientation-crosswind-hgb-v0.1,True,False,2026,1,401907852,2026-09-05 20:00:00+00:00,Thiel,Alfred State,3877.0,Pioneer Stadium,OTHER,,missing,NO LINE,,,NO LINE,,,,,False,,,,,,,,,,,,,not_applicable,
2026-09-05T03:44:25.321067+00:00,push,,33942543856,1,cce03056f81cb4f15358257f408e28c23fe45937,orientation-eval-2026.2,c2fa1b1aaf967fb49d4f335564e11a2d2918fd41c77a7790c7b3877c5146d1ce,False,975.5779822166667,orientation-crosswind-hgb-v0.1,True,False,2026,1,401906921,2026-09-05 20:00:00+00:00,Florida Memorial University,Allen,6217.0,W.C. Hawkins Stadium,OTHER,,missing,NO LINE,,,NO LINE,,,,,False,,,,,,,,,,,,,not_applicable,
2026-09-05T03:44:25.321067+00:00,push,,33942543856,1,cce03056f81cb4f15358257f408e28c23fe45937,orientation-eval-2026.2,c2fa1b1aaf967fb49d4f335564e11a2d2918fd41c77a7790c7b3877c5146d1ce,False,975.5779822166667,orientation-crosswind-hgb-v0.1,True,False,2026,1,401907634,2026-09-05 20:00:00+00:00,Southwest Minnesota State,Bemidji State,5874.0,Chet Anderson Stadium,OTHER,,missing,NO LINE,,,NO LINE,,,,,False,,,,,,,,,,,,,not_applicable,
2026-09-05T03:44:25.321067+00:00,push,,33942543856,1,cce03056f81cb4f15358257f408e28c23fe45937,orientation-eval-2026.2,c2fa1b1aaf967fb49d4f335564e11a2d2918fd41c77a7790c7b3877c5146d1ce,False,975.5779822166667,orientation-crosswind-hgb-v0.1,True,False,2026,1,401907615,2026-09-05 20:00:00+00:00,West Liberty,Seton Hill,3859.0,Offutt Field,OTHER,,missing,NO LINE,,,NO LINE,,,,,False,,,,,,,,,,,,,not_applicable,
2026-09-05T03:44:25.321067+00:00,push,,33942543856,1,cce03056f81cb4f15358257f408e28c23fe45937,orientation-eval-2026.2,c2fa1b1aaf967fb49d4f335564e11a2d2918fd41c77a7790c7b3877c5146d1ce,False,975.5779822166667,orientation-crosswind-hgb-v0.1,True,False,2026,1,401907130,2026-09-05 20:00:00+00:00,Colorado Mesa,Eastern New Mexico,5938.0,Al Whitehead Field at Greyhound Stadium,OTHER,,missing,NO LINE,,,NO LINE,,,,,False,,,,,,,,,,,,,not_applicable,
2026-09-05T03:44:25.321067+00:00,push,,33942543856,1,cce03056f81cb4f15358257f408e28c23fe45937,orientation-eval-2026.2,c2fa1b1aaf967fb49d4f335564e11a2d2918fd41c77a7790c7b3877c5146d1ce,False,1035.5779822166667,orientation-crosswind-hgb-v0.1,True,False,2026,1,401908275,2026-09-05 21:00:00+00:00,East Texas Baptist,Lyon,3877.0,Pioneer Stadium,OTHER,,missing,NO LINE,,,NO LINE,,,,,False,,,,,,,,,,,,,not_applicable,
2026-09-05T03:44:25.321067+00:00,push,,33942543856,1,cce03056f81cb4f15358257f408e28c23fe45937,orientation-eval-2026.2,c2fa1b1aaf967fb49d4f335564e11a2d2918fd41c77a7790c7b3877c5146d1ce,False,1035.5779822166667,orientation-crosswind-hgb-v0.1,True,False,2026,1,401906973,2026-09-05 21:00:00+00:00,Tuskegee,Fort Valley State,3797.0,Ladd Peebles Stadium,OTHER,,missing,NO LINE,,,NO LINE,,,,,False,,,,,,,7.778966578232138,1.8703286148842824,,,,,not_applicable,
2026-09-05T03:44:25.321067+00:00,push,,33942543856,1,cce03056f81cb4f15358257f408e28c23fe45937,orientation-eval-2026.2,c2fa1b1aaf967fb49d4f335564e11a2d2918fd41c77a7790c7b3877c5146d1ce,False,1065.5779822166667,orientation-crosswind-hgb-v0.1,True,False,2026,1,401868345,2026-09-05 21:30:00+00:00,Tusculum,East Tennessee State,5400.0,William B. Greene Jr. Stadium,OTHER,,missing,NO LINE,,,NO LINE,,,,,False,,,,,,,,,,,,,not_applicable,
2026-09-05T03:44:25.321067+00:00,push,,33942543856,1,cce03056f81cb4f15358257f408e28c23fe45937,orientation-eval-2026.2,c2fa1b1aaf967fb49d4f335564e11a2d2918fd41c77a7790c7b3877c5146d1ce,False,1095.5779822166667,orientation-crosswind-hgb-v0.1,True,False,2026,1,401906903,2026-09-05 22:00:00+00:00,Texas A&M-Kingsville,Saginaw Valley State,3885.0,Harvey Randall Wickes Memorial Stadium,OTHER,,missing,NO LINE,,,NO LINE,,,,,False,,,,,,,,,,,,,not_applicable,
2026-09-05T03:44:25.321067+00:00,push,,33942543856,1,cce03056f81cb4f15358257f408e28c23fe45937,orientation-eval-2026.2,c2fa1b1aaf967fb49d4f335564e11a2d2918fd41c77a7790c7b3877c5146d1ce,False,1095.5779822166667,orientation-crosswind-hgb-v0.1,True,False,2026,1,401906178,2026-09-05 22:00:00+00:00,Chowan,UVA Wise,6033.0,Carl Smith Stadium,OTHER,,missing,NO LINE,,,NO LINE,,,,,False,,,,,,,,,,,,,not_applicable,
2026-09-05T03:44:25.321067+00:00,push,,33942543856,1,cce03056f81cb4f15358257f408e28c23fe45937,orientation-eval-2026.2,c2fa1b1aaf967fb49d4f335564e11a2d2918fd41c77a7790c7b3877c5146d1ce,False,1095.5779822166667,orientation-crosswind-hgb-v0.1,True,False,2026,1,401906199,2026-09-05 22:00:00+00:00,North Greenville,Catawba,5122.0,Shuford Stadium,OTHER,,missing,NO LINE,,,NO LINE,,,,,False,,,,,,,,,,,,,not_applicable,
2026-09-05T03:44:25.321067+00:00,push,,33942543856,1,cce03056f81cb4f15358257f408e28c23fe45937,orientation-eval-2026.2,c2fa1b1aaf967fb49d4f335564e11a2d2918fd41c77a7790c7b3877c5146d1ce,False,1095.5779822166667,orientation-crosswind-hgb-v0.1,True,False,2026,1,401906632,2026-09-05 22:00:00+00:00,Tiffin,Northern Michigan,3950.0,Superior Dome,OTHER,,missing,NO LINE,,,NO LINE,,,,,False,,,,,,,,,,,,,not_applicable,
2026-09-05T03:44:25.321067+00:00,push,,33942543856,1,cce03056f81cb4f15358257f408e28c23fe45937,orientation-eval-2026.2,c2fa1b1aaf967fb49d4f335564e11a2d2918fd41c77a7790c7b3877c5146d1ce,False,1095.5779822166667,orientation-crosswind-hgb-v0.1,True,False,2026,1,401867917,2026-09-05 22:00:00+00:00,West Virginia State,Robert Morris,3777.0,Joe Walton Stadium,OTHER,,missing,NO LINE,,,NO LINE,,,,,False,,,,,,,,,,,,,not_applicable,
2026-09-05T03:44:25.321067+00:00,push,,33942543856,1,cce03056f81cb4f15358257f408e28c23fe45937,orientation-eval-2026.2,c2fa1b1aaf967fb49d4f335564e11a2d2918fd41c77a7790c7b3877c5146d1ce,False,1095.5779822166667,orientation-crosswind-hgb-v0.1,True,False,2026,1,401867978,2026-09-05 22:00:00+00:00,Elizabeth City State,North Carolina Central,3862.0,O'Kelly-Riddick Stadium,OTHER,,missing,NO LINE,,,NO LINE,,,,,False,,,,,,,,,,,,,not_applicable,
2026-09-05T03:44:25.321067+00:00,push,,33942543856,1,cce03056f81cb4f15358257f408e28c23fe45937,orientation-eval-2026.2,c2fa1b1aaf967fb49d4f335564e11a2d2918fd41c77a7790c7b3877c5146d1ce,False,1095.5779822166667,orientation-crosswind-hgb-v0.1,True,False,2026,1,401906621,2026-09-05 22:00:00+00:00,Wheeling,Walsh,3718.0,Tom Benson Hall of Fame Stadium,OTHER,,missing,NO LINE,,,NO LINE,,,,,False,,,,,,,,,,,,,not_applicable,
2026-09-05T03:44:25.321067+00:00,push,,33942543856,1,cce03056f81cb4f15358257f408e28c23fe45937,orientation-eval-2026.2,c2fa1b1aaf967fb49d4f335564e11a2d2918fd41c77a7790c7b3877c5146d1ce,False,1095.5779822166667,orientation-crosswind-hgb-v0.1,True,False,2026,1,401907273,2026-09-05 22:00:00+00:00,Keiser (Fl),Anderson (SC),10461.0,Spero Financial Field,OTHER,,missing,NO LINE,,,NO LINE,,,,,False,,,,,,,,,,,,,not_applicable,
2026-09-05T03:44:25.321067+00:00,push,,33942543856,1,cce03056f81cb4f15358257f408e28c23fe45937,orientation-eval-2026.2,c2fa1b1aaf967fb49d4f335564e11a2d2918fd41c77a7790c7b3877c5146d1ce,False,1095.5779822166667,orientation-crosswind-hgb-v0.1,True,False,2026,1,401908076,2026-09-05 22:00:00+00:00,North Carolina Wesleyan,Averett,5799.0,Daly Field at Frank R. Campbell Stadium,OTHER,,missing,NO LINE,,,NO LINE,,,,,False,,,,,,,,,,,,,not_applicable,
2026-09-05T03:44:25.321067+00:00,push,,33942543856,1,cce03056f81cb4f15358257f408e28c23fe45937,orientation-eval-2026.2,c2fa1b1aaf967fb49d4f335564e11a2d2918fd41c77a7790c7b3877c5146d1ce,False,1095.5779822166667,orientation-crosswind-hgb-v0.1,True,False,2026,1,401906152,2026-09-05 22:00:00+00:00,UNC Pembroke,Fayetteville State,3813.0,"Luther ""Nick"" Jeralds Stadium",OTHER,,missing,NO LINE,,,NO LINE,,,,,False,,,,,,,,,,,,,not_applicable,
2026-09-05T03:44:25.321067+00:00,push,,33942543856,1,cce03056f81cb4f15358257f408e28c23fe45937,orientation-eval-2026.2,c2fa1b1aaf967fb49d4f335564e11a2d2918fd41c77a7790c7b3877c5146d1ce,False,1095.5779822166667,orientation-crosswind-hgb-v0.1,True,False,2026,1,401906146,2026-09-05 22:00:00+00:00,Livingstone,Virginia Union,6032.0,Hovey Field,OTHER,,missing,NO LINE,,,NO LINE,,,,,False,,,,,,,,,,,,,not_applicable,
2026-09-05T03:44:25.321067+00:00,push,,33942543856,1,cce03056f81cb4f15358257f408e28c23fe45937,orientation-eval-2026.2,c2fa1b1aaf967fb49d4f335564e11a2d2918fd41c77a7790c7b3877c5146d1ce,False,1095.5779822166667,orientation-crosswind-hgb-v0.1,True,False,2026,1,401908304,2026-09-05 22:00:00+00:00,Guilford,Greensboro,5852.0,Jamieson Stadium,OTHER,,missing,NO LINE,,,NO LINE,,,,,False,,,,,,,,,,,,,not_applicable,
2026-09-05T03:44:25.321067+00:00,push,,33942543856,1,cce03056f81cb4f15358257f408e28c23fe45937,orientation-eval-2026.2,c2fa1b1aaf967fb49d4f335564e11a2d2918fd41c77a7790c7b3877c5146d1ce,False,1095.5779822166667,orientation-crosswind-hgb-v0.1,True,False,2026,1,401907847,2026-09-05 22:00:00+00:00,North Park,Franklin,3716.0,"Stewart """"Red"""" Faught Stadium",OTHER,,missing,NO LINE,,,NO LINE,,,,,False,,,,,,,,,,,,,not_applicable,
2026-09-05T03:44:25.321067+00:00,push,,33942543856,1,cce03056f81cb4f15358257f408e28c23fe45937,orientation-eval-2026.2,c2fa1b1aaf967fb49d4f335564e11a2d2918fd41c77a7790c7b3877c5146d1ce,False,1095.5779822166667,orientation-crosswind-hgb-v0.1,True,False,2026,1,401908241,2026-09-05 22:00:00+00:00,St. Olaf,Loras,5921.0,Rock Bowl,OTHER,,missing,NO LINE,,,NO LINE,,,,,False,,,,,,,,,,,,,not_applicable,
2026-09-05T03:44:25.321067+00:00,push,,33942543856,1,cce03056f81cb4f15358257f408e28c23fe45937,orientation-eval-2026.2,c2fa1b1aaf967fb49d4f335564e11a2d2918fd41c77a7790c7b3877c5146d1ce,False,1095.5779822166667,orientation-crosswind-hgb-v0.1,True,False,2026,1,401906133,2026-09-05 22:00:00+00:00,West Chester,Lincoln (PA),3808.0,Lincoln University Stadium,OTHER,,missing,NO LINE,,,NO LINE,,,,,False,,,,,,,,,,,,,not_applicable,
2026-09-05T03:44:25.321067+00:00,push,,33942543856,1,cce03056f81cb4f15358257f408e28c23fe45937,orientation-eval-2026.2,c2fa1b1aaf967fb49d4f335564e11a2d2918fd41c77a7790c7b3877c5146d1ce,False,1095.5779822166667,orientation-crosswind-hgb-v0.1,True,False,2026,1,401868325,2026-09-05 22:00:00+00:00,Lane College,Alabama State,4582.0,Hornet Stadium,OTHER,,missing,NO LINE,,,NO LINE,,,,,False,,,,,,,,,,,,,not_applicable,
2026-09-05T03:44:25.321067+00:00,push,,33942543856,1,cce03056f81cb4f15358257f408e28c23fe45937,orientation-eval-2026.2,c2fa1b1aaf967fb49d4f335564e11a2d2918fd41c77a7790c7b3877c5146d1ce,False,1125.5779822166667,orientation-crosswind-hgb-v0.1,True,False,2026,1,401907703,2026-09-05 22:30:00+00:00,Minnesota State,University of Mary,3638.0,MDU Resources Community Bowl,OTHER,,missing,NO LINE,,,NO LINE,,,,,False,,,,,,,,,,,,,not_applicable,
2026-09-05T03:44:25.321067+00:00,push,,33942543856,1,cce03056f81cb4f15358257f408e28c23fe45937,orientation-eval-2026.2,c2fa1b1aaf967fb49d4f335564e11a2d2918fd41c77a7790c7b3877c5146d1ce,False,1155.5779822166667,orientation-crosswind-hgb-v0.1,True,False,2026,1,401906605,2026-09-05 23:00:00+00:00,Wingate,Delta State,5935.0,Parker Field at McCool Stadium,OTHER,,missing,NO LINE,,,NO LINE,,,,,False,,,,,,,,,,,,,not_applicable,
2026-09-05T03:44:25.321067+00:00,push,,33942543856,1,cce03056f81cb4f15358257f408e28c23fe45937,orientation-eval-2026.2,c2fa1b1aaf967fb49d4f335564e11a2d2918fd41c77a7790c7b3877c5146d1ce,False,1155.5779822166667,orientation-crosswind-hgb-v0.1,True,False,2026,1,401908781,2026-09-05 23:00:00+00:00,Knox,Eureka,5841.0,Pete FioRito Stadium at McKinzie Field,OTHER,,missing,NO LINE,,,NO LINE,,,,,False,,,,,,,,,,,,,not_applicable,
2026-09-05T03:44:25.321067+00:00,push,,33942543856,1,cce03056f81cb4f15358257f408e28c23fe45937,orientation-eval-2026.2,c2fa1b1aaf967fb49d4f335564e11a2d2918fd41c77a7790c7b3877c5146d1ce,False,1155.5779822166667,orientation-crosswind-hgb-v0.1,True,False,2026,1,401906589,2026-09-05 23:00:00+00:00,Northeastern State,Missouri S&T,3609.0,Allgood-Bailey Stadium,OTHER,,missing,NO LINE,,,NO LINE,,,,,False,,,,,,,,,,,,,not_applicable,
2026-09-05T03:44:25.321067+00:00,push,,33942543856,1,cce03056f81cb4f15358257f408e28c23fe45937,orientation-eval-2026.2,c2fa1b1aaf967fb49d4f335564e11a2d2918fd41c77a7790c7b3877c5146d1ce,False,1155.5779822166667,orientation-crosswind-hgb-v0.1,True,False,2026,1,401908553,2026-09-05 23:00:00+00:00,Westgate Christian University,Centenary (LA),10465.0,Mayo Field,OTHER,,missing,NO LINE,,,NO LINE,,,,,False,,,,,,,,,,,,,not_applicable,
2026-09-05T03:44:25.321067+00:00,push,,33942543856,1,cce03056f81cb4f15358257f408e28c23fe45937,orientation-eval-2026.2,c2fa1b1aaf967fb49d4f335564e11a2d2918fd41c77a7790c7b3877c5146d1ce,False,1155.5779822166667,orientation-crosswind-hgb-v0.1,True,False,2026,1,401907977,2026-09-05 23:00:00+00:00,Augsburg,Wisconsin Stevens Point,5903.0,Community Stadium at Goerke Park,OTHER,,missing,NO LINE,,,NO LINE,,,,,False,,,,,,,,,,,,,not_applicable,
2026-09-05T03:44:25.321067+00:00,push,,33942543856,1,cce03056f81cb4f15358257f408e28c23fe45937,orientation-eval-2026.2,c2fa1b1aaf967fb49d4f335564e11a2d2918fd41c77a7790c7b3877c5146d1ce,False,1155.5779822166667,orientation-crosswind-hgb-v0.1,True,False,2026,1,401907956,2026-09-05 23:00:00+00:00,Wisconsin Stout,Dubuque,5836.0,Chalmers Field,OTHER,,missing,NO LINE,,,NO LINE,,,,,False,,,,,,,,,,,,,not_applicable,
2026-09-05T03:44:25.321067+00:00,push,,33942543856,1,cce03056f81cb4f15358257f408e28c23fe45937,orientation-eval-2026.2,c2fa1b1aaf967fb49d4f335564e11a2d2918fd41c77a7790c7b3877c5146d1ce,False,1155.5779822166667,orientation-crosswind-hgb-v0.1,True,False,2026,1,401869136,2026-09-05 23:00:00+00:00,Texas Wesleyan,McNeese,3686.0,Cowboy Stadium,OTHER,,missing,NO LINE,,,NO LINE,,,,,False,,,,,,,,,,,,,not_applicable,
2026-09-05T03:44:25.321067+00:00,push,,33942543856,1,cce03056f81cb4f15358257f408e28c23fe45937,orientation-eval-2026.2,c2fa1b1aaf967fb49d4f335564e11a2d2918fd41c77a7790c7b3877c5146d1ce,False,1155.5779822166667,orientation-crosswind-hgb-v0.1,True,False,2026,1,401908933,2026-09-05 23:00:00+00:00,Apprentice School,Christopher Newport,3879.0,TowneBank Stadium,OTHER,,missing,NO LINE,,,NO LINE,,,,,False,,,,,,,,,,,,,not_applicable,
2026-09-05T03:44:25.321067+00:00,push,,33942543856,1,cce03056f81cb4f15358257f408e28c23fe45937,orientation-eval-2026.2,c2fa1b1aaf967fb49d4f335564e11a2d2918fd41c77a7790c7b3877c5146d1ce,False,1155.5779822166667,orientation-crosswind-hgb-v0.1,True,False,2026,1,401907247,2026-09-05 23:00:00+00:00,Upper Iowa,Missouri Southern State,6054.0,Fred G. Hughes Stadium,OTHER,,missing,NO LINE,,,NO LINE,,,,,False,,,,,,,,,,,,,not_applicable,
2026-09-05T03:44:25.321067+00:00,push,,33942543856,1,cce03056f81cb4f15358257f408e28c23fe45937,orientation-eval-2026.2,c2fa1b1aaf967fb49d4f335564e11a2d2918fd41c77a7790c7b3877c5146d1ce,False,1155.5779822166667,orientation-crosswind-hgb-v0.1,True,False,2026,1,401907456,2026-09-05 23:00:00+00:00,Reinhardt,Newberry,3926.0,Setzler Field,OTHER,,missing,NO LINE,,,NO LINE,,,,,False,,,,,,,,,,,,,not_applicable,
2026-09-05T03:44:25.321067+00:00,push,,33942543856,1,cce03056f81cb4f15358257f408e28c23fe45937,orientation-eval-2026.2,c2fa1b1aaf967fb49d4f335564e11a2d2918fd41c77a7790c7b3877c5146d1ce,False,1155.5779822166667,orientation-crosswind-hgb-v0.1,True,False,2026,1,401908272,2026-09-05 23:00:00+00:00,DePauw,Rose Hulman,6111.0,Cook Stadium,OTHER,,missing,NO LINE,,,NO LINE,,,,,False,,,,,,,,,,,,,not_applicable,
2026-09-05T03:44:25.321067+00:00,push,,33942543856,1,cce03056f81cb4f15358257f408e28c23fe45937,orientation-eval-2026.2,c2fa1b1aaf967fb49d4f335564e11a2d2918fd41c77a7790c7b3877c5146d1ce,False,1155.5779822166667,orientation-crosswind-hgb-v0.1,True,False,2026,1,401907779,2026-09-05 23:00:00+00:00,Simpson (IA),Augustana (IL),5796.0,Charles D. Lindberg Stadium,OTHER,,missing,NO LINE,,,NO LINE,,,,,False,,,,,,,,,,,,,not_applicable,
2026-09-05T03:44:25.321067+00:00,push,,33942543856,1,cce03056f81cb4f15358257f408e28c23fe45937,orientation-eval-2026.2,c2fa1b1aaf967fb49d4f335564e11a2d2918fd41c77a7790c7b3877c5146d1ce,False,1155.5779822166667,orientation-crosswind-hgb-v0.1,True,False,2026,1,401908426,2026-09-05 23:00:00+00:00,McMurry,Southwestern U,6118.0,Birkelbach Field,OTHER,,missing,NO LINE,,,NO LINE,,,,,False,,,,,,,,,,,,,not_applicable,
2026-09-05T03:44:25.321067+00:00,push,,33942543856,1,cce03056f81cb4f15358257f408e28c23fe45937,orientation-eval-2026.2,c2fa1b1aaf967fb49d4f335564e11a2d2918fd41c77a7790c7b3877c5146d1ce,False,1155.5779822166667,orientation-crosswind-hgb-v0.1,True,False,2026,1,401908325,2026-09-05 23:00:00+00:00,Austin,Schreiner,11956.0,Antler Stadium,OTHER,,missing,NO LINE,,,NO LINE,,,,,False,,,,,,,,,,,,,not_applicable,
2026-09-05T03:44:25.321067+00:00,push,,33942543856,1,cce03056f81cb4f15358257f408e28c23fe45937,orientation-eval-2026.2,c2fa1b1aaf967fb49d4f335564e11a2d2918fd41c77a7790c7b3877c5146d1ce,False,1155.5779822166667,orientation-crosswind-hgb-v0.1,True,False,2026,1,401908298,2026-09-05 23:00:00+00:00,Berry,Huntingdon,3915.0,Charles Lee Field at Samford Stadium,OTHER,,missing,NO LINE,,,NO LINE,,,,,False,,,,,,,,,,,,,not_applicable,
2026-09-05T03:44:25.321067+00:00,push,,33942543856,1,cce03056f81cb4f15358257f408e28c23fe45937,orientation-eval-2026.2,c2fa1b1aaf967fb49d4f335564e11a2d2918fd41c77a7790c7b3877c5146d1ce,False,1155.5779822166667,orientation-crosswind-hgb-v0.1,True,False,2026,1,401908267,2026-09-05 23:00:00+00:00,Muskingum,Mount St Joseph,6088.0,Schueler Field,OTHER,,missing,NO LINE,,,NO LINE,,,,,False,,,,,,,,,,,,,not_applicable,
2026-09-05T03:44:25.321067+00:00,push,,33942543856,1,cce03056f81cb4f15358257f408e28c23fe45937,orientation-eval-2026.2,c2fa1b1aaf967fb49d4f335564e11a2d2918fd41c77a7790c7b3877c5146d1ce,False,1155.5779822166667,orientation-crosswind-hgb-v0.1,True,False,2026,1,401906166,2026-09-05 23:00:00+00:00,Shaw,Barton,7075.0,Electric Supply Company Field,OTHER,,missing,NO LINE,,,NO LINE,,,,,False,,,,,,,,,,,,,not_applicable,
2026-09-05T03:44:25.321067+00:00,push,,33942543856,1,cce03056f81cb4f15358257f408e28c23fe45937,orientation-eval-2026.2,c2fa1b1aaf967fb49d4f335564e11a2d2918fd41c77a7790c7b3877c5146d1ce,False,1155.5779822166667,orientation-crosswind-hgb-v0.1,True,False,2026,1,401868970,2026-09-05 23:00:00+00:00,Kentucky State,Southern,3599.0,Ace W. Mumford Stadium,OTHER,,missing,NO LINE,,,NO LINE,,,,,False,,,,,,,,,,,,,not_applicable,
2026-09-05T03:44:25.321067+00:00,push,,33942543856,1,cce03056f81cb4f15358257f408e28c23fe45937,orientation-eval-2026.2,c2fa1b1aaf967fb49d4f335564e11a2d2918fd41c77a7790c7b3877c5146d1ce,False,1155.5779822166667,orientation-crosswind-hgb-v0.1,True,False,2026,1,401868958,2026-09-05 23:00:00+00:00,Edward Waters,Jackson State,3976.0,Mississippi Veterans Memorial Stadium,OTHER,,missing,NO LINE,,,NO LINE,,,,,False,,,,,,,,,,,,,not_applicable,
2026-09-05T03:44:25.321067+00:00,push,,33942543856,1,cce03056f81cb4f15358257f408e28c23fe45937,orientation-eval-2026.2,c2fa1b1aaf967fb49d4f335564e11a2d2918fd41c77a7790c7b3877c5146d1ce,False,1155.5779822166667,orientation-crosswind-hgb-v0.1,True,False,2026,1,401868953,2026-09-05 23:00:00+00:00,Central State,Grambling,3902.0,Eddie Robinson Stadium,OTHER,,missing,NO LINE,,,NO LINE,,,,,False,,,,,,,,,,,,,not_applicable,
2026-09-05T03:44:25.321067+00:00,push,,33942543856,1,cce03056f81cb4f15358257f408e28c23fe45937,orientation-eval-2026.2,c2fa1b1aaf967fb49d4f335564e11a2d2918fd41c77a7790c7b3877c5146d1ce,False,1155.5779822166667,orientation-crosswind-hgb-v0.1,True,False,2026,1,401868297,2026-09-05 23:00:00+00:00,Miles,Alabama A&M,3809.0,Louis Crews Stadium,OTHER,,missing,NO LINE,,,NO LINE,,,,,False,,,,,,,,,,,,,not_applicable,
2026-09-05T03:44:25.321067+00:00,push,,33942543856,1,cce03056f81cb4f15358257f408e28c23fe45937,orientation-eval-2026.2,c2fa1b1aaf967fb49d4f335564e11a2d2918fd41c77a7790c7b3877c5146d1ce,False,1185.5779822166667,orientation-crosswind-hgb-v0.1,True,False,2026,1,401908111,2026-09-05 23:30:00+00:00,Point University,LaGrange,5910.0,Callaway Stadium,OTHER,,missing,NO LINE,,,NO LINE,,,,,False,,,,,,,,,,,,,not_applicable,
2026-09-05T03:44:25.321067+00:00,push,,33942543856,1,cce03056f81cb4f15358257f408e28c23fe45937,orientation-eval-2026.2,c2fa1b1aaf967fb49d4f335564e11a2d2918fd41c77a7790c7b3877c5146d1ce,False,1215.5779822166667,orientation-crosswind-hgb-v0.1,True,False,2026,1,401908433,2026-09-06 00:00:00+00:00,Texas Lutheran,Trinity (TX),6132.0,Trinity University Stadium,OTHER,,missing,NO LINE,,,NO LINE,,,,,False,,,,,,,,,,,,,not_applicable,
2026-09-05T03:44:25.321067+00:00,push,,33942543856,1,cce03056f81cb4f15358257f408e28c23fe45937,orientation-eval-2026.2,c2fa1b1aaf967fb49d4f335564e11a2d2918fd41c77a7790c7b3877c5146d1ce,False,1215.5779822166667,orientation-crosswind-hgb-v0.1,True,False,2026,1,401908454,2026-09-06 00:00:00+00:00,Azusa Pacific,La Verne,5909.0,Ortmayer Stadium,OTHER,,missing,NO LINE,,,NO LINE,,,,,False,,,,,,,,,,,,,not_applicable,
2026-09-05T03:44:25.321067+00:00,push,,33942543856,1,cce03056f81cb4f15358257f408e28c23fe45937,orientation-eval-2026.2,c2fa1b1aaf967fb49d4f335564e11a2d2918fd41c77a7790c7b3877c5146d1ce,False,1215.5779822166667,orientation-crosswind-hgb-v0.1,True,False,2026,1,401908467,2026-09-06 00:00:00+00:00,Simpson (CA),Whittier,6147.0,"Memorial Stadium (Whittier, CA)",OTHER,,missing,NO LINE,,,NO LINE,,,,,False,,,,,,,,,,,,,not_applicable,
2026-09-05T03:44:25.321067+00:00,push,,33942543856,1,cce03056f81cb4f15358257f408e28c23fe45937,orientation-eval-2026.2,c2fa1b1aaf967fb49d4f335564e11a2d2918fd41c77a7790c7b3877c5146d1ce,False,1215.5779822166667,orientation-crosswind-hgb-v0.1,True,False,2026,1,401907100,2026-09-06 00:00:00+00:00,Adams State,Sul Ross State,6123.0,Jackson Field,OTHER,,missing,NO LINE,,,NO LINE,,,,,False,,,,,,,,,,,,,not_applicable,
2026-09-05T03:44:25.321067+00:00,push,,33942543856,1,cce03056f81cb4f15358257f408e28c23fe45937,orientation-eval-2026.2,c2fa1b1aaf967fb49d4f335564e11a2d2918fd41c77a7790c7b3877c5146d1ce,False,1215.5779822166667,orientation-crosswind-hgb-v0.1,True,False,2026,1,401907465,2026-09-06 00:00:00+00:00,Washington St. Louis,Rhodes,6108.0,Crain Field,OTHER,,missing,NO LINE,,,NO LINE,,,,,False,,,,,,,,,,,,,not_applicable,
2026-09-05T03:44:25.321067+00:00,push,,33942543856,1,cce03056f81cb4f15358257f408e28c23fe45937,orientation-eval-2026.2,c2fa1b1aaf967fb49d4f335564e11a2d2918fd41c77a7790c7b3877c5146d1ce,False,1215.5779822166667,orientation-crosswind-hgb-v0.1,True,False,2026,1,401906168,2026-09-06 00:00:00+00:00,Mars Hill,Winston-Salem State,3649.0,Bowman Gray Stadium,OTHER,,missing,NO LINE,,,NO LINE,,,,,False,,,,,,,,,,,,,not_applicable,
2026-09-05T03:44:25.321067+00:00,push,,33942543856,1,cce03056f81cb4f15358257f408e28c23fe45937,orientation-eval-2026.2,c2fa1b1aaf967fb49d4f335564e11a2d2918fd41c77a7790c7b3877c5146d1ce,False,1215.5779822166667,orientation-crosswind-hgb-v0.1,True,False,2026,1,401907357,2026-09-06 00:00:00+00:00,Emporia State,Pittsburg State,6067.0,Carnie Smith Stadium,OTHER,,missing,NO LINE,,,NO LINE,,,,,False,,,,,,,,,,,,,not_applicable,
2026-09-05T03:44:25.321067+00:00,push,,33942543856,1,cce03056f81cb4f15358257f408e28c23fe45937,orientation-eval-2026.2,c2fa1b1aaf967fb49d4f335564e11a2d2918fd41c77a7790c7b3877c5146d1ce,False,1215.5779822166667,orientation-crosswind-hgb-v0.1,True,False,2026,1,401907151,2026-09-06 00:00:00+00:00,Phoenix,Fort Lewis,5944.0,Ray Dennison Memorial Field,OTHER,,missing,NO LINE,,,NO LINE,,,,,False,,,,,,,,,,,,,not_applicable,
2026-09-05T03:44:25.321067+00:00,push,,33942543856,1,cce03056f81cb4f15358257f408e28c23fe45937,orientation-eval-2026.2,c2fa1b1aaf967fb49d4f335564e11a2d2918fd41c77a7790c7b3877c5146d1ce,False,1215.5779822166667,orientation-crosswind-hgb-v0.1,True,False,2026,1,401908254,2026-09-06 00:00:00+00:00,Wartburg,Monmouth (IL),6084.0,April Zorn Memorial Stadium,OTHER,,missing,NO LINE,,,NO LINE,,,,,False,,,,,,,,,,,,,not_applicable,
2026-09-05T03:44:25.321067+00:00,push,,33942543856,1,cce03056f81cb4f15358257f408e28c23fe45937,orientation-eval-2026.2,c2fa1b1aaf967fb49d4f335564e11a2d2918fd41c77a7790c7b3877c5146d1ce,False,1215.5779822166667,orientation-crosswind-hgb-v0.1,True,False,2026,1,401868074,2026-09-06 00:00:00+00:00,Central Washington,Cal Poly,1027.0,Alex G. Spanos Stadium,OTHER,,missing,NO LINE,,,NO LINE,,,,,False,,,,,,,,,,,,,not_applicable,
2026-09-05T03:44:25.321067+00:00,push,,33942543856,1,cce03056f81cb4f15358257f408e28c23fe45937,orientation-eval-2026.2,c2fa1b1aaf967fb49d4f335564e11a2d2918fd41c77a7790c7b3877c5146d1ce,False,1340.5779822166667,orientation-crosswind-hgb-v0.1,True,False,2026,1,401908393,2026-09-06 02:05:00+00:00,Redlands,George Fox,5850.0,Stoffer Family Stadium,OTHER,,missing,NO LINE,,,NO LINE,,,,,False,,,,,,,,,,,,,not_applicable,
2026-09-05T03:44:25.321067+00:00,push,,33942543856,1,cce03056f81cb4f15358257f408e28c23fe45937,orientation-eval-2026.2,c2fa1b1aaf967fb49d4f335564e11a2d2918fd41c77a7790c7b3877c5146d1ce,False,2415.5779822166664,orientation-crosswind-hgb-v0.1,True,False,2026,1,401906158,2026-09-06 20:00:00+00:00,Albany State,Johnson C. Smith,3718.0,Tom Benson Hall of Fame Stadium,OTHER,,missing,NO LINE,,,NO LINE,,,,,False,,,,,,,,,,,,,not_applicable,
