record_kind,snapshot_timestamp_utc,protocol_version,protocol_sha256,github_event_name,github_event_schedule,github_run_id,github_run_attempt,source_git_sha,official_eligible,official_minimum_lead_minutes,frozen_general_edge,frozen_general_total_min,frozen_fcs_edge,frozen_fcs_total_min,status,decision_reason,research_tags,division_track,model_track,season,week,game_id,start_date,start_time_tbd,away_team,home_team,venue_name,venue_city,venue_state,venue_latitude,venue_longitude,game_indoors,closing_total,line_provider,line_source,line_provider_count,line_total_range,line_total_median,selected_vs_market_median,odds_match_confidence,model_projected_total,pred_market_residual,abs_pred_edge,model_side,temperature_f,dewpoint_f,humidity,wind_mph,wind_gust_mph,precip_probability_pct,precipitation,snowfall,weather_summary,nws_status,nws_office,home_conference,away_conference,home_classification,away_classification,fbs_vs_fbs,status_rank,_immutable_file,_immutable_sha256,line_cache_status,line_is_cached,line_last_seen_utc,line_age_hours,eligibility_integrity_override,eligibility_integrity_reason,entry_lead_minutes,official_entry,benchmark_close_total,benchmark_close_captured_at_utc,close_capture_lead_minutes,benchmark_close_provider,benchmark_close_source,benchmark_close_provider_count,benchmark_close_immutable_file,benchmark_close_immutable_sha256,final_home_points,final_away_points,actual_total_points,entry_total,entry_market_residual_actual,paper_qualifier,result_vs_entry_line,paper_result,paper_units_1u,clv_points,positive_clv,grading_disposition,grading_exclusion_reason
board_snapshot,2026-08-29 16:56:45.035126+00:00,2026.1,7d419007007f79c5a6b0bad66fdee94f98d74627e37f16e406e0ca54fa87dc2c,schedule,0 13 * * 6,33264191125,1,57dce19ccb2237ad4b8368887227828352ce6ff2,True,120,3.5,56.0,7.5,56.0,NO PLAY,Model edge is below the 3.5-point production threshold.,,FBS,GENERAL HGB,2026,1,401864494,2026-08-29 19:00:00+00:00,False,San José State,USC,Los Angeles Memorial Coliseum,Los Angeles,CA,34.014167,-118.287778,False,60.5,DraftKings,CFBD,2.0,0.0,60.5,0.0,,60.60198026475749,0.1019802647574925,0.1019802647574925,over,90.0,63.0,41.0,6.904674552,8.055453644,1.0,0.0,0.0,No meaningful precipitation signal,ok,LOX,Big Ten,Mountain West,fbs,fbs,True,3,outputs/prospective/2026/snapshots/board_20260829T165645Z_run33264191125_a1_1002621aad61.csv,1002621aad61cfb68894c8b3fd23ae409653a051a5c49ed5ec270bc026b49d44,,,,,False,,123.24941456666667,True,60.5,2026-08-29 17:45:06.204368+00:00,74.89659386666668,DraftKings,CFBD,2.0,outputs/prospective/2026/close_captures/close_20260829T174506Z_run33266424658_a1_26edf9872965.csv,26edf987296564c92abe0adc786333c5b539fa35cd621a825093813163863b9a,42.0,26.0,68.0,60.5,7.5,False,win,,,0.0,0.0,NOT QUALIFIER,
board_snapshot,2026-08-29 16:56:45.035126+00:00,2026.1,7d419007007f79c5a6b0bad66fdee94f98d74627e37f16e406e0ca54fa87dc2c,schedule,0 13 * * 6,33264191125,1,57dce19ccb2237ad4b8368887227828352ce6ff2,True,120,3.5,56.0,7.5,56.0,NO PLAY,FCS-only model points over; the FCS research track has not validated an over production strategy.,5.0+ model edge; FCS-only HGB; FCS 56+ total,FCS,FCS-only HGB,2026,1,401868154,2026-08-29 19:00:00+00:00,False,UC Davis,Portland State,Hillsboro Stadium,Portland,OR,45.554597,-122.90694,False,60.5,DraftKings,CFBD,1.0,0.0,60.5,0.0,,68.57828754044114,8.078287540441137,8.078287540441137,over,66.0,53.0,64.0,3.452337276,8.055453644,8.0,0.0,0.0,No meaningful precipitation signal,ok,PQR,Big Sky,Big Sky,fcs,fcs,False,3,outputs/prospective/2026/snapshots/board_20260829T165645Z_run33264191125_a1_1002621aad61.csv,1002621aad61cfb68894c8b3fd23ae409653a051a5c49ed5ec270bc026b49d44,,,,,False,,123.24941456666667,True,60.5,2026-08-29 17:45:06.204368+00:00,74.89659386666668,DraftKings,CFBD,1.0,outputs/prospective/2026/close_captures/close_20260829T174506Z_run33266424658_a1_26edf9872965.csv,26edf987296564c92abe0adc786333c5b539fa35cd621a825093813163863b9a,24.0,31.0,55.0,60.5,-5.5,False,loss,,,0.0,0.0,NOT QUALIFIER,
board_snapshot,2026-08-29 16:56:45.035126+00:00,2026.1,7d419007007f79c5a6b0bad66fdee94f98d74627e37f16e406e0ca54fa87dc2c,schedule,0 13 * * 6,33264191125,1,57dce19ccb2237ad4b8368887227828352ce6ff2,True,120,3.5,56.0,7.5,56.0,NO PLAY,FCS-only model does not meet the conservative under-edge screen.,FCS-only HGB; FCS 56+ total,FCS,FCS-only HGB,2026,1,401868324,2026-08-29 19:00:00+00:00,False,Southern,Alabama State,Legion Field,Birmingham,AL,33.511389,-86.842778,False,56.5,DraftKings,CFBD,1.0,0.0,56.5,0.0,,57.00412277736181,0.5041227773618059,0.5041227773618059,over,94.0,71.0,48.0,4.603116368,8.055453644,19.0,0.01,0.0,No meaningful precipitation signal,ok,BMX,SWAC,SWAC,fcs,fcs,False,3,outputs/prospective/2026/snapshots/board_20260829T165645Z_run33264191125_a1_1002621aad61.csv,1002621aad61cfb68894c8b3fd23ae409653a051a5c49ed5ec270bc026b49d44,,,,,False,,123.24941456666667,True,56.5,2026-08-29 17:45:06.204368+00:00,74.89659386666668,DraftKings,CFBD,1.0,outputs/prospective/2026/close_captures/close_20260829T174506Z_run33266424658_a1_26edf9872965.csv,26edf987296564c92abe0adc786333c5b539fa35cd621a825093813163863b9a,30.0,17.0,47.0,56.5,-9.5,False,loss,,,0.0,0.0,NOT QUALIFIER,
board_snapshot,2026-08-29 16:56:45.035126+00:00,2026.1,7d419007007f79c5a6b0bad66fdee94f98d74627e37f16e406e0ca54fa87dc2c,schedule,0 13 * * 6,33264191125,1,57dce19ccb2237ad4b8368887227828352ce6ff2,True,120,3.5,56.0,7.5,56.0,NO LINE,No current market total is available.,,OTHER,GENERAL HGB,2026,1,401906949,2026-08-29 19:00:00+00:00,False,Kentucky State,Central State,McPherson Memorial Stadium,Xenia,OH,39.6847822,-83.9296526,False,,missing,,,,,,,,,,over,,,,,,,,,,,,SIAC,SIAC,ii,ii,False,4,outputs/prospective/2026/snapshots/board_20260829T165645Z_run33264191125_a1_1002621aad61.csv,1002621aad61cfb68894c8b3fd23ae409653a051a5c49ed5ec270bc026b49d44,,,,,False,,123.24941456666667,True,,,,,,,,,14.0,41.0,55.0,,,False,,,,,,NOT QUALIFIER,
board_snapshot,2026-08-29 16:56:45.035126+00:00,2026.1,7d419007007f79c5a6b0bad66fdee94f98d74627e37f16e406e0ca54fa87dc2c,schedule,0 13 * * 6,33264191125,1,57dce19ccb2237ad4b8368887227828352ce6ff2,True,120,3.5,56.0,7.5,56.0,NO LINE,No current market total is available.,,OTHER,GENERAL HGB,2026,1,401907246,2026-08-29 19:00:00+00:00,False,Jamestown,Upper Iowa,Harms-Eischeid Stadium,Fayette,IA,42.8420766,-91.850265,False,,missing,,,,,,,,,,over,,,,,,,,,,,,Great Lakes,Northern Sun,ii,ii,False,4,outputs/prospective/2026/snapshots/board_20260829T165645Z_run33264191125_a1_1002621aad61.csv,1002621aad61cfb68894c8b3fd23ae409653a051a5c49ed5ec270bc026b49d44,,,,,False,,123.24941456666667,True,,,,,,,,,30.0,13.0,43.0,,,False,,,,,,NOT QUALIFIER,
board_snapshot,2026-08-29 16:56:45.035126+00:00,2026.1,7d419007007f79c5a6b0bad66fdee94f98d74627e37f16e406e0ca54fa87dc2c,schedule,0 13 * * 6,33264191125,1,57dce19ccb2237ad4b8368887227828352ce6ff2,True,120,3.5,56.0,7.5,56.0,NO PLAY,Model edge is below the 3.5-point production threshold.,,FBS,GENERAL HGB,2026,1,401858202,2026-08-29 19:30:00+00:00,False,NC State,Virginia,Scott Stadium,Charlottesville,VA,38.0311801,-78.5137897,False,51.5,DraftKings,CFBD,2.0,0.5,51.25,0.25,,52.5046133016083,1.004613301608299,1.004613301608299,over,84.0,67.0,57.0,4.603116368,9.206232736,6.0,0.0,0.0,No meaningful precipitation signal,ok,LWX,ACC,ACC,fbs,fbs,True,3,outputs/prospective/2026/snapshots/board_20260829T165645Z_run33264191125_a1_1002621aad61.csv,1002621aad61cfb68894c8b3fd23ae409653a051a5c49ed5ec270bc026b49d44,,,,,False,,153.24941456666664,True,,,,,,,,,34.0,8.0,42.0,51.5,-9.5,False,loss,,,,,NOT QUALIFIER,
board_snapshot,2026-08-29 16:56:45.035126+00:00,2026.1,7d419007007f79c5a6b0bad66fdee94f98d74627e37f16e406e0ca54fa87dc2c,schedule,0 13 * * 6,33264191125,1,57dce19ccb2237ad4b8368887227828352ce6ff2,True,120,3.5,56.0,7.5,56.0,NO PLAY,FCS-only model points over; the FCS research track has not validated an over production strategy.,5.0+ model edge; FCS-only HGB,FCS,FCS-only HGB,2026,1,401868022,2026-08-29 19:30:00+00:00,False,Lehigh,Holy Cross,Fitton Field,Worcester,MA,42.2403564,-71.8111424,False,47.5,DraftKings,CFBD,1.0,0.0,47.5,0.0,,59.14639058451751,11.646390584517512,11.646390584517512,over,76.0,53.0,45.0,4.603116368,9.206232736,0.0,0.0,0.0,No meaningful precipitation signal,ok,BOX,Patriot,Patriot,fcs,fcs,False,3,outputs/prospective/2026/snapshots/board_20260829T165645Z_run33264191125_a1_1002621aad61.csv,1002621aad61cfb68894c8b3fd23ae409653a051a5c49ed5ec270bc026b49d44,,,,,False,,153.24941456666664,True,,,,,,,,,10.0,35.0,45.0,47.5,-2.5,False,loss,,,,,NOT QUALIFIER,
board_snapshot,2026-08-29 16:56:45.035126+00:00,2026.1,7d419007007f79c5a6b0bad66fdee94f98d74627e37f16e406e0ca54fa87dc2c,schedule,0 13 * * 6,33264191125,1,57dce19ccb2237ad4b8368887227828352ce6ff2,True,120,3.5,56.0,7.5,56.0,NO PLAY,FCS-only model points over; the FCS research track has not validated an over production strategy.,5.0+ model edge; FCS-only HGB,FCS,FCS-only HGB,2026,1,401868084,2026-08-29 21:00:00+00:00,False,Eastern Washington,Northern Arizona,Walkup Skydome,Flagstaff,AZ,35.1805483,-111.6528377,True,55.5,DraftKings,CFBD,1.0,0.0,55.5,0.0,,60.94728298135408,5.4472829813540775,5.4472829813540775,over,,,,,,,,,Indoor/dome game,indoor,,Big Sky,Big Sky,fcs,fcs,False,3,outputs/prospective/2026/snapshots/board_20260829T165645Z_run33264191125_a1_1002621aad61.csv,1002621aad61cfb68894c8b3fd23ae409653a051a5c49ed5ec270bc026b49d44,,,,,False,,243.24941456666664,True,55.5,2026-08-29 20:58:01.592708+00:00,1.9734548666666667,DraftKings,CFBD,1.0,outputs/prospective/2026/close_captures/close_20260829T205801Z_run33274808542_a1_34516d53a55e.csv,34516d53a55e8b6517bdb6a8269309a0b8147767250cf5f611e278e65fb01ba7,34.0,27.0,61.0,55.5,5.5,False,win,,,0.0,0.0,NOT QUALIFIER,
board_snapshot,2026-08-29 16:56:45.035126+00:00,2026.1,7d419007007f79c5a6b0bad66fdee94f98d74627e37f16e406e0ca54fa87dc2c,schedule,0 13 * * 6,33264191125,1,57dce19ccb2237ad4b8368887227828352ce6ff2,True,120,3.5,56.0,7.5,56.0,NO LINE,No current market total is available.,,OTHER,GENERAL HGB,2026,1,401906157,2026-08-29 21:00:00+00:00,False,Johnson C. Smith,Benedict,Charlie W. Johnson Stadium,Columbia,SC,34.0007493,-81.0343313,False,,missing,,,,,,,,,,over,,,,,,,,,,,,SIAC,CIAA,ii,ii,False,4,outputs/prospective/2026/snapshots/board_20260829T165645Z_run33264191125_a1_1002621aad61.csv,1002621aad61cfb68894c8b3fd23ae409653a051a5c49ed5ec270bc026b49d44,,,,,False,,243.24941456666664,True,,,,,,,,,32.0,10.0,42.0,,,False,,,,,,NOT QUALIFIER,
board_snapshot,2026-08-29 16:56:45.035126+00:00,2026.1,7d419007007f79c5a6b0bad66fdee94f98d74627e37f16e406e0ca54fa87dc2c,schedule,0 13 * * 6,33264191125,1,57dce19ccb2237ad4b8368887227828352ce6ff2,True,120,3.5,56.0,7.5,56.0,NO PLAY,Model edge is below the 3.5-point production threshold.,,FBS,GENERAL HGB,2026,1,401864577,2026-08-29 21:30:00+00:00,False,Jacksonville State,North Dakota State,Fargodome,Fargo,ND,46.9029938,-96.8003251,True,46.5,DraftKings,CFBD,2.0,0.0,46.5,0.0,,46.979417753175966,0.4794177531759668,0.4794177531759668,over,,,,,,,,,Indoor/dome game,indoor,,Mountain West,Conference USA,fbs,fbs,True,3,outputs/prospective/2026/snapshots/board_20260829T165645Z_run33264191125_a1_1002621aad61.csv,1002621aad61cfb68894c8b3fd23ae409653a051a5c49ed5ec270bc026b49d44,,,,,False,,273.2494145666667,True,46.5,2026-08-29 20:58:01.592708+00:00,31.973454866666668,DraftKings,CFBD,2.0,outputs/prospective/2026/close_captures/close_20260829T205801Z_run33274808542_a1_34516d53a55e.csv,34516d53a55e8b6517bdb6a8269309a0b8147767250cf5f611e278e65fb01ba7,33.0,7.0,40.0,46.5,-6.5,False,loss,,,0.0,0.0,NOT QUALIFIER,
board_snapshot,2026-08-29 16:56:45.035126+00:00,2026.1,7d419007007f79c5a6b0bad66fdee94f98d74627e37f16e406e0ca54fa87dc2c,schedule,0 13 * * 6,33264191125,1,57dce19ccb2237ad4b8368887227828352ce6ff2,True,120,3.5,56.0,7.5,56.0,NO PLAY,FCS-only model points over; the FCS research track has not validated an over production strategy.,5.0+ model edge; FCS-only HGB; FCS 56+ total,FCS,FCS-only HGB,2026,1,401866620,2026-08-29 21:30:00+00:00,False,Campbell,East Tennessee State,William B. Greene Jr. Stadium,Johnson City,TN,36.299084,-82.374117,False,56.5,DraftKings,CFBD,1.0,0.0,56.5,0.0,,62.93954037587278,6.4395403758727845,6.4395403758727845,over,85.0,68.0,57.0,3.452337276,8.055453644,18.0,0.02,0.0,Measurable precipitation forecast,ok,MRX,Southern,Coastal Athletic,fcs,fcs,False,3,outputs/prospective/2026/snapshots/board_20260829T165645Z_run33264191125_a1_1002621aad61.csv,1002621aad61cfb68894c8b3fd23ae409653a051a5c49ed5ec270bc026b49d44,,,,,False,,273.2494145666667,True,56.5,2026-08-29 20:58:01.592708+00:00,31.973454866666668,DraftKings,CFBD,1.0,outputs/prospective/2026/close_captures/close_20260829T205801Z_run33274808542_a1_34516d53a55e.csv,34516d53a55e8b6517bdb6a8269309a0b8147767250cf5f611e278e65fb01ba7,37.0,49.0,86.0,56.5,29.5,False,win,,,0.0,0.0,NOT QUALIFIER,
board_snapshot,2026-08-29 16:56:45.035126+00:00,2026.1,7d419007007f79c5a6b0bad66fdee94f98d74627e37f16e406e0ca54fa87dc2c,schedule,0 13 * * 6,33264191125,1,57dce19ccb2237ad4b8368887227828352ce6ff2,True,120,3.5,56.0,7.5,56.0,NO LINE,No current market total is available.,,OTHER,GENERAL HGB,2026,1,401866613,2026-08-29 22:00:00+00:00,False,Virginia Lynchburg,Hampton,Armstrong Stadium,Hampton,VA,37.0200894,-76.3331555,False,,missing,,,,,,,,,,over,,,,,,,,,,,,Coastal Athletic,missing,fcs,,False,4,outputs/prospective/2026/snapshots/board_20260829T165645Z_run33264191125_a1_1002621aad61.csv,1002621aad61cfb68894c8b3fd23ae409653a051a5c49ed5ec270bc026b49d44,,,,,False,,303.2494145666667,True,,,,,,,,,45.0,0.0,45.0,,,False,,,,,,NOT QUALIFIER,
board_snapshot,2026-08-29 16:56:45.035126+00:00,2026.1,7d419007007f79c5a6b0bad66fdee94f98d74627e37f16e406e0ca54fa87dc2c,schedule,0 13 * * 6,33264191125,1,57dce19ccb2237ad4b8368887227828352ce6ff2,True,120,3.5,56.0,7.5,56.0,NO PLAY,FCS-only model does not meet the conservative under-edge screen.,FCS-only HGB,FCS,FCS-only HGB,2026,1,401866618,2026-08-29 22:00:00+00:00,False,Morgan State,North Carolina A&T,Aggie Stadium,Greensboro,NC,36.0814337,-79.7700391,False,49.5,DraftKings,CFBD,1.0,0.0,49.5,0.0,,53.09132257592775,3.5913225759277454,3.5913225759277454,over,81.0,69.0,67.0,6.904674552,9.206232736,11.0,0.05,0.0,Measurable precipitation forecast,ok,RAH,Coastal Athletic,MEAC,fcs,fcs,False,3,outputs/prospective/2026/snapshots/board_20260829T165645Z_run33264191125_a1_1002621aad61.csv,1002621aad61cfb68894c8b3fd23ae409653a051a5c49ed5ec270bc026b49d44,,,,,False,,303.2494145666667,True,49.5,2026-08-29 20:58:01.592708+00:00,61.973454866666664,DraftKings,CFBD,1.0,outputs/prospective/2026/close_captures/close_20260829T205801Z_run33274808542_a1_34516d53a55e.csv,34516d53a55e8b6517bdb6a8269309a0b8147767250cf5f611e278e65fb01ba7,7.0,17.0,24.0,49.5,-25.5,False,loss,,,0.0,0.0,NOT QUALIFIER,
board_snapshot,2026-08-29 16:56:45.035126+00:00,2026.1,7d419007007f79c5a6b0bad66fdee94f98d74627e37f16e406e0ca54fa87dc2c,schedule,0 13 * * 6,33264191125,1,57dce19ccb2237ad4b8368887227828352ce6ff2,True,120,3.5,56.0,7.5,56.0,NO PLAY,FCS-only model does not meet the conservative under-edge screen.,FCS-only HGB,FCS,FCS-only HGB,2026,1,401866619,2026-08-29 22:00:00+00:00,False,Bryant,Stonehill,W.B. Mason Stadium,North Easton,MA,42.0667665,-71.1036592,False,45.5,DraftKings,CFBD,1.0,0.0,45.5,0.0,,45.39178448750901,-0.1082155124909965,0.1082155124909965,under,76.0,55.0,48.0,3.452337276,9.206232736,0.0,0.0,0.0,No meaningful precipitation signal,ok,BOX,NEC,Coastal Athletic,fcs,fcs,False,3,outputs/prospective/2026/snapshots/board_20260829T165645Z_run33264191125_a1_1002621aad61.csv,1002621aad61cfb68894c8b3fd23ae409653a051a5c49ed5ec270bc026b49d44,,,,,False,,303.2494145666667,True,45.5,2026-08-29 20:58:01.592708+00:00,61.973454866666664,DraftKings,CFBD,1.0,outputs/prospective/2026/close_captures/close_20260829T205801Z_run33274808542_a1_34516d53a55e.csv,34516d53a55e8b6517bdb6a8269309a0b8147767250cf5f611e278e65fb01ba7,6.0,24.0,30.0,45.5,-15.5,False,win,,,0.0,0.0,NOT QUALIFIER,
board_snapshot,2026-08-29 16:56:45.035126+00:00,2026.1,7d419007007f79c5a6b0bad66fdee94f98d74627e37f16e406e0ca54fa87dc2c,schedule,0 13 * * 6,33264191125,1,57dce19ccb2237ad4b8368887227828352ce6ff2,True,120,3.5,56.0,7.5,56.0,NO PLAY,FCS-only model points over; the FCS research track has not validated an over production strategy.,5.0+ model edge; FCS-only HGB,FCS,FCS-only HGB,2026,1,401867855,2026-08-29 22:00:00+00:00,False,Southeast Missouri State,Indiana State,Memorial Stadium,Terre Haute,IN,39.4746858,-87.3669599,False,52.5,DraftKings,CFBD,1.0,0.0,52.5,0.0,,62.88729815996126,10.387298159961258,10.387298159961258,over,83.0,63.0,53.0,3.452337276,6.904674552,0.0,0.0,0.0,No meaningful precipitation signal,ok,IND,MVFC,OVC,fcs,fcs,False,3,outputs/prospective/2026/snapshots/board_20260829T165645Z_run33264191125_a1_1002621aad61.csv,1002621aad61cfb68894c8b3fd23ae409653a051a5c49ed5ec270bc026b49d44,,,,,False,,303.2494145666667,True,52.5,2026-08-29 20:58:01.592708+00:00,61.973454866666664,DraftKings,CFBD,1.0,outputs/prospective/2026/close_captures/close_20260829T205801Z_run33274808542_a1_34516d53a55e.csv,34516d53a55e8b6517bdb6a8269309a0b8147767250cf5f611e278e65fb01ba7,21.0,23.0,44.0,52.5,-8.5,False,loss,,,0.0,0.0,NOT QUALIFIER,
board_snapshot,2026-08-29 16:56:45.035126+00:00,2026.1,7d419007007f79c5a6b0bad66fdee94f98d74627e37f16e406e0ca54fa87dc2c,schedule,0 13 * * 6,33264191125,1,57dce19ccb2237ad4b8368887227828352ce6ff2,True,120,3.5,56.0,7.5,56.0,NO LINE,No current market total is available.,,OTHER,GENERAL HGB,2026,1,401867972,2026-08-29 22:00:00+00:00,False,Winston-Salem State,Norfolk State,"William Dick"""" Price Stadium""""",Norfolk,VA,36.8469442,-76.2600839,False,,missing,,,,,,,,,,over,,,,,,,,,,,,MEAC,CIAA,fcs,ii,False,4,outputs/prospective/2026/snapshots/board_20260829T165645Z_run33264191125_a1_1002621aad61.csv,1002621aad61cfb68894c8b3fd23ae409653a051a5c49ed5ec270bc026b49d44,,,,,False,,303.2494145666667,True,,,,,,,,,56.0,0.0,56.0,,,False,,,,,,NOT QUALIFIER,
board_snapshot,2026-08-29 16:56:45.035126+00:00,2026.1,7d419007007f79c5a6b0bad66fdee94f98d74627e37f16e406e0ca54fa87dc2c,schedule,0 13 * * 6,33264191125,1,57dce19ccb2237ad4b8368887227828352ce6ff2,True,120,3.5,56.0,7.5,56.0,NO LINE,No current market total is available.,,OTHER,GENERAL HGB,2026,1,401867982,2026-08-29 22:00:00+00:00,False,Savannah State,South Carolina State,Oliver C. Dawson Stadium,Orangeburg,SC,33.4986313,-80.8446857,False,,missing,,,,,,,,,,over,,,,,,,,,,,,MEAC,SIAC,fcs,ii,False,4,outputs/prospective/2026/snapshots/board_20260829T165645Z_run33264191125_a1_1002621aad61.csv,1002621aad61cfb68894c8b3fd23ae409653a051a5c49ed5ec270bc026b49d44,,,,,False,,303.2494145666667,True,,,,,,,,,87.0,0.0,87.0,,,False,,,,,,NOT QUALIFIER,
board_snapshot,2026-08-29 16:56:45.035126+00:00,2026.1,7d419007007f79c5a6b0bad66fdee94f98d74627e37f16e406e0ca54fa87dc2c,schedule,0 13 * * 6,33264191125,1,57dce19ccb2237ad4b8368887227828352ce6ff2,True,120,3.5,56.0,7.5,56.0,NO PLAY,FCS-only model does not meet the conservative under-edge screen.,FCS-only HGB,FCS,FCS-only HGB,2026,1,401867988,2026-08-29 22:00:00+00:00,False,Bucknell,Richmond,E. Claiborne Robins Stadium,Richmond,VA,37.5807765,-77.5372211,False,48.5,DraftKings,CFBD,1.0,0.0,48.5,0.0,,51.15979109798536,2.6597910979853574,2.6597910979853574,over,83.0,67.0,59.0,5.75389546,9.206232736,1.0,0.0,0.0,No meaningful precipitation signal,ok,AKQ,Patriot,Patriot,fcs,fcs,False,3,outputs/prospective/2026/snapshots/board_20260829T165645Z_run33264191125_a1_1002621aad61.csv,1002621aad61cfb68894c8b3fd23ae409653a051a5c49ed5ec270bc026b49d44,,,,,False,,303.2494145666667,True,48.5,2026-08-29 20:58:01.592708+00:00,61.973454866666664,DraftKings,CFBD,1.0,outputs/prospective/2026/close_captures/close_20260829T205801Z_run33274808542_a1_34516d53a55e.csv,34516d53a55e8b6517bdb6a8269309a0b8147767250cf5f611e278e65fb01ba7,35.0,14.0,49.0,48.5,0.5,False,win,,,0.0,0.0,NOT QUALIFIER,
board_snapshot,2026-08-29 16:56:45.035126+00:00,2026.1,7d419007007f79c5a6b0bad66fdee94f98d74627e37f16e406e0ca54fa87dc2c,schedule,0 13 * * 6,33264191125,1,57dce19ccb2237ad4b8368887227828352ce6ff2,True,120,3.5,56.0,7.5,56.0,NO PLAY,FCS-only model does not meet the conservative under-edge screen.,FCS-only HGB,FCS,FCS-only HGB,2026,1,401868101,2026-08-29 22:00:00+00:00,False,VMI,Idaho State,Holt Arena,Pocatello,ID,42.8702052,-112.4281274,True,53.5,DraftKings,CFBD,1.0,0.0,53.5,0.0,,56.666313650020186,3.166313650020185,3.166313650020185,over,,,,,,,,,Indoor/dome game,indoor,,Big Sky,Southern,fcs,fcs,False,3,outputs/prospective/2026/snapshots/board_20260829T165645Z_run33264191125_a1_1002621aad61.csv,1002621aad61cfb68894c8b3fd23ae409653a051a5c49ed5ec270bc026b49d44,,,,,False,,303.2494145666667,True,53.5,2026-08-29 20:58:01.592708+00:00,61.973454866666664,DraftKings,CFBD,1.0,outputs/prospective/2026/close_captures/close_20260829T205801Z_run33274808542_a1_34516d53a55e.csv,34516d53a55e8b6517bdb6a8269309a0b8147767250cf5f611e278e65fb01ba7,38.0,10.0,48.0,53.5,-5.5,False,loss,,,0.0,0.0,NOT QUALIFIER,
board_snapshot,2026-08-29 16:56:45.035126+00:00,2026.1,7d419007007f79c5a6b0bad66fdee94f98d74627e37f16e406e0ca54fa87dc2c,schedule,0 13 * * 6,33264191125,1,57dce19ccb2237ad4b8368887227828352ce6ff2,True,120,3.5,56.0,7.5,56.0,NO PLAY,FCS-only model does not meet the conservative under-edge screen.,FCS-only HGB,FCS,FCS-only HGB,2026,1,401868394,2026-08-29 22:00:00+00:00,False,The Citadel,Wofford,Gibbs Stadium,Spartanburg,SC,34.9618606,-81.9328915,False,45.5,DraftKings,CFBD,1.0,0.0,45.5,0.0,,48.68146972619726,3.181469726197259,3.181469726197259,over,79.0,71.0,78.0,4.603116368,9.206232736,11.0,0.0,0.0,No meaningful precipitation signal,ok,GSP,Southern,Southern,fcs,fcs,False,3,outputs/prospective/2026/snapshots/board_20260829T165645Z_run33264191125_a1_1002621aad61.csv,1002621aad61cfb68894c8b3fd23ae409653a051a5c49ed5ec270bc026b49d44,,,,,False,,303.2494145666667,True,45.5,2026-08-29 20:58:01.592708+00:00,61.973454866666664,DraftKings,CFBD,1.0,outputs/prospective/2026/close_captures/close_20260829T205801Z_run33274808542_a1_34516d53a55e.csv,34516d53a55e8b6517bdb6a8269309a0b8147767250cf5f611e278e65fb01ba7,42.0,14.0,56.0,45.5,10.5,False,win,,,0.0,0.0,NOT QUALIFIER,
board_snapshot,2026-08-29 16:56:45.035126+00:00,2026.1,7d419007007f79c5a6b0bad66fdee94f98d74627e37f16e406e0ca54fa87dc2c,schedule,0 13 * * 6,33264191125,1,57dce19ccb2237ad4b8368887227828352ce6ff2,True,120,3.5,56.0,7.5,56.0,NO LINE,No current market total is available.,,OTHER,GENERAL HGB,2026,1,401906151,2026-08-29 22:00:00+00:00,False,Shaw,Fayetteville State,"Luther ""Nick"" Jeralds Stadium",Fayetteville,NC,35.0525759,-78.878292,False,,missing,,,,,,,,,,over,,,,,,,,,,,,CIAA,CIAA,ii,ii,False,4,outputs/prospective/2026/snapshots/board_20260829T165645Z_run33264191125_a1_1002621aad61.csv,1002621aad61cfb68894c8b3fd23ae409653a051a5c49ed5ec270bc026b49d44,,,,,False,,303.2494145666667,True,,,,,,,,,33.0,20.0,53.0,,,False,,,,,,NOT QUALIFIER,
board_snapshot,2026-08-29 16:56:45.035126+00:00,2026.1,7d419007007f79c5a6b0bad66fdee94f98d74627e37f16e406e0ca54fa87dc2c,schedule,0 13 * * 6,33264191125,1,57dce19ccb2237ad4b8368887227828352ce6ff2,True,120,3.5,56.0,7.5,56.0,NO LINE,No current market total is available.,,OTHER,GENERAL HGB,2026,1,401906162,2026-08-29 22:00:00+00:00,False,Allen,Livingstone,Alumni Memorial Stadium (NC),Salisbury,NC,35.6709727,-80.4742261,False,,missing,,,,,,,,,,over,,,,,,,,,,,,CIAA,SIAC,ii,ii,False,4,outputs/prospective/2026/snapshots/board_20260829T165645Z_run33264191125_a1_1002621aad61.csv,1002621aad61cfb68894c8b3fd23ae409653a051a5c49ed5ec270bc026b49d44,,,,,False,,303.2494145666667,True,,,,,,,,,16.0,37.0,53.0,,,False,,,,,,NOT QUALIFIER,
board_snapshot,2026-08-29 16:56:45.035126+00:00,2026.1,7d419007007f79c5a6b0bad66fdee94f98d74627e37f16e406e0ca54fa87dc2c,schedule,0 13 * * 6,33264191125,1,57dce19ccb2237ad4b8368887227828352ce6ff2,True,120,3.5,56.0,7.5,56.0,NO LINE,No current market total is available.,,OTHER,GENERAL HGB,2026,1,401906956,2026-08-29 22:00:00+00:00,False,Florida Memorial University,Edward Waters,Earl Kitchings Stadium,Jacksonville,FL,30.3321838,-81.655651,False,,missing,,,,,,,,,,over,,,,,,,,,,,,SIAC,missing,ii,,False,4,outputs/prospective/2026/snapshots/board_20260829T165645Z_run33264191125_a1_1002621aad61.csv,1002621aad61cfb68894c8b3fd23ae409653a051a5c49ed5ec270bc026b49d44,,,,,False,,303.2494145666667,True,,,,,,,,,42.0,28.0,70.0,,,False,,,,,,NOT QUALIFIER,
board_snapshot,2026-08-29 16:56:45.035126+00:00,2026.1,7d419007007f79c5a6b0bad66fdee94f98d74627e37f16e406e0ca54fa87dc2c,schedule,0 13 * * 6,33264191125,1,57dce19ccb2237ad4b8368887227828352ce6ff2,True,120,3.5,56.0,7.5,56.0,NO LINE,No current market total is available.,,OTHER,GENERAL HGB,2026,1,401907403,2026-08-29 22:00:00+00:00,False,Catawba,Ferrum,W.B. Adams Stadium,Ferrum,VA,36.937857,-80.01424992208018,False,,missing,,,,,,,,,,over,,,,,,,,,,,,Carolinas,South Atlantic,ii,ii,False,4,outputs/prospective/2026/snapshots/board_20260829T165645Z_run33264191125_a1_1002621aad61.csv,1002621aad61cfb68894c8b3fd23ae409653a051a5c49ed5ec270bc026b49d44,,,,,False,,303.2494145666667,True,,,,,,,,,7.0,13.0,20.0,,,False,,,,,,NOT QUALIFIER,
board_snapshot,2026-08-29 16:56:45.035126+00:00,2026.1,7d419007007f79c5a6b0bad66fdee94f98d74627e37f16e406e0ca54fa87dc2c,schedule,0 13 * * 6,33264191125,1,57dce19ccb2237ad4b8368887227828352ce6ff2,True,120,3.5,56.0,7.5,56.0,NO PLAY,Model edge is below the 3.5-point production threshold.,,FBS,GENERAL HGB,2026,1,401866408,2026-08-29 22:30:00+00:00,False,Sacramento State,Eastern Michigan,Rynearson Stadium,Ypsilanti,MI,42.256126,-83.647285,False,53.5,DraftKings,CFBD,2.0,0.5,53.25,0.25,,53.92932655646375,0.4293265564637478,0.4293265564637478,over,81.0,61.0,50.0,8.055453644,13.809349104,0.0,0.0,0.0,No meaningful precipitation signal,ok,DTX,Mid-American,Mid-American,fbs,fbs,True,3,outputs/prospective/2026/snapshots/board_20260829T165645Z_run33264191125_a1_1002621aad61.csv,1002621aad61cfb68894c8b3fd23ae409653a051a5c49ed5ec270bc026b49d44,,,,,False,,333.2494145666667,True,,,,,,,,,28.0,17.0,45.0,53.5,-8.5,False,loss,,,,,NOT QUALIFIER,
board_snapshot,2026-08-29 16:56:45.035126+00:00,2026.1,7d419007007f79c5a6b0bad66fdee94f98d74627e37f16e406e0ca54fa87dc2c,schedule,0 13 * * 6,33264191125,1,57dce19ccb2237ad4b8368887227828352ce6ff2,True,120,3.5,56.0,7.5,56.0,NO PLAY,Model edge is below the 3.5-point production threshold.,,FBS,GENERAL HGB,2026,1,401858201,2026-08-29 23:00:00+00:00,False,Hawai'i,Stanford,Stanford Stadium,Stanford,CA,37.4345556,-122.1611271,False,48.5,DraftKings,CFBD,2.0,0.0,48.5,0.0,,48.64875133411971,0.1487513341197092,0.1487513341197092,over,73.0,58.0,59.0,11.50779092,18.412465472,1.0,0.0,0.0,No meaningful precipitation signal,ok,MTR,ACC,Mountain West,fbs,fbs,True,3,outputs/prospective/2026/snapshots/board_20260829T165645Z_run33264191125_a1_1002621aad61.csv,1002621aad61cfb68894c8b3fd23ae409653a051a5c49ed5ec270bc026b49d44,,,,,False,,363.2494145666667,True,,,,,,,,,37.0,27.0,64.0,48.5,15.5,False,win,,,,,NOT QUALIFIER,
board_snapshot,2026-08-29 16:56:45.035126+00:00,2026.1,7d419007007f79c5a6b0bad66fdee94f98d74627e37f16e406e0ca54fa87dc2c,schedule,0 13 * * 6,33264191125,1,57dce19ccb2237ad4b8368887227828352ce6ff2,True,120,3.5,56.0,7.5,56.0,NO PLAY,Model edge is below the 3.5-point production threshold.,,FBS,GENERAL HGB,2026,1,401864570,2026-08-29 23:00:00+00:00,False,New Mexico State,Florida State,Doak Campbell Stadium,Tallahassee,FL,30.4381692,-84.3044032,False,53.5,DraftKings,CFBD,2.0,0.0,53.5,0.0,,53.90958118633923,0.4095811863392324,0.4095811863392324,over,81.0,76.0,85.0,2.301558184,6.904674552,20.0,0.02,0.0,Measurable precipitation forecast,ok,TAE,ACC,Conference USA,fbs,fbs,True,3,outputs/prospective/2026/snapshots/board_20260829T165645Z_run33264191125_a1_1002621aad61.csv,1002621aad61cfb68894c8b3fd23ae409653a051a5c49ed5ec270bc026b49d44,,,,,False,,363.2494145666667,True,,,,,,,,,34.0,17.0,51.0,53.5,-2.5,False,loss,,,,,NOT QUALIFIER,
board_snapshot,2026-08-29 16:56:45.035126+00:00,2026.1,7d419007007f79c5a6b0bad66fdee94f98d74627e37f16e406e0ca54fa87dc2c,schedule,0 13 * * 6,33264191125,1,57dce19ccb2237ad4b8368887227828352ce6ff2,True,120,3.5,56.0,7.5,56.0,NO PLAY,FCS-only model does not meet the conservative under-edge screen.,FCS-only HGB; FCS 56+ total,FCS,FCS-only HGB,2026,1,401866621,2026-08-29 23:00:00+00:00,False,Monmouth,Tennessee Tech,Tucker Stadium,Cookeville,TN,36.1780555,-85.506183,False,58.5,DraftKings,CFBD,1.0,0.0,58.5,0.0,,63.22644460750215,4.726444607502153,4.726444607502153,over,85.0,69.0,59.0,0.0,4.603116368,1.0,0.0,0.0,No meaningful precipitation signal,ok,OHX,Southern,Coastal Athletic,fcs,fcs,False,3,outputs/prospective/2026/snapshots/board_20260829T165645Z_run33264191125_a1_1002621aad61.csv,1002621aad61cfb68894c8b3fd23ae409653a051a5c49ed5ec270bc026b49d44,,,,,False,,363.2494145666667,True,,,,,,,,,38.0,14.0,52.0,58.5,-6.5,False,loss,,,,,NOT QUALIFIER,
board_snapshot,2026-08-29 16:56:45.035126+00:00,2026.1,7d419007007f79c5a6b0bad66fdee94f98d74627e37f16e406e0ca54fa87dc2c,schedule,0 13 * * 6,33264191125,1,57dce19ccb2237ad4b8368887227828352ce6ff2,True,120,3.5,56.0,7.5,56.0,NO PLAY,FCS-only model does not meet the conservative under-edge screen.,5.0+ model edge; FCS-only HGB,FCS,FCS-only HGB,2026,1,401867977,2026-08-29 23:00:00+00:00,False,North Carolina Central,Texas Southern,BBVA Compass Stadium,Houston,TX,29.7521988,-95.3524146,False,51.5,DraftKings,CFBD,1.0,0.0,51.5,0.0,,45.57678911367093,-5.923210886329069,5.923210886329069,under,94.0,71.0,47.0,8.055453644,11.50779092,17.0,0.0,0.0,No meaningful precipitation signal,ok,HGX,SWAC,MEAC,fcs,fcs,False,3,outputs/prospective/2026/snapshots/board_20260829T165645Z_run33264191125_a1_1002621aad61.csv,1002621aad61cfb68894c8b3fd23ae409653a051a5c49ed5ec270bc026b49d44,,,,,False,,363.2494145666667,True,,,,,,,,,42.0,30.0,72.0,51.5,20.5,False,loss,,,,,NOT QUALIFIER,
board_snapshot,2026-08-29 16:56:45.035126+00:00,2026.1,7d419007007f79c5a6b0bad66fdee94f98d74627e37f16e406e0ca54fa87dc2c,schedule,0 13 * * 6,33264191125,1,57dce19ccb2237ad4b8368887227828352ce6ff2,True,120,3.5,56.0,7.5,56.0,NO PLAY,FCS-only model does not meet the conservative under-edge screen.,FCS-only HGB,FCS,FCS-only HGB,2026,1,401868049,2026-08-29 23:00:00+00:00,False,Abilene Christian,Lamar,Provost Umphrey Stadium,Beaumont,TX,30.04313,-94.069963,False,49.5,DraftKings,CFBD,1.0,0.0,49.5,0.0,,53.67940770219215,4.179407702192153,4.179407702192153,over,93.0,74.0,54.0,4.603116368,6.904674552,15.0,0.06,0.0,Measurable precipitation forecast,ok,LCH,Southland,UAC,fcs,fcs,False,3,outputs/prospective/2026/snapshots/board_20260829T165645Z_run33264191125_a1_1002621aad61.csv,1002621aad61cfb68894c8b3fd23ae409653a051a5c49ed5ec270bc026b49d44,,,,,False,,363.2494145666667,True,,,,,,,,,21.0,14.0,35.0,49.5,-14.5,False,loss,,,,,NOT QUALIFIER,
board_snapshot,2026-08-29 16:56:45.035126+00:00,2026.1,7d419007007f79c5a6b0bad66fdee94f98d74627e37f16e406e0ca54fa87dc2c,schedule,0 13 * * 6,33264191125,1,57dce19ccb2237ad4b8368887227828352ce6ff2,True,120,3.5,56.0,7.5,56.0,NO PLAY,FCS-only model does not meet the conservative under-edge screen.,FCS-only HGB,FCS,FCS-only HGB,2026,1,401868139,2026-08-29 23:00:00+00:00,False,Eastern Kentucky,Western Carolina,E. J. Whitmire Stadium,Cullowhee,NC,35.3048352,-83.1818148,False,54.5,DraftKings,CFBD,1.0,0.0,54.5,0.0,,51.6342847434253,-2.865715256574705,2.865715256574705,under,76.0,67.0,73.0,1.150779092,6.904674552,13.0,0.03,0.0,Measurable precipitation forecast,ok,GSP,Southern,UAC,fcs,fcs,False,3,outputs/prospective/2026/snapshots/board_20260829T165645Z_run33264191125_a1_1002621aad61.csv,1002621aad61cfb68894c8b3fd23ae409653a051a5c49ed5ec270bc026b49d44,,,,,False,,363.2494145666667,True,,,,,,,,,45.0,21.0,66.0,54.5,11.5,False,loss,,,,,NOT QUALIFIER,
board_snapshot,2026-08-29 16:56:45.035126+00:00,2026.1,7d419007007f79c5a6b0bad66fdee94f98d74627e37f16e406e0ca54fa87dc2c,schedule,0 13 * * 6,33264191125,1,57dce19ccb2237ad4b8368887227828352ce6ff2,True,120,3.5,56.0,7.5,56.0,NO PLAY,FCS-only model points over; the FCS research track has not validated an over production strategy.,5.0+ model edge; FCS-only HGB,FCS,FCS-only HGB,2026,1,401868149,2026-08-29 23:00:00+00:00,False,Samford,North Alabama,Joe Davis Stadium,Huntsville,AL,34.6995806,-86.5884972,False,55.5,DraftKings,CFBD,1.0,0.0,55.5,0.0,,64.24136597304056,8.741365973040566,8.741365973040566,over,86.0,71.0,61.0,2.301558184,6.904674552,2.0,0.0,0.0,No meaningful precipitation signal,ok,HUN,UAC,Southern,fcs,fcs,False,3,outputs/prospective/2026/snapshots/board_20260829T165645Z_run33264191125_a1_1002621aad61.csv,1002621aad61cfb68894c8b3fd23ae409653a051a5c49ed5ec270bc026b49d44,,,,,False,,363.2494145666667,True,,,,,,,,,22.0,10.0,32.0,55.5,-23.5,False,loss,,,,,NOT QUALIFIER,
board_snapshot,2026-08-29 16:56:45.035126+00:00,2026.1,7d419007007f79c5a6b0bad66fdee94f98d74627e37f16e406e0ca54fa87dc2c,schedule,0 13 * * 6,33264191125,1,57dce19ccb2237ad4b8368887227828352ce6ff2,True,120,3.5,56.0,7.5,56.0,NO PLAY,FCS-only model does not meet the conservative under-edge screen.,FCS-only HGB,FCS,FCS-only HGB,2026,1,401868305,2026-08-29 23:00:00+00:00,False,Stephen F. Austin,McNeese,Cowboy Stadium,Lake Charles,LA,30.1804575,-93.2178729,False,48.5,DraftKings,CFBD,1.0,0.0,48.5,0.0,,53.08979153279655,4.589791532796548,4.589791532796548,over,93.0,73.0,52.0,3.452337276,6.904674552,25.0,0.06,0.0,Measurable precipitation forecast,ok,LCH,Southland,Southland,fcs,fcs,False,3,outputs/prospective/2026/snapshots/board_20260829T165645Z_run33264191125_a1_1002621aad61.csv,1002621aad61cfb68894c8b3fd23ae409653a051a5c49ed5ec270bc026b49d44,,,,,False,,363.2494145666667,True,,,,,,,,,27.0,38.0,65.0,48.5,16.5,False,win,,,,,NOT QUALIFIER,
board_snapshot,2026-08-29 16:56:45.035126+00:00,2026.1,7d419007007f79c5a6b0bad66fdee94f98d74627e37f16e406e0ca54fa87dc2c,schedule,0 13 * * 6,33264191125,1,57dce19ccb2237ad4b8368887227828352ce6ff2,True,120,3.5,56.0,7.5,56.0,NO LINE,No current market total is available.,,OTHER,GENERAL HGB,2026,1,401868934,2026-08-29 23:00:00+00:00,False,Morehouse,Arkansas-Pine Bluff,War Memorial Stadium (AR),Little Rock,AR,34.749848,-92.330127,False,,missing,,,,,,,,,,over,,,,,,,,,,,,SWAC,SIAC,fcs,ii,False,4,outputs/prospective/2026/snapshots/board_20260829T165645Z_run33264191125_a1_1002621aad61.csv,1002621aad61cfb68894c8b3fd23ae409653a051a5c49ed5ec270bc026b49d44,,,,,False,,363.2494145666667,True,,,,,,,,,35.0,15.0,50.0,,,False,,,,,,NOT QUALIFIER,
board_snapshot,2026-08-29 16:56:45.035126+00:00,2026.1,7d419007007f79c5a6b0bad66fdee94f98d74627e37f16e406e0ca54fa87dc2c,schedule,0 13 * * 6,33264191125,1,57dce19ccb2237ad4b8368887227828352ce6ff2,True,120,3.5,56.0,7.5,56.0,NO LINE,No current market total is available.,,OTHER,GENERAL HGB,2026,1,401868948,2026-08-29 23:00:00+00:00,False,Albany State,Florida A&M,Bragg Memorial Stadium,Tallahassee,FL,30.4261632,-84.2923095,False,,missing,,,,,,,,,,over,,,,,,,,,,,,SWAC,SIAC,fcs,ii,False,4,outputs/prospective/2026/snapshots/board_20260829T165645Z_run33264191125_a1_1002621aad61.csv,1002621aad61cfb68894c8b3fd23ae409653a051a5c49ed5ec270bc026b49d44,,,,,False,,363.2494145666667,True,,,,,,,,,20.0,7.0,27.0,,,False,,,,,,NOT QUALIFIER,
board_snapshot,2026-08-29 16:56:45.035126+00:00,2026.1,7d419007007f79c5a6b0bad66fdee94f98d74627e37f16e406e0ca54fa87dc2c,schedule,0 13 * * 6,33264191125,1,57dce19ccb2237ad4b8368887227828352ce6ff2,True,120,3.5,56.0,7.5,56.0,NO LINE,No current market total is available.,,OTHER,GENERAL HGB,2026,1,401868952,2026-08-29 23:00:00+00:00,False,Clark Atlanta,Grambling,Eddie Robinson Stadium,Grambling,LA,32.5258665,-92.7146412,False,,missing,,,,,,,,,,over,,,,,,,,,,,,SWAC,SIAC,fcs,ii,False,4,outputs/prospective/2026/snapshots/board_20260829T165645Z_run33264191125_a1_1002621aad61.csv,1002621aad61cfb68894c8b3fd23ae409653a051a5c49ed5ec270bc026b49d44,,,,,False,,363.2494145666667,True,,,,,,,,,49.0,7.0,56.0,,,False,,,,,,NOT QUALIFIER,
board_snapshot,2026-08-29 16:56:45.035126+00:00,2026.1,7d419007007f79c5a6b0bad66fdee94f98d74627e37f16e406e0ca54fa87dc2c,schedule,0 13 * * 6,33264191125,1,57dce19ccb2237ad4b8368887227828352ce6ff2,True,120,3.5,56.0,7.5,56.0,NO PLAY,FCS-only model points over; the FCS research track has not validated an over production strategy.,5.0+ model edge; FCS-only HGB; FCS 56+ total,FCS,FCS-only HGB,2026,1,401872615,2026-08-29 23:00:00+00:00,False,Stetson,South Dakota State,Dana J. Dykhouse Stadium,Brookings,SD,44.3210182,-96.7801386,False,57.5,DraftKings,CFBD,1.0,0.0,57.5,0.0,,65.54873454204173,8.048734542041723,8.048734542041723,over,86.0,72.0,63.0,4.603116368,10.357011828,1.0,0.0,0.0,No meaningful precipitation signal,ok,FSD,MVFC,Pioneer,fcs,fcs,False,3,outputs/prospective/2026/snapshots/board_20260829T165645Z_run33264191125_a1_1002621aad61.csv,1002621aad61cfb68894c8b3fd23ae409653a051a5c49ed5ec270bc026b49d44,,,,,False,,363.2494145666667,True,,,,,,,,,70.0,7.0,77.0,57.5,19.5,False,win,,,,,NOT QUALIFIER,
board_snapshot,2026-08-29 16:56:45.035126+00:00,2026.1,7d419007007f79c5a6b0bad66fdee94f98d74627e37f16e406e0ca54fa87dc2c,schedule,0 13 * * 6,33264191125,1,57dce19ccb2237ad4b8368887227828352ce6ff2,True,120,3.5,56.0,7.5,56.0,NO PLAY,FCS-only model points over; the FCS research track has not validated an over production strategy.,5.0+ model edge; FCS-only HGB; FCS 56+ total,FCS,FCS-only HGB,2026,1,401874042,2026-08-29 23:00:00+00:00,False,East Texas A&M,Mercer,Five Star Stadium at the Moye Complex,Macon,GA,32.8262075,-83.6522485,False,57.5,DraftKings,CFBD,1.0,0.0,57.5,0.0,,63.91895328077818,6.418953280778184,6.418953280778184,over,80.0,74.0,82.0,4.603116368,8.055453644,19.0,0.02,0.0,Measurable precipitation forecast,ok,FFC,Southern,Southland,fcs,fcs,False,3,outputs/prospective/2026/snapshots/board_20260829T165645Z_run33264191125_a1_1002621aad61.csv,1002621aad61cfb68894c8b3fd23ae409653a051a5c49ed5ec270bc026b49d44,,,,,False,,363.2494145666667,True,,,,,,,,,23.0,15.0,38.0,57.5,-19.5,False,loss,,,,,NOT QUALIFIER,
board_snapshot,2026-08-29 16:56:45.035126+00:00,2026.1,7d419007007f79c5a6b0bad66fdee94f98d74627e37f16e406e0ca54fa87dc2c,schedule,0 13 * * 6,33264191125,1,57dce19ccb2237ad4b8368887227828352ce6ff2,True,120,3.5,56.0,7.5,56.0,NO LINE,No current market total is available.,,OTHER,GENERAL HGB,2026,1,401891332,2026-08-29 23:00:00+00:00,False,St. Francis (IL),Illinois State,Hancock Stadium,Normal,IL,40.5125091,-88.9967177,False,,missing,,,,,,,,,,over,,,,,,,,,,,,MVFC,missing,fcs,,False,4,outputs/prospective/2026/snapshots/board_20260829T165645Z_run33264191125_a1_1002621aad61.csv,1002621aad61cfb68894c8b3fd23ae409653a051a5c49ed5ec270bc026b49d44,,,,,False,,363.2494145666667,True,,,,,,,,,76.0,0.0,76.0,,,False,,,,,,NOT QUALIFIER,
board_snapshot,2026-08-29 16:56:45.035126+00:00,2026.1,7d419007007f79c5a6b0bad66fdee94f98d74627e37f16e406e0ca54fa87dc2c,schedule,0 13 * * 6,33264191125,1,57dce19ccb2237ad4b8368887227828352ce6ff2,True,120,3.5,56.0,7.5,56.0,NO LINE,No current market total is available.,,OTHER,GENERAL HGB,2026,1,401896385,2026-08-29 23:00:00+00:00,False,Miles,Alcorn State,Jack Spinks Stadium,Lorman,MS,31.873621,-91.13488,False,,missing,,,,,,,,,,over,,,,,,,,,,,,SWAC,SIAC,fcs,ii,False,4,outputs/prospective/2026/snapshots/board_20260829T165645Z_run33264191125_a1_1002621aad61.csv,1002621aad61cfb68894c8b3fd23ae409653a051a5c49ed5ec270bc026b49d44,,,,,False,,363.2494145666667,True,,,,,,,,,56.0,7.0,63.0,,,False,,,,,,NOT QUALIFIER,
board_snapshot,2026-08-29 16:56:45.035126+00:00,2026.1,7d419007007f79c5a6b0bad66fdee94f98d74627e37f16e406e0ca54fa87dc2c,schedule,0 13 * * 6,33264191125,1,57dce19ccb2237ad4b8368887227828352ce6ff2,True,120,3.5,56.0,7.5,56.0,NO LINE,No current market total is available.,,OTHER,GENERAL HGB,2026,1,401907204,2026-08-29 23:00:00+00:00,False,Central Methodist,Lincoln (MO),Dwight T. Reed Stadium,Jefferson City,MO,38.577359,-92.1724265,False,,missing,,,,,,,,,,over,,,,,,,,,,,,Great Lakes,missing,ii,,False,4,outputs/prospective/2026/snapshots/board_20260829T165645Z_run33264191125_a1_1002621aad61.csv,1002621aad61cfb68894c8b3fd23ae409653a051a5c49ed5ec270bc026b49d44,,,,,False,,363.2494145666667,True,,,,,,,,,27.0,11.0,38.0,,,False,,,,,,NOT QUALIFIER,
board_snapshot,2026-08-29 16:56:45.035126+00:00,2026.1,7d419007007f79c5a6b0bad66fdee94f98d74627e37f16e406e0ca54fa87dc2c,schedule,0 13 * * 6,33264191125,1,57dce19ccb2237ad4b8368887227828352ce6ff2,True,120,3.5,56.0,7.5,56.0,NO LINE,No current market total is available.,,OTHER,GENERAL HGB,2026,1,401907219,2026-08-29 23:00:00+00:00,False,Westgate Christian University,Missouri S&T,Allgood-Bailey Stadium,Rolla,MO,37.95037,-91.780444,False,,missing,,,,,,,,,,over,,,,,,,,,,,,Great Lakes,missing,ii,,False,4,outputs/prospective/2026/snapshots/board_20260829T165645Z_run33264191125_a1_1002621aad61.csv,1002621aad61cfb68894c8b3fd23ae409653a051a5c49ed5ec270bc026b49d44,,,,,False,,363.2494145666667,True,,,,,,,,,,,,,,False,,,,,,NOT QUALIFIER,
board_snapshot,2026-08-29 16:56:45.035126+00:00,2026.1,7d419007007f79c5a6b0bad66fdee94f98d74627e37f16e406e0ca54fa87dc2c,schedule,0 13 * * 6,33264191125,1,57dce19ccb2237ad4b8368887227828352ce6ff2,True,120,3.5,56.0,7.5,56.0,NO LINE,No current market total is available.,,OTHER,GENERAL HGB,2026,1,401907243,2026-08-29 23:00:00+00:00,False,Washburn,Truman State,Stokes Stadium,Kirksville,MO,40.1948848,-92.5833939,False,,missing,,,,,,,,,,over,,,,,,,,,,,,Great Lakes,Mid America,ii,ii,False,4,outputs/prospective/2026/snapshots/board_20260829T165645Z_run33264191125_a1_1002621aad61.csv,1002621aad61cfb68894c8b3fd23ae409653a051a5c49ed5ec270bc026b49d44,,,,,False,,363.2494145666667,True,,,,,,,,,21.0,27.0,48.0,,,False,,,,,,NOT QUALIFIER,
board_snapshot,2026-08-29 16:56:45.035126+00:00,2026.1,7d419007007f79c5a6b0bad66fdee94f98d74627e37f16e406e0ca54fa87dc2c,schedule,0 13 * * 6,33264191125,1,57dce19ccb2237ad4b8368887227828352ce6ff2,True,120,3.5,56.0,7.5,56.0,NO LINE,No current market total is available.,,OTHER,GENERAL HGB,2026,1,401907297,2026-08-29 23:00:00+00:00,False,Missouri Southern State,Midwestern State,"Memorial Stadium (Wichita Falls, TX)",Wichita Falls,TX,33.9137085,-98.4933873,False,,missing,,,,,,,,,,over,,,,,,,,,,,,Lone Star,Mid America,ii,ii,False,4,outputs/prospective/2026/snapshots/board_20260829T165645Z_run33264191125_a1_1002621aad61.csv,1002621aad61cfb68894c8b3fd23ae409653a051a5c49ed5ec270bc026b49d44,,,,,False,,363.2494145666667,True,,,,,,,,,30.0,23.0,53.0,,,False,,,,,,NOT QUALIFIER,
board_snapshot,2026-08-29 16:56:45.035126+00:00,2026.1,7d419007007f79c5a6b0bad66fdee94f98d74627e37f16e406e0ca54fa87dc2c,schedule,0 13 * * 6,33264191125,1,57dce19ccb2237ad4b8368887227828352ce6ff2,True,120,3.5,56.0,7.5,56.0,NO LINE,No current market total is available.,,OTHER,GENERAL HGB,2026,1,401913104,2026-08-29 23:00:00+00:00,False,Oklahoma Panhandle,Incarnate Word,Gayle and Tom Benson Stadium,San Antonio,TX,29.4674787,-98.470014,False,,missing,,,,,,,,,,over,,,,,,,,,,,,Southland,Independent DII,fcs,ii,False,4,outputs/prospective/2026/snapshots/board_20260829T165645Z_run33264191125_a1_1002621aad61.csv,1002621aad61cfb68894c8b3fd23ae409653a051a5c49ed5ec270bc026b49d44,,,,,False,,363.2494145666667,True,,,,,,,,,76.0,14.0,90.0,,,False,,,,,,NOT QUALIFIER,
board_snapshot,2026-08-29 16:56:45.035126+00:00,2026.1,7d419007007f79c5a6b0bad66fdee94f98d74627e37f16e406e0ca54fa87dc2c,schedule,0 13 * * 6,33264191125,1,57dce19ccb2237ad4b8368887227828352ce6ff2,True,120,3.5,56.0,7.5,56.0,NO PLAY,FCS-only model does not meet the conservative under-edge screen.,FCS-only HGB,FCS,FCS-only HGB,2026,1,401867935,2026-08-29 23:30:00+00:00,False,Alabama A&M,Howard,Center Parc Stadium,Atlanta,GA,33.735267,-84.389949,False,46.5,DraftKings,CFBD,1.0,0.0,46.5,0.0,,49.87567357054816,3.375673570548161,3.375673570548161,over,83.0,72.0,69.0,5.75389546,11.50779092,13.0,0.03,0.0,Measurable precipitation forecast,ok,FFC,MEAC,SWAC,fcs,fcs,False,3,outputs/prospective/2026/snapshots/board_20260829T165645Z_run33264191125_a1_1002621aad61.csv,1002621aad61cfb68894c8b3fd23ae409653a051a5c49ed5ec270bc026b49d44,,,,,False,,393.2494145666667,True,46.5,2026-08-29 23:23:07.655689+00:00,6.872405183333333,DraftKings,CFBD,1.0,outputs/prospective/2026/close_captures/close_20260829T232307Z_run33280834213_a1_d134a5a2d507.csv,d134a5a2d50757853ecf29030fa153fcbca7f4f83ed2302c58fa94c24d529ba8,31.0,24.0,55.0,46.5,8.5,False,win,,,0.0,0.0,NOT QUALIFIER,
board_snapshot,2026-08-29 16:56:45.035126+00:00,2026.1,7d419007007f79c5a6b0bad66fdee94f98d74627e37f16e406e0ca54fa87dc2c,schedule,0 13 * * 6,33264191125,1,57dce19ccb2237ad4b8368887227828352ce6ff2,True,120,3.5,56.0,7.5,56.0,NO LINE,No current market total is available.,,OTHER,GENERAL HGB,2026,1,401868245,2026-08-30 00:00:00+00:00,False,UT Permian Basin,UT Rio Grande Valley,Robert and Janet Vackar Stadium,Edinburg,TX,26.2826,-98.1352,False,,missing,,,,,,,,,,over,,,,,,,,,,,,Southland,Lone Star,fcs,ii,False,4,outputs/prospective/2026/snapshots/board_20260829T165645Z_run33264191125_a1_1002621aad61.csv,1002621aad61cfb68894c8b3fd23ae409653a051a5c49ed5ec270bc026b49d44,,,,,False,,423.2494145666667,True,,,,,,,,,44.0,0.0,44.0,,,False,,,,,,NOT QUALIFIER,
board_snapshot,2026-08-29 16:56:45.035126+00:00,2026.1,7d419007007f79c5a6b0bad66fdee94f98d74627e37f16e406e0ca54fa87dc2c,schedule,0 13 * * 6,33264191125,1,57dce19ccb2237ad4b8368887227828352ce6ff2,True,120,3.5,56.0,7.5,56.0,NO LINE,No current market total is available.,,OTHER,GENERAL HGB,2026,1,401907308,2026-08-30 00:00:00+00:00,False,Northwest Missouri State,Texas A&M-Kingsville,Javelina Stadium,Kingsville,TX,27.5158689,-97.856109,False,,missing,,,,,,,,,,over,,,,,,,,,,,,Lone Star,Mid America,ii,ii,False,4,outputs/prospective/2026/snapshots/board_20260829T165645Z_run33264191125_a1_1002621aad61.csv,1002621aad61cfb68894c8b3fd23ae409653a051a5c49ed5ec270bc026b49d44,,,,,False,,423.2494145666667,True,,,,,,,,,3.0,48.0,51.0,,,False,,,,,,NOT QUALIFIER,
board_snapshot,2026-08-29 16:56:45.035126+00:00,2026.1,7d419007007f79c5a6b0bad66fdee94f98d74627e37f16e406e0ca54fa87dc2c,schedule,0 13 * * 6,33264191125,1,57dce19ccb2237ad4b8368887227828352ce6ff2,True,120,3.5,56.0,7.5,56.0,NO LINE,No current market total is available.,,OTHER,GENERAL HGB,2026,1,401907324,2026-08-30 00:00:00+00:00,False,Lane College,Bethel University Tennessee,Walter Butler Stadium,Mckenzie,TN,,,False,,missing,,,,,,,,,,over,,,,,,,,,,,,missing,SIAC,,ii,False,4,outputs/prospective/2026/snapshots/board_20260829T165645Z_run33264191125_a1_1002621aad61.csv,1002621aad61cfb68894c8b3fd23ae409653a051a5c49ed5ec270bc026b49d44,,,,,False,,423.2494145666667,True,,,,,,,,,16.0,3.0,19.0,,,False,,,,,,NOT QUALIFIER,
board_snapshot,2026-08-29 16:56:45.035126+00:00,2026.1,7d419007007f79c5a6b0bad66fdee94f98d74627e37f16e406e0ca54fa87dc2c,schedule,0 13 * * 6,33264191125,1,57dce19ccb2237ad4b8368887227828352ce6ff2,True,120,3.5,56.0,7.5,56.0,NO LINE,No current market total is available.,,OTHER,GENERAL HGB,2026,1,401907334,2026-08-30 00:00:00+00:00,False,Wayland Baptist,Sul Ross State,Jackson Field,Alpine,TX,30.3573802,-103.6609367,False,,missing,,,,,,,,,,over,,,,,,,,,,,,Lone Star,missing,ii,,False,4,outputs/prospective/2026/snapshots/board_20260829T165645Z_run33264191125_a1_1002621aad61.csv,1002621aad61cfb68894c8b3fd23ae409653a051a5c49ed5ec270bc026b49d44,,,,,False,,423.2494145666667,True,,,,,,,,,20.0,34.0,54.0,,,False,,,,,,NOT QUALIFIER,
board_snapshot,2026-08-29 16:56:45.035126+00:00,2026.1,7d419007007f79c5a6b0bad66fdee94f98d74627e37f16e406e0ca54fa87dc2c,schedule,0 13 * * 6,33264191125,1,57dce19ccb2237ad4b8368887227828352ce6ff2,True,120,3.5,56.0,7.5,56.0,NO PLAY,FCS-only model does not meet the conservative under-edge screen.,FCS-only HGB,FCS,FCS-only HGB,2026,1,401868194,2026-08-30 00:30:00+00:00,False,Jackson State,Tennessee State,Nissan Stadium,Nashville,TN,36.166479,-86.7712898,False,49.5,DraftKings,CFBD,1.0,0.0,49.5,0.0,,52.219638601884654,2.719638601884651,2.719638601884651,over,89.0,67.0,48.0,3.452337276,4.603116368,0.0,0.0,0.0,No meaningful precipitation signal,ok,OHX,OVC,SWAC,fcs,fcs,False,3,outputs/prospective/2026/snapshots/board_20260829T165645Z_run33264191125_a1_1002621aad61.csv,1002621aad61cfb68894c8b3fd23ae409653a051a5c49ed5ec270bc026b49d44,,,,,False,,453.2494145666667,True,49.5,2026-08-29 23:23:07.655689+00:00,66.87240518333333,DraftKings,CFBD,1.0,outputs/prospective/2026/close_captures/close_20260829T232307Z_run33280834213_a1_d134a5a2d507.csv,d134a5a2d50757853ecf29030fa153fcbca7f4f83ed2302c58fa94c24d529ba8,24.0,26.0,50.0,49.5,0.5,False,win,,,0.0,0.0,NOT QUALIFIER,
board_snapshot,2026-08-29 16:56:45.035126+00:00,2026.1,7d419007007f79c5a6b0bad66fdee94f98d74627e37f16e406e0ca54fa87dc2c,schedule,0 13 * * 6,33264191125,1,57dce19ccb2237ad4b8368887227828352ce6ff2,True,120,3.5,56.0,7.5,56.0,QUALIFIES,FCS-only HGB under edge ≥7.5 with a 56+ total; this screen was positive in each 2023-2025 walk-forward test season.,5.0+ model edge; FCS-only HGB; FCS 7.5+ under edge; FCS 56+ total,FCS,FCS-only HGB,2026,1,401868110,2026-08-30 01:00:00+00:00,False,Southern Utah,Montana,Washington-Grizzly Stadium,Missoula,MT,46.8638753,-113.9815042,False,59.5,DraftKings,CFBD,1.0,0.0,59.5,0.0,,51.60067724451207,-7.899322755487933,7.899322755487933,under,73.0,49.0,43.0,5.75389546,11.50779092,28.0,0.03,0.0,Measurable precipitation forecast,ok,MSO,Big Sky,Big Sky,fcs,fcs,False,0,outputs/prospective/2026/snapshots/board_20260829T165645Z_run33264191125_a1_1002621aad61.csv,1002621aad61cfb68894c8b3fd23ae409653a051a5c49ed5ec270bc026b49d44,,,,,False,,483.2494145666667,True,,,,,,,,,28.0,21.0,49.0,59.5,-10.5,True,win,win,0.9090909091,,,SETTLED,
board_snapshot,2026-08-29 16:56:45.035126+00:00,2026.1,7d419007007f79c5a6b0bad66fdee94f98d74627e37f16e406e0ca54fa87dc2c,schedule,0 13 * * 6,33264191125,1,57dce19ccb2237ad4b8368887227828352ce6ff2,True,120,3.5,56.0,7.5,56.0,NO PLAY,FCS-only model does not meet the conservative under-edge screen.,5.0+ model edge; FCS-only HGB,FCS,FCS-only HGB,2026,1,401868235,2026-08-30 01:00:00+00:00,False,Prairie View A&M,Tarleton State,"Memorial Stadium (Stephenville, TX)",Stephenville,TX,32.2191836,-98.2130634,False,54.5,DraftKings,CFBD,1.0,0.0,54.5,0.0,,49.0504349681775,-5.449565031822502,5.449565031822502,under,92.0,58.0,32.0,5.75389546,13.809349104,0.0,0.0,0.0,No meaningful precipitation signal,ok,FWD,UAC,SWAC,fcs,fcs,False,3,outputs/prospective/2026/snapshots/board_20260829T165645Z_run33264191125_a1_1002621aad61.csv,1002621aad61cfb68894c8b3fd23ae409653a051a5c49ed5ec270bc026b49d44,,,,,False,,483.2494145666667,True,,,,,,,,,49.0,30.0,79.0,54.5,24.5,False,loss,,,,,NOT QUALIFIER,
board_snapshot,2026-08-29 16:56:45.035126+00:00,2026.1,7d419007007f79c5a6b0bad66fdee94f98d74627e37f16e406e0ca54fa87dc2c,schedule,0 13 * * 6,33264191125,1,57dce19ccb2237ad4b8368887227828352ce6ff2,True,120,3.5,56.0,7.5,56.0,NO PLAY,Model edge is below the 3.5-point production threshold.,,FBS,GENERAL HGB,2026,1,401862693,2026-08-30 02:00:00+00:00,False,Memphis,UNLV,Allegiant Stadium,Las Vegas,NV,36.09075,-115.183722,True,55.5,DraftKings,CFBD,2.0,0.5,55.75,-0.25,,56.29578576727431,0.7957857672743083,0.7957857672743083,over,,,,,,,,,Indoor/dome game,indoor,,Mountain West,American Athletic,fbs,fbs,True,3,outputs/prospective/2026/snapshots/board_20260829T165645Z_run33264191125_a1_1002621aad61.csv,1002621aad61cfb68894c8b3fd23ae409653a051a5c49ed5ec270bc026b49d44,,,,,False,,543.2494145666667,True,,,,,,,,,21.0,27.0,48.0,55.5,-7.5,False,loss,,,,,NOT QUALIFIER,
board_snapshot,2026-08-29 16:56:45.035126+00:00,2026.1,7d419007007f79c5a6b0bad66fdee94f98d74627e37f16e406e0ca54fa87dc2c,schedule,0 13 * * 6,33264191125,1,57dce19ccb2237ad4b8368887227828352ce6ff2,True,120,3.5,56.0,7.5,56.0,NO PLAY,FCS-only model does not meet the conservative under-edge screen.,FCS-only HGB; FCS 56+ total,FCS,FCS-only HGB,2026,1,401868118,2026-08-30 02:00:00+00:00,False,Montana State,Utah Tech,Greater Zion Stadium,Saint George,UT,37.1098868,-113.5674494,False,56.5,DraftKings,CFBD,1.0,0.0,56.5,0.0,,58.84418515236575,2.344185152365745,2.344185152365745,over,92.0,51.0,25.0,12.658570012,26.467919116,18.0,0.0,0.0,No meaningful precipitation signal,ok,SLC,Big Sky,Big Sky,fcs,fcs,False,3,outputs/prospective/2026/snapshots/board_20260829T165645Z_run33264191125_a1_1002621aad61.csv,1002621aad61cfb68894c8b3fd23ae409653a051a5c49ed5ec270bc026b49d44,,,,,False,,543.2494145666667,True,,,,,,,,,0.0,54.0,54.0,56.5,-2.5,False,loss,,,,,NOT QUALIFIER,
board_snapshot,2026-08-29 16:56:45.035126+00:00,2026.1,7d419007007f79c5a6b0bad66fdee94f98d74627e37f16e406e0ca54fa87dc2c,schedule,0 13 * * 6,33264191125,1,57dce19ccb2237ad4b8368887227828352ce6ff2,True,120,3.5,56.0,7.5,56.0,NO LINE,No current market total is available.,,OTHER,GENERAL HGB,2026,1,401906596,2026-08-31 00:00:00+00:00,False,West Alabama,Tuskegee,Cramton Bowl,Montgomery,AL,32.37949,-86.293002,False,,missing,,,,,,,,,,over,,,,,,,,,,,,SIAC,Gulf South,ii,ii,False,4,outputs/prospective/2026/snapshots/board_20260829T165645Z_run33264191125_a1_1002621aad61.csv,1002621aad61cfb68894c8b3fd23ae409653a051a5c49ed5ec270bc026b49d44,,,,,False,,1863.2494145666667,True,,,,,,,,,17.0,27.0,44.0,,,False,,,,,,NOT QUALIFIER,
board_snapshot,2026-09-03 17:26:07.953634+00:00,2026.2,274546d49fbbf3133e0e508ab6673d48b67f8100da887556b358d9b437462ac5,schedule,0 14 * * 4,33784217725,1,3c8d7d05dc2dbe3d734dff5c2f4f75a205158445,True,120,3.5,56.0,7.5,56.0,NO LINE,No current market total is available.,,OTHER,GENERAL HGB,2026,1,401908891,2026-09-03 21:00:00+00:00,False,Merchant Marine,Montclair State,Sprague Field,Montclair,NJ,40.8164458,-74.2210643,False,,missing,,,,,,,,,,over,,,,,,,,,,,,New Jersey,NEWMAC,iii,iii,False,4,outputs/prospective/2026/snapshots/board_20260903T172607Z_run33784217725_a1_6062762090bb.csv,6062762090bb360dde7d31203fd64c13bdf229f32b6ecc8067d0a0b3bd7bbb65,,,,,False,,213.86743943333335,True,,,,,,,,,24.0,41.0,65.0,,,False,,,,,,NOT QUALIFIER,
board_snapshot,2026-09-03 17:26:07.953634+00:00,2026.2,274546d49fbbf3133e0e508ab6673d48b67f8100da887556b358d9b437462ac5,schedule,0 14 * * 4,33784217725,1,3c8d7d05dc2dbe3d734dff5c2f4f75a205158445,True,120,3.5,56.0,7.5,56.0,NO PLAY,Model edge is below the 3.5-point production threshold.,,FBS,GENERAL HGB,2026,1,401858423,2026-09-03 22:00:00+00:00,False,Massachusetts,Rutgers,SHI Stadium,Piscataway,NJ,40.513611,-74.465278,False,53.5,DraftKings,CFBD,2.0,0.5,53.25,0.25,,54.11790482908379,0.6179048290837879,0.6179048290837879,over,85.0,75.0,72.0,4.603116368,11.50779092,22.0,0.01,0.0,No meaningful precipitation signal,ok,PHI,Big Ten,Mid-American,fbs,fbs,True,3,outputs/prospective/2026/snapshots/board_20260903T172607Z_run33784217725_a1_6062762090bb.csv,6062762090bb360dde7d31203fd64c13bdf229f32b6ecc8067d0a0b3bd7bbb65,,,,,False,,273.8674394333333,True,53.5,2026-09-03 21:03:14.346468+00:00,56.760892199999994,DraftKings,CFBD,2.0,outputs/prospective/2026/close_captures/close_20260903T210314Z_run33805752218_a1_b6926d126dee.csv,b6926d126dee697c668860f72ee7c82b5dd8e4bb07b81037c3ef56abbbf9925a,21.0,37.0,58.0,53.5,4.5,False,win,,,0.0,0.0,NOT QUALIFIER,
board_snapshot,2026-09-03 17:26:07.953634+00:00,2026.2,274546d49fbbf3133e0e508ab6673d48b67f8100da887556b358d9b437462ac5,schedule,0 14 * * 4,33784217725,1,3c8d7d05dc2dbe3d734dff5c2f4f75a205158445,True,120,3.5,56.0,7.5,56.0,NO LINE,No current market total is available.,,OTHER,GENERAL HGB,2026,1,401868269,2026-09-03 22:00:00+00:00,False,Kentucky Christian,Morehead State,Jayne Stadium,Morehead,KY,38.1916481,-83.4253315,False,,missing,,,,,,,,,,over,,,,,,,,,,,,Pioneer,missing,fcs,,False,4,outputs/prospective/2026/snapshots/board_20260903T172607Z_run33784217725_a1_6062762090bb.csv,6062762090bb360dde7d31203fd64c13bdf229f32b6ecc8067d0a0b3bd7bbb65,,,,,False,,273.8674394333333,True,,,,,,,,,75.0,24.0,99.0,,,False,,,,,,NOT QUALIFIER,
board_snapshot,2026-09-03 17:26:07.953634+00:00,2026.2,274546d49fbbf3133e0e508ab6673d48b67f8100da887556b358d9b437462ac5,schedule,0 14 * * 4,33784217725,1,3c8d7d05dc2dbe3d734dff5c2f4f75a205158445,True,120,3.5,56.0,7.5,56.0,NO LINE,No current market total is available.,,OTHER,GENERAL HGB,2026,1,401906880,2026-09-03 22:00:00+00:00,False,Northwood,Wayne State (MI),Tom Adams Field,Detroit,MI,42.3315509,-83.0466403,False,,missing,,,,,,,,,,over,,,,,,,,,,,,GLIAC,Great Midwest Athletic,ii,ii,False,4,outputs/prospective/2026/snapshots/board_20260903T172607Z_run33784217725_a1_6062762090bb.csv,6062762090bb360dde7d31203fd64c13bdf229f32b6ecc8067d0a0b3bd7bbb65,,,,,False,,273.8674394333333,True,,,,,,,,,0.0,52.0,52.0,,,False,,,,,,NOT QUALIFIER,
board_snapshot,2026-09-03 17:26:07.953634+00:00,2026.2,274546d49fbbf3133e0e508ab6673d48b67f8100da887556b358d9b437462ac5,schedule,0 14 * * 4,33784217725,1,3c8d7d05dc2dbe3d734dff5c2f4f75a205158445,True,120,3.5,56.0,7.5,56.0,NO LINE,No current market total is available.,,OTHER,GENERAL HGB,2026,1,401907412,2026-09-03 22:00:00+00:00,False,Thomas,Carson Newman,Burke-Tarr Stadium,Jefferson City,TN,36.122311,-83.4923961,False,,missing,,,,,,,,,,over,,,,,,,,,,,,South Atlantic,missing,ii,,False,4,outputs/prospective/2026/snapshots/board_20260903T172607Z_run33784217725_a1_6062762090bb.csv,6062762090bb360dde7d31203fd64c13bdf229f32b6ecc8067d0a0b3bd7bbb65,,,,,False,,273.8674394333333,True,,,,,,,,,44.0,0.0,44.0,,,False,,,,,,NOT QUALIFIER,
board_snapshot,2026-09-03 17:26:07.953634+00:00,2026.2,274546d49fbbf3133e0e508ab6673d48b67f8100da887556b358d9b437462ac5,schedule,0 14 * * 4,33784217725,1,3c8d7d05dc2dbe3d734dff5c2f4f75a205158445,True,120,3.5,56.0,7.5,56.0,NO LINE,No current market total is available.,,OTHER,GENERAL HGB,2026,1,401907484,2026-09-03 22:00:00+00:00,False,Kutztown,Assumption,Multi-Sport Stadium,Worcester,MA,42.2625621,-71.8018877,False,,missing,,,,,,,,,,over,,,,,,,,,,,,Northeast 10,Pennsylvania State Athletic,ii,ii,False,4,outputs/prospective/2026/snapshots/board_20260903T172607Z_run33784217725_a1_6062762090bb.csv,6062762090bb360dde7d31203fd64c13bdf229f32b6ecc8067d0a0b3bd7bbb65,,,,,False,,273.8674394333333,True,,,,,,,,,35.0,56.0,91.0,,,False,,,,,,NOT QUALIFIER,
board_snapshot,2026-09-03 17:26:07.953634+00:00,2026.2,274546d49fbbf3133e0e508ab6673d48b67f8100da887556b358d9b437462ac5,schedule,0 14 * * 4,33784217725,1,3c8d7d05dc2dbe3d734dff5c2f4f75a205158445,True,120,3.5,56.0,7.5,56.0,NO LINE,No current market total is available.,,OTHER,GENERAL HGB,2026,1,401907493,2026-09-03 22:00:00+00:00,False,Bloomsburg,Fairmont State,Duvall-Rosier Field,Fairmont,WV,39.4850848,-80.1425781,False,,missing,,,,,,,,,,over,,,,,,,,,,,,Mountain East,Pennsylvania State Athletic,ii,ii,False,4,outputs/prospective/2026/snapshots/board_20260903T172607Z_run33784217725_a1_6062762090bb.csv,6062762090bb360dde7d31203fd64c13bdf229f32b6ecc8067d0a0b3bd7bbb65,,,,,False,,273.8674394333333,True,,,,,,,,,13.0,35.0,48.0,,,False,,,,,,NOT QUALIFIER,
board_snapshot,2026-09-03 17:26:07.953634+00:00,2026.2,274546d49fbbf3133e0e508ab6673d48b67f8100da887556b358d9b437462ac5,schedule,0 14 * * 4,33784217725,1,3c8d7d05dc2dbe3d734dff5c2f4f75a205158445,True,120,3.5,56.0,7.5,56.0,NO LINE,No current market total is available.,,OTHER,GENERAL HGB,2026,1,401907516,2026-09-03 22:00:00+00:00,False,Charleston (WV),California (PA),Adamson Stadium,Brownsville,PA,40.0236854,-79.8839357,False,,missing,,,,,,,,,,over,,,,,,,,,,,,Pennsylvania State Athletic,Mountain East,ii,ii,False,4,outputs/prospective/2026/snapshots/board_20260903T172607Z_run33784217725_a1_6062762090bb.csv,6062762090bb360dde7d31203fd64c13bdf229f32b6ecc8067d0a0b3bd7bbb65,,,,,False,,273.8674394333333,True,,,,,,,,,49.0,24.0,73.0,,,False,,,,,,NOT QUALIFIER,
board_snapshot,2026-09-03 17:26:07.953634+00:00,2026.2,274546d49fbbf3133e0e508ab6673d48b67f8100da887556b358d9b437462ac5,schedule,0 14 * * 4,33784217725,1,3c8d7d05dc2dbe3d734dff5c2f4f75a205158445,True,120,3.5,56.0,7.5,56.0,NO LINE,No current market total is available.,,OTHER,GENERAL HGB,2026,1,401907526,2026-09-03 22:00:00+00:00,False,West Virginia Wesleyan,Clarion,"Memorial Stadium (Clarion, PA)",Clarion,PA,41.2148975,-79.3857047,False,,missing,,,,,,,,,,over,,,,,,,,,,,,Pennsylvania State Athletic,Mountain East,ii,ii,False,4,outputs/prospective/2026/snapshots/board_20260903T172607Z_run33784217725_a1_6062762090bb.csv,6062762090bb360dde7d31203fd64c13bdf229f32b6ecc8067d0a0b3bd7bbb65,,,,,False,,273.8674394333333,True,,,,,,,,,52.0,14.0,66.0,,,False,,,,,,NOT QUALIFIER,
board_snapshot,2026-09-03 17:26:07.953634+00:00,2026.2,274546d49fbbf3133e0e508ab6673d48b67f8100da887556b358d9b437462ac5,schedule,0 14 * * 4,33784217725,1,3c8d7d05dc2dbe3d734dff5c2f4f75a205158445,True,120,3.5,56.0,7.5,56.0,NO LINE,No current market total is available.,,OTHER,GENERAL HGB,2026,1,401907610,2026-09-03 22:00:00+00:00,False,Millersville,Glenville State,I.L. & Sue Morris Stadium,Glenville,WV,38.9342573,-80.8376033,False,,missing,,,,,,,,,,over,,,,,,,,,,,,Mountain East,Pennsylvania State Athletic,ii,ii,False,4,outputs/prospective/2026/snapshots/board_20260903T172607Z_run33784217725_a1_6062762090bb.csv,6062762090bb360dde7d31203fd64c13bdf229f32b6ecc8067d0a0b3bd7bbb65,,,,,False,,273.8674394333333,True,,,,,,,,,24.0,21.0,45.0,,,False,,,,,,NOT QUALIFIER,
board_snapshot,2026-09-03 17:26:07.953634+00:00,2026.2,274546d49fbbf3133e0e508ab6673d48b67f8100da887556b358d9b437462ac5,schedule,0 14 * * 4,33784217725,1,3c8d7d05dc2dbe3d734dff5c2f4f75a205158445,True,120,3.5,56.0,7.5,56.0,NO LINE,No current market total is available.,,OTHER,GENERAL HGB,2026,1,401907838,2026-09-03 22:00:00+00:00,False,Millikin,Olivet,Cutler Field,Olivet,MI,42.4414273,-84.9241542,False,,missing,,,,,,,,,,over,,,,,,,,,,,,Michigan,CCIW,iii,iii,False,4,outputs/prospective/2026/snapshots/board_20260903T172607Z_run33784217725_a1_6062762090bb.csv,6062762090bb360dde7d31203fd64c13bdf229f32b6ecc8067d0a0b3bd7bbb65,,,,,False,,273.8674394333333,True,,,,,,,,,39.0,19.0,58.0,,,False,,,,,,NOT QUALIFIER,
board_snapshot,2026-09-03 17:26:07.953634+00:00,2026.2,274546d49fbbf3133e0e508ab6673d48b67f8100da887556b358d9b437462ac5,schedule,0 14 * * 4,33784217725,1,3c8d7d05dc2dbe3d734dff5c2f4f75a205158445,True,120,3.5,56.0,7.5,56.0,NO PLAY,Model edge is below the 3.5-point production threshold.,,OTHER,GENERAL HGB,2026,1,401856767,2026-09-03 23:00:00+00:00,False,Bethune-Cookman,UCF,FBC Mortgage Stadium,Orlando,FL,28.6079765,-81.1927233,False,57.5,DraftKings,CFBD,1.0,0.0,57.5,0.0,,57.561240591262695,0.0612405912626962,0.0612405912626962,over,78.0,77.0,97.0,8.055453644,13.809349104,59.0,0.35,0.0,Measurable precipitation forecast,ok,MLB,Big 12,SWAC,fbs,fcs,False,3,outputs/prospective/2026/snapshots/board_20260903T172607Z_run33784217725_a1_6062762090bb.csv,6062762090bb360dde7d31203fd64c13bdf229f32b6ecc8067d0a0b3bd7bbb65,,,,,False,,333.8674394333333,True,,,,,,,,,73.0,6.0,79.0,57.5,21.5,False,win,,,,,NOT QUALIFIER,
board_snapshot,2026-09-03 17:26:07.953634+00:00,2026.2,274546d49fbbf3133e0e508ab6673d48b67f8100da887556b358d9b437462ac5,schedule,0 14 * * 4,33784217725,1,3c8d7d05dc2dbe3d734dff5c2f4f75a205158445,True,120,3.5,56.0,7.5,56.0,NO PLAY,Model edge is below the 3.5-point production threshold.,,FBS,GENERAL HGB,2026,1,401858204,2026-09-03 23:00:00+00:00,False,Akron,Wake Forest,Allegacy Federal Credit Union Stadium,Winston-Salem,NC,36.1305507,-80.2545851,False,50.5,DraftKings,CFBD,2.0,0.0,50.5,0.0,,51.17677714547576,0.6767771454757576,0.6767771454757576,over,92.0,67.0,44.0,4.603116368,8.055453644,10.0,0.0,0.0,No meaningful precipitation signal,ok,RAH,ACC,Mid-American,fbs,fbs,True,3,outputs/prospective/2026/snapshots/board_20260903T172607Z_run33784217725_a1_6062762090bb.csv,6062762090bb360dde7d31203fd64c13bdf229f32b6ecc8067d0a0b3bd7bbb65,,,,,False,,333.8674394333333,True,,,,,,,,,38.0,16.0,54.0,50.5,3.5,False,win,,,,,NOT QUALIFIER,
board_snapshot,2026-09-03 17:26:07.953634+00:00,2026.2,274546d49fbbf3133e0e508ab6673d48b67f8100da887556b358d9b437462ac5,schedule,0 14 * * 4,33784217725,1,3c8d7d05dc2dbe3d734dff5c2f4f75a205158445,True,120,3.5,56.0,7.5,56.0,NO PLAY,Model edge is below the 3.5-point production threshold.,,OTHER,GENERAL HGB,2026,1,401864424,2026-09-03 23:00:00+00:00,False,Merrimack,Delaware,Delaware Stadium,Newark,DE,39.6617428,-75.7488224,False,56.5,DraftKings,CFBD,1.0,0.0,56.5,0.0,,57.66656343053072,1.1665634305307162,1.1665634305307162,over,84.0,75.0,74.0,3.452337276,5.75389546,14.0,0.0,0.0,No meaningful precipitation signal,ok,PHI,Conference USA,FCS Independents,fbs,fcs,False,3,outputs/prospective/2026/snapshots/board_20260903T172607Z_run33784217725_a1_6062762090bb.csv,6062762090bb360dde7d31203fd64c13bdf229f32b6ecc8067d0a0b3bd7bbb65,,,,,False,,333.8674394333333,True,,,,,,,,,42.0,7.0,49.0,56.5,-7.5,False,loss,,,,,NOT QUALIFIER,
board_snapshot,2026-09-03 17:26:07.953634+00:00,2026.2,274546d49fbbf3133e0e508ab6673d48b67f8100da887556b358d9b437462ac5,schedule,0 14 * * 4,33784217725,1,3c8d7d05dc2dbe3d734dff5c2f4f75a205158445,True,120,3.5,56.0,7.5,56.0,NO PLAY,Model edge is below the 3.5-point production threshold.,,OTHER,GENERAL HGB,2026,1,401864425,2026-09-03 23:00:00+00:00,False,West Georgia,Kennesaw State,Fifth Third Stadium,Kennesaw,GA,34.0289318,-84.5676234,False,50.5,DraftKings,CFBD,1.0,0.0,50.5,0.0,,51.40831365269658,0.9083136526965772,0.9083136526965772,over,93.0,71.0,49.0,4.603116368,9.206232736,2.0,0.0,0.0,No meaningful precipitation signal,ok,FFC,Conference USA,UAC,fbs,fcs,False,3,outputs/prospective/2026/snapshots/board_20260903T172607Z_run33784217725_a1_6062762090bb.csv,6062762090bb360dde7d31203fd64c13bdf229f32b6ecc8067d0a0b3bd7bbb65,,,,,False,,333.8674394333333,True,,,,,,,,,47.0,0.0,47.0,50.5,-3.5,False,loss,,,,,NOT QUALIFIER,
board_snapshot,2026-09-03 17:26:07.953634+00:00,2026.2,274546d49fbbf3133e0e508ab6673d48b67f8100da887556b358d9b437462ac5,schedule,0 14 * * 4,33784217725,1,3c8d7d05dc2dbe3d734dff5c2f4f75a205158445,True,120,3.5,56.0,7.5,56.0,NO PLAY,Model edge is below the 3.5-point production threshold.,,OTHER,GENERAL HGB,2026,1,401866409,2026-09-03 23:00:00+00:00,False,UAlbany,Buffalo,UB Stadium,Amherst,NY,42.9991334,-78.7775113,False,47.5,DraftKings,CFBD,1.0,0.0,47.5,0.0,,48.22733047653369,0.7273304765336892,0.7273304765336892,over,76.0,70.0,81.0,5.75389546,8.055453644,29.0,0.03,0.0,Measurable precipitation forecast,ok,BUF,Mid-American,Coastal Athletic,fbs,fcs,False,3,outputs/prospective/2026/snapshots/board_20260903T172607Z_run33784217725_a1_6062762090bb.csv,6062762090bb360dde7d31203fd64c13bdf229f32b6ecc8067d0a0b3bd7bbb65,,,,,False,,333.8674394333333,True,,,,,,,,,21.0,17.0,38.0,47.5,-9.5,False,loss,,,,,NOT QUALIFIER,
board_snapshot,2026-09-03 17:26:07.953634+00:00,2026.2,274546d49fbbf3133e0e508ab6673d48b67f8100da887556b358d9b437462ac5,schedule,0 14 * * 4,33784217725,1,3c8d7d05dc2dbe3d734dff5c2f4f75a205158445,True,120,3.5,56.0,7.5,56.0,NO PLAY,FCS-only model does not meet the conservative under-edge screen.,FCS-only HGB,FCS,FCS-only HGB,2026,1,401866622,2026-09-03 23:00:00+00:00,False,Lindenwood,Stony Brook,Kenneth P. LaValle Stadium,Stony Brook,NY,40.9188829,-73.1242966,False,50.5,DraftKings,CFBD,1.0,0.0,50.5,0.0,,53.87753208612224,3.377532086122244,3.377532086122244,over,78.0,73.0,85.0,5.75389546,8.055453644,33.0,0.03,0.0,Measurable precipitation forecast,ok,OKX,Coastal Athletic,OVC,fcs,fcs,False,3,outputs/prospective/2026/snapshots/board_20260903T172607Z_run33784217725_a1_6062762090bb.csv,6062762090bb360dde7d31203fd64c13bdf229f32b6ecc8067d0a0b3bd7bbb65,,,,,False,,333.8674394333333,True,,,,,,,,,36.0,32.0,68.0,50.5,17.5,False,win,,,,,NOT QUALIFIER,
board_snapshot,2026-09-03 17:26:07.953634+00:00,2026.2,274546d49fbbf3133e0e508ab6673d48b67f8100da887556b358d9b437462ac5,schedule,0 14 * * 4,33784217725,1,3c8d7d05dc2dbe3d734dff5c2f4f75a205158445,True,120,3.5,56.0,7.5,56.0,LEAN,"FCS-only HGB has a strong under edge, but the market total is below the preferred 56+ qualifying screen.",5.0+ model edge; FCS-only HGB; FCS 7.5+ under edge,FCS,FCS-only HGB,2026,1,401867889,2026-09-03 23:00:00+00:00,False,Southern Illinois,Samford,Seibert Stadium,Homewood,AL,33.463273,-86.795326,False,53.5,DraftKings,CFBD,1.0,0.0,53.5,0.0,,43.19907727132274,-10.30092272867726,10.30092272867726,under,92.0,74.0,56.0,5.75389546,10.357011828,16.0,0.0,0.0,No meaningful precipitation signal,ok,BMX,Southern,MVFC,fcs,fcs,False,1,outputs/prospective/2026/snapshots/board_20260903T172607Z_run33784217725_a1_6062762090bb.csv,6062762090bb360dde7d31203fd64c13bdf229f32b6ecc8067d0a0b3bd7bbb65,,,,,False,,333.8674394333333,True,,,,,,,,,18.0,22.0,40.0,53.5,-13.5,False,win,,,,,NOT QUALIFIER,
board_snapshot,2026-09-03 17:26:07.953634+00:00,2026.2,274546d49fbbf3133e0e508ab6673d48b67f8100da887556b358d9b437462ac5,schedule,0 14 * * 4,33784217725,1,3c8d7d05dc2dbe3d734dff5c2f4f75a205158445,True,120,3.5,56.0,7.5,56.0,NO LINE,No current market total is available.,,OTHER,GENERAL HGB,2026,1,401906526,2026-09-03 23:00:00+00:00,False,Southeastern Oklahoma State,Arkansas Monticello,Convoy Leslie Cotton Boll Stadium,Monticello,AR,33.6293427,-91.7912327,False,,missing,,,,,,,,,,over,,,,,,,,,,,,Great American,Great American,ii,ii,False,4,outputs/prospective/2026/snapshots/board_20260903T172607Z_run33784217725_a1_6062762090bb.csv,6062762090bb360dde7d31203fd64c13bdf229f32b6ecc8067d0a0b3bd7bbb65,,,,,False,,333.8674394333333,True,,,,,,,,,12.0,21.0,33.0,,,False,,,,,,NOT QUALIFIER,
board_snapshot,2026-09-03 17:26:07.953634+00:00,2026.2,274546d49fbbf3133e0e508ab6673d48b67f8100da887556b358d9b437462ac5,schedule,0 14 * * 4,33784217725,1,3c8d7d05dc2dbe3d734dff5c2f4f75a205158445,True,120,3.5,56.0,7.5,56.0,NO LINE,No current market total is available.,,OTHER,GENERAL HGB,2026,1,401906545,2026-09-03 23:00:00+00:00,False,Northwestern (OK),Harding,First Security Stadium,Searcy,AR,35.9018987,-92.7098744,False,,missing,,,,,,,,,,over,,,,,,,,,,,,Great American,Great American,ii,ii,False,4,outputs/prospective/2026/snapshots/board_20260903T172607Z_run33784217725_a1_6062762090bb.csv,6062762090bb360dde7d31203fd64c13bdf229f32b6ecc8067d0a0b3bd7bbb65,,,,,False,,333.8674394333333,True,,,,,,,,,76.0,0.0,76.0,,,False,,,,,,NOT QUALIFIER,
board_snapshot,2026-09-03 17:26:07.953634+00:00,2026.2,274546d49fbbf3133e0e508ab6673d48b67f8100da887556b358d9b437462ac5,schedule,0 14 * * 4,33784217725,1,3c8d7d05dc2dbe3d734dff5c2f4f75a205158445,True,120,3.5,56.0,7.5,56.0,NO LINE,No current market total is available.,,OTHER,GENERAL HGB,2026,1,401906553,2026-09-03 23:00:00+00:00,False,Henderson State,Southern Nazarene,Southern Nazarene University Football Stadium,Bethany,OK,35.5186728,-97.6322648,False,,missing,,,,,,,,,,over,,,,,,,,,,,,Great American,Great American,ii,ii,False,4,outputs/prospective/2026/snapshots/board_20260903T172607Z_run33784217725_a1_6062762090bb.csv,6062762090bb360dde7d31203fd64c13bdf229f32b6ecc8067d0a0b3bd7bbb65,,,,,False,,333.8674394333333,True,,,,,,,,,21.0,57.0,78.0,,,False,,,,,,NOT QUALIFIER,
board_snapshot,2026-09-03 17:26:07.953634+00:00,2026.2,274546d49fbbf3133e0e508ab6673d48b67f8100da887556b358d9b437462ac5,schedule,0 14 * * 4,33784217725,1,3c8d7d05dc2dbe3d734dff5c2f4f75a205158445,True,120,3.5,56.0,7.5,56.0,NO LINE,No current market total is available.,,OTHER,GENERAL HGB,2026,1,401906603,2026-09-03 23:00:00+00:00,False,Warner,Valdosta State,Bazemore-Hyder Stadium,Valdosta,GA,30.8327022,-83.2784851,False,,missing,,,,,,,,,,over,,,,,,,,,,,,Gulf South,missing,ii,,False,4,outputs/prospective/2026/snapshots/board_20260903T172607Z_run33784217725_a1_6062762090bb.csv,6062762090bb360dde7d31203fd64c13bdf229f32b6ecc8067d0a0b3bd7bbb65,,,,,False,,333.8674394333333,True,,,,,,,,,59.0,10.0,69.0,,,False,,,,,,NOT QUALIFIER,
board_snapshot,2026-09-03 17:26:07.953634+00:00,2026.2,274546d49fbbf3133e0e508ab6673d48b67f8100da887556b358d9b437462ac5,schedule,0 14 * * 4,33784217725,1,3c8d7d05dc2dbe3d734dff5c2f4f75a205158445,True,120,3.5,56.0,7.5,56.0,NO LINE,No current market total is available.,,OTHER,GENERAL HGB,2026,1,401906649,2026-09-03 23:00:00+00:00,False,Ohio Dominican,Edinboro,Sox Harrison Stadium,Edinboro,PA,41.8742225,-80.1317236,False,,missing,,,,,,,,,,over,,,,,,,,,,,,Pennsylvania State Athletic,Great Midwest Athletic,ii,ii,False,4,outputs/prospective/2026/snapshots/board_20260903T172607Z_run33784217725_a1_6062762090bb.csv,6062762090bb360dde7d31203fd64c13bdf229f32b6ecc8067d0a0b3bd7bbb65,,,,,False,,333.8674394333333,True,,,,,,,,,38.0,36.0,74.0,,,False,,,,,,NOT QUALIFIER,
board_snapshot,2026-09-03 17:26:07.953634+00:00,2026.2,274546d49fbbf3133e0e508ab6673d48b67f8100da887556b358d9b437462ac5,schedule,0 14 * * 4,33784217725,1,3c8d7d05dc2dbe3d734dff5c2f4f75a205158445,True,120,3.5,56.0,7.5,56.0,NO LINE,No current market total is available.,,OTHER,GENERAL HGB,2026,1,401906877,2026-09-03 23:00:00+00:00,False,IU Pennsylvania,Ashland,Jack Miller Stadium,Ashland,OH,40.8686147,-82.3175942,False,,missing,,,,,,,,,,over,,,,,,,,,,,,Great Midwest Athletic,Pennsylvania State Athletic,ii,ii,False,4,outputs/prospective/2026/snapshots/board_20260903T172607Z_run33784217725_a1_6062762090bb.csv,6062762090bb360dde7d31203fd64c13bdf229f32b6ecc8067d0a0b3bd7bbb65,,,,,False,,333.8674394333333,True,,,,,,,,,24.0,34.0,58.0,,,False,,,,,,NOT QUALIFIER,
board_snapshot,2026-09-03 17:26:07.953634+00:00,2026.2,274546d49fbbf3133e0e508ab6673d48b67f8100da887556b358d9b437462ac5,schedule,0 14 * * 4,33784217725,1,3c8d7d05dc2dbe3d734dff5c2f4f75a205158445,True,120,3.5,56.0,7.5,56.0,NO LINE,No current market total is available.,,OTHER,GENERAL HGB,2026,1,401907003,2026-09-03 23:00:00+00:00,False,West Texas,Grand Valley State,Lubbers Stadium,Allendale,MI,42.968996,-85.894735,False,,missing,,,,,,,,,,over,,,,,,,,,,,,GLIAC,Lone Star,ii,ii,False,4,outputs/prospective/2026/snapshots/board_20260903T172607Z_run33784217725_a1_6062762090bb.csv,6062762090bb360dde7d31203fd64c13bdf229f32b6ecc8067d0a0b3bd7bbb65,,,,,False,,333.8674394333333,True,,,,,,,,,56.0,14.0,70.0,,,False,,,,,,NOT QUALIFIER,
board_snapshot,2026-09-03 17:26:07.953634+00:00,2026.2,274546d49fbbf3133e0e508ab6673d48b67f8100da887556b358d9b437462ac5,schedule,0 14 * * 4,33784217725,1,3c8d7d05dc2dbe3d734dff5c2f4f75a205158445,True,120,3.5,56.0,7.5,56.0,NO LINE,No current market total is available.,,OTHER,GENERAL HGB,2026,1,401907644,2026-09-03 23:00:00+00:00,False,Augustana (SD),Minnesota Duluth,James S. Malosky Stadium,Duluth,MN,46.7729322,-92.1251218,False,,missing,,,,,,,,,,over,,,,,,,,,,,,Northern Sun,Northern Sun,ii,ii,False,4,outputs/prospective/2026/snapshots/board_20260903T172607Z_run33784217725_a1_6062762090bb.csv,6062762090bb360dde7d31203fd64c13bdf229f32b6ecc8067d0a0b3bd7bbb65,,,,,False,,333.8674394333333,True,,,,,,,,,30.0,23.0,53.0,,,False,,,,,,NOT QUALIFIER,
board_snapshot,2026-09-03 17:26:07.953634+00:00,2026.2,274546d49fbbf3133e0e508ab6673d48b67f8100da887556b358d9b437462ac5,schedule,0 14 * * 4,33784217725,1,3c8d7d05dc2dbe3d734dff5c2f4f75a205158445,True,120,3.5,56.0,7.5,56.0,NO LINE,No current market total is available.,,OTHER,GENERAL HGB,2026,1,401907666,2026-09-03 23:00:00+00:00,False,Chicago,Trine,Fred Zollner Athletic Stadium,Angola,IN,41.634874,-84.99928,False,,missing,,,,,,,,,,over,,,,,,,,,,,,Michigan,Midwest,iii,iii,False,4,outputs/prospective/2026/snapshots/board_20260903T172607Z_run33784217725_a1_6062762090bb.csv,6062762090bb360dde7d31203fd64c13bdf229f32b6ecc8067d0a0b3bd7bbb65,,,,,False,,333.8674394333333,True,,,,,,,,,48.0,34.0,82.0,,,False,,,,,,NOT QUALIFIER,
board_snapshot,2026-09-03 17:26:07.953634+00:00,2026.2,274546d49fbbf3133e0e508ab6673d48b67f8100da887556b358d9b437462ac5,schedule,0 14 * * 4,33784217725,1,3c8d7d05dc2dbe3d734dff5c2f4f75a205158445,True,120,3.5,56.0,7.5,56.0,NO LINE,No current market total is available.,,OTHER,GENERAL HGB,2026,1,401907677,2026-09-03 23:00:00+00:00,False,Concordia St. Paul,Minnesota St Moorhead,Scheels Field at Nemzek Stadium,Moorhead,MN,46.8739081,-96.7538674,False,,missing,,,,,,,,,,over,,,,,,,,,,,,Northern Sun,Northern Sun,ii,ii,False,4,outputs/prospective/2026/snapshots/board_20260903T172607Z_run33784217725_a1_6062762090bb.csv,6062762090bb360dde7d31203fd64c13bdf229f32b6ecc8067d0a0b3bd7bbb65,,,,,False,,333.8674394333333,True,,,,,,,,,48.0,30.0,78.0,,,False,,,,,,NOT QUALIFIER,
board_snapshot,2026-09-03 17:26:07.953634+00:00,2026.2,274546d49fbbf3133e0e508ab6673d48b67f8100da887556b358d9b437462ac5,schedule,0 14 * * 4,33784217725,1,3c8d7d05dc2dbe3d734dff5c2f4f75a205158445,True,120,3.5,56.0,7.5,56.0,NO LINE,No current market total is available.,,OTHER,GENERAL HGB,2026,1,401907697,2026-09-03 23:00:00+00:00,False,Winona State,Northern State,Swisher Field,Aberdeen,SD,45.4649805,-98.487813,False,,missing,,,,,,,,,,over,,,,,,,,,,,,Northern Sun,Northern Sun,ii,ii,False,4,outputs/prospective/2026/snapshots/board_20260903T172607Z_run33784217725_a1_6062762090bb.csv,6062762090bb360dde7d31203fd64c13bdf229f32b6ecc8067d0a0b3bd7bbb65,,,,,False,,333.8674394333333,True,,,,,,,,,31.0,16.0,47.0,,,False,,,,,,NOT QUALIFIER,
board_snapshot,2026-09-03 17:26:07.953634+00:00,2026.2,274546d49fbbf3133e0e508ab6673d48b67f8100da887556b358d9b437462ac5,schedule,0 14 * * 4,33784217725,1,3c8d7d05dc2dbe3d734dff5c2f4f75a205158445,True,120,3.5,56.0,7.5,56.0,NO LINE,No current market total is available.,,OTHER,GENERAL HGB,2026,1,401907727,2026-09-03 23:00:00+00:00,False,Wayne State (NE),Minot State,Herb Parker Stadium,Minot,ND,48.23251,-101.296273,False,,missing,,,,,,,,,,over,,,,,,,,,,,,Northern Sun,Northern Sun,ii,ii,False,4,outputs/prospective/2026/snapshots/board_20260903T172607Z_run33784217725_a1_6062762090bb.csv,6062762090bb360dde7d31203fd64c13bdf229f32b6ecc8067d0a0b3bd7bbb65,,,,,False,,333.8674394333333,True,,,,,,,,,28.0,35.0,63.0,,,False,,,,,,NOT QUALIFIER,
board_snapshot,2026-09-03 17:26:07.953634+00:00,2026.2,274546d49fbbf3133e0e508ab6673d48b67f8100da887556b358d9b437462ac5,schedule,0 14 * * 4,33784217725,1,3c8d7d05dc2dbe3d734dff5c2f4f75a205158445,True,120,3.5,56.0,7.5,56.0,NO LINE,No current market total is available.,,OTHER,GENERAL HGB,2026,1,401907871,2026-09-03 23:00:00+00:00,False,Buffalo State,Brockport,Bob Boozer Field,Brockport,NY,43.213671,-77.93918,False,,missing,,,,,,,,,,over,,,,,,,,,,,,Empire 8,Liberty League,iii,iii,False,4,outputs/prospective/2026/snapshots/board_20260903T172607Z_run33784217725_a1_6062762090bb.csv,6062762090bb360dde7d31203fd64c13bdf229f32b6ecc8067d0a0b3bd7bbb65,,,,,False,,333.8674394333333,True,,,,,,,,,68.0,0.0,68.0,,,False,,,,,,NOT QUALIFIER,
board_snapshot,2026-09-03 17:26:07.953634+00:00,2026.2,274546d49fbbf3133e0e508ab6673d48b67f8100da887556b358d9b437462ac5,schedule,0 14 * * 4,33784217725,1,3c8d7d05dc2dbe3d734dff5c2f4f75a205158445,True,120,3.5,56.0,7.5,56.0,NO LINE,No current market total is available.,,OTHER,GENERAL HGB,2026,1,401907995,2026-09-03 23:00:00+00:00,False,Southern Virginia,Wisconsin River Falls,David Smith Stadium at Ramer Field,River Falls,WI,44.8595111,-92.6265897,False,,missing,,,,,,,,,,over,,,,,,,,,,,,Wisconsin,USA South,iii,iii,False,4,outputs/prospective/2026/snapshots/board_20260903T172607Z_run33784217725_a1_6062762090bb.csv,6062762090bb360dde7d31203fd64c13bdf229f32b6ecc8067d0a0b3bd7bbb65,,,,,False,,333.8674394333333,True,,,,,,,,,73.0,7.0,80.0,,,False,,,,,,NOT QUALIFIER,
board_snapshot,2026-09-03 17:26:07.953634+00:00,2026.2,274546d49fbbf3133e0e508ab6673d48b67f8100da887556b358d9b437462ac5,schedule,0 14 * * 4,33784217725,1,3c8d7d05dc2dbe3d734dff5c2f4f75a205158445,True,120,3.5,56.0,7.5,56.0,NO LINE,No current market total is available.,,OTHER,GENERAL HGB,2026,1,401908201,2026-09-03 23:00:00+00:00,False,Wilkes,King's,McCarthy Stadium (Wilkes Barre),Wilkes Barre Township,PA,41.23369915,-75.85364178943517,False,,missing,,,,,,,,,,over,,,,,,,,,,,,Mid Atlantic,Landmark Conference,iii,iii,False,4,outputs/prospective/2026/snapshots/board_20260903T172607Z_run33784217725_a1_6062762090bb.csv,6062762090bb360dde7d31203fd64c13bdf229f32b6ecc8067d0a0b3bd7bbb65,,,,,False,,333.8674394333333,True,,,,,,,,,0.0,7.0,7.0,,,False,,,,,,NOT QUALIFIER,
board_snapshot,2026-09-03 17:26:07.953634+00:00,2026.2,274546d49fbbf3133e0e508ab6673d48b67f8100da887556b358d9b437462ac5,schedule,0 14 * * 4,33784217725,1,3c8d7d05dc2dbe3d734dff5c2f4f75a205158445,True,120,3.5,56.0,7.5,56.0,NO LINE,No current market total is available.,,OTHER,GENERAL HGB,2026,1,401908216,2026-09-03 23:00:00+00:00,False,Bluffton,Ohio Wesleyan,Selby Stadium,Delaware,OH,40.2986724,-83.067965,False,,missing,,,,,,,,,,over,,,,,,,,,,,,North Coast,Heartland,iii,iii,False,4,outputs/prospective/2026/snapshots/board_20260903T172607Z_run33784217725_a1_6062762090bb.csv,6062762090bb360dde7d31203fd64c13bdf229f32b6ecc8067d0a0b3bd7bbb65,,,,,False,,333.8674394333333,True,,,,,,,,,68.0,9.0,77.0,,,False,,,,,,NOT QUALIFIER,
board_snapshot,2026-09-03 17:26:07.953634+00:00,2026.2,274546d49fbbf3133e0e508ab6673d48b67f8100da887556b358d9b437462ac5,schedule,0 14 * * 4,33784217725,1,3c8d7d05dc2dbe3d734dff5c2f4f75a205158445,True,120,3.5,56.0,7.5,56.0,NO LINE,No current market total is available.,,OTHER,GENERAL HGB,2026,1,401908346,2026-09-03 23:00:00+00:00,False,Gettysburg,Juniata,Knox Stadium,Huntingdon,PA,40.4847959,-78.0102813,False,,missing,,,,,,,,,,over,,,,,,,,,,,,Landmark Conference,Centennial,iii,iii,False,4,outputs/prospective/2026/snapshots/board_20260903T172607Z_run33784217725_a1_6062762090bb.csv,6062762090bb360dde7d31203fd64c13bdf229f32b6ecc8067d0a0b3bd7bbb65,,,,,False,,333.8674394333333,True,,,,,,,,,7.0,24.0,31.0,,,False,,,,,,NOT QUALIFIER,
board_snapshot,2026-09-03 17:26:07.953634+00:00,2026.2,274546d49fbbf3133e0e508ab6673d48b67f8100da887556b358d9b437462ac5,schedule,0 14 * * 4,33784217725,1,3c8d7d05dc2dbe3d734dff5c2f4f75a205158445,True,120,3.5,56.0,7.5,56.0,NO LINE,No current market total is available.,,OTHER,GENERAL HGB,2026,1,401908789,2026-09-03 23:00:00+00:00,False,Westminster (PA),Marietta,Don Drumm Stadium,Marietta,OH,39.4167742,-81.4548392,False,,missing,,,,,,,,,,over,,,,,,,,,,,,Ohio,Presidents',iii,iii,False,4,outputs/prospective/2026/snapshots/board_20260903T172607Z_run33784217725_a1_6062762090bb.csv,6062762090bb360dde7d31203fd64c13bdf229f32b6ecc8067d0a0b3bd7bbb65,,,,,False,,333.8674394333333,True,,,,,,,,,34.0,24.0,58.0,,,False,,,,,,NOT QUALIFIER,
board_snapshot,2026-09-03 17:26:07.953634+00:00,2026.2,274546d49fbbf3133e0e508ab6673d48b67f8100da887556b358d9b437462ac5,schedule,0 14 * * 4,33784217725,1,3c8d7d05dc2dbe3d734dff5c2f4f75a205158445,True,120,3.5,56.0,7.5,56.0,NO LINE,No current market total is available.,,OTHER,GENERAL HGB,2026,1,401908854,2026-09-03 23:00:00+00:00,False,Wilmington (OH),Wooster,John P. Papp Stadium,Wooster,OH,40.7980976,-81.9397733,False,,missing,,,,,,,,,,over,,,,,,,,,,,,North Coast,Ohio,iii,iii,False,4,outputs/prospective/2026/snapshots/board_20260903T172607Z_run33784217725_a1_6062762090bb.csv,6062762090bb360dde7d31203fd64c13bdf229f32b6ecc8067d0a0b3bd7bbb65,,,,,False,,333.8674394333333,True,,,,,,,,,19.0,22.0,41.0,,,False,,,,,,NOT QUALIFIER,
board_snapshot,2026-09-03 17:26:07.953634+00:00,2026.2,274546d49fbbf3133e0e508ab6673d48b67f8100da887556b358d9b437462ac5,schedule,0 14 * * 4,33784217725,1,3c8d7d05dc2dbe3d734dff5c2f4f75a205158445,True,120,3.5,56.0,7.5,56.0,NO PLAY,Model edge is below the 3.5-point production threshold.,,OTHER,GENERAL HGB,2026,1,401856663,2026-09-04 00:00:00+00:00,False,Arkansas-Pine Bluff,Missouri,Memorial Stadium,Columbia,MO,38.9358491,-92.3332009,False,62.5,DraftKings,CFBD,1.0,0.0,62.5,0.0,,62.19222764635017,-0.3077723536498311,0.3077723536498311,under,93.0,71.0,49.0,3.452337276,5.75389546,3.0,0.0,0.0,No meaningful precipitation signal,ok,LSX,SEC,SWAC,fbs,fcs,False,3,outputs/prospective/2026/snapshots/board_20260903T172607Z_run33784217725_a1_6062762090bb.csv,6062762090bb360dde7d31203fd64c13bdf229f32b6ecc8067d0a0b3bd7bbb65,,,,,False,,393.8674394333333,True,62.5,2026-09-03 23:17:55.119864+00:00,42.0813356,DraftKings,CFBD,1.0,outputs/prospective/2026/close_captures/close_20260903T231755Z_run33816931486_a1_bfc85e7517c5.csv,bfc85e7517c59d1c04ce0a99b0853602a5d9736f008c66c215ad29644900dff6,54.0,14.0,68.0,62.5,5.5,False,loss,,,0.0,0.0,NOT QUALIFIER,
board_snapshot,2026-09-03 17:26:07.953634+00:00,2026.2,274546d49fbbf3133e0e508ab6673d48b67f8100da887556b358d9b437462ac5,schedule,0 14 * * 4,33784217725,1,3c8d7d05dc2dbe3d734dff5c2f4f75a205158445,True,120,3.5,56.0,7.5,56.0,NO PLAY,Model edge is below the 3.5-point production threshold.,,FBS,GENERAL HGB,2026,1,401856776,2026-09-04 00:00:00+00:00,False,Colorado,Georgia Tech,Bobby Dodd Stadium,Atlanta,GA,33.7724449,-84.3928054,False,51.5,DraftKings,CFBD,2.0,0.0,51.5,0.0,,52.17677714547576,0.6767771454757576,0.6767771454757576,over,90.0,70.0,52.0,4.603116368,9.206232736,1.0,0.0,0.0,No meaningful precipitation signal,ok,FFC,ACC,Big 12,fbs,fbs,True,3,outputs/prospective/2026/snapshots/board_20260903T172607Z_run33784217725_a1_6062762090bb.csv,6062762090bb360dde7d31203fd64c13bdf229f32b6ecc8067d0a0b3bd7bbb65,,,,,False,,393.8674394333333,True,52.5,2026-09-03 23:17:55.119864+00:00,42.0813356,DraftKings,CFBD,2.0,outputs/prospective/2026/close_captures/close_20260903T231755Z_run33816931486_a1_bfc85e7517c5.csv,bfc85e7517c59d1c04ce0a99b0853602a5d9736f008c66c215ad29644900dff6,13.0,14.0,27.0,51.5,-24.5,False,loss,,,1.0,1.0,NOT QUALIFIER,
board_snapshot,2026-09-03 17:26:07.953634+00:00,2026.2,274546d49fbbf3133e0e508ab6673d48b67f8100da887556b358d9b437462ac5,schedule,0 14 * * 4,33784217725,1,3c8d7d05dc2dbe3d734dff5c2f4f75a205158445,True,120,3.5,56.0,7.5,56.0,NO PLAY,Model edge is below the 3.5-point production threshold.,,OTHER,GENERAL HGB,2026,1,401858422,2026-09-04 00:00:00+00:00,False,Eastern Illinois,Minnesota,Huntington Bank Stadium,Minneapolis,MN,44.976525,-93.2245462,False,52.5,DraftKings,CFBD,1.0,0.0,52.5,0.0,,53.14591339020373,0.645913390203731,0.645913390203731,over,84.0,72.0,67.0,8.055453644,14.960128196,16.0,0.06,0.0,Measurable precipitation forecast,ok,MPX,Big Ten,OVC,fbs,fcs,False,3,outputs/prospective/2026/snapshots/board_20260903T172607Z_run33784217725_a1_6062762090bb.csv,6062762090bb360dde7d31203fd64c13bdf229f32b6ecc8067d0a0b3bd7bbb65,,,,,False,,393.8674394333333,True,52.5,2026-09-03 23:17:55.119864+00:00,42.0813356,DraftKings,CFBD,1.0,outputs/prospective/2026/close_captures/close_20260903T231755Z_run33816931486_a1_bfc85e7517c5.csv,bfc85e7517c59d1c04ce0a99b0853602a5d9736f008c66c215ad29644900dff6,59.0,7.0,66.0,52.5,13.5,False,win,,,0.0,0.0,NOT QUALIFIER,
board_snapshot,2026-09-03 17:26:07.953634+00:00,2026.2,274546d49fbbf3133e0e508ab6673d48b67f8100da887556b358d9b437462ac5,schedule,0 14 * * 4,33784217725,1,3c8d7d05dc2dbe3d734dff5c2f4f75a205158445,True,120,3.5,56.0,7.5,56.0,NO LINE,No current market total is available.,,OTHER,GENERAL HGB,2026,1,401873393,2026-09-04 00:00:00+00:00,False,Rockford,Beloit,Strong Stadium,Beloit,WI,42.5083272,-89.031784,False,,missing,,,,,,,,,,over,,,,,,,,,,,,Midwest,NACC,iii,iii,False,4,outputs/prospective/2026/snapshots/board_20260903T172607Z_run33784217725_a1_6062762090bb.csv,6062762090bb360dde7d31203fd64c13bdf229f32b6ecc8067d0a0b3bd7bbb65,,,,,False,,393.8674394333333,True,,,,,,,,,14.0,12.0,26.0,,,False,,,,,,NOT QUALIFIER,
board_snapshot,2026-09-03 17:26:07.953634+00:00,2026.2,274546d49fbbf3133e0e508ab6673d48b67f8100da887556b358d9b437462ac5,schedule,0 14 * * 4,33784217725,1,3c8d7d05dc2dbe3d734dff5c2f4f75a205158445,True,120,3.5,56.0,7.5,56.0,NO LINE,No current market total is available.,,OTHER,GENERAL HGB,2026,1,401906515,2026-09-04 00:00:00+00:00,False,Southwestern Oklahoma State,Arkansas Tech,Thone Stadium at Buerkle Field,Russellville,AR,35.2784173,-93.1337856,False,,missing,,,,,,,,,,over,,,,,,,,,,,,Great American,Great American,ii,ii,False,4,outputs/prospective/2026/snapshots/board_20260903T172607Z_run33784217725_a1_6062762090bb.csv,6062762090bb360dde7d31203fd64c13bdf229f32b6ecc8067d0a0b3bd7bbb65,,,,,False,,393.8674394333333,True,,,,,,,,,26.0,20.0,46.0,,,False,,,,,,NOT QUALIFIER,
board_snapshot,2026-09-03 17:26:07.953634+00:00,2026.2,274546d49fbbf3133e0e508ab6673d48b67f8100da887556b358d9b437462ac5,schedule,0 14 * * 4,33784217725,1,3c8d7d05dc2dbe3d734dff5c2f4f75a205158445,True,120,3.5,56.0,7.5,56.0,NO LINE,No current market total is available.,,OTHER,GENERAL HGB,2026,1,401906536,2026-09-04 00:00:00+00:00,False,East Central,Ouachita Baptist,Cliff Harris Stadium,Arkadelphia,AR,34.1209292,-93.053784,False,,missing,,,,,,,,,,over,,,,,,,,,,,,Great American,Great American,ii,ii,False,4,outputs/prospective/2026/snapshots/board_20260903T172607Z_run33784217725_a1_6062762090bb.csv,6062762090bb360dde7d31203fd64c13bdf229f32b6ecc8067d0a0b3bd7bbb65,,,,,False,,393.8674394333333,True,,,,,,,,,17.0,27.0,44.0,,,False,,,,,,NOT QUALIFIER,
board_snapshot,2026-09-03 17:26:07.953634+00:00,2026.2,274546d49fbbf3133e0e508ab6673d48b67f8100da887556b358d9b437462ac5,schedule,0 14 * * 4,33784217725,1,3c8d7d05dc2dbe3d734dff5c2f4f75a205158445,True,120,3.5,56.0,7.5,56.0,NO LINE,No current market total is available.,,OTHER,GENERAL HGB,2026,1,401906566,2026-09-04 00:00:00+00:00,False,Southern Arkansas,Oklahoma Baptist,Crain Family Stadium,Shawnee,OK,35.3272928,-96.9253004,False,,missing,,,,,,,,,,over,,,,,,,,,,,,Great American,Great American,ii,ii,False,4,outputs/prospective/2026/snapshots/board_20260903T172607Z_run33784217725_a1_6062762090bb.csv,6062762090bb360dde7d31203fd64c13bdf229f32b6ecc8067d0a0b3bd7bbb65,,,,,False,,393.8674394333333,True,,,,,,,,,38.0,20.0,58.0,,,False,,,,,,NOT QUALIFIER,
board_snapshot,2026-09-03 17:26:07.953634+00:00,2026.2,274546d49fbbf3133e0e508ab6673d48b67f8100da887556b358d9b437462ac5,schedule,0 14 * * 4,33784217725,1,3c8d7d05dc2dbe3d734dff5c2f4f75a205158445,True,120,3.5,56.0,7.5,56.0,NO LINE,No current market total is available.,,OTHER,GENERAL HGB,2026,1,401907121,2026-09-04 00:00:00+00:00,False,Nebraska Kearney,Chadron State,Elliott Field at Don Beebe Stadium,Chadron,NE,42.8309807,-103.0003729,False,,missing,,,,,,,,,,over,,,,,,,,,,,,Rocky Mountain,Mid America,ii,ii,False,4,outputs/prospective/2026/snapshots/board_20260903T172607Z_run33784217725_a1_6062762090bb.csv,6062762090bb360dde7d31203fd64c13bdf229f32b6ecc8067d0a0b3bd7bbb65,,,,,False,,393.8674394333333,True,,,,,,,,,24.0,21.0,45.0,,,False,,,,,,NOT QUALIFIER,
board_snapshot,2026-09-03 17:26:07.953634+00:00,2026.2,274546d49fbbf3133e0e508ab6673d48b67f8100da887556b358d9b437462ac5,schedule,0 14 * * 4,33784217725,1,3c8d7d05dc2dbe3d734dff5c2f4f75a205158445,True,120,3.5,56.0,7.5,56.0,NO LINE,No current market total is available.,,OTHER,GENERAL HGB,2026,1,401907145,2026-09-04 00:00:00+00:00,False,CSU Pueblo,Fort Hays,Lewis Field Stadium,Hays,KS,38.8791783,-99.3267702,False,,missing,,,,,,,,,,over,,,,,,,,,,,,Mid America,Rocky Mountain,ii,ii,False,4,outputs/prospective/2026/snapshots/board_20260903T172607Z_run33784217725_a1_6062762090bb.csv,6062762090bb360dde7d31203fd64c13bdf229f32b6ecc8067d0a0b3bd7bbb65,,,,,False,,393.8674394333333,True,,,,,,,,,17.0,35.0,52.0,,,False,,,,,,NOT QUALIFIER,
board_snapshot,2026-09-03 17:26:07.953634+00:00,2026.2,274546d49fbbf3133e0e508ab6673d48b67f8100da887556b358d9b437462ac5,schedule,0 14 * * 4,33784217725,1,3c8d7d05dc2dbe3d734dff5c2f4f75a205158445,True,120,3.5,56.0,7.5,56.0,NO LINE,No current market total is available.,,OTHER,GENERAL HGB,2026,1,401907156,2026-09-04 00:00:00+00:00,False,New Mexico Highlands,Western New Mexico,Ben Altamirano Field,Silver City,NM,32.7751371,-108.2754371,False,,missing,,,,,,,,,,over,,,,,,,,,,,,Lone Star,Rocky Mountain,ii,ii,False,4,outputs/prospective/2026/snapshots/board_20260903T172607Z_run33784217725_a1_6062762090bb.csv,6062762090bb360dde7d31203fd64c13bdf229f32b6ecc8067d0a0b3bd7bbb65,,,,,False,,393.8674394333333,True,,,,,,,,,32.0,55.0,87.0,,,False,,,,,,NOT QUALIFIER,
board_snapshot,2026-09-03 17:26:07.953634+00:00,2026.2,274546d49fbbf3133e0e508ab6673d48b67f8100da887556b358d9b437462ac5,schedule,0 14 * * 4,33784217725,1,3c8d7d05dc2dbe3d734dff5c2f4f75a205158445,True,120,3.5,56.0,7.5,56.0,NO LINE,No current market total is available.,,OTHER,GENERAL HGB,2026,1,401907162,2026-09-04 00:00:00+00:00,False,Angelo State,Western Colorado,Mountaineer Bowl,Gunnison,CO,38.6476702,-107.0603126,False,,missing,,,,,,,,,,over,,,,,,,,,,,,Rocky Mountain,Lone Star,ii,ii,False,4,outputs/prospective/2026/snapshots/board_20260903T172607Z_run33784217725_a1_6062762090bb.csv,6062762090bb360dde7d31203fd64c13bdf229f32b6ecc8067d0a0b3bd7bbb65,,,,,False,,393.8674394333333,True,,,,,,,,,23.0,21.0,44.0,,,False,,,,,,NOT QUALIFIER,
board_snapshot,2026-09-03 17:26:07.953634+00:00,2026.2,274546d49fbbf3133e0e508ab6673d48b67f8100da887556b358d9b437462ac5,schedule,0 14 * * 4,33784217725,1,3c8d7d05dc2dbe3d734dff5c2f4f75a205158445,True,120,3.5,56.0,7.5,56.0,NO LINE,No current market total is available.,,OTHER,GENERAL HGB,2026,1,401907337,2026-09-04 00:00:00+00:00,False,Missouri Western,Central Missouri,Audrey J. Walton Stadium at Vernon Kennedy Field,Warrensburg,MO,38.7624373,-93.7409596,False,,missing,,,,,,,,,,over,,,,,,,,,,,,Mid America,Mid America,ii,ii,False,4,outputs/prospective/2026/snapshots/board_20260903T172607Z_run33784217725_a1_6062762090bb.csv,6062762090bb360dde7d31203fd64c13bdf229f32b6ecc8067d0a0b3bd7bbb65,,,,,False,,393.8674394333333,True,,,,,,,,,49.0,10.0,59.0,,,False,,,,,,NOT QUALIFIER,
board_snapshot,2026-09-03 17:26:07.953634+00:00,2026.2,274546d49fbbf3133e0e508ab6673d48b67f8100da887556b358d9b437462ac5,schedule,0 14 * * 4,33784217725,1,3c8d7d05dc2dbe3d734dff5c2f4f75a205158445,True,120,3.5,56.0,7.5,56.0,NO LINE,No current market total is available.,,OTHER,GENERAL HGB,2026,1,401908386,2026-09-04 00:00:00+00:00,False,Belhaven,Millsaps,Harper Davis Field,Jackson,MS,32.2990021,-90.1847691,False,,missing,,,,,,,,,,over,,,,,,,,,,,,Southern Athletic,USA South,iii,iii,False,4,outputs/prospective/2026/snapshots/board_20260903T172607Z_run33784217725_a1_6062762090bb.csv,6062762090bb360dde7d31203fd64c13bdf229f32b6ecc8067d0a0b3bd7bbb65,,,,,False,,393.8674394333333,True,,,,,,,,,36.0,20.0,56.0,,,False,,,,,,NOT QUALIFIER,
board_snapshot,2026-09-03 17:26:07.953634+00:00,2026.2,274546d49fbbf3133e0e508ab6673d48b67f8100da887556b358d9b437462ac5,schedule,0 14 * * 4,33784217725,1,3c8d7d05dc2dbe3d734dff5c2f4f75a205158445,True,120,3.5,56.0,7.5,56.0,NO PLAY,Model edge is below the 3.5-point production threshold.,refinement: total≥58 + wind≥12,OTHER,GENERAL HGB,2026,1,401856768,2026-09-04 01:00:00+00:00,False,Idaho,Utah,Rice-Eccles Stadium,Salt Lake City,UT,40.7599724,-111.8488255,False,59.5,DraftKings,CFBD,1.0,0.0,59.5,0.0,,59.906900040302034,0.4069000403020368,0.4069000403020368,over,82.0,33.0,17.0,13.809349104,27.618698208,1.0,0.0,0.0,No meaningful precipitation signal,ok,SLC,Big 12,Big Sky,fbs,fcs,False,3,outputs/prospective/2026/snapshots/board_20260903T172607Z_run33784217725_a1_6062762090bb.csv,6062762090bb360dde7d31203fd64c13bdf229f32b6ecc8067d0a0b3bd7bbb65,,,,,False,,453.8674394333333,True,,,,,,,,,66.0,14.0,80.0,59.5,20.5,False,win,,,,,NOT QUALIFIER,
board_snapshot,2026-09-03 17:26:07.953634+00:00,2026.2,274546d49fbbf3133e0e508ab6673d48b67f8100da887556b358d9b437462ac5,schedule,0 14 * * 4,33784217725,1,3c8d7d05dc2dbe3d734dff5c2f4f75a205158445,True,120,3.5,56.0,7.5,56.0,NO PLAY,Model edge is below the 3.5-point production threshold.,,FBS,GENERAL HGB,2026,1,401858424,2026-09-04 01:00:00+00:00,False,UAB,Illinois,"Memorial Stadium (Champaign, IL)",Champaign,IL,40.0993268,-88.2359569,False,54.5,DraftKings,CFBD,2.0,0.0,54.5,0.0,,55.122585261035695,0.6225852610356954,0.6225852610356954,over,84.0,73.0,70.0,3.452337276,4.603116368,3.0,0.0,0.0,No meaningful precipitation signal,ok,ILX,Big Ten,American Athletic,fbs,fbs,True,3,outputs/prospective/2026/snapshots/board_20260903T172607Z_run33784217725_a1_6062762090bb.csv,6062762090bb360dde7d31203fd64c13bdf229f32b6ecc8067d0a0b3bd7bbb65,,,,,False,,453.8674394333333,True,,,,,,,,,42.0,23.0,65.0,54.5,10.5,False,win,,,,,NOT QUALIFIER,
board_snapshot,2026-09-04 16:56:10.034399+00:00,2026.3,fdb878165a5023cd135a05bcddd58e04356c77c1650acb11647f9972b55ce049,schedule,"17 13 * * 4,5",33897600789,1,09eecafe1053e09a7ab1c65d0002e0802d56c273,True,120,3.5,56.0,7.5,56.0,NO LINE,No current market total is available.,,OTHER,GENERAL HGB,2026,1,401907008,2026-09-04 22:00:00+00:00,False,Bentley,Ferris State,Top Taggart Field,Big Rapids,MI,43.698078,-85.483656,False,,missing,,,,,,,,,,over,,,,,,,,,,,,GLIAC,Northeast 10,ii,ii,False,4,outputs/prospective/2026/snapshots/board_20260904T165610Z_run33897600789_a1_d18ee67b9f59.csv,d18ee67b9f59c4e1520cae26d9174f2d8c7dc30f4faaa6b1cabf63bd40ca97c4,,,,,False,,303.83276001666667,True,,,,,,,,,38.0,3.0,41.0,,,False,,,,,,NOT QUALIFIER,
board_snapshot,2026-09-04 16:56:10.034399+00:00,2026.3,fdb878165a5023cd135a05bcddd58e04356c77c1650acb11647f9972b55ce049,schedule,"17 13 * * 4,5",33897600789,1,09eecafe1053e09a7ab1c65d0002e0802d56c273,True,120,3.5,56.0,7.5,56.0,NO LINE,No current market total is available.,,OTHER,GENERAL HGB,2026,1,401908094,2026-09-04 22:00:00+00:00,False,Shenandoah,Methodist,Monarch Stadium,Fayetteville,NC,35.0525759,-78.878292,False,,missing,,,,,,,,,,over,,,,,,,,,,,,USA South,Old Dominion,iii,iii,False,4,outputs/prospective/2026/snapshots/board_20260904T165610Z_run33897600789_a1_d18ee67b9f59.csv,d18ee67b9f59c4e1520cae26d9174f2d8c7dc30f4faaa6b1cabf63bd40ca97c4,,,,,False,,303.83276001666667,True,,,,,,,,,3.0,30.0,33.0,,,False,,,,,,NOT QUALIFIER,
board_snapshot,2026-09-04 16:56:10.034399+00:00,2026.3,fdb878165a5023cd135a05bcddd58e04356c77c1650acb11647f9972b55ce049,schedule,"17 13 * * 4,5",33897600789,1,09eecafe1053e09a7ab1c65d0002e0802d56c273,True,120,3.5,56.0,7.5,56.0,NO LINE,No current market total is available.,,OTHER,GENERAL HGB,2026,1,401908162,2026-09-04 22:00:00+00:00,False,Gallaudet,Albright,Gene L. Shirk Stadium,Reading,PA,40.335345,-75.9279495,False,,missing,,,,,,,,,,over,,,,,,,,,,,,Mid Atlantic,Southern Collegiate Athletic,iii,iii,False,4,outputs/prospective/2026/snapshots/board_20260904T165610Z_run33897600789_a1_d18ee67b9f59.csv,d18ee67b9f59c4e1520cae26d9174f2d8c7dc30f4faaa6b1cabf63bd40ca97c4,,,,,False,,303.83276001666667,True,,,,,,,,,44.0,7.0,51.0,,,False,,,,,,NOT QUALIFIER,
board_snapshot,2026-09-04 16:56:10.034399+00:00,2026.3,fdb878165a5023cd135a05bcddd58e04356c77c1650acb11647f9972b55ce049,schedule,"17 13 * * 4,5",33897600789,1,09eecafe1053e09a7ab1c65d0002e0802d56c273,True,120,3.5,56.0,7.5,56.0,NO LINE,No current market total is available.,,OTHER,GENERAL HGB,2026,1,401908318,2026-09-04 22:00:00+00:00,False,Mary Hardin Baylor,Rowan,Richard Wackar Stadium,Glassboro,NJ,39.7027677,-75.1119434,False,,missing,,,,,,,,,,over,,,,,,,,,,,,New Jersey,American Southwest,iii,iii,False,4,outputs/prospective/2026/snapshots/board_20260904T165610Z_run33897600789_a1_d18ee67b9f59.csv,d18ee67b9f59c4e1520cae26d9174f2d8c7dc30f4faaa6b1cabf63bd40ca97c4,,,,,False,,303.83276001666667,True,,,,,,,,,14.0,35.0,49.0,,,False,,,,,,NOT QUALIFIER,
board_snapshot,2026-09-04 16:56:10.034399+00:00,2026.3,fdb878165a5023cd135a05bcddd58e04356c77c1650acb11647f9972b55ce049,schedule,"17 13 * * 4,5",33897600789,1,09eecafe1053e09a7ab1c65d0002e0802d56c273,True,120,3.5,56.0,7.5,56.0,NO LINE,No current market total is available.,,OTHER,GENERAL HGB,2026,1,401908331,2026-09-04 22:00:00+00:00,False,Randolph Macon,Dickinson,Biddle Field,Carlisle,PA,40.201499,-77.1890783,False,,missing,,,,,,,,,,over,,,,,,,,,,,,Centennial,Old Dominion,iii,iii,False,4,outputs/prospective/2026/snapshots/board_20260904T165610Z_run33897600789_a1_d18ee67b9f59.csv,d18ee67b9f59c4e1520cae26d9174f2d8c7dc30f4faaa6b1cabf63bd40ca97c4,,,,,False,,303.83276001666667,True,,,,,,,,,27.0,14.0,41.0,,,False,,,,,,NOT QUALIFIER,
board_snapshot,2026-09-04 16:56:10.034399+00:00,2026.3,fdb878165a5023cd135a05bcddd58e04356c77c1650acb11647f9972b55ce049,schedule,"17 13 * * 4,5",33897600789,1,09eecafe1053e09a7ab1c65d0002e0802d56c273,True,120,3.5,56.0,7.5,56.0,NO LINE,No current market total is available.,,OTHER,GENERAL HGB,2026,1,401908537,2026-09-04 22:00:00+00:00,False,MIT,Nichols,Vendetti Field,Dudley,MA,42.0572744,-71.9396898,False,,missing,,,,,,,,,,over,,,,,,,,,,,,Commonwealth Coast,NEWMAC,iii,iii,False,4,outputs/prospective/2026/snapshots/board_20260904T165610Z_run33897600789_a1_d18ee67b9f59.csv,d18ee67b9f59c4e1520cae26d9174f2d8c7dc30f4faaa6b1cabf63bd40ca97c4,,,,,False,,303.83276001666667,True,,,,,,,,,7.0,35.0,42.0,,,False,,,,,,NOT QUALIFIER,
board_snapshot,2026-09-04 16:56:10.034399+00:00,2026.3,fdb878165a5023cd135a05bcddd58e04356c77c1650acb11647f9972b55ce049,schedule,"17 13 * * 4,5",33897600789,1,09eecafe1053e09a7ab1c65d0002e0802d56c273,True,120,3.5,56.0,7.5,56.0,NO PLAY,Model edge is below the 3.5-point production threshold.,,FBS,GENERAL HGB,2026,1,401864495,2026-09-04 22:30:00+00:00,False,San José State,Eastern Michigan,Rynearson Stadium,Ypsilanti,MI,42.256126,-83.647285,False,55.5,DraftKings,CFBD,2.0,0.5,55.75,-0.25,,55.70289452985392,0.2028945298539106,0.2028945298539106,over,81.0,75.0,82.0,5.75389546,10.357011828,14.0,0.01,0.0,No meaningful precipitation signal,ok,DTX,Mid-American,Mountain West,fbs,fbs,True,3,outputs/prospective/2026/snapshots/board_20260904T165610Z_run33897600789_a1_d18ee67b9f59.csv,d18ee67b9f59c4e1520cae26d9174f2d8c7dc30f4faaa6b1cabf63bd40ca97c4,,,,,False,,333.83276001666667,True,55.25,2026-09-04 22:21:43.822238+00:00,8.269629366666667,DraftKings,CFBD,2.0,outputs/prospective/2026/close_captures/close_20260904T222143Z_run33925139371_a1_00fce5ec8c6e.csv,00fce5ec8c6e1238e548964c84221456689e1521f45a24c761f3f1c83d525059,21.0,27.0,48.0,55.5,-7.5,False,loss,,,-0.25,0.0,NOT QUALIFIER,
board_snapshot,2026-09-04 16:56:10.034399+00:00,2026.3,fdb878165a5023cd135a05bcddd58e04356c77c1650acb11647f9972b55ce049,schedule,"17 13 * * 4,5",33897600789,1,09eecafe1053e09a7ab1c65d0002e0802d56c273,True,120,3.5,56.0,7.5,56.0,NO LINE,No current market total is available.,,OTHER,GENERAL HGB,2026,1,401906610,2026-09-04 22:30:00+00:00,False,Alvernia,Keystone,Athletic Field Complex,La Plume,PA,41.5565738,-75.7551655,False,,missing,,,,,,,,,,over,,,,,,,,,,,,Independent DIII,Mid Atlantic,iii,iii,False,4,outputs/prospective/2026/snapshots/board_20260904T165610Z_run33897600789_a1_d18ee67b9f59.csv,d18ee67b9f59c4e1520cae26d9174f2d8c7dc30f4faaa6b1cabf63bd40ca97c4,,,,,False,,333.83276001666667,True,,,,,,,,,25.0,21.0,46.0,,,False,,,,,,NOT QUALIFIER,
board_snapshot,2026-09-04 16:56:10.034399+00:00,2026.3,fdb878165a5023cd135a05bcddd58e04356c77c1650acb11647f9972b55ce049,schedule,"17 13 * * 4,5",33897600789,1,09eecafe1053e09a7ab1c65d0002e0802d56c273,True,120,3.5,56.0,7.5,56.0,NO PLAY,Model edge is below the 3.5-point production threshold.,,OTHER,GENERAL HGB,2026,1,401858435,2026-09-04 23:00:00+00:00,False,Indiana State,Purdue,Ross-Ade Stadium,West Lafayette,IN,40.4352253,-86.9186843,False,55.5,DraftKings,CFBD,2.0,0.5,55.75,-0.25,,55.74406372108684,0.2440637210868401,0.2440637210868401,over,90.0,75.0,62.0,4.603116368,9.206232736,0.0,0.0,0.0,No meaningful precipitation signal,ok,IND,Big Ten,MVFC,fbs,fcs,False,3,outputs/prospective/2026/snapshots/board_20260904T165610Z_run33897600789_a1_d18ee67b9f59.csv,d18ee67b9f59c4e1520cae26d9174f2d8c7dc30f4faaa6b1cabf63bd40ca97c4,,,,,False,,363.83276001666667,True,55.75,2026-09-04 22:21:43.822238+00:00,38.26962936666666,DraftKings,CFBD,2.0,outputs/prospective/2026/close_captures/close_20260904T222143Z_run33925139371_a1_00fce5ec8c6e.csv,00fce5ec8c6e1238e548964c84221456689e1521f45a24c761f3f1c83d525059,44.0,19.0,63.0,55.5,7.5,False,win,,,0.25,1.0,NOT QUALIFIER,
board_snapshot,2026-09-04 16:56:10.034399+00:00,2026.3,fdb878165a5023cd135a05bcddd58e04356c77c1650acb11647f9972b55ce049,schedule,"17 13 * * 4,5",33897600789,1,09eecafe1053e09a7ab1c65d0002e0802d56c273,True,120,3.5,56.0,7.5,56.0,NO PLAY,Model edge is below the 3.5-point production threshold.,,OTHER,GENERAL HGB,2026,1,401866623,2026-09-04 23:00:00+00:00,False,North Carolina A&T,Georgia State,Center Parc Stadium,Atlanta,GA,33.735267,-84.389949,False,58.5,DraftKings,CFBD,2.0,2.5,59.75,-1.25,,59.300868589310944,0.8008685893109468,0.8008685893109468,over,94.0,70.0,47.0,5.75389546,10.357011828,0.0,0.0,0.0,No meaningful precipitation signal,ok,FFC,Sun Belt,Coastal Athletic,fbs,fcs,False,3,outputs/prospective/2026/snapshots/board_20260904T165610Z_run33897600789_a1_d18ee67b9f59.csv,d18ee67b9f59c4e1520cae26d9174f2d8c7dc30f4faaa6b1cabf63bd40ca97c4,,,,,False,,363.83276001666667,True,59.75,2026-09-04 22:21:43.822238+00:00,38.26962936666666,DraftKings,CFBD,2.0,outputs/prospective/2026/close_captures/close_20260904T222143Z_run33925139371_a1_00fce5ec8c6e.csv,00fce5ec8c6e1238e548964c84221456689e1521f45a24c761f3f1c83d525059,59.0,10.0,69.0,58.5,10.5,False,win,,,1.25,1.0,NOT QUALIFIER,
board_snapshot,2026-09-04 16:56:10.034399+00:00,2026.3,fdb878165a5023cd135a05bcddd58e04356c77c1650acb11647f9972b55ce049,schedule,"17 13 * * 4,5",33897600789,1,09eecafe1053e09a7ab1c65d0002e0802d56c273,True,120,3.5,56.0,7.5,56.0,NO LINE,No current market total is available.,,OTHER,GENERAL HGB,2026,1,401868262,2026-09-04 23:00:00+00:00,False,Franklin Pierce,Marist,Leonidoff Field,Poughkeepsie,NY,41.7191409,-73.9329549,False,,missing,,,,,,,,,,over,,,,,,,,,,,,Pioneer,Northeast 10,fcs,ii,False,4,outputs/prospective/2026/snapshots/board_20260904T165610Z_run33897600789_a1_d18ee67b9f59.csv,d18ee67b9f59c4e1520cae26d9174f2d8c7dc30f4faaa6b1cabf63bd40ca97c4,,,,,False,,363.83276001666667,True,,,,,,,,,27.0,18.0,45.0,,,False,,,,,,NOT QUALIFIER,
board_snapshot,2026-09-04 16:56:10.034399+00:00,2026.3,fdb878165a5023cd135a05bcddd58e04356c77c1650acb11647f9972b55ce049,schedule,"17 13 * * 4,5",33897600789,1,09eecafe1053e09a7ab1c65d0002e0802d56c273,True,120,3.5,56.0,7.5,56.0,NO LINE,No current market total is available.,,OTHER,GENERAL HGB,2026,1,401907537,2026-09-04 23:00:00+00:00,False,East Stroudsburg,Pace,Pace Stadium,Pleasantville,NY,41.1328736,-73.7926335,False,,missing,,,,,,,,,,over,,,,,,,,,,,,Northeast 10,Pennsylvania State Athletic,ii,ii,False,4,outputs/prospective/2026/snapshots/board_20260904T165610Z_run33897600789_a1_d18ee67b9f59.csv,d18ee67b9f59c4e1520cae26d9174f2d8c7dc30f4faaa6b1cabf63bd40ca97c4,,,,,False,,363.83276001666667,True,,,,,,,,,26.0,37.0,63.0,,,False,,,,,,NOT QUALIFIER,
board_snapshot,2026-09-04 16:56:10.034399+00:00,2026.3,fdb878165a5023cd135a05bcddd58e04356c77c1650acb11647f9972b55ce049,schedule,"17 13 * * 4,5",33897600789,1,09eecafe1053e09a7ab1c65d0002e0802d56c273,True,120,3.5,56.0,7.5,56.0,NO LINE,No current market total is available.,,OTHER,GENERAL HGB,2026,1,401907736,2026-09-04 23:00:00+00:00,False,Case Western Reserve,Rochester (NY),Edwin Fauver Stadium,Rochester,NY,43.157285,-77.615214,False,,missing,,,,,,,,,,over,,,,,,,,,,,,Liberty League,Presidents',iii,iii,False,4,outputs/prospective/2026/snapshots/board_20260904T165610Z_run33897600789_a1_d18ee67b9f59.csv,d18ee67b9f59c4e1520cae26d9174f2d8c7dc30f4faaa6b1cabf63bd40ca97c4,,,,,False,,363.83276001666667,True,,,,,,,,,20.0,38.0,58.0,,,False,,,,,,NOT QUALIFIER,
board_snapshot,2026-09-04 16:56:10.034399+00:00,2026.3,fdb878165a5023cd135a05bcddd58e04356c77c1650acb11647f9972b55ce049,schedule,"17 13 * * 4,5",33897600789,1,09eecafe1053e09a7ab1c65d0002e0802d56c273,True,120,3.5,56.0,7.5,56.0,NO LINE,No current market total is available.,,OTHER,GENERAL HGB,2026,1,401907862,2026-09-04 23:00:00+00:00,False,Alfred,Hobart,Boswell Field at David J. Urick Stadium,Geneva,NY,42.8690271,-76.9786122,False,,missing,,,,,,,,,,over,,,,,,,,,,,,Liberty League,Empire 8,iii,iii,False,4,outputs/prospective/2026/snapshots/board_20260904T165610Z_run33897600789_a1_d18ee67b9f59.csv,d18ee67b9f59c4e1520cae26d9174f2d8c7dc30f4faaa6b1cabf63bd40ca97c4,,,,,False,,363.83276001666667,True,,,,,,,,,24.0,17.0,41.0,,,False,,,,,,NOT QUALIFIER,
board_snapshot,2026-09-04 16:56:10.034399+00:00,2026.3,fdb878165a5023cd135a05bcddd58e04356c77c1650acb11647f9972b55ce049,schedule,"17 13 * * 4,5",33897600789,1,09eecafe1053e09a7ab1c65d0002e0802d56c273,True,120,3.5,56.0,7.5,56.0,NO LINE,No current market total is available.,,OTHER,GENERAL HGB,2026,1,401907966,2026-09-04 23:00:00+00:00,False,Hartwick,Misericordia,Mangelsdorf Field,Dallas,PA,32.3117968,-87.1046643,False,,missing,,,,,,,,,,over,,,,,,,,,,,,Mid Atlantic,Empire 8,iii,iii,False,4,outputs/prospective/2026/snapshots/board_20260904T165610Z_run33897600789_a1_d18ee67b9f59.csv,d18ee67b9f59c4e1520cae26d9174f2d8c7dc30f4faaa6b1cabf63bd40ca97c4,,,,,False,,363.83276001666667,True,,,,,,,,,42.0,14.0,56.0,,,False,,,,,,NOT QUALIFIER,
board_snapshot,2026-09-04 16:56:10.034399+00:00,2026.3,fdb878165a5023cd135a05bcddd58e04356c77c1650acb11647f9972b55ce049,schedule,"17 13 * * 4,5",33897600789,1,09eecafe1053e09a7ab1c65d0002e0802d56c273,True,120,3.5,56.0,7.5,56.0,NO LINE,No current market total is available.,,OTHER,GENERAL HGB,2026,1,401908181,2026-09-04 23:00:00+00:00,False,Delaware Valley,Ursinus,Patterson Field,Collegeville,PA,40.1856597,-75.451571,False,,missing,,,,,,,,,,over,,,,,,,,,,,,Centennial,Mid Atlantic,iii,iii,False,4,outputs/prospective/2026/snapshots/board_20260904T165610Z_run33897600789_a1_d18ee67b9f59.csv,d18ee67b9f59c4e1520cae26d9174f2d8c7dc30f4faaa6b1cabf63bd40ca97c4,,,,,False,,363.83276001666667,True,,,,,,,,,17.0,14.0,31.0,,,False,,,,,,NOT QUALIFIER,
board_snapshot,2026-09-04 16:56:10.034399+00:00,2026.3,fdb878165a5023cd135a05bcddd58e04356c77c1650acb11647f9972b55ce049,schedule,"17 13 * * 4,5",33897600789,1,09eecafe1053e09a7ab1c65d0002e0802d56c273,True,120,3.5,56.0,7.5,56.0,NO LINE,No current market total is available.,,OTHER,GENERAL HGB,2026,1,401908263,2026-09-04 23:00:00+00:00,False,Lebanon Valley,Franklin & Marshall,Shadek Stadium,Lancaster,PA,40.03813,-76.3056686,False,,missing,,,,,,,,,,over,,,,,,,,,,,,Centennial,Mid Atlantic,iii,iii,False,4,outputs/prospective/2026/snapshots/board_20260904T165610Z_run33897600789_a1_d18ee67b9f59.csv,d18ee67b9f59c4e1520cae26d9174f2d8c7dc30f4faaa6b1cabf63bd40ca97c4,,,,,False,,363.83276001666667,True,,,,,,,,,31.0,7.0,38.0,,,False,,,,,,NOT QUALIFIER,
board_snapshot,2026-09-04 16:56:10.034399+00:00,2026.3,fdb878165a5023cd135a05bcddd58e04356c77c1650acb11647f9972b55ce049,schedule,"17 13 * * 4,5",33897600789,1,09eecafe1053e09a7ab1c65d0002e0802d56c273,True,120,3.5,56.0,7.5,56.0,NO LINE,No current market total is available.,,OTHER,GENERAL HGB,2026,1,401908309,2026-09-04 23:00:00+00:00,False,Bridgewater,Stevenson,Mustang Stadium,Stevenson,MD,39.4102772,-76.7128314,False,,missing,,,,,,,,,,over,,,,,,,,,,,,Mid Atlantic,Old Dominion,iii,iii,False,4,outputs/prospective/2026/snapshots/board_20260904T165610Z_run33897600789_a1_d18ee67b9f59.csv,d18ee67b9f59c4e1520cae26d9174f2d8c7dc30f4faaa6b1cabf63bd40ca97c4,,,,,False,,363.83276001666667,True,,,,,,,,,17.0,0.0,17.0,,,False,,,,,,NOT QUALIFIER,
board_snapshot,2026-09-04 16:56:10.034399+00:00,2026.3,fdb878165a5023cd135a05bcddd58e04356c77c1650acb11647f9972b55ce049,schedule,"17 13 * * 4,5",33897600789,1,09eecafe1053e09a7ab1c65d0002e0802d56c273,True,120,3.5,56.0,7.5,56.0,NO LINE,No current market total is available.,,OTHER,GENERAL HGB,2026,1,401908517,2026-09-04 23:00:00+00:00,False,Western New England,Springfield,Stagg Field,Springfield,MA,42.1018764,-72.5886727,False,,missing,,,,,,,,,,over,,,,,,,,,,,,NEWMAC,Commonwealth Coast,iii,iii,False,4,outputs/prospective/2026/snapshots/board_20260904T165610Z_run33897600789_a1_d18ee67b9f59.csv,d18ee67b9f59c4e1520cae26d9174f2d8c7dc30f4faaa6b1cabf63bd40ca97c4,,,,,False,,363.83276001666667,True,,,,,,,,,42.0,28.0,70.0,,,False,,,,,,NOT QUALIFIER,
board_snapshot,2026-09-04 16:56:10.034399+00:00,2026.3,fdb878165a5023cd135a05bcddd58e04356c77c1650acb11647f9972b55ce049,schedule,"17 13 * * 4,5",33897600789,1,09eecafe1053e09a7ab1c65d0002e0802d56c273,True,120,3.5,56.0,7.5,56.0,NO LINE,No current market total is available.,,OTHER,GENERAL HGB,2026,1,401908606,2026-09-04 23:00:00+00:00,False,Salve Regina,UMass Dartmouth,Cressy Field,Dartmouth,MA,41.6332267,-70.9879928,False,,missing,,,,,,,,,,over,,,,,,,,,,,,MSCAC,NEWMAC,iii,iii,False,4,outputs/prospective/2026/snapshots/board_20260904T165610Z_run33897600789_a1_d18ee67b9f59.csv,d18ee67b9f59c4e1520cae26d9174f2d8c7dc30f4faaa6b1cabf63bd40ca97c4,,,,,False,,363.83276001666667,True,,,,,,,,,13.0,21.0,34.0,,,False,,,,,,NOT QUALIFIER,
board_snapshot,2026-09-04 16:56:10.034399+00:00,2026.3,fdb878165a5023cd135a05bcddd58e04356c77c1650acb11647f9972b55ce049,schedule,"17 13 * * 4,5",33897600789,1,09eecafe1053e09a7ab1c65d0002e0802d56c273,True,120,3.5,56.0,7.5,56.0,NO LINE,No current market total is available.,,OTHER,GENERAL HGB,2026,1,401908690,2026-09-04 23:00:00+00:00,False,St. Lawrence,Norwich,Sabine Field at Haynes Family Stadium,Northfield,VT,44.153195,-72.65679528850326,False,,missing,,,,,,,,,,over,,,,,,,,,,,,NEWMAC,Liberty League,iii,iii,False,4,outputs/prospective/2026/snapshots/board_20260904T165610Z_run33897600789_a1_d18ee67b9f59.csv,d18ee67b9f59c4e1520cae26d9174f2d8c7dc30f4faaa6b1cabf63bd40ca97c4,,,,,False,,363.83276001666667,True,,,,,,,,,10.0,18.0,28.0,,,False,,,,,,NOT QUALIFIER,
board_snapshot,2026-09-04 16:56:10.034399+00:00,2026.3,fdb878165a5023cd135a05bcddd58e04356c77c1650acb11647f9972b55ce049,schedule,"17 13 * * 4,5",33897600789,1,09eecafe1053e09a7ab1c65d0002e0802d56c273,True,120,3.5,56.0,7.5,56.0,NO LINE,No current market total is available.,,OTHER,GENERAL HGB,2026,1,401908359,2026-09-04 23:30:00+00:00,False,Catholic,McDaniel,Kenneth R. Gill Stadium,Westminster,MD,39.5752639,-76.9959277,False,,missing,,,,,,,,,,over,,,,,,,,,,,,Centennial,Landmark Conference,iii,iii,False,4,outputs/prospective/2026/snapshots/board_20260904T165610Z_run33897600789_a1_d18ee67b9f59.csv,d18ee67b9f59c4e1520cae26d9174f2d8c7dc30f4faaa6b1cabf63bd40ca97c4,,,,,False,,393.83276001666667,True,,,,,,,,,13.0,7.0,20.0,,,False,,,,,,NOT QUALIFIER,
board_snapshot,2026-09-04 16:56:10.034399+00:00,2026.3,fdb878165a5023cd135a05bcddd58e04356c77c1650acb11647f9972b55ce049,schedule,"17 13 * * 4,5",33897600789,1,09eecafe1053e09a7ab1c65d0002e0802d56c273,True,120,3.5,56.0,7.5,56.0,NO PLAY,Model edge is below the 3.5-point production threshold.,,FBS,GENERAL HGB,2026,1,401856664,2026-09-05 00:00:00+00:00,False,UTEP,Oklahoma,"Memorial Stadium (Norman, OK)",Norman,OK,35.2058537,-97.4423145,False,51.5,DraftKings,CFBD,2.0,0.0,51.5,0.0,,52.87368648901848,1.3736864890184766,1.3736864890184766,over,95.0,69.0,43.0,12.658570012,19.563244564,0.0,0.0,0.0,No meaningful precipitation signal,ok,OUN,SEC,Mountain West,fbs,fbs,True,3,outputs/prospective/2026/snapshots/board_20260904T165610Z_run33897600789_a1_d18ee67b9f59.csv,d18ee67b9f59c4e1520cae26d9174f2d8c7dc30f4faaa6b1cabf63bd40ca97c4,,,,,False,,423.83276001666667,True,,,,,,,,,51.0,0.0,51.0,51.5,-0.5,False,loss,,,,,NOT QUALIFIER,
board_snapshot,2026-09-04 16:56:10.034399+00:00,2026.3,fdb878165a5023cd135a05bcddd58e04356c77c1650acb11647f9972b55ce049,schedule,"17 13 * * 4,5",33897600789,1,09eecafe1053e09a7ab1c65d0002e0802d56c273,True,120,3.5,56.0,7.5,56.0,NO PLAY,Model edge is below the 3.5-point production threshold.,selected total above market median,OTHER,GENERAL HGB,2026,1,401856769,2026-09-05 00:00:00+00:00,False,Long Island University,Kansas,Memorial Stadium,Lawrence,KS,38.9629418,-95.2463686,False,56.5,DraftKings,CFBD,2.0,2.0,55.5,1.0,,57.104836827030944,0.6048368270309419,0.6048368270309419,over,94.0,68.0,43.0,6.904674552,10.357011828,0.0,0.0,0.0,No meaningful precipitation signal,ok,TOP,Big 12,NEC,fbs,fcs,False,3,outputs/prospective/2026/snapshots/board_20260904T165610Z_run33897600789_a1_d18ee67b9f59.csv,d18ee67b9f59c4e1520cae26d9174f2d8c7dc30f4faaa6b1cabf63bd40ca97c4,,,,,False,,423.83276001666667,True,,,,,,,,,51.0,6.0,57.0,56.5,0.5,False,win,,,,,NOT QUALIFIER,
board_snapshot,2026-09-04 16:56:10.034399+00:00,2026.3,fdb878165a5023cd135a05bcddd58e04356c77c1650acb11647f9972b55ce049,schedule,"17 13 * * 4,5",33897600789,1,09eecafe1053e09a7ab1c65d0002e0802d56c273,True,120,3.5,56.0,7.5,56.0,NO PLAY,Model edge is below the 3.5-point production threshold.,selected total above market median,FBS,GENERAL HGB,2026,1,401858429,2026-09-05 00:00:00+00:00,False,Toledo,Michigan State,Spartan Stadium,East Lansing,MI,42.7281474,-84.4848526,False,48.5,DraftKings,CFBD,2.0,1.0,48.0,0.5,,49.98549143236741,1.4854914323674038,1.4854914323674038,over,77.0,71.0,81.0,4.603116368,11.50779092,16.0,0.0,0.0,No meaningful precipitation signal,ok,GRR,Big Ten,Mid-American,fbs,fbs,True,3,outputs/prospective/2026/snapshots/board_20260904T165610Z_run33897600789_a1_d18ee67b9f59.csv,d18ee67b9f59c4e1520cae26d9174f2d8c7dc30f4faaa6b1cabf63bd40ca97c4,,,,,False,,423.83276001666667,True,,,,,,,,,30.0,20.0,50.0,48.5,1.5,False,win,,,,,NOT QUALIFIER,
board_snapshot,2026-09-04 16:56:10.034399+00:00,2026.3,fdb878165a5023cd135a05bcddd58e04356c77c1650acb11647f9972b55ce049,schedule,"17 13 * * 4,5",33897600789,1,09eecafe1053e09a7ab1c65d0002e0802d56c273,True,120,3.5,56.0,7.5,56.0,NO LINE,No current market total is available.,,OTHER,GENERAL HGB,2026,1,401907818,2026-09-05 00:00:00+00:00,False,Lakeland,Carthage,Art Keller Field,Kenosha,WI,42.5846773,-87.8212263,False,,missing,,,,,,,,,,over,,,,,,,,,,,,CCIW,NACC,iii,iii,False,4,outputs/prospective/2026/snapshots/board_20260904T165610Z_run33897600789_a1_d18ee67b9f59.csv,d18ee67b9f59c4e1520cae26d9174f2d8c7dc30f4faaa6b1cabf63bd40ca97c4,,,,,False,,423.83276001666667,True,,,,,,,,,23.0,14.0,37.0,,,False,,,,,,NOT QUALIFIER,
board_snapshot,2026-09-04 16:56:10.034399+00:00,2026.3,fdb878165a5023cd135a05bcddd58e04356c77c1650acb11647f9972b55ce049,schedule,"17 13 * * 4,5",33897600789,1,09eecafe1053e09a7ab1c65d0002e0802d56c273,True,120,3.5,56.0,7.5,56.0,NO PLAY,Model edge is below the 3.5-point production threshold.,,FBS,GENERAL HGB,2026,1,401858206,2026-09-05 01:00:00+00:00,False,Miami,Stanford,Stanford Stadium,Stanford,CA,37.4345556,-122.1611271,False,47.5,DraftKings,CFBD,2.0,0.5,47.75,-0.25,,47.8531725715138,0.3531725715138049,0.3531725715138049,over,71.0,54.0,55.0,10.357011828,16.110907288,0.0,0.0,0.0,No meaningful precipitation signal,ok,MTR,ACC,ACC,fbs,fbs,True,3,outputs/prospective/2026/snapshots/board_20260904T165610Z_run33897600789_a1_d18ee67b9f59.csv,d18ee67b9f59c4e1520cae26d9174f2d8c7dc30f4faaa6b1cabf63bd40ca97c4,,,,,False,,483.83276001666667,True,46.5,2026-09-05 00:24:20.070232+00:00,35.665496133333335,DraftKings,CFBD,2.0,outputs/prospective/2026/close_captures/close_20260905T002420Z_run33932835816_a1_ddb9d4cface3.csv,ddb9d4cface3084b0701a73e302b5763461f641df461268b806a8925d669a25a,6.0,45.0,51.0,47.5,3.5,False,win,,,-1.0,0.0,NOT QUALIFIER,
board_snapshot,2026-09-04 16:56:10.034399+00:00,2026.3,fdb878165a5023cd135a05bcddd58e04356c77c1650acb11647f9972b55ce049,schedule,"17 13 * * 4,5",33897600789,1,09eecafe1053e09a7ab1c65d0002e0802d56c273,True,120,3.5,56.0,7.5,56.0,NO PLAY,Model edge is below the 3.5-point production threshold.,,FBS,GENERAL HGB,2026,1,401858436,2026-09-05 01:00:00+00:00,False,Fresno State,USC,Los Angeles Memorial Coliseum,Los Angeles,CA,34.014167,-118.287778,False,51.5,DraftKings,CFBD,2.0,0.0,51.5,0.0,,52.104836827030944,0.6048368270309419,0.6048368270309419,over,72.0,58.0,61.0,9.206232736,11.50779092,0.0,0.0,0.0,No meaningful precipitation signal,ok,LOX,Big Ten,Pac-12,fbs,fbs,True,3,outputs/prospective/2026/snapshots/board_20260904T165610Z_run33897600789_a1_d18ee67b9f59.csv,d18ee67b9f59c4e1520cae26d9174f2d8c7dc30f4faaa6b1cabf63bd40ca97c4,,,,,False,,483.83276001666667,True,51.25,2026-09-05 00:24:20.070232+00:00,35.665496133333335,DraftKings,CFBD,2.0,outputs/prospective/2026/close_captures/close_20260905T002420Z_run33932835816_a1_ddb9d4cface3.csv,ddb9d4cface3084b0701a73e302b5763461f641df461268b806a8925d669a25a,39.0,0.0,39.0,51.5,-12.5,False,loss,,,-0.25,0.0,NOT QUALIFIER,
board_snapshot,2026-09-04 16:56:10.034399+00:00,2026.3,fdb878165a5023cd135a05bcddd58e04356c77c1650acb11647f9972b55ce049,schedule,"17 13 * * 4,5",33897600789,1,09eecafe1053e09a7ab1c65d0002e0802d56c273,True,120,3.5,56.0,7.5,56.0,NO LINE,No current market total is available.,,OTHER,GENERAL HGB,2026,1,401908292,2026-09-05 02:00:00+00:00,False,Howard Payne,Pacific (OR),Hanson Stadium,Forest Grove,OR,45.5197452,-123.1114405,False,,missing,,,,,,,,,,over,,,,,,,,,,,,Northwest,American Southwest,iii,iii,False,4,outputs/prospective/2026/snapshots/board_20260904T165610Z_run33897600789_a1_d18ee67b9f59.csv,d18ee67b9f59c4e1520cae26d9174f2d8c7dc30f4faaa6b1cabf63bd40ca97c4,,,,,False,,543.8327600166666,True,,,,,,,,,0.0,49.0,49.0,,,False,,,,,,NOT QUALIFIER,
board_snapshot,2026-09-05 10:38:59.334752+00:00,2026.3,fdb878165a5023cd135a05bcddd58e04356c77c1650acb11647f9972b55ce049,schedule,17 6 * * 6,33961120017,1,0e180a3a83780b48c1b378920b0a3f94ac7ce103,True,120,3.5,56.0,7.5,56.0,NO LINE,No current market total is available.,,OTHER,GENERAL HGB,2026,1,401868284,2026-09-05 15:00:00+00:00,False,Webber International,Stetson,Spec Martin Municipal Stadium,DeLand,FL,29.0208575,-81.2993746,False,,missing,,,,,,,,,,over,,,,,,,,,,,,Pioneer,missing,fcs,,False,4,outputs/prospective/2026/snapshots/board_20260905T103859Z_run33961120017_a1_edbccb002f51.csv,edbccb002f5154721ba88f34cbbe004bb8e3620a6ac117081df014e4bd7f1241,,,,,True,"The Sep. 5, 2026 1:17 AM CDT production run was the intentionally deployed Saturday schedule, but its immutable snapshots were stamped ineligible because protocol 2026.3 still listed the superseded Saturday cron set. The entire run is restored as eligible without editing its immutable snapshot.",261.01108746666665,True,,,,,,,,,45.0,10.0,55.0,,,False,,,,,,NOT QUALIFIER,
board_snapshot,2026-09-05 10:38:59.334752+00:00,2026.3,fdb878165a5023cd135a05bcddd58e04356c77c1650acb11647f9972b55ce049,schedule,17 6 * * 6,33961120017,1,0e180a3a83780b48c1b378920b0a3f94ac7ce103,True,120,3.5,56.0,7.5,56.0,NO PLAY,Model edge is below the 3.5-point production threshold.,,FBS,GENERAL HGB,2026,1,401856634,2026-09-05 16:00:00+00:00,False,East Carolina,Alabama,Bryant-Denny Stadium,Tuscaloosa,AL,33.2082752,-87.5503836,False,52.5,DraftKings,CFBD,2.0,0.0,52.5,0.0,,53.08270517309911,0.5827051730991042,0.5827051730991042,over,92.0,73.0,54.0,1.150779092,5.75389546,11.0,0.0,0.0,No meaningful precipitation signal,ok,BMX,SEC,American Athletic,fbs,fbs,True,3,outputs/prospective/2026/snapshots/board_20260905T103859Z_run33961120017_a1_edbccb002f51.csv,edbccb002f5154721ba88f34cbbe004bb8e3620a6ac117081df014e4bd7f1241,,,,,True,"The Sep. 5, 2026 1:17 AM CDT production run was the intentionally deployed Saturday schedule, but its immutable snapshots were stamped ineligible because protocol 2026.3 still listed the superseded Saturday cron set. The entire run is restored as eligible without editing its immutable snapshot.",321.0110874666667,True,,,,,,,,,48.0,10.0,58.0,52.5,5.5,False,win,,,,,NOT QUALIFIER,
board_snapshot,2026-09-05 10:38:59.334752+00:00,2026.3,fdb878165a5023cd135a05bcddd58e04356c77c1650acb11647f9972b55ce049,schedule,17 6 * * 6,33961120017,1,0e180a3a83780b48c1b378920b0a3f94ac7ce103,True,120,3.5,56.0,7.5,56.0,NO PLAY,Model edge is below the 3.5-point production threshold.,,FBS,GENERAL HGB,2026,1,401856778,2026-09-05 16:00:00+00:00,False,Oregon State,Houston,TDECU Stadium,Houston,TX,29.7219885,-95.3491623,False,50.5,DraftKings,CFBD,2.0,0.0,50.5,0.0,,51.11164712763029,0.6116471276302916,0.6116471276302916,over,88.0,75.0,66.0,3.452337276,4.603116368,16.0,0.0,0.0,No meaningful precipitation signal,ok,HGX,Big 12,Pac-12,fbs,fbs,True,3,outputs/prospective/2026/snapshots/board_20260905T103859Z_run33961120017_a1_edbccb002f51.csv,edbccb002f5154721ba88f34cbbe004bb8e3620a6ac117081df014e4bd7f1241,,,,,True,"The Sep. 5, 2026 1:17 AM CDT production run was the intentionally deployed Saturday schedule, but its immutable snapshots were stamped ineligible because protocol 2026.3 still listed the superseded Saturday cron set. The entire run is restored as eligible without editing its immutable snapshot.",321.0110874666667,True,,,,,,,,,33.0,20.0,53.0,50.5,2.5,False,win,,,,,NOT QUALIFIER,
board_snapshot,2026-09-05 10:38:59.334752+00:00,2026.3,fdb878165a5023cd135a05bcddd58e04356c77c1650acb11647f9972b55ce049,schedule,17 6 * * 6,33961120017,1,0e180a3a83780b48c1b378920b0a3f94ac7ce103,True,120,3.5,56.0,7.5,56.0,NO PLAY,Model edge is below the 3.5-point production threshold.,,FBS,GENERAL HGB,2026,1,401856780,2026-09-05 16:00:00+00:00,False,Coastal Carolina,West Virginia,Milan Puskar Stadium,Morgantown,WV,39.6502744,-79.9551873,False,54.5,DraftKings,CFBD,2.0,0.5,54.75,-0.25,,54.95570171769533,0.455701717695326,0.455701717695326,over,75.0,73.0,94.0,3.452337276,8.055453644,50.0,0.01,0.0,Precipitation possible,ok,PBZ,Big 12,Sun Belt,fbs,fbs,True,3,outputs/prospective/2026/snapshots/board_20260905T103859Z_run33961120017_a1_edbccb002f51.csv,edbccb002f5154721ba88f34cbbe004bb8e3620a6ac117081df014e4bd7f1241,,,,,True,"The Sep. 5, 2026 1:17 AM CDT production run was the intentionally deployed Saturday schedule, but its immutable snapshots were stamped ineligible because protocol 2026.3 still listed the superseded Saturday cron set. The entire run is restored as eligible without editing its immutable snapshot.",321.0110874666667,True,,,,,,,,,31.0,24.0,55.0,54.5,0.5,False,win,,,,,NOT QUALIFIER,
board_snapshot,2026-09-05 10:38:59.334752+00:00,2026.3,fdb878165a5023cd135a05bcddd58e04356c77c1650acb11647f9972b55ce049,schedule,17 6 * * 6,33961120017,1,0e180a3a83780b48c1b378920b0a3f94ac7ce103,True,120,3.5,56.0,7.5,56.0,NO PLAY,Model edge is below the 3.5-point production threshold.,,OTHER,GENERAL HGB,2026,1,401858208,2026-09-05 16:00:00+00:00,False,New Hampshire,Syracuse,JMA Wireless Dome,Syracuse,NY,43.0362269,-76.1363161,True,55.5,DraftKings,CFBD,2.0,0.5,55.25,0.25,,56.35258150305612,0.8525815030561179,0.8525815030561179,over,,,,,,,,,Indoor/dome game,indoor,,ACC,Coastal Athletic,fbs,fcs,False,3,outputs/prospective/2026/snapshots/board_20260905T103859Z_run33961120017_a1_edbccb002f51.csv,edbccb002f5154721ba88f34cbbe004bb8e3620a6ac117081df014e4bd7f1241,,,,,True,"The Sep. 5, 2026 1:17 AM CDT production run was the intentionally deployed Saturday schedule, but its immutable snapshots were stamped ineligible because protocol 2026.3 still listed the superseded Saturday cron set. The entire run is restored as eligible without editing its immutable snapshot.",321.0110874666667,True,,,,,,,,,66.0,3.0,69.0,55.5,13.5,False,win,,,,,NOT QUALIFIER,
board_snapshot,2026-09-05 10:38:59.334752+00:00,2026.3,fdb878165a5023cd135a05bcddd58e04356c77c1650acb11647f9972b55ce049,schedule,17 6 * * 6,33961120017,1,0e180a3a83780b48c1b378920b0a3f94ac7ce103,True,120,3.5,56.0,7.5,56.0,NO PLAY,Model edge is below the 3.5-point production threshold.,,FBS,GENERAL HGB,2026,1,401858425,2026-09-05 16:00:00+00:00,False,North Texas,Indiana,"Memorial Stadium (Bloomington, IN)",Bloomington,IN,39.1808959,-86.5256217,False,56.5,DraftKings,CFBD,2.0,0.5,56.75,-0.25,,56.74679122743637,0.246791227436368,0.246791227436368,over,88.0,74.0,63.0,4.603116368,9.206232736,12.0,0.0,0.0,No meaningful precipitation signal,ok,IND,Big Ten,American Athletic,fbs,fbs,True,3,outputs/prospective/2026/snapshots/board_20260905T103859Z_run33961120017_a1_edbccb002f51.csv,edbccb002f5154721ba88f34cbbe004bb8e3620a6ac117081df014e4bd7f1241,,,,,True,"The Sep. 5, 2026 1:17 AM CDT production run was the intentionally deployed Saturday schedule, but its immutable snapshots were stamped ineligible because protocol 2026.3 still listed the superseded Saturday cron set. The entire run is restored as eligible without editing its immutable snapshot.",321.0110874666667,True,,,,,,,,,52.0,16.0,68.0,56.5,11.5,False,win,,,,,NOT QUALIFIER,
board_snapshot,2026-09-05 10:38:59.334752+00:00,2026.3,fdb878165a5023cd135a05bcddd58e04356c77c1650acb11647f9972b55ce049,schedule,17 6 * * 6,33961120017,1,0e180a3a83780b48c1b378920b0a3f94ac7ce103,True,120,3.5,56.0,7.5,56.0,NO PLAY,Model edge is below the 3.5-point production threshold.,,FBS,GENERAL HGB,2026,1,401858430,2026-09-05 16:00:00+00:00,False,Ohio,Nebraska,"Memorial Stadium (Lincoln, NE)",Lincoln,NE,40.820682,-96.705594,False,46.5,DraftKings,CFBD,2.0,0.5,46.25,0.25,,47.26276433685991,0.7627643368599065,0.7627643368599065,over,90.0,70.0,52.0,4.603116368,9.206232736,1.0,0.0,0.0,No meaningful precipitation signal,ok,OAX,Big Ten,Mid-American,fbs,fbs,True,3,outputs/prospective/2026/snapshots/board_20260905T103859Z_run33961120017_a1_edbccb002f51.csv,edbccb002f5154721ba88f34cbbe004bb8e3620a6ac117081df014e4bd7f1241,,,,,True,"The Sep. 5, 2026 1:17 AM CDT production run was the intentionally deployed Saturday schedule, but its immutable snapshots were stamped ineligible because protocol 2026.3 still listed the superseded Saturday cron set. The entire run is restored as eligible without editing its immutable snapshot.",321.0110874666667,True,,,,,,,,,49.0,21.0,70.0,46.5,23.5,False,win,,,,,NOT QUALIFIER,
board_snapshot,2026-09-05 10:38:59.334752+00:00,2026.3,fdb878165a5023cd135a05bcddd58e04356c77c1650acb11647f9972b55ce049,schedule,17 6 * * 6,33961120017,1,0e180a3a83780b48c1b378920b0a3f94ac7ce103,True,120,3.5,56.0,7.5,56.0,NO PLAY,Model edge is below the 3.5-point production threshold.,,OTHER,GENERAL HGB,2026,1,401861962,2026-09-05 16:00:00+00:00,False,Lafayette,UConn,Pratt & Whitney Stadium,East Hartford,CT,41.7595675,-72.6187728,False,51.5,DraftKings,CFBD,2.0,0.0,51.5,0.0,,52.104836827030944,0.6048368270309419,0.6048368270309419,over,75.0,61.0,62.0,6.904674552,13.809349104,4.0,0.0,0.0,No meaningful precipitation signal,ok,BOX,FBS Independents,Patriot,fbs,fcs,False,3,outputs/prospective/2026/snapshots/board_20260905T103859Z_run33961120017_a1_edbccb002f51.csv,edbccb002f5154721ba88f34cbbe004bb8e3620a6ac117081df014e4bd7f1241,,,,,True,"The Sep. 5, 2026 1:17 AM CDT production run was the intentionally deployed Saturday schedule, but its immutable snapshots were stamped ineligible because protocol 2026.3 still listed the superseded Saturday cron set. The entire run is restored as eligible without editing its immutable snapshot.",321.0110874666667,True,,,,,,,,,56.0,7.0,63.0,51.5,11.5,False,win,,,,,NOT QUALIFIER,
board_snapshot,2026-09-05 10:38:59.334752+00:00,2026.3,fdb878165a5023cd135a05bcddd58e04356c77c1650acb11647f9972b55ce049,schedule,17 6 * * 6,33961120017,1,0e180a3a83780b48c1b378920b0a3f94ac7ce103,True,120,3.5,56.0,7.5,56.0,NO PLAY,Model edge is below the 3.5-point production threshold.,,OTHER,GENERAL HGB,2026,1,401862701,2026-09-05 16:00:00+00:00,False,Bryant,Army,Michie Stadium,West Point,NY,41.3874924,-73.9640891,False,50.5,DraftKings,CFBD,2.0,0.0,50.5,0.0,,51.21429307393505,0.7142930739350536,0.7142930739350536,over,74.0,63.0,69.0,5.75389546,12.658570012,0.0,0.0,0.0,No meaningful precipitation signal,ok,OKX,American Athletic,Coastal Athletic,fbs,fcs,False,3,outputs/prospective/2026/snapshots/board_20260905T103859Z_run33961120017_a1_edbccb002f51.csv,edbccb002f5154721ba88f34cbbe004bb8e3620a6ac117081df014e4bd7f1241,,,,,True,"The Sep. 5, 2026 1:17 AM CDT production run was the intentionally deployed Saturday schedule, but its immutable snapshots were stamped ineligible because protocol 2026.3 still listed the superseded Saturday cron set. The entire run is restored as eligible without editing its immutable snapshot.",321.0110874666667,True,,,,,,,,,59.0,3.0,62.0,50.5,11.5,False,win,,,,,NOT QUALIFIER,
board_snapshot,2026-09-05 10:38:59.334752+00:00,2026.3,fdb878165a5023cd135a05bcddd58e04356c77c1650acb11647f9972b55ce049,schedule,17 6 * * 6,33961120017,1,0e180a3a83780b48c1b378920b0a3f94ac7ce103,True,120,3.5,56.0,7.5,56.0,NO PLAY,Model edge is below the 3.5-point production threshold.,,OTHER,GENERAL HGB,2026,1,401866410,2026-09-05 16:00:00+00:00,False,Tarleton State,Bowling Green,Doyt L. Perry Stadium,Bowling Green,OH,41.3780114,-83.6225,False,47.5,DraftKings,CFBD,2.0,0.5,47.75,-0.25,,47.95065774951202,0.4506577495120215,0.4506577495120215,over,75.0,72.0,89.0,9.206232736,13.809349104,21.0,0.01,0.0,No meaningful precipitation signal,ok,CLE,Mid-American,UAC,fbs,fcs,False,3,outputs/prospective/2026/snapshots/board_20260905T103859Z_run33961120017_a1_edbccb002f51.csv,edbccb002f5154721ba88f34cbbe004bb8e3620a6ac117081df014e4bd7f1241,,,,,True,"The Sep. 5, 2026 1:17 AM CDT production run was the intentionally deployed Saturday schedule, but its immutable snapshots were stamped ineligible because protocol 2026.3 still listed the superseded Saturday cron set. The entire run is restored as eligible without editing its immutable snapshot.",321.0110874666667,True,,,,,,,,,13.0,20.0,33.0,47.5,-14.5,False,loss,,,,,NOT QUALIFIER,
board_snapshot,2026-09-05 10:38:59.334752+00:00,2026.3,fdb878165a5023cd135a05bcddd58e04356c77c1650acb11647f9972b55ce049,schedule,17 6 * * 6,33961120017,1,0e180a3a83780b48c1b378920b0a3f94ac7ce103,True,120,3.5,56.0,7.5,56.0,NO PLAY,FCS-only model does not meet the conservative under-edge screen.,FCS-only HGB,FCS,FCS-only HGB,2026,1,401867924,2026-09-05 16:00:00+00:00,False,Stonehill,New Haven,Ralph F. DellaCamera Stadium,West Haven,CT,41.2706527,-72.9470471,False,41.5,DraftKings,CFBD,1.0,0.0,41.5,0.0,,39.37745251860032,-2.122547481399682,2.122547481399682,under,74.0,63.0,69.0,6.904674552,11.50779092,3.0,0.0,0.0,No meaningful precipitation signal,ok,OKX,NEC,NEC,fcs,fcs,False,3,outputs/prospective/2026/snapshots/board_20260905T103859Z_run33961120017_a1_edbccb002f51.csv,edbccb002f5154721ba88f34cbbe004bb8e3620a6ac117081df014e4bd7f1241,,,,,True,"The Sep. 5, 2026 1:17 AM CDT production run was the intentionally deployed Saturday schedule, but its immutable snapshots were stamped ineligible because protocol 2026.3 still listed the superseded Saturday cron set. The entire run is restored as eligible without editing its immutable snapshot.",321.0110874666667,True,,,,,,,,,3.0,21.0,24.0,41.5,-17.5,False,win,,,,,NOT QUALIFIER,
board_snapshot,2026-09-05 10:38:59.334752+00:00,2026.3,fdb878165a5023cd135a05bcddd58e04356c77c1650acb11647f9972b55ce049,schedule,17 6 * * 6,33961120017,1,0e180a3a83780b48c1b378920b0a3f94ac7ce103,True,120,3.5,56.0,7.5,56.0,NO LINE,No current market total is available.,,OTHER,GENERAL HGB,2026,1,401867928,2026-09-05 16:00:00+00:00,False,Southern Connecticut State,Wagner,Wagner College Stadium,Staten Island,NY,40.614688,-74.090639,False,,missing,,,,,,,,,,over,,,,,,,,,,,,NEC,Northeast 10,fcs,ii,False,4,outputs/prospective/2026/snapshots/board_20260905T103859Z_run33961120017_a1_edbccb002f51.csv,edbccb002f5154721ba88f34cbbe004bb8e3620a6ac117081df014e4bd7f1241,,,,,True,"The Sep. 5, 2026 1:17 AM CDT production run was the intentionally deployed Saturday schedule, but its immutable snapshots were stamped ineligible because protocol 2026.3 still listed the superseded Saturday cron set. The entire run is restored as eligible without editing its immutable snapshot.",321.0110874666667,True,,,,,,,,,31.0,7.0,38.0,,,False,,,,,,NOT QUALIFIER,
board_snapshot,2026-09-05 10:38:59.334752+00:00,2026.3,fdb878165a5023cd135a05bcddd58e04356c77c1650acb11647f9972b55ce049,schedule,17 6 * * 6,33961120017,1,0e180a3a83780b48c1b378920b0a3f94ac7ce103,True,120,3.5,56.0,7.5,56.0,NO PLAY,Model edge is below the 3.5-point production threshold.,,FBS,GENERAL HGB,2026,1,401869960,2026-09-05 16:00:00+00:00,False,Liberty,James Madison,Bridgeforth Stadium,Harrisonburg,VA,38.4352919,-78.8729349,False,50.5,DraftKings,CFBD,2.0,0.0,50.5,0.0,,51.07782278669887,0.5778227866988707,0.5778227866988707,over,82.0,69.0,65.0,5.75389546,13.809349104,21.0,0.03,0.0,Measurable precipitation forecast,ok,LWX,Sun Belt,Conference USA,fbs,fbs,True,3,outputs/prospective/2026/snapshots/board_20260905T103859Z_run33961120017_a1_edbccb002f51.csv,edbccb002f5154721ba88f34cbbe004bb8e3620a6ac117081df014e4bd7f1241,,,,,True,"The Sep. 5, 2026 1:17 AM CDT production run was the intentionally deployed Saturday schedule, but its immutable snapshots were stamped ineligible because protocol 2026.3 still listed the superseded Saturday cron set. The entire run is restored as eligible without editing its immutable snapshot.",321.0110874666667,True,,,,,,,,,20.0,13.0,33.0,50.5,-17.5,False,loss,,,,,NOT QUALIFIER,
board_snapshot,2026-09-04 16:56:10.034399+00:00,2026.3,fdb878165a5023cd135a05bcddd58e04356c77c1650acb11647f9972b55ce049,schedule,"17 13 * * 4,5",33897600789,1,09eecafe1053e09a7ab1c65d0002e0802d56c273,True,120,3.5,56.0,7.5,56.0,NO LINE,No current market total is available.,,OTHER,GENERAL HGB,2026,1,401906844,2026-09-05 16:00:00+00:00,False,McKendree,Hillsdale,"Frank ""Muddy"" Waters Stadium",Hillsdale,MI,41.8779105,-84.5984396,False,,missing,,,,,,,,,,over,,,,,,,,,,,,Great Midwest Athletic,Great Lakes,ii,ii,False,4,outputs/prospective/2026/snapshots/board_20260904T165610Z_run33897600789_a1_d18ee67b9f59.csv,d18ee67b9f59c4e1520cae26d9174f2d8c7dc30f4faaa6b1cabf63bd40ca97c4,,,,,False,,1383.8327600166667,True,,,,,,,,,55.0,24.0,79.0,,,False,,,,,,NOT QUALIFIER,
board_snapshot,2026-09-04 16:56:10.034399+00:00,2026.3,fdb878165a5023cd135a05bcddd58e04356c77c1650acb11647f9972b55ce049,schedule,"17 13 * * 4,5",33897600789,1,09eecafe1053e09a7ab1c65d0002e0802d56c273,True,120,3.5,56.0,7.5,56.0,NO LINE,No current market total is available.,,OTHER,GENERAL HGB,2026,1,401906994,2026-09-05 16:00:00+00:00,False,Midwestern State,Michigan Tech,Sherman Field,Houghton,MI,46.8591287,-88.7774734,False,,missing,,,,,,,,,,over,,,,,,,,,,,,GLIAC,Lone Star,ii,ii,False,4,outputs/prospective/2026/snapshots/board_20260904T165610Z_run33897600789_a1_d18ee67b9f59.csv,d18ee67b9f59c4e1520cae26d9174f2d8c7dc30f4faaa6b1cabf63bd40ca97c4,,,,,False,,1383.8327600166667,True,,,,,,,,,48.0,27.0,75.0,,,False,,,,,,NOT QUALIFIER,
board_snapshot,2026-09-04 16:56:10.034399+00:00,2026.3,fdb878165a5023cd135a05bcddd58e04356c77c1650acb11647f9972b55ce049,schedule,"17 13 * * 4,5",33897600789,1,09eecafe1053e09a7ab1c65d0002e0802d56c273,True,120,3.5,56.0,7.5,56.0,NO LINE,No current market total is available.,,OTHER,GENERAL HGB,2026,1,401907013,2026-09-05 16:00:00+00:00,False,Truman State,Davenport,Farmers Insurance Athletic Complex,Caledonia,MI,37.763382,-90.7729061,False,,missing,,,,,,,,,,over,,,,,,,,,,,,GLIAC,Great Lakes,ii,ii,False,4,outputs/prospective/2026/snapshots/board_20260904T165610Z_run33897600789_a1_d18ee67b9f59.csv,d18ee67b9f59c4e1520cae26d9174f2d8c7dc30f4faaa6b1cabf63bd40ca97c4,,,,,False,,1383.8327600166667,True,,,,,,,,,28.0,14.0,42.0,,,False,,,,,,NOT QUALIFIER,
board_snapshot,2026-09-04 16:56:10.034399+00:00,2026.3,fdb878165a5023cd135a05bcddd58e04356c77c1650acb11647f9972b55ce049,schedule,"17 13 * * 4,5",33897600789,1,09eecafe1053e09a7ab1c65d0002e0802d56c273,True,120,3.5,56.0,7.5,56.0,NO LINE,No current market total is available.,,OTHER,GENERAL HGB,2026,1,401907832,2026-09-05 16:00:00+00:00,False,Illinois Wesleyan,Albion,Sprankle-Sprandel Stadium,Albion,MI,42.243097,-84.7530304,False,,missing,,,,,,,,,,over,,,,,,,,,,,,Michigan,CCIW,iii,iii,False,4,outputs/prospective/2026/snapshots/board_20260904T165610Z_run33897600789_a1_d18ee67b9f59.csv,d18ee67b9f59c4e1520cae26d9174f2d8c7dc30f4faaa6b1cabf63bd40ca97c4,,,,,False,,1383.8327600166667,True,,,,,,,,,10.0,24.0,34.0,,,False,,,,,,NOT QUALIFIER,
board_snapshot,2026-09-04 16:56:10.034399+00:00,2026.3,fdb878165a5023cd135a05bcddd58e04356c77c1650acb11647f9972b55ce049,schedule,"17 13 * * 4,5",33897600789,1,09eecafe1053e09a7ab1c65d0002e0802d56c273,True,120,3.5,56.0,7.5,56.0,NO LINE,No current market total is available.,,OTHER,GENERAL HGB,2026,1,401907879,2026-09-05 16:00:00+00:00,False,SUNY Cortland,Grove City,Robert E. Thorn Field,Grove City,PA,41.1579008,-80.0886631,False,,missing,,,,,,,,,,over,,,,,,,,,,,,Presidents',Empire 8,iii,iii,False,4,outputs/prospective/2026/snapshots/board_20260904T165610Z_run33897600789_a1_d18ee67b9f59.csv,d18ee67b9f59c4e1520cae26d9174f2d8c7dc30f4faaa6b1cabf63bd40ca97c4,,,,,False,,1383.8327600166667,True,,,,,,,,,18.0,28.0,46.0,,,False,,,,,,NOT QUALIFIER,
board_snapshot,2026-09-04 16:56:10.034399+00:00,2026.3,fdb878165a5023cd135a05bcddd58e04356c77c1650acb11647f9972b55ce049,schedule,"17 13 * * 4,5",33897600789,1,09eecafe1053e09a7ab1c65d0002e0802d56c273,True,120,3.5,56.0,7.5,56.0,NO LINE,No current market total is available.,,OTHER,GENERAL HGB,2026,1,401908091,2026-09-05 16:00:00+00:00,False,Washington & Jefferson,Utica,Charles A. Gaetano Stadium,Utica,NY,43.1009031,-75.2326641,False,,missing,,,,,,,,,,over,,,,,,,,,,,,Empire 8,Presidents',iii,iii,False,4,outputs/prospective/2026/snapshots/board_20260904T165610Z_run33897600789_a1_d18ee67b9f59.csv,d18ee67b9f59c4e1520cae26d9174f2d8c7dc30f4faaa6b1cabf63bd40ca97c4,,,,,False,,1383.8327600166667,True,,,,,,,,,26.0,11.0,37.0,,,False,,,,,,NOT QUALIFIER,
board_snapshot,2026-09-04 16:56:10.034399+00:00,2026.3,fdb878165a5023cd135a05bcddd58e04356c77c1650acb11647f9972b55ce049,schedule,"17 13 * * 4,5",33897600789,1,09eecafe1053e09a7ab1c65d0002e0802d56c273,True,120,3.5,56.0,7.5,56.0,NO LINE,No current market total is available.,,OTHER,GENERAL HGB,2026,1,401908101,2026-09-05 16:00:00+00:00,False,Maryville (TN),Heidelberg,Hoernemann Stadium,Tiffin,OH,41.114485,-83.1779537,False,,missing,,,,,,,,,,over,,,,,,,,,,,,Ohio,USA South,iii,iii,False,4,outputs/prospective/2026/snapshots/board_20260904T165610Z_run33897600789_a1_d18ee67b9f59.csv,d18ee67b9f59c4e1520cae26d9174f2d8c7dc30f4faaa6b1cabf63bd40ca97c4,,,,,False,,1383.8327600166667,True,,,,,,,,,40.0,14.0,54.0,,,False,,,,,,NOT QUALIFIER,
board_snapshot,2026-09-04 16:56:10.034399+00:00,2026.3,fdb878165a5023cd135a05bcddd58e04356c77c1650acb11647f9972b55ce049,schedule,"17 13 * * 4,5",33897600789,1,09eecafe1053e09a7ab1c65d0002e0802d56c273,True,120,3.5,56.0,7.5,56.0,NO LINE,No current market total is available.,,OTHER,GENERAL HGB,2026,1,401908189,2026-09-05 16:00:00+00:00,False,Eastern,Endicott,Hempstead Stadium,Beverly,MA,42.5584284,-70.8800491,False,,missing,,,,,,,,,,over,,,,,,,,,,,,Commonwealth Coast,Mid Atlantic,iii,iii,False,4,outputs/prospective/2026/snapshots/board_20260904T165610Z_run33897600789_a1_d18ee67b9f59.csv,d18ee67b9f59c4e1520cae26d9174f2d8c7dc30f4faaa6b1cabf63bd40ca97c4,,,,,False,,1383.8327600166667,True,,,,,,,,,24.0,14.0,38.0,,,False,,,,,,NOT QUALIFIER,
board_snapshot,2026-09-04 16:56:10.034399+00:00,2026.3,fdb878165a5023cd135a05bcddd58e04356c77c1650acb11647f9972b55ce049,schedule,"17 13 * * 4,5",33897600789,1,09eecafe1053e09a7ab1c65d0002e0802d56c273,True,120,3.5,56.0,7.5,56.0,NO LINE,No current market total is available.,,OTHER,GENERAL HGB,2026,1,401908353,2026-09-05 16:00:00+00:00,False,Ithaca,Johns Hopkins,Homewood Field,Baltimore,MD,39.2908816,-76.610759,False,,missing,,,,,,,,,,over,,,,,,,,,,,,Centennial,Liberty League,iii,iii,False,4,outputs/prospective/2026/snapshots/board_20260904T165610Z_run33897600789_a1_d18ee67b9f59.csv,d18ee67b9f59c4e1520cae26d9174f2d8c7dc30f4faaa6b1cabf63bd40ca97c4,,,,,False,,1383.8327600166667,True,,,,,,,,,30.0,21.0,51.0,,,False,,,,,,NOT QUALIFIER,
board_snapshot,2026-09-04 16:56:10.034399+00:00,2026.3,fdb878165a5023cd135a05bcddd58e04356c77c1650acb11647f9972b55ce049,schedule,"17 13 * * 4,5",33897600789,1,09eecafe1053e09a7ab1c65d0002e0802d56c273,True,120,3.5,56.0,7.5,56.0,NO LINE,No current market total is available.,,OTHER,GENERAL HGB,2026,1,401908364,2026-09-05 16:00:00+00:00,False,Muhlenberg,Moravian,Rocco Calvo Field,Bethlehem,PA,40.6178915,-75.3786521,False,,missing,,,,,,,,,,over,,,,,,,,,,,,Landmark Conference,Centennial,iii,iii,False,4,outputs/prospective/2026/snapshots/board_20260904T165610Z_run33897600789_a1_d18ee67b9f59.csv,d18ee67b9f59c4e1520cae26d9174f2d8c7dc30f4faaa6b1cabf63bd40ca97c4,,,,,False,,1383.8327600166667,True,,,,,,,,,7.0,34.0,41.0,,,False,,,,,,NOT QUALIFIER,
board_snapshot,2026-09-04 16:56:10.034399+00:00,2026.3,fdb878165a5023cd135a05bcddd58e04356c77c1650acb11647f9972b55ce049,schedule,"17 13 * * 4,5",33897600789,1,09eecafe1053e09a7ab1c65d0002e0802d56c273,True,120,3.5,56.0,7.5,56.0,NO LINE,No current market total is available.,,OTHER,GENERAL HGB,2026,1,401908475,2026-09-05 16:00:00+00:00,False,Curry,Bridgewater State,Edward C. Swenson Athletic Complex,Bridgewater,MA,41.9903787,-70.9750426,False,,missing,,,,,,,,,,over,,,,,,,,,,,,MSCAC,Commonwealth Coast,iii,iii,False,4,outputs/prospective/2026/snapshots/board_20260904T165610Z_run33897600789_a1_d18ee67b9f59.csv,d18ee67b9f59c4e1520cae26d9174f2d8c7dc30f4faaa6b1cabf63bd40ca97c4,,,,,False,,1383.8327600166667,True,,,,,,,,,63.0,35.0,98.0,,,False,,,,,,NOT QUALIFIER,
board_snapshot,2026-09-04 16:56:10.034399+00:00,2026.3,fdb878165a5023cd135a05bcddd58e04356c77c1650acb11647f9972b55ce049,schedule,"17 13 * * 4,5",33897600789,1,09eecafe1053e09a7ab1c65d0002e0802d56c273,True,120,3.5,56.0,7.5,56.0,NO LINE,No current market total is available.,,OTHER,GENERAL HGB,2026,1,401908530,2026-09-05 16:00:00+00:00,False,New England,Coast Guard,Cadet Memorial Field,New London,CT,41.3556187,-72.0997804,False,,missing,,,,,,,,,,over,,,,,,,,,,,,NEWMAC,Commonwealth Coast,iii,iii,False,4,outputs/prospective/2026/snapshots/board_20260904T165610Z_run33897600789_a1_d18ee67b9f59.csv,d18ee67b9f59c4e1520cae26d9174f2d8c7dc30f4faaa6b1cabf63bd40ca97c4,,,,,False,,1383.8327600166667,True,,,,,,,,,49.0,35.0,84.0,,,False,,,,,,NOT QUALIFIER,
board_snapshot,2026-09-04 16:56:10.034399+00:00,2026.3,fdb878165a5023cd135a05bcddd58e04356c77c1650acb11647f9972b55ce049,schedule,"17 13 * * 4,5",33897600789,1,09eecafe1053e09a7ab1c65d0002e0802d56c273,True,120,3.5,56.0,7.5,56.0,NO LINE,No current market total is available.,,OTHER,GENERAL HGB,2026,1,401908557,2026-09-05 16:00:00+00:00,False,New England College,Plymouth State,Charles L. Currier Memorial Field,Plymouth,NH,43.757209,-71.688538,False,,missing,,,,,,,,,,over,,,,,,,,,,,,MSCAC,missing,iii,,False,4,outputs/prospective/2026/snapshots/board_20260904T165610Z_run33897600789_a1_d18ee67b9f59.csv,d18ee67b9f59c4e1520cae26d9174f2d8c7dc30f4faaa6b1cabf63bd40ca97c4,,,,,False,,1383.8327600166667,True,,,,,,,,,28.0,14.0,42.0,,,False,,,,,,NOT QUALIFIER,
board_snapshot,2026-09-04 16:56:10.034399+00:00,2026.3,fdb878165a5023cd135a05bcddd58e04356c77c1650acb11647f9972b55ce049,schedule,"17 13 * * 4,5",33897600789,1,09eecafe1053e09a7ab1c65d0002e0802d56c273,True,120,3.5,56.0,7.5,56.0,NO LINE,No current market total is available.,,OTHER,GENERAL HGB,2026,1,401908563,2026-09-05 16:00:00+00:00,False,Maine Maritime,Mass Maritime,Clean Harbors Stadium,Buzzards Bay,MA,41.745383,-70.618087,False,,missing,,,,,,,,,,over,,,,,,,,,,,,MSCAC,Commonwealth Coast,iii,iii,False,4,outputs/prospective/2026/snapshots/board_20260904T165610Z_run33897600789_a1_d18ee67b9f59.csv,d18ee67b9f59c4e1520cae26d9174f2d8c7dc30f4faaa6b1cabf63bd40ca97c4,,,,,False,,1383.8327600166667,True,,,,,,,,,49.0,0.0,49.0,,,False,,,,,,NOT QUALIFIER,
board_snapshot,2026-09-04 16:56:10.034399+00:00,2026.3,fdb878165a5023cd135a05bcddd58e04356c77c1650acb11647f9972b55ce049,schedule,"17 13 * * 4,5",33897600789,1,09eecafe1053e09a7ab1c65d0002e0802d56c273,True,120,3.5,56.0,7.5,56.0,NO LINE,No current market total is available.,,OTHER,GENERAL HGB,2026,1,401908568,2026-09-05 16:00:00+00:00,False,Fitchburg State,Dean,Dale Lippert Field,Franklin,MA,34.440962,-87.8339064,False,,missing,,,,,,,,,,over,,,,,,,,,,,,MSCAC,MSCAC,iii,iii,False,4,outputs/prospective/2026/snapshots/board_20260904T165610Z_run33897600789_a1_d18ee67b9f59.csv,d18ee67b9f59c4e1520cae26d9174f2d8c7dc30f4faaa6b1cabf63bd40ca97c4,,,,,False,,1383.8327600166667,True,,,,,,,,,26.0,35.0,61.0,,,False,,,,,,NOT QUALIFIER,
board_snapshot,2026-09-04 16:56:10.034399+00:00,2026.3,fdb878165a5023cd135a05bcddd58e04356c77c1650acb11647f9972b55ce049,schedule,"17 13 * * 4,5",33897600789,1,09eecafe1053e09a7ab1c65d0002e0802d56c273,True,120,3.5,56.0,7.5,56.0,NO LINE,No current market total is available.,,OTHER,GENERAL HGB,2026,1,401908624,2026-09-05 16:00:00+00:00,False,WPI,Rensselaer,ECAV Stadium,Troy,NY,42.7284117,-73.6917878,False,,missing,,,,,,,,,,over,,,,,,,,,,,,Liberty League,NEWMAC,iii,iii,False,4,outputs/prospective/2026/snapshots/board_20260904T165610Z_run33897600789_a1_d18ee67b9f59.csv,d18ee67b9f59c4e1520cae26d9174f2d8c7dc30f4faaa6b1cabf63bd40ca97c4,,,,,False,,1383.8327600166667,True,,,,,,,,,35.0,7.0,42.0,,,False,,,,,,NOT QUALIFIER,
board_snapshot,2026-09-04 16:56:10.034399+00:00,2026.3,fdb878165a5023cd135a05bcddd58e04356c77c1650acb11647f9972b55ce049,schedule,"17 13 * * 4,5",33897600789,1,09eecafe1053e09a7ab1c65d0002e0802d56c273,True,120,3.5,56.0,7.5,56.0,NO LINE,No current market total is available.,,OTHER,GENERAL HGB,2026,1,401908738,2026-09-05 16:00:00+00:00,False,Calvin,Otterbein,"Memorial Stadium (Westerville, OH)",Westerville,OH,40.126139,-82.9295287,False,,missing,,,,,,,,,,over,,,,,,,,,,,,Ohio,Michigan,iii,iii,False,4,outputs/prospective/2026/snapshots/board_20260904T165610Z_run33897600789_a1_d18ee67b9f59.csv,d18ee67b9f59c4e1520cae26d9174f2d8c7dc30f4faaa6b1cabf63bd40ca97c4,,,,,False,,1383.8327600166667,True,,,,,,,,,21.0,53.0,74.0,,,False,,,,,,NOT QUALIFIER,
board_snapshot,2026-09-04 16:56:10.034399+00:00,2026.3,fdb878165a5023cd135a05bcddd58e04356c77c1650acb11647f9972b55ce049,schedule,"17 13 * * 4,5",33897600789,1,09eecafe1053e09a7ab1c65d0002e0802d56c273,True,120,3.5,56.0,7.5,56.0,NO LINE,No current market total is available.,,OTHER,GENERAL HGB,2026,1,401909005,2026-09-05 16:00:00+00:00,False,Hampden Sydney,Wabash,Little Giant Stadium,Crawfordsville,IN,40.0401991,-86.8990249,False,,missing,,,,,,,,,,over,,,,,,,,,,,,North Coast,Old Dominion,iii,iii,False,4,outputs/prospective/2026/snapshots/board_20260904T165610Z_run33897600789_a1_d18ee67b9f59.csv,d18ee67b9f59c4e1520cae26d9174f2d8c7dc30f4faaa6b1cabf63bd40ca97c4,,,,,False,,1383.8327600166667,True,,,,,,,,,29.0,20.0,49.0,,,False,,,,,,NOT QUALIFIER,
board_snapshot,2026-09-05 10:38:59.334752+00:00,2026.3,fdb878165a5023cd135a05bcddd58e04356c77c1650acb11647f9972b55ce049,schedule,17 6 * * 6,33961120017,1,0e180a3a83780b48c1b378920b0a3f94ac7ce103,True,120,3.5,56.0,7.5,56.0,NO PLAY,Model edge is below the 3.5-point production threshold.,,FBS,GENERAL HGB,2026,1,401858207,2026-09-05 16:30:00+00:00,False,Miami (OH),Pittsburgh,Acrisure Stadium,Pittsburgh,PA,40.4467648,-80.0157603,False,47.5,DraftKings,CFBD,2.0,0.5,47.25,0.25,,48.66840397577624,1.1684039757762334,1.1684039757762334,over,76.0,72.0,88.0,3.452337276,8.055453644,25.0,0.0,0.0,Low precipitation chance,ok,PBZ,ACC,Mid-American,fbs,fbs,True,3,outputs/prospective/2026/snapshots/board_20260905T103859Z_run33961120017_a1_edbccb002f51.csv,edbccb002f5154721ba88f34cbbe004bb8e3620a6ac117081df014e4bd7f1241,,,,,True,"The Sep. 5, 2026 1:17 AM CDT production run was the intentionally deployed Saturday schedule, but its immutable snapshots were stamped ineligible because protocol 2026.3 still listed the superseded Saturday cron set. The entire run is restored as eligible without editing its immutable snapshot.",351.0110874666667,True,,,,,,,,,59.0,14.0,73.0,47.5,25.5,False,win,,,,,NOT QUALIFIER,
board_snapshot,2026-09-05 10:38:59.334752+00:00,2026.3,fdb878165a5023cd135a05bcddd58e04356c77c1650acb11647f9972b55ce049,schedule,17 6 * * 6,33961120017,1,0e180a3a83780b48c1b378920b0a3f94ac7ce103,True,120,3.5,56.0,7.5,56.0,NO PLAY,Model edge is below the 3.5-point production threshold.,,FBS,GENERAL HGB,2026,1,401858432,2026-09-05 16:30:00+00:00,False,Ball State,Ohio State,Ohio Stadium,Columbus,OH,40.0016447,-83.0197266,False,56.5,DraftKings,CFBD,2.0,0.0,56.5,0.0,,57.29578576727431,0.7957857672743083,0.7957857672743083,over,81.0,75.0,82.0,4.603116368,9.206232736,26.0,0.01,0.0,Low precipitation chance,ok,ILN,Big Ten,Mid-American,fbs,fbs,True,3,outputs/prospective/2026/snapshots/board_20260905T103859Z_run33961120017_a1_edbccb002f51.csv,edbccb002f5154721ba88f34cbbe004bb8e3620a6ac117081df014e4bd7f1241,,,,,True,"The Sep. 5, 2026 1:17 AM CDT production run was the intentionally deployed Saturday schedule, but its immutable snapshots were stamped ineligible because protocol 2026.3 still listed the superseded Saturday cron set. The entire run is restored as eligible without editing its immutable snapshot.",351.0110874666667,True,,,,,,,,,56.0,3.0,59.0,56.5,2.5,False,win,,,,,NOT QUALIFIER,
board_snapshot,2026-09-05 10:38:59.334752+00:00,2026.3,fdb878165a5023cd135a05bcddd58e04356c77c1650acb11647f9972b55ce049,schedule,17 6 * * 6,33961120017,1,0e180a3a83780b48c1b378920b0a3f94ac7ce103,True,120,3.5,56.0,7.5,56.0,NO PLAY,FCS-only model points over; the FCS research track has not validated an over production strategy.,5.0+ model edge; FCS-only HGB,FCS,FCS-only HGB,2026,1,401868017,2026-09-05 16:30:00+00:00,False,Lehigh,Georgetown,Cooper Field,Washington,DC,38.9080248,-77.0753144,False,49.5,DraftKings,CFBD,1.0,0.0,49.5,0.0,,56.12734794080708,6.627347940807075,6.627347940807075,over,80.0,70.0,72.0,5.75389546,11.50779092,16.0,0.01,0.0,No meaningful precipitation signal,ok,LWX,Patriot,Patriot,fcs,fcs,False,3,outputs/prospective/2026/snapshots/board_20260905T103859Z_run33961120017_a1_edbccb002f51.csv,edbccb002f5154721ba88f34cbbe004bb8e3620a6ac117081df014e4bd7f1241,,,,,True,"The Sep. 5, 2026 1:17 AM CDT production run was the intentionally deployed Saturday schedule, but its immutable snapshots were stamped ineligible because protocol 2026.3 still listed the superseded Saturday cron set. The entire run is restored as eligible without editing its immutable snapshot.",351.0110874666667,True,,,,,,,,,14.0,45.0,59.0,49.5,9.5,False,win,,,,,NOT QUALIFIER,
board_snapshot,2026-09-05 10:38:59.334752+00:00,2026.3,fdb878165a5023cd135a05bcddd58e04356c77c1650acb11647f9972b55ce049,schedule,17 6 * * 6,33961120017,1,0e180a3a83780b48c1b378920b0a3f94ac7ce103,True,120,3.5,56.0,7.5,56.0,NO PLAY,Model edge is below the 3.5-point production threshold.,,FBS,GENERAL HGB,2026,1,401856665,2026-09-05 16:45:00+00:00,False,Kent State,South Carolina,Williams-Brice Stadium,Columbia,SC,33.9730239,-81.0191726,False,53.5,DraftKings,CFBD,2.0,0.0,53.5,0.0,,54.00588246825406,0.5058824682540549,0.5058824682540549,over,94.0,74.0,53.0,2.301558184,5.75389546,0.0,0.0,0.0,No meaningful precipitation signal,ok,CAE,SEC,Mid-American,fbs,fbs,True,3,outputs/prospective/2026/snapshots/board_20260905T103859Z_run33961120017_a1_edbccb002f51.csv,edbccb002f5154721ba88f34cbbe004bb8e3620a6ac117081df014e4bd7f1241,,,,,True,"The Sep. 5, 2026 1:17 AM CDT production run was the intentionally deployed Saturday schedule, but its immutable snapshots were stamped ineligible because protocol 2026.3 still listed the superseded Saturday cron set. The entire run is restored as eligible without editing its immutable snapshot.",366.0110874666667,True,,,,,,,,,57.0,0.0,57.0,53.5,3.5,False,win,,,,,NOT QUALIFIER,
board_snapshot,2026-09-05 10:38:59.334752+00:00,2026.3,fdb878165a5023cd135a05bcddd58e04356c77c1650acb11647f9972b55ce049,schedule,17 6 * * 6,33961120017,1,0e180a3a83780b48c1b378920b0a3f94ac7ce103,True,120,3.5,56.0,7.5,56.0,NO PLAY,Model edge is below the 3.5-point production threshold.,,OTHER,GENERAL HGB,2026,1,401856659,2026-09-05 17:00:00+00:00,False,Youngstown State,Kentucky,Kroger Field,Lexington,KY,38.0220905,-84.5053408,False,62.5,DraftKings,CFBD,2.0,0.0,62.5,0.0,,62.181702957002585,-0.3182970429974126,0.3182970429974126,under,91.0,70.0,50.0,6.904674552,13.809349104,8.0,0.01,0.0,No meaningful precipitation signal,ok,LMK,SEC,MVFC,fbs,fcs,False,3,outputs/prospective/2026/snapshots/board_20260905T103859Z_run33961120017_a1_edbccb002f51.csv,edbccb002f5154721ba88f34cbbe004bb8e3620a6ac117081df014e4bd7f1241,,,,,True,"The Sep. 5, 2026 1:17 AM CDT production run was the intentionally deployed Saturday schedule, but its immutable snapshots were stamped ineligible because protocol 2026.3 still listed the superseded Saturday cron set. The entire run is restored as eligible without editing its immutable snapshot.",381.0110874666667,True,62.0,2026-09-05 16:49:57.206012+00:00,10.046566466666667,DraftKings,CFBD,2.0,outputs/prospective/2026/close_captures/close_20260905T164957Z_run33979049684_a1_351dde725fde.csv,351dde725fde9a3ea46b194377365d097fc214d863dfb8fab6c6aae18c3d317e,45.0,13.0,58.0,62.5,-4.5,False,win,,,0.5,1.0,NOT QUALIFIER,
board_snapshot,2026-09-05 10:38:59.334752+00:00,2026.3,fdb878165a5023cd135a05bcddd58e04356c77c1650acb11647f9972b55ce049,schedule,17 6 * * 6,33961120017,1,0e180a3a83780b48c1b378920b0a3f94ac7ce103,True,120,3.5,56.0,7.5,56.0,NO PLAY,Model edge is below the 3.5-point production threshold.,,OTHER,GENERAL HGB,2026,1,401856779,2026-09-05 17:00:00+00:00,False,Southeast Missouri State,Iowa State,Jack Trice Stadium,Ames,IA,42.0139977,-93.6357716,False,53.5,DraftKings,CFBD,1.0,0.0,53.5,0.0,,54.21429307393505,0.7142930739350536,0.7142930739350536,over,89.0,76.0,66.0,5.75389546,8.055453644,2.0,0.0,0.0,No meaningful precipitation signal,ok,DMX,Big 12,OVC,fbs,fcs,False,3,outputs/prospective/2026/snapshots/board_20260905T103859Z_run33961120017_a1_edbccb002f51.csv,edbccb002f5154721ba88f34cbbe004bb8e3620a6ac117081df014e4bd7f1241,,,,,True,"The Sep. 5, 2026 1:17 AM CDT production run was the intentionally deployed Saturday schedule, but its immutable snapshots were stamped ineligible because protocol 2026.3 still listed the superseded Saturday cron set. The entire run is restored as eligible without editing its immutable snapshot.",381.0110874666667,True,52.5,2026-09-05 16:49:57.206012+00:00,10.046566466666667,DraftKings,CFBD,1.0,outputs/prospective/2026/close_captures/close_20260905T164957Z_run33979049684_a1_351dde725fde.csv,351dde725fde9a3ea46b194377365d097fc214d863dfb8fab6c6aae18c3d317e,38.0,10.0,48.0,53.5,-5.5,False,loss,,,-1.0,0.0,NOT QUALIFIER,
board_snapshot,2026-09-05 10:38:59.334752+00:00,2026.3,fdb878165a5023cd135a05bcddd58e04356c77c1650acb11647f9972b55ce049,schedule,17 6 * * 6,33961120017,1,0e180a3a83780b48c1b378920b0a3f94ac7ce103,True,120,3.5,56.0,7.5,56.0,NO PLAY,Model edge is below the 3.5-point production threshold.,,OTHER,GENERAL HGB,2026,1,401864496,2026-09-05 17:00:00+00:00,False,Duquesne,Air Force,Falcon Stadium,Colorado Springs,CO,38.9969701,-104.8436165,False,57.5,DraftKings,CFBD,2.0,0.0,57.5,0.0,,57.85351996799096,0.3535199679909518,0.3535199679909518,over,81.0,44.0,27.0,6.904674552,12.658570012,2.0,0.0,0.0,No meaningful precipitation signal,ok,PUB,Mountain West,NEC,fbs,fcs,False,3,outputs/prospective/2026/snapshots/board_20260905T103859Z_run33961120017_a1_edbccb002f51.csv,edbccb002f5154721ba88f34cbbe004bb8e3620a6ac117081df014e4bd7f1241,,,,,True,"The Sep. 5, 2026 1:17 AM CDT production run was the intentionally deployed Saturday schedule, but its immutable snapshots were stamped ineligible because protocol 2026.3 still listed the superseded Saturday cron set. The entire run is restored as eligible without editing its immutable snapshot.",381.0110874666667,True,56.5,2026-09-05 16:49:57.206012+00:00,10.046566466666667,DraftKings,CFBD,2.0,outputs/prospective/2026/close_captures/close_20260905T164957Z_run33979049684_a1_351dde725fde.csv,351dde725fde9a3ea46b194377365d097fc214d863dfb8fab6c6aae18c3d317e,34.0,0.0,34.0,57.5,-23.5,False,loss,,,-1.0,0.0,NOT QUALIFIER,
board_snapshot,2026-09-05 10:38:59.334752+00:00,2026.3,fdb878165a5023cd135a05bcddd58e04356c77c1650acb11647f9972b55ce049,schedule,17 6 * * 6,33961120017,1,0e180a3a83780b48c1b378920b0a3f94ac7ce103,True,120,3.5,56.0,7.5,56.0,NO PLAY,FCS-only model does not meet the conservative under-edge screen.,FCS-only HGB,FCS,FCS-only HGB,2026,1,401868000,2026-09-05 17:00:00+00:00,False,Holy Cross,Colgate,Andy Kerr Stadium,Hamilton,NY,42.8168991,-75.5452721,False,47.5,DraftKings,CFBD,1.0,0.0,47.5,0.0,,52.36990471693321,4.869904716933212,4.869904716933212,over,71.0,60.0,68.0,6.904674552,11.50779092,6.0,0.0,0.0,No meaningful precipitation signal,ok,BGM,Patriot,Patriot,fcs,fcs,False,3,outputs/prospective/2026/snapshots/board_20260905T103859Z_run33961120017_a1_edbccb002f51.csv,edbccb002f5154721ba88f34cbbe004bb8e3620a6ac117081df014e4bd7f1241,,,,,True,"The Sep. 5, 2026 1:17 AM CDT production run was the intentionally deployed Saturday schedule, but its immutable snapshots were stamped ineligible because protocol 2026.3 still listed the superseded Saturday cron set. The entire run is restored as eligible without editing its immutable snapshot.",381.0110874666667,True,49.5,2026-09-05 16:49:57.206012+00:00,10.046566466666667,DraftKings,CFBD,1.0,outputs/prospective/2026/close_captures/close_20260905T164957Z_run33979049684_a1_351dde725fde.csv,351dde725fde9a3ea46b194377365d097fc214d863dfb8fab6c6aae18c3d317e,35.0,10.0,45.0,47.5,-2.5,False,loss,,,2.0,1.0,NOT QUALIFIER,
board_snapshot,2026-09-04 16:56:10.034399+00:00,2026.3,fdb878165a5023cd135a05bcddd58e04356c77c1650acb11647f9972b55ce049,schedule,"17 13 * * 4,5",33897600789,1,09eecafe1053e09a7ab1c65d0002e0802d56c273,True,120,3.5,56.0,7.5,56.0,NO LINE,No current market total is available.,,OTHER,GENERAL HGB,2026,1,401873228,2026-09-05 17:00:00+00:00,False,Lewis & Clark,Puget Sound,Baker Stadium,Tacoma,WA,47.2495798,-122.4398746,False,,missing,,,,,,,,,,over,,,,,,,,,,,,Northwest,Northwest,iii,iii,False,4,outputs/prospective/2026/snapshots/board_20260904T165610Z_run33897600789_a1_d18ee67b9f59.csv,d18ee67b9f59c4e1520cae26d9174f2d8c7dc30f4faaa6b1cabf63bd40ca97c4,,,,,False,,1443.8327600166667,True,,,,,,,,,21.0,42.0,63.0,,,False,,,,,,NOT QUALIFIER,
board_snapshot,2026-09-04 16:56:10.034399+00:00,2026.3,fdb878165a5023cd135a05bcddd58e04356c77c1650acb11647f9972b55ce049,schedule,"17 13 * * 4,5",33897600789,1,09eecafe1053e09a7ab1c65d0002e0802d56c273,True,120,3.5,56.0,7.5,56.0,NO LINE,No current market total is available.,,OTHER,GENERAL HGB,2026,1,401873403,2026-09-05 17:00:00+00:00,False,SUNY Morrisville,Kean,Kean Alumni Stadium,Union,NJ,40.6976019,-74.2632024,False,,missing,,,,,,,,,,over,,,,,,,,,,,,New Jersey,Empire 8,iii,iii,False,4,outputs/prospective/2026/snapshots/board_20260904T165610Z_run33897600789_a1_d18ee67b9f59.csv,d18ee67b9f59c4e1520cae26d9174f2d8c7dc30f4faaa6b1cabf63bd40ca97c4,,,,,False,,1443.8327600166667,True,,,,,,,,,30.0,33.0,63.0,,,False,,,,,,NOT QUALIFIER,
board_snapshot,2026-09-04 16:56:10.034399+00:00,2026.3,fdb878165a5023cd135a05bcddd58e04356c77c1650acb11647f9972b55ce049,schedule,"17 13 * * 4,5",33897600789,1,09eecafe1053e09a7ab1c65d0002e0802d56c273,True,120,3.5,56.0,7.5,56.0,NO LINE,No current market total is available.,,OTHER,GENERAL HGB,2026,1,401906118,2026-09-05 17:00:00+00:00,False,Bowie State,Virginia State,Rogers Stadium (VA),Petersburg,VA,37.227928,-77.4019268,False,,missing,,,,,,,,,,over,,,,,,,,,,,,CIAA,CIAA,ii,ii,False,4,outputs/prospective/2026/snapshots/board_20260904T165610Z_run33897600789_a1_d18ee67b9f59.csv,d18ee67b9f59c4e1520cae26d9174f2d8c7dc30f4faaa6b1cabf63bd40ca97c4,,,,,False,,1443.8327600166667,True,,,,,,,,,42.0,13.0,55.0,,,False,,,,,,NOT QUALIFIER,
board_snapshot,2026-09-04 16:56:10.034399+00:00,2026.3,fdb878165a5023cd135a05bcddd58e04356c77c1650acb11647f9972b55ce049,schedule,"17 13 * * 4,5",33897600789,1,09eecafe1053e09a7ab1c65d0002e0802d56c273,True,120,3.5,56.0,7.5,56.0,NO LINE,No current market total is available.,,OTHER,GENERAL HGB,2026,1,401907138,2026-09-05 17:00:00+00:00,False,Colorado School of Mines,Washburn,Yager Stadium at Moore Bowl,Topeka,KS,39.049011,-95.677556,False,,missing,,,,,,,,,,over,,,,,,,,,,,,Mid America,Rocky Mountain,ii,ii,False,4,outputs/prospective/2026/snapshots/board_20260904T165610Z_run33897600789_a1_d18ee67b9f59.csv,d18ee67b9f59c4e1520cae26d9174f2d8c7dc30f4faaa6b1cabf63bd40ca97c4,,,,,False,,1443.8327600166667,True,,,,,,,,,16.0,16.0,32.0,,,False,,,,,,NOT QUALIFIER,
board_snapshot,2026-09-04 16:56:10.034399+00:00,2026.3,fdb878165a5023cd135a05bcddd58e04356c77c1650acb11647f9972b55ce049,schedule,"17 13 * * 4,5",33897600789,1,09eecafe1053e09a7ab1c65d0002e0802d56c273,True,120,3.5,56.0,7.5,56.0,NO LINE,No current market total is available.,,OTHER,GENERAL HGB,2026,1,401907250,2026-09-05 17:00:00+00:00,False,Clark Atlanta,Morehouse,B.T. Harvey Stadium,Atlanta,GA,33.7489924,-84.3902644,False,,missing,,,,,,,,,,over,,,,,,,,,,,,SIAC,SIAC,ii,ii,False,4,outputs/prospective/2026/snapshots/board_20260904T165610Z_run33897600789_a1_d18ee67b9f59.csv,d18ee67b9f59c4e1520cae26d9174f2d8c7dc30f4faaa6b1cabf63bd40ca97c4,,,,,False,,1443.8327600166667,True,,,,,,,,,21.0,31.0,52.0,,,False,,,,,,NOT QUALIFIER,
board_snapshot,2026-09-04 16:56:10.034399+00:00,2026.3,fdb878165a5023cd135a05bcddd58e04356c77c1650acb11647f9972b55ce049,schedule,"17 13 * * 4,5",33897600789,1,09eecafe1053e09a7ab1c65d0002e0802d56c273,True,120,3.5,56.0,7.5,56.0,NO LINE,No current market total is available.,,OTHER,GENERAL HGB,2026,1,401907604,2026-09-05 17:00:00+00:00,False,Frostburg State,Shepherd,Ram Stadium (WV),Shepherdstown,WV,39.4300996,-77.804161,False,,missing,,,,,,,,,,over,,,,,,,,,,,,Pennsylvania State Athletic,Mountain East,ii,ii,False,4,outputs/prospective/2026/snapshots/board_20260904T165610Z_run33897600789_a1_d18ee67b9f59.csv,d18ee67b9f59c4e1520cae26d9174f2d8c7dc30f4faaa6b1cabf63bd40ca97c4,,,,,False,,1443.8327600166667,True,,,,,,,,,34.0,26.0,60.0,,,False,,,,,,NOT QUALIFIER,
board_snapshot,2026-09-04 16:56:10.034399+00:00,2026.3,fdb878165a5023cd135a05bcddd58e04356c77c1650acb11647f9972b55ce049,schedule,"17 13 * * 4,5",33897600789,1,09eecafe1053e09a7ab1c65d0002e0802d56c273,True,120,3.5,56.0,7.5,56.0,NO LINE,No current market total is available.,,OTHER,GENERAL HGB,2026,1,401907826,2026-09-05 17:00:00+00:00,False,Illinois College,Elmhurst,Langhorst Field,Elmhurst,IL,41.8994745,-87.9403418,False,,missing,,,,,,,,,,over,,,,,,,,,,,,CCIW,Midwest,iii,iii,False,4,outputs/prospective/2026/snapshots/board_20260904T165610Z_run33897600789_a1_d18ee67b9f59.csv,d18ee67b9f59c4e1520cae26d9174f2d8c7dc30f4faaa6b1cabf63bd40ca97c4,,,,,False,,1443.8327600166667,True,,,,,,,,,13.0,28.0,41.0,,,False,,,,,,NOT QUALIFIER,
board_snapshot,2026-09-04 16:56:10.034399+00:00,2026.3,fdb878165a5023cd135a05bcddd58e04356c77c1650acb11647f9972b55ce049,schedule,"17 13 * * 4,5",33897600789,1,09eecafe1053e09a7ab1c65d0002e0802d56c273,True,120,3.5,56.0,7.5,56.0,NO LINE,No current market total is available.,,OTHER,GENERAL HGB,2026,1,401907843,2026-09-05 17:00:00+00:00,False,Bethel (MN),North Central College,Benedetti-Wehrli Stadium,Naperville,IL,41.7728699,-88.1479278,False,,missing,,,,,,,,,,over,,,,,,,,,,,,CCIW,Minnesota,iii,iii,False,4,outputs/prospective/2026/snapshots/board_20260904T165610Z_run33897600789_a1_d18ee67b9f59.csv,d18ee67b9f59c4e1520cae26d9174f2d8c7dc30f4faaa6b1cabf63bd40ca97c4,,,,,False,,1443.8327600166667,True,,,,,,,,,44.0,21.0,65.0,,,False,,,,,,NOT QUALIFIER,
board_snapshot,2026-09-04 16:56:10.034399+00:00,2026.3,fdb878165a5023cd135a05bcddd58e04356c77c1650acb11647f9972b55ce049,schedule,"17 13 * * 4,5",33897600789,1,09eecafe1053e09a7ab1c65d0002e0802d56c273,True,120,3.5,56.0,7.5,56.0,NO LINE,No current market total is available.,,OTHER,GENERAL HGB,2026,1,401908049,2026-09-05 17:00:00+00:00,False,Alma,Wisconsin Eau Claire,Carson Park,Eau Claire,WI,44.811349,-91.4984941,False,,missing,,,,,,,,,,over,,,,,,,,,,,,Wisconsin,Michigan,iii,iii,False,4,outputs/prospective/2026/snapshots/board_20260904T165610Z_run33897600789_a1_d18ee67b9f59.csv,d18ee67b9f59c4e1520cae26d9174f2d8c7dc30f4faaa6b1cabf63bd40ca97c4,,,,,False,,1443.8327600166667,True,,,,,,,,,23.0,15.0,38.0,,,False,,,,,,NOT QUALIFIER,
board_snapshot,2026-09-04 16:56:10.034399+00:00,2026.3,fdb878165a5023cd135a05bcddd58e04356c77c1650acb11647f9972b55ce049,schedule,"17 13 * * 4,5",33897600789,1,09eecafe1053e09a7ab1c65d0002e0802d56c273,True,120,3.5,56.0,7.5,56.0,NO LINE,No current market total is available.,,OTHER,GENERAL HGB,2026,1,401908069,2026-09-05 17:00:00+00:00,False,Hilbert,Saint Vincent,Chuck Noll Field,Latrobe,PA,40.317287,-79.3840301,False,,missing,,,,,,,,,,over,,,,,,,,,,,,Presidents',Empire 8,iii,iii,False,4,outputs/prospective/2026/snapshots/board_20260904T165610Z_run33897600789_a1_d18ee67b9f59.csv,d18ee67b9f59c4e1520cae26d9174f2d8c7dc30f4faaa6b1cabf63bd40ca97c4,,,,,False,,1443.8327600166667,True,,,,,,,,,60.0,6.0,66.0,,,False,,,,,,NOT QUALIFIER,
board_snapshot,2026-09-04 16:56:10.034399+00:00,2026.3,fdb878165a5023cd135a05bcddd58e04356c77c1650acb11647f9972b55ce049,schedule,"17 13 * * 4,5",33897600789,1,09eecafe1053e09a7ab1c65d0002e0802d56c273,True,120,3.5,56.0,7.5,56.0,NO LINE,No current market total is available.,,OTHER,GENERAL HGB,2026,1,401908257,2026-09-05 17:00:00+00:00,False,Westminster (MO),Manchester,Carl W. Burt Memorial Stadium,North Manchester,IN,41.0006005,-85.768597,False,,missing,,,,,,,,,,over,,,,,,,,,,,,Heartland,Upper Midwest,iii,iii,False,4,outputs/prospective/2026/snapshots/board_20260904T165610Z_run33897600789_a1_d18ee67b9f59.csv,d18ee67b9f59c4e1520cae26d9174f2d8c7dc30f4faaa6b1cabf63bd40ca97c4,,,,,False,,1443.8327600166667,True,,,,,,,,,17.0,10.0,27.0,,,False,,,,,,NOT QUALIFIER,
board_snapshot,2026-09-04 16:56:10.034399+00:00,2026.3,fdb878165a5023cd135a05bcddd58e04356c77c1650acb11647f9972b55ce049,schedule,"17 13 * * 4,5",33897600789,1,09eecafe1053e09a7ab1c65d0002e0802d56c273,True,120,3.5,56.0,7.5,56.0,NO LINE,No current market total is available.,,OTHER,GENERAL HGB,2026,1,401908285,2026-09-05 17:00:00+00:00,False,Chapman,Hardin Simmons,Shelton Stadium,Abilene,TX,32.44645,-99.7475905,False,,missing,,,,,,,,,,over,,,,,,,,,,,,American Southwest,So. Cal.,iii,iii,False,4,outputs/prospective/2026/snapshots/board_20260904T165610Z_run33897600789_a1_d18ee67b9f59.csv,d18ee67b9f59c4e1520cae26d9174f2d8c7dc30f4faaa6b1cabf63bd40ca97c4,,,,,False,,1443.8327600166667,True,,,,,,,,,44.0,24.0,68.0,,,False,,,,,,NOT QUALIFIER,
board_snapshot,2026-09-04 16:56:10.034399+00:00,2026.3,fdb878165a5023cd135a05bcddd58e04356c77c1650acb11647f9972b55ce049,schedule,"17 13 * * 4,5",33897600789,1,09eecafe1053e09a7ab1c65d0002e0802d56c273,True,120,3.5,56.0,7.5,56.0,NO LINE,No current market total is available.,,OTHER,GENERAL HGB,2026,1,401908470,2026-09-05 17:00:00+00:00,False,Hamline,Crown,Old National Bank Stadium,Saint Bonifacius,MN,,,False,,missing,,,,,,,,,,over,,,,,,,,,,,,Upper Midwest,Minnesota,iii,iii,False,4,outputs/prospective/2026/snapshots/board_20260904T165610Z_run33897600789_a1_d18ee67b9f59.csv,d18ee67b9f59c4e1520cae26d9174f2d8c7dc30f4faaa6b1cabf63bd40ca97c4,,,,,False,,1443.8327600166667,True,,,,,,,,,21.0,31.0,52.0,,,False,,,,,,NOT QUALIFIER,
board_snapshot,2026-09-04 16:56:10.034399+00:00,2026.3,fdb878165a5023cd135a05bcddd58e04356c77c1650acb11647f9972b55ce049,schedule,"17 13 * * 4,5",33897600789,1,09eecafe1053e09a7ab1c65d0002e0802d56c273,True,120,3.5,56.0,7.5,56.0,NO LINE,No current market total is available.,,OTHER,GENERAL HGB,2026,1,401908576,2026-09-05 17:00:00+00:00,False,Framingham State,Husson,Dr. John W. Winkin Sports Complex,Bangor,ME,44.8011821,-68.7778138,False,,missing,,,,,,,,,,over,,,,,,,,,,,,Commonwealth Coast,MSCAC,iii,iii,False,4,outputs/prospective/2026/snapshots/board_20260904T165610Z_run33897600789_a1_d18ee67b9f59.csv,d18ee67b9f59c4e1520cae26d9174f2d8c7dc30f4faaa6b1cabf63bd40ca97c4,,,,,False,,1443.8327600166667,True,,,,,,,,,21.0,33.0,54.0,,,False,,,,,,NOT QUALIFIER,
board_snapshot,2026-09-04 16:56:10.034399+00:00,2026.3,fdb878165a5023cd135a05bcddd58e04356c77c1650acb11647f9972b55ce049,schedule,"17 13 * * 4,5",33897600789,1,09eecafe1053e09a7ab1c65d0002e0802d56c273,True,120,3.5,56.0,7.5,56.0,NO LINE,No current market total is available.,,OTHER,GENERAL HGB,2026,1,401908609,2026-09-05 17:00:00+00:00,False,Western Connecticut State,William Paterson,Wightman Stadium,Wayne,NJ,40.9491723,-74.2376802,False,,missing,,,,,,,,,,over,,,,,,,,,,,,New Jersey,Landmark Conference,iii,iii,False,4,outputs/prospective/2026/snapshots/board_20260904T165610Z_run33897600789_a1_d18ee67b9f59.csv,d18ee67b9f59c4e1520cae26d9174f2d8c7dc30f4faaa6b1cabf63bd40ca97c4,,,,,False,,1443.8327600166667,True,,,,,,,,,17.0,27.0,44.0,,,False,,,,,,NOT QUALIFIER,
board_snapshot,2026-09-04 16:56:10.034399+00:00,2026.3,fdb878165a5023cd135a05bcddd58e04356c77c1650acb11647f9972b55ce049,schedule,"17 13 * * 4,5",33897600789,1,09eecafe1053e09a7ab1c65d0002e0802d56c273,True,120,3.5,56.0,7.5,56.0,NO LINE,No current market total is available.,,OTHER,GENERAL HGB,2026,1,401908617,2026-09-05 17:00:00+00:00,False,Westfield State,Vermont State Castleton,Dave Wolk Stadium,Castleton,VT,43.6111275,-73.1807089,False,,missing,,,,,,,,,,over,,,,,,,,,,,,New Jersey,MSCAC,iii,iii,False,4,outputs/prospective/2026/snapshots/board_20260904T165610Z_run33897600789_a1_d18ee67b9f59.csv,d18ee67b9f59c4e1520cae26d9174f2d8c7dc30f4faaa6b1cabf63bd40ca97c4,,,,,False,,1443.8327600166667,True,,,,,,,,,29.0,7.0,36.0,,,False,,,,,,NOT QUALIFIER,
board_snapshot,2026-09-04 16:56:10.034399+00:00,2026.3,fdb878165a5023cd135a05bcddd58e04356c77c1650acb11647f9972b55ce049,schedule,"17 13 * * 4,5",33897600789,1,09eecafe1053e09a7ab1c65d0002e0802d56c273,True,120,3.5,56.0,7.5,56.0,NO LINE,No current market total is available.,,OTHER,GENERAL HGB,2026,1,401908623,2026-09-05 17:00:00+00:00,False,Worcester State,SUNY Maritime,Reinhart Field,Bronx,NY,40.807528,-73.797744,False,,missing,,,,,,,,,,over,,,,,,,,,,,,NEWMAC,MSCAC,iii,iii,False,4,outputs/prospective/2026/snapshots/board_20260904T165610Z_run33897600789_a1_d18ee67b9f59.csv,d18ee67b9f59c4e1520cae26d9174f2d8c7dc30f4faaa6b1cabf63bd40ca97c4,,,,,False,,1443.8327600166667,True,,,,,,,,,42.0,41.0,83.0,,,False,,,,,,NOT QUALIFIER,
board_snapshot,2026-09-04 16:56:10.034399+00:00,2026.3,fdb878165a5023cd135a05bcddd58e04356c77c1650acb11647f9972b55ce049,schedule,"17 13 * * 4,5",33897600789,1,09eecafe1053e09a7ab1c65d0002e0802d56c273,True,120,3.5,56.0,7.5,56.0,NO LINE,No current market total is available.,,OTHER,GENERAL HGB,2026,1,401908644,2026-09-05 17:00:00+00:00,False,Lycoming,The College of New Jersey,Lions Stadium,Ewing,NJ,40.2688105,-74.8006895,False,,missing,,,,,,,,,,over,,,,,,,,,,,,New Jersey,Landmark Conference,iii,iii,False,4,outputs/prospective/2026/snapshots/board_20260904T165610Z_run33897600789_a1_d18ee67b9f59.csv,d18ee67b9f59c4e1520cae26d9174f2d8c7dc30f4faaa6b1cabf63bd40ca97c4,,,,,False,,1443.8327600166667,True,,,,,,,,,7.0,17.0,24.0,,,False,,,,,,NOT QUALIFIER,
board_snapshot,2026-09-04 16:56:10.034399+00:00,2026.3,fdb878165a5023cd135a05bcddd58e04356c77c1650acb11647f9972b55ce049,schedule,"17 13 * * 4,5",33897600789,1,09eecafe1053e09a7ab1c65d0002e0802d56c273,True,120,3.5,56.0,7.5,56.0,NO LINE,No current market total is available.,,OTHER,GENERAL HGB,2026,1,401908650,2026-09-05 17:00:00+00:00,False,Ohio Northern,Adrian,Docking Stadium,Adrian,MI,41.8975152,-84.0373054,False,,missing,,,,,,,,,,over,,,,,,,,,,,,Michigan,Ohio,iii,iii,False,4,outputs/prospective/2026/snapshots/board_20260904T165610Z_run33897600789_a1_d18ee67b9f59.csv,d18ee67b9f59c4e1520cae26d9174f2d8c7dc30f4faaa6b1cabf63bd40ca97c4,,,,,False,,1443.8327600166667,True,,,,,,,,,17.0,10.0,27.0,,,False,,,,,,NOT QUALIFIER,
board_snapshot,2026-09-04 16:56:10.034399+00:00,2026.3,fdb878165a5023cd135a05bcddd58e04356c77c1650acb11647f9972b55ce049,schedule,"17 13 * * 4,5",33897600789,1,09eecafe1053e09a7ab1c65d0002e0802d56c273,True,120,3.5,56.0,7.5,56.0,NO LINE,No current market total is available.,,OTHER,GENERAL HGB,2026,1,401908662,2026-09-05 17:00:00+00:00,False,Capital,Waynesburg,John F. Wiley Stadium,Waynesburg,PA,39.8964641,-80.1792299,False,,missing,,,,,,,,,,over,,,,,,,,,,,,Presidents',Ohio,iii,iii,False,4,outputs/prospective/2026/snapshots/board_20260904T165610Z_run33897600789_a1_d18ee67b9f59.csv,d18ee67b9f59c4e1520cae26d9174f2d8c7dc30f4faaa6b1cabf63bd40ca97c4,,,,,False,,1443.8327600166667,True,,,,,,,,,12.0,35.0,47.0,,,False,,,,,,NOT QUALIFIER,
board_snapshot,2026-09-04 16:56:10.034399+00:00,2026.3,fdb878165a5023cd135a05bcddd58e04356c77c1650acb11647f9972b55ce049,schedule,"17 13 * * 4,5",33897600789,1,09eecafe1053e09a7ab1c65d0002e0802d56c273,True,120,3.5,56.0,7.5,56.0,NO LINE,No current market total is available.,,OTHER,GENERAL HGB,2026,1,401908684,2026-09-05 17:00:00+00:00,False,Susquehanna,Union,Frank Bailey Field,Schenectady,NY,42.8142432,-73.9395687,False,,missing,,,,,,,,,,over,,,,,,,,,,,,Liberty League,Landmark Conference,iii,iii,False,4,outputs/prospective/2026/snapshots/board_20260904T165610Z_run33897600789_a1_d18ee67b9f59.csv,d18ee67b9f59c4e1520cae26d9174f2d8c7dc30f4faaa6b1cabf63bd40ca97c4,,,,,False,,1443.8327600166667,True,,,,,,,,,17.0,23.0,40.0,,,False,,,,,,NOT QUALIFIER,
board_snapshot,2026-09-04 16:56:10.034399+00:00,2026.3,fdb878165a5023cd135a05bcddd58e04356c77c1650acb11647f9972b55ce049,schedule,"17 13 * * 4,5",33897600789,1,09eecafe1053e09a7ab1c65d0002e0802d56c273,True,120,3.5,56.0,7.5,56.0,NO LINE,No current market total is available.,,OTHER,GENERAL HGB,2026,1,401908744,2026-09-05 17:00:00+00:00,False,Hope,Denison,Deeds Field-Piper Stadium,Granville,OH,40.0681192,-82.5196037,False,,missing,,,,,,,,,,over,,,,,,,,,,,,North Coast,Michigan,iii,iii,False,4,outputs/prospective/2026/snapshots/board_20260904T165610Z_run33897600789_a1_d18ee67b9f59.csv,d18ee67b9f59c4e1520cae26d9174f2d8c7dc30f4faaa6b1cabf63bd40ca97c4,,,,,False,,1443.8327600166667,True,,,,,,,,,14.0,28.0,42.0,,,False,,,,,,NOT QUALIFIER,
board_snapshot,2026-09-04 16:56:10.034399+00:00,2026.3,fdb878165a5023cd135a05bcddd58e04356c77c1650acb11647f9972b55ce049,schedule,"17 13 * * 4,5",33897600789,1,09eecafe1053e09a7ab1c65d0002e0802d56c273,True,120,3.5,56.0,7.5,56.0,NO LINE,No current market total is available.,,OTHER,GENERAL HGB,2026,1,401908805,2026-09-05 17:00:00+00:00,False,Kenyon,Kalamazoo,Angell Field,Kalamazoo,MI,42.291707,-85.5872286,False,,missing,,,,,,,,,,over,,,,,,,,,,,,Michigan,North Coast,iii,iii,False,4,outputs/prospective/2026/snapshots/board_20260904T165610Z_run33897600789_a1_d18ee67b9f59.csv,d18ee67b9f59c4e1520cae26d9174f2d8c7dc30f4faaa6b1cabf63bd40ca97c4,,,,,False,,1443.8327600166667,True,,,,,,,,,10.0,40.0,50.0,,,False,,,,,,NOT QUALIFIER,
board_snapshot,2026-09-04 16:56:10.034399+00:00,2026.3,fdb878165a5023cd135a05bcddd58e04356c77c1650acb11647f9972b55ce049,schedule,"17 13 * * 4,5",33897600789,1,09eecafe1053e09a7ab1c65d0002e0802d56c273,True,120,3.5,56.0,7.5,56.0,NO LINE,No current market total is available.,,OTHER,GENERAL HGB,2026,1,401908965,2026-09-05 17:00:00+00:00,False,Wittenberg,Washington and Lee,Wilson Field,Lexington,VA,37.7840208,-79.4428157,False,,missing,,,,,,,,,,over,,,,,,,,,,,,Old Dominion,North Coast,iii,iii,False,4,outputs/prospective/2026/snapshots/board_20260904T165610Z_run33897600789_a1_d18ee67b9f59.csv,d18ee67b9f59c4e1520cae26d9174f2d8c7dc30f4faaa6b1cabf63bd40ca97c4,,,,,False,,1443.8327600166667,True,,,,,,,,,13.0,7.0,20.0,,,False,,,,,,NOT QUALIFIER,
board_snapshot,2026-09-05 10:38:59.334752+00:00,2026.3,fdb878165a5023cd135a05bcddd58e04356c77c1650acb11647f9972b55ce049,schedule,17 6 * * 6,33961120017,1,0e180a3a83780b48c1b378920b0a3f94ac7ce103,True,120,3.5,56.0,7.5,56.0,NO PLAY,FCS-only model does not meet the conservative under-edge screen.,FCS-only HGB,FCS,FCS-only HGB,2026,1,401868186,2026-09-05 17:30:00+00:00,False,Gardner-Webb,Wofford,Gibbs Stadium,Spartanburg,SC,34.9618606,-81.9328915,False,47.5,DraftKings,CFBD,1.0,0.0,47.5,0.0,,49.16413684661388,1.664136846613877,1.664136846613877,over,95.0,72.0,47.0,1.150779092,4.603116368,1.0,0.0,0.0,No meaningful precipitation signal,ok,GSP,Southern,OVC,fcs,fcs,False,3,outputs/prospective/2026/snapshots/board_20260905T103859Z_run33961120017_a1_edbccb002f51.csv,edbccb002f5154721ba88f34cbbe004bb8e3620a6ac117081df014e4bd7f1241,,,,,True,"The Sep. 5, 2026 1:17 AM CDT production run was the intentionally deployed Saturday schedule, but its immutable snapshots were stamped ineligible because protocol 2026.3 still listed the superseded Saturday cron set. The entire run is restored as eligible without editing its immutable snapshot.",411.0110874666667,True,50.5,2026-09-05 16:49:57.206012+00:00,40.04656646666667,DraftKings,CFBD,1.0,outputs/prospective/2026/close_captures/close_20260905T164957Z_run33979049684_a1_351dde725fde.csv,351dde725fde9a3ea46b194377365d097fc214d863dfb8fab6c6aae18c3d317e,17.0,13.0,30.0,47.5,-17.5,False,loss,,,3.0,1.0,NOT QUALIFIER,
board_snapshot,2026-09-04 16:56:10.034399+00:00,2026.3,fdb878165a5023cd135a05bcddd58e04356c77c1650acb11647f9972b55ce049,schedule,"17 13 * * 4,5",33897600789,1,09eecafe1053e09a7ab1c65d0002e0802d56c273,True,120,3.5,56.0,7.5,56.0,NO LINE,No current market total is available.,,OTHER,GENERAL HGB,2026,1,401908206,2026-09-05 17:30:00+00:00,False,Allegheny,Anderson (IN),Macholtz Stadium,Anderson,IN,40.1053196,-85.6802541,False,,missing,,,,,,,,,,over,,,,,,,,,,,,Heartland,Presidents',iii,iii,False,4,outputs/prospective/2026/snapshots/board_20260904T165610Z_run33897600789_a1_d18ee67b9f59.csv,d18ee67b9f59c4e1520cae26d9174f2d8c7dc30f4faaa6b1cabf63bd40ca97c4,,,,,False,,1473.8327600166667,True,,,,,,,,,12.0,28.0,40.0,,,False,,,,,,NOT QUALIFIER,
board_snapshot,2026-09-05 10:38:59.334752+00:00,2026.3,fdb878165a5023cd135a05bcddd58e04356c77c1650acb11647f9972b55ce049,schedule,17 6 * * 6,33961120017,1,0e180a3a83780b48c1b378920b0a3f94ac7ce103,True,120,3.5,56.0,7.5,56.0,NO PLAY,Model edge is below the 3.5-point production threshold.,,OTHER,GENERAL HGB,2026,1,401862698,2026-09-05 18:00:00+00:00,False,Rhode Island,Temple,Lincoln Financial Field,Philadelphia,PA,39.9007995,-75.1675414,False,51.5,DraftKings,CFBD,2.0,0.5,51.25,0.25,,52.104836827030944,0.6048368270309419,0.6048368270309419,over,80.0,61.0,52.0,5.75389546,11.50779092,0.0,0.0,0.0,No meaningful precipitation signal,ok,PHI,American Athletic,Coastal Athletic,fbs,fcs,False,3,outputs/prospective/2026/snapshots/board_20260905T103859Z_run33961120017_a1_edbccb002f51.csv,edbccb002f5154721ba88f34cbbe004bb8e3620a6ac117081df014e4bd7f1241,,,,,True,"The Sep. 5, 2026 1:17 AM CDT production run was the intentionally deployed Saturday schedule, but its immutable snapshots were stamped ineligible because protocol 2026.3 still listed the superseded Saturday cron set. The entire run is restored as eligible without editing its immutable snapshot.",441.0110874666667,True,51.25,2026-09-05 16:49:57.206012+00:00,70.04656646666668,DraftKings,CFBD,2.0,outputs/prospective/2026/close_captures/close_20260905T164957Z_run33979049684_a1_351dde725fde.csv,351dde725fde9a3ea46b194377365d097fc214d863dfb8fab6c6aae18c3d317e,38.0,14.0,52.0,51.5,0.5,False,win,,,-0.25,0.0,NOT QUALIFIER,
board_snapshot,2026-09-05 10:38:59.334752+00:00,2026.3,fdb878165a5023cd135a05bcddd58e04356c77c1650acb11647f9972b55ce049,schedule,17 6 * * 6,33961120017,1,0e180a3a83780b48c1b378920b0a3f94ac7ce103,True,120,3.5,56.0,7.5,56.0,NO PLAY,FCS-only model does not meet the conservative under-edge screen.,FCS-only HGB; FCS 56+ total,FCS,FCS-only HGB,2026,1,401866624,2026-09-05 18:00:00+00:00,False,Sacred Heart,Monmouth,Kessler Stadium,West Long Branch,NJ,40.278953,-74.009451,False,58.5,DraftKings,CFBD,1.0,0.0,58.5,0.0,,58.836784134658565,0.3367841346585671,0.3367841346585671,over,79.0,61.0,54.0,4.603116368,10.357011828,0.0,0.0,0.0,No meaningful precipitation signal,ok,PHI,Coastal Athletic,Coastal Athletic,fcs,fcs,False,3,outputs/prospective/2026/snapshots/board_20260905T103859Z_run33961120017_a1_edbccb002f51.csv,edbccb002f5154721ba88f34cbbe004bb8e3620a6ac117081df014e4bd7f1241,,,,,True,"The Sep. 5, 2026 1:17 AM CDT production run was the intentionally deployed Saturday schedule, but its immutable snapshots were stamped ineligible because protocol 2026.3 still listed the superseded Saturday cron set. The entire run is restored as eligible without editing its immutable snapshot.",441.0110874666667,True,58.5,2026-09-05 16:49:57.206012+00:00,70.04656646666668,DraftKings,CFBD,1.0,outputs/prospective/2026/close_captures/close_20260905T164957Z_run33979049684_a1_351dde725fde.csv,351dde725fde9a3ea46b194377365d097fc214d863dfb8fab6c6aae18c3d317e,31.0,24.0,55.0,58.5,-3.5,False,loss,,,0.0,0.0,NOT QUALIFIER,
board_snapshot,2026-09-04 16:56:10.034399+00:00,2026.3,fdb878165a5023cd135a05bcddd58e04356c77c1650acb11647f9972b55ce049,schedule,"17 13 * * 4,5",33897600789,1,09eecafe1053e09a7ab1c65d0002e0802d56c273,True,120,3.5,56.0,7.5,56.0,NO LINE,No current market total is available.,,OTHER,GENERAL HGB,2026,1,401906049,2026-09-05 18:00:00+00:00,False,Bluefield State,Concord,Callaghan Stadium,Princeton,WV,37.366328,-81.1026607,False,,missing,,,,,,,,,,over,,,,,,,,,,,,Mountain East,CIAA,ii,ii,False,4,outputs/prospective/2026/snapshots/board_20260904T165610Z_run33897600789_a1_d18ee67b9f59.csv,d18ee67b9f59c4e1520cae26d9174f2d8c7dc30f4faaa6b1cabf63bd40ca97c4,,,,,False,,1503.8327600166667,True,,,,,,,,,26.0,22.0,48.0,,,False,,,,,,NOT QUALIFIER,
board_snapshot,2026-09-04 16:56:10.034399+00:00,2026.3,fdb878165a5023cd135a05bcddd58e04356c77c1650acb11647f9972b55ce049,schedule,"17 13 * * 4,5",33897600789,1,09eecafe1053e09a7ab1c65d0002e0802d56c273,True,120,3.5,56.0,7.5,56.0,NO LINE,No current market total is available.,,OTHER,GENERAL HGB,2026,1,401906860,2026-09-05 18:00:00+00:00,False,Findlay,Indianapolis,Key Stadium,Indianapolis,IN,39.7683331,-86.1583502,False,,missing,,,,,,,,,,over,,,,,,,,,,,,Great Lakes,Great Midwest Athletic,ii,ii,False,4,outputs/prospective/2026/snapshots/board_20260904T165610Z_run33897600789_a1_d18ee67b9f59.csv,d18ee67b9f59c4e1520cae26d9174f2d8c7dc30f4faaa6b1cabf63bd40ca97c4,,,,,False,,1503.8327600166667,True,,,,,,,,,10.0,30.0,40.0,,,False,,,,,,NOT QUALIFIER,
board_snapshot,2026-09-04 16:56:10.034399+00:00,2026.3,fdb878165a5023cd135a05bcddd58e04356c77c1650acb11647f9972b55ce049,schedule,"17 13 * * 4,5",33897600789,1,09eecafe1053e09a7ab1c65d0002e0802d56c273,True,120,3.5,56.0,7.5,56.0,NO LINE,No current market total is available.,,OTHER,GENERAL HGB,2026,1,401906929,2026-09-05 18:00:00+00:00,False,Roosevelt,Quincy,QU Stadium,Quincy,IL,39.9356016,-91.4098727,False,,missing,,,,,,,,,,over,,,,,,,,,,,,Great Lakes,GLIAC,ii,ii,False,4,outputs/prospective/2026/snapshots/board_20260904T165610Z_run33897600789_a1_d18ee67b9f59.csv,d18ee67b9f59c4e1520cae26d9174f2d8c7dc30f4faaa6b1cabf63bd40ca97c4,,,,,False,,1503.8327600166667,True,,,,,,,,,28.0,41.0,69.0,,,False,,,,,,NOT QUALIFIER,
board_snapshot,2026-09-04 16:56:10.034399+00:00,2026.3,fdb878165a5023cd135a05bcddd58e04356c77c1650acb11647f9972b55ce049,schedule,"17 13 * * 4,5",33897600789,1,09eecafe1053e09a7ab1c65d0002e0802d56c273,True,120,3.5,56.0,7.5,56.0,NO LINE,No current market total is available.,,OTHER,GENERAL HGB,2026,1,401907420,2026-09-05 18:00:00+00:00,False,Emory & Henry,Ferrum,W.B. Adams Stadium,Ferrum,VA,36.937857,-80.01424992208018,False,,missing,,,,,,,,,,over,,,,,,,,,,,,Carolinas,South Atlantic,ii,ii,False,4,outputs/prospective/2026/snapshots/board_20260904T165610Z_run33897600789_a1_d18ee67b9f59.csv,d18ee67b9f59c4e1520cae26d9174f2d8c7dc30f4faaa6b1cabf63bd40ca97c4,,,,,False,,1503.8327600166667,True,,,,,,,,,16.0,55.0,71.0,,,False,,,,,,NOT QUALIFIER,
board_snapshot,2026-09-04 16:56:10.034399+00:00,2026.3,fdb878165a5023cd135a05bcddd58e04356c77c1650acb11647f9972b55ce049,schedule,"17 13 * * 4,5",33897600789,1,09eecafe1053e09a7ab1c65d0002e0802d56c273,True,120,3.5,56.0,7.5,56.0,NO LINE,No current market total is available.,,OTHER,GENERAL HGB,2026,1,401907655,2026-09-05 18:00:00+00:00,False,John Carroll,Carnegie Mellon,Gesling Stadium,Pittsburgh,PA,40.4416941,-79.9900861,False,,missing,,,,,,,,,,over,,,,,,,,,,,,Presidents',Ohio,iii,iii,False,4,outputs/prospective/2026/snapshots/board_20260904T165610Z_run33897600789_a1_d18ee67b9f59.csv,d18ee67b9f59c4e1520cae26d9174f2d8c7dc30f4faaa6b1cabf63bd40ca97c4,,,,,False,,1503.8327600166667,True,,,,,,,,,7.0,17.0,24.0,,,False,,,,,,NOT QUALIFIER,
board_snapshot,2026-09-04 16:56:10.034399+00:00,2026.3,fdb878165a5023cd135a05bcddd58e04356c77c1650acb11647f9972b55ce049,schedule,"17 13 * * 4,5",33897600789,1,09eecafe1053e09a7ab1c65d0002e0802d56c273,True,120,3.5,56.0,7.5,56.0,NO LINE,No current market total is available.,,OTHER,GENERAL HGB,2026,1,401907691,2026-09-05 18:00:00+00:00,False,Sioux Falls,Jamestown,Charlotte & Gordon Hansen Stadium,Jamestown,ND,,,False,,missing,,,,,,,,,,over,,,,,,,,,,,,Northern Sun,Northern Sun,ii,ii,False,4,outputs/prospective/2026/snapshots/board_20260904T165610Z_run33897600789_a1_d18ee67b9f59.csv,d18ee67b9f59c4e1520cae26d9174f2d8c7dc30f4faaa6b1cabf63bd40ca97c4,,,,,False,,1503.8327600166667,True,,,,,,,,,0.0,31.0,31.0,,,False,,,,,,NOT QUALIFIER,
board_snapshot,2026-09-04 16:56:10.034399+00:00,2026.3,fdb878165a5023cd135a05bcddd58e04356c77c1650acb11647f9972b55ce049,schedule,"17 13 * * 4,5",33897600789,1,09eecafe1053e09a7ab1c65d0002e0802d56c273,True,120,3.5,56.0,7.5,56.0,NO LINE,No current market total is available.,,OTHER,GENERAL HGB,2026,1,401907758,2026-09-05 18:00:00+00:00,False,Benedictine (IL),Buena Vista,J. Leslie Rollins Stadium,Storm Lake,IA,42.6452817,-95.1992726,False,,missing,,,,,,,,,,over,,,,,,,,,,,,American Rivers,NACC,iii,iii,False,4,outputs/prospective/2026/snapshots/board_20260904T165610Z_run33897600789_a1_d18ee67b9f59.csv,d18ee67b9f59c4e1520cae26d9174f2d8c7dc30f4faaa6b1cabf63bd40ca97c4,,,,,False,,1503.8327600166667,True,,,,,,,,,14.0,41.0,55.0,,,False,,,,,,NOT QUALIFIER,
board_snapshot,2026-09-04 16:56:10.034399+00:00,2026.3,fdb878165a5023cd135a05bcddd58e04356c77c1650acb11647f9972b55ce049,schedule,"17 13 * * 4,5",33897600789,1,09eecafe1053e09a7ab1c65d0002e0802d56c273,True,120,3.5,56.0,7.5,56.0,NO LINE,No current market total is available.,,OTHER,GENERAL HGB,2026,1,401907789,2026-09-05 18:00:00+00:00,False,Carroll (WI),St. Norbert,Donald J. Schneider Stadium,De Pere,WI,44.4493584,-88.0599986,False,,missing,,,,,,,,,,over,,,,,,,,,,,,NACC,CCIW,iii,iii,False,4,outputs/prospective/2026/snapshots/board_20260904T165610Z_run33897600789_a1_d18ee67b9f59.csv,d18ee67b9f59c4e1520cae26d9174f2d8c7dc30f4faaa6b1cabf63bd40ca97c4,,,,,False,,1503.8327600166667,True,,,,,,,,,10.0,40.0,50.0,,,False,,,,,,NOT QUALIFIER,
board_snapshot,2026-09-04 16:56:10.034399+00:00,2026.3,fdb878165a5023cd135a05bcddd58e04356c77c1650acb11647f9972b55ce049,schedule,"17 13 * * 4,5",33897600789,1,09eecafe1053e09a7ab1c65d0002e0802d56c273,True,120,3.5,56.0,7.5,56.0,NO LINE,No current market total is available.,,OTHER,GENERAL HGB,2026,1,401907850,2026-09-05 18:00:00+00:00,False,Mount Union,Wheaton (IL),McCully Stadium,Wheaton,IL,41.8646959,-88.1101709,False,,missing,,,,,,,,,,over,,,,,,,,,,,,CCIW,Ohio,iii,iii,False,4,outputs/prospective/2026/snapshots/board_20260904T165610Z_run33897600789_a1_d18ee67b9f59.csv,d18ee67b9f59c4e1520cae26d9174f2d8c7dc30f4faaa6b1cabf63bd40ca97c4,,,,,False,,1503.8327600166667,True,,,,,,,,,24.0,23.0,47.0,,,False,,,,,,NOT QUALIFIER,
board_snapshot,2026-09-04 16:56:10.034399+00:00,2026.3,fdb878165a5023cd135a05bcddd58e04356c77c1650acb11647f9972b55ce049,schedule,"17 13 * * 4,5",33897600789,1,09eecafe1053e09a7ab1c65d0002e0802d56c273,True,120,3.5,56.0,7.5,56.0,NO LINE,No current market total is available.,,OTHER,GENERAL HGB,2026,1,401907886,2026-09-05 18:00:00+00:00,False,Carleton,Wisconsin Whitewater,Perkins Stadium,Whitewater,WI,42.8336422,-88.7292679,False,,missing,,,,,,,,,,over,,,,,,,,,,,,Wisconsin,Minnesota,iii,iii,False,4,outputs/prospective/2026/snapshots/board_20260904T165610Z_run33897600789_a1_d18ee67b9f59.csv,d18ee67b9f59c4e1520cae26d9174f2d8c7dc30f4faaa6b1cabf63bd40ca97c4,,,,,False,,1503.8327600166667,True,,,,,,,,,69.0,7.0,76.0,,,False,,,,,,NOT QUALIFIER,
board_snapshot,2026-09-04 16:56:10.034399+00:00,2026.3,fdb878165a5023cd135a05bcddd58e04356c77c1650acb11647f9972b55ce049,schedule,"17 13 * * 4,5",33897600789,1,09eecafe1053e09a7ab1c65d0002e0802d56c273,True,120,3.5,56.0,7.5,56.0,NO LINE,No current market total is available.,,OTHER,GENERAL HGB,2026,1,401908008,2026-09-05 18:00:00+00:00,False,Aurora,Wisconsin Platteville,Ralph E. Davis Pioneer Stadium,Platteville,WI,42.7342942,-90.4784451,False,,missing,,,,,,,,,,over,,,,,,,,,,,,Wisconsin,NACC,iii,iii,False,4,outputs/prospective/2026/snapshots/board_20260904T165610Z_run33897600789_a1_d18ee67b9f59.csv,d18ee67b9f59c4e1520cae26d9174f2d8c7dc30f4faaa6b1cabf63bd40ca97c4,,,,,False,,1503.8327600166667,True,,,,,,,,,44.0,7.0,51.0,,,False,,,,,,NOT QUALIFIER,
board_snapshot,2026-09-04 16:56:10.034399+00:00,2026.3,fdb878165a5023cd135a05bcddd58e04356c77c1650acb11647f9972b55ce049,schedule,"17 13 * * 4,5",33897600789,1,09eecafe1053e09a7ab1c65d0002e0802d56c273,True,120,3.5,56.0,7.5,56.0,NO LINE,No current market total is available.,,OTHER,GENERAL HGB,2026,1,401908018,2026-09-05 18:00:00+00:00,False,Linfield,Wisconsin Oshkosh,J.J. Keller Field at Titan Stadium,Oshkosh,WI,44.0206919,-88.5408574,False,,missing,,,,,,,,,,over,,,,,,,,,,,,Wisconsin,Northwest,iii,iii,False,4,outputs/prospective/2026/snapshots/board_20260904T165610Z_run33897600789_a1_d18ee67b9f59.csv,d18ee67b9f59c4e1520cae26d9174f2d8c7dc30f4faaa6b1cabf63bd40ca97c4,,,,,False,,1503.8327600166667,True,,,,,,,,,15.0,41.0,56.0,,,False,,,,,,NOT QUALIFIER,
board_snapshot,2026-09-04 16:56:10.034399+00:00,2026.3,fdb878165a5023cd135a05bcddd58e04356c77c1650acb11647f9972b55ce049,schedule,"17 13 * * 4,5",33897600789,1,09eecafe1053e09a7ab1c65d0002e0802d56c273,True,120,3.5,56.0,7.5,56.0,NO LINE,No current market total is available.,,OTHER,GENERAL HGB,2026,1,401908039,2026-09-05 18:00:00+00:00,False,Wisconsin La Crosse,Saint John's (MN),Clemens Stadium,Collegeville,MN,45.5944117,-94.3622868,False,,missing,,,,,,,,,,over,,,,,,,,,,,,Minnesota,Wisconsin,iii,iii,False,4,outputs/prospective/2026/snapshots/board_20260904T165610Z_run33897600789_a1_d18ee67b9f59.csv,d18ee67b9f59c4e1520cae26d9174f2d8c7dc30f4faaa6b1cabf63bd40ca97c4,,,,,False,,1503.8327600166667,True,,,,,,,,,24.0,21.0,45.0,,,False,,,,,,NOT QUALIFIER,
board_snapshot,2026-09-04 16:56:10.034399+00:00,2026.3,fdb878165a5023cd135a05bcddd58e04356c77c1650acb11647f9972b55ce049,schedule,"17 13 * * 4,5",33897600789,1,09eecafe1053e09a7ab1c65d0002e0802d56c273,True,120,3.5,56.0,7.5,56.0,NO LINE,No current market total is available.,,OTHER,GENERAL HGB,2026,1,401908088,2026-09-05 18:00:00+00:00,False,FDU Florham,St. John Fisher,Growney Stadium,Rochester,NY,43.157285,-77.615214,False,,missing,,,,,,,,,,over,,,,,,,,,,,,Empire 8,Mid Atlantic,iii,iii,False,4,outputs/prospective/2026/snapshots/board_20260904T165610Z_run33897600789_a1_d18ee67b9f59.csv,d18ee67b9f59c4e1520cae26d9174f2d8c7dc30f4faaa6b1cabf63bd40ca97c4,,,,,False,,1503.8327600166667,True,,,,,,,,,38.0,8.0,46.0,,,False,,,,,,NOT QUALIFIER,
board_snapshot,2026-09-04 16:56:10.034399+00:00,2026.3,fdb878165a5023cd135a05bcddd58e04356c77c1650acb11647f9972b55ce049,schedule,"17 13 * * 4,5",33897600789,1,09eecafe1053e09a7ab1c65d0002e0802d56c273,True,120,3.5,56.0,7.5,56.0,NO LINE,No current market total is available.,,OTHER,GENERAL HGB,2026,1,401908141,2026-09-05 18:00:00+00:00,False,Central College,Gustavus Adolphus,Hollingsworth Field,Saint Peter,MN,44.3238384,-93.9585295,False,,missing,,,,,,,,,,over,,,,,,,,,,,,Minnesota,American Rivers,iii,iii,False,4,outputs/prospective/2026/snapshots/board_20260904T165610Z_run33897600789_a1_d18ee67b9f59.csv,d18ee67b9f59c4e1520cae26d9174f2d8c7dc30f4faaa6b1cabf63bd40ca97c4,,,,,False,,1503.8327600166667,True,,,,,,,,,29.0,3.0,32.0,,,False,,,,,,NOT QUALIFIER,
board_snapshot,2026-09-04 16:56:10.034399+00:00,2026.3,fdb878165a5023cd135a05bcddd58e04356c77c1650acb11647f9972b55ce049,schedule,"17 13 * * 4,5",33897600789,1,09eecafe1053e09a7ab1c65d0002e0802d56c273,True,120,3.5,56.0,7.5,56.0,NO LINE,No current market total is available.,,OTHER,GENERAL HGB,2026,1,401908150,2026-09-05 18:00:00+00:00,False,Cornell (IA),Coe,Clark Field,Cedar Rapids,IA,41.9758872,-91.6704053,False,,missing,,,,,,,,,,over,,,,,,,,,,,,American Rivers,Midwest,iii,iii,False,4,outputs/prospective/2026/snapshots/board_20260904T165610Z_run33897600789_a1_d18ee67b9f59.csv,d18ee67b9f59c4e1520cae26d9174f2d8c7dc30f4faaa6b1cabf63bd40ca97c4,,,,,False,,1503.8327600166667,True,,,,,,,,,49.0,7.0,56.0,,,False,,,,,,NOT QUALIFIER,
board_snapshot,2026-09-04 16:56:10.034399+00:00,2026.3,fdb878165a5023cd135a05bcddd58e04356c77c1650acb11647f9972b55ce049,schedule,"17 13 * * 4,5",33897600789,1,09eecafe1053e09a7ab1c65d0002e0802d56c273,True,120,3.5,56.0,7.5,56.0,NO LINE,No current market total is available.,,OTHER,GENERAL HGB,2026,1,401908231,2026-09-05 18:00:00+00:00,False,Centre,Hanover,Alumni Stadium (IN),Hanover,IN,38.7142263,-85.4735707,False,,missing,,,,,,,,,,over,,,,,,,,,,,,Heartland,Southern Athletic,iii,iii,False,4,outputs/prospective/2026/snapshots/board_20260904T165610Z_run33897600789_a1_d18ee67b9f59.csv,d18ee67b9f59c4e1520cae26d9174f2d8c7dc30f4faaa6b1cabf63bd40ca97c4,,,,,False,,1503.8327600166667,True,,,,,,,,,17.0,0.0,17.0,,,False,,,,,,NOT QUALIFIER,
board_snapshot,2026-09-04 16:56:10.034399+00:00,2026.3,fdb878165a5023cd135a05bcddd58e04356c77c1650acb11647f9972b55ce049,schedule,"17 13 * * 4,5",33897600789,1,09eecafe1053e09a7ab1c65d0002e0802d56c273,True,120,3.5,56.0,7.5,56.0,NO LINE,No current market total is available.,,OTHER,GENERAL HGB,2026,1,401908247,2026-09-05 18:00:00+00:00,False,Concordia (MN),Nebraska Wesleyan,Abel Stadium,Lincoln,NE,40.8088861,-96.7077751,False,,missing,,,,,,,,,,over,,,,,,,,,,,,American Rivers,Minnesota,iii,iii,False,4,outputs/prospective/2026/snapshots/board_20260904T165610Z_run33897600789_a1_d18ee67b9f59.csv,d18ee67b9f59c4e1520cae26d9174f2d8c7dc30f4faaa6b1cabf63bd40ca97c4,,,,,False,,1503.8327600166667,True,,,,,,,,,0.0,28.0,28.0,,,False,,,,,,NOT QUALIFIER,
board_snapshot,2026-09-04 16:56:10.034399+00:00,2026.3,fdb878165a5023cd135a05bcddd58e04356c77c1650acb11647f9972b55ce049,schedule,"17 13 * * 4,5",33897600789,1,09eecafe1053e09a7ab1c65d0002e0802d56c273,True,120,3.5,56.0,7.5,56.0,NO LINE,No current market total is available.,,OTHER,GENERAL HGB,2026,1,401908412,2026-09-05 18:00:00+00:00,False,Bethany (WV),Sewanee,Hardee-McGee Field,Sewanee,TN,35.200644,-85.91952368522726,False,,missing,,,,,,,,,,over,,,,,,,,,,,,Southern Athletic,Presidents',iii,iii,False,4,outputs/prospective/2026/snapshots/board_20260904T165610Z_run33897600789_a1_d18ee67b9f59.csv,d18ee67b9f59c4e1520cae26d9174f2d8c7dc30f4faaa6b1cabf63bd40ca97c4,,,,,False,,1503.8327600166667,True,,,,,,,,,37.0,40.0,77.0,,,False,,,,,,NOT QUALIFIER,
board_snapshot,2026-09-04 16:56:10.034399+00:00,2026.3,fdb878165a5023cd135a05bcddd58e04356c77c1650acb11647f9972b55ce049,schedule,"17 13 * * 4,5",33897600789,1,09eecafe1053e09a7ab1c65d0002e0802d56c273,True,120,3.5,56.0,7.5,56.0,NO LINE,No current market total is available.,,OTHER,GENERAL HGB,2026,1,401908499,2026-09-05 18:00:00+00:00,False,Greenville,Lake Forest,Farwell Field,Lake Forest,IL,42.2586342,-87.840625,False,,missing,,,,,,,,,,over,,,,,,,,,,,,Midwest,Upper Midwest,iii,iii,False,4,outputs/prospective/2026/snapshots/board_20260904T165610Z_run33897600789_a1_d18ee67b9f59.csv,d18ee67b9f59c4e1520cae26d9174f2d8c7dc30f4faaa6b1cabf63bd40ca97c4,,,,,False,,1503.8327600166667,True,,,,,,,,,77.0,14.0,91.0,,,False,,,,,,NOT QUALIFIER,
board_snapshot,2026-09-04 16:56:10.034399+00:00,2026.3,fdb878165a5023cd135a05bcddd58e04356c77c1650acb11647f9972b55ce049,schedule,"17 13 * * 4,5",33897600789,1,09eecafe1053e09a7ab1c65d0002e0802d56c273,True,120,3.5,56.0,7.5,56.0,NO LINE,No current market total is available.,,OTHER,GENERAL HGB,2026,1,401908508,2026-09-05 18:00:00+00:00,False,Macalester,Martin Luther,MLC Bowl,New Ulm,MN,44.3140261,-94.4614177,False,,missing,,,,,,,,,,over,,,,,,,,,,,,Upper Midwest,Minnesota,iii,iii,False,4,outputs/prospective/2026/snapshots/board_20260904T165610Z_run33897600789_a1_d18ee67b9f59.csv,d18ee67b9f59c4e1520cae26d9174f2d8c7dc30f4faaa6b1cabf63bd40ca97c4,,,,,False,,1503.8327600166667,True,,,,,,,,,21.0,34.0,55.0,,,False,,,,,,NOT QUALIFIER,
board_snapshot,2026-09-04 16:56:10.034399+00:00,2026.3,fdb878165a5023cd135a05bcddd58e04356c77c1650acb11647f9972b55ce049,schedule,"17 13 * * 4,5",33897600789,1,09eecafe1053e09a7ab1c65d0002e0802d56c273,True,120,3.5,56.0,7.5,56.0,NO LINE,No current market total is available.,,OTHER,GENERAL HGB,2026,1,401908514,2026-09-05 18:00:00+00:00,False,Concordia Chicago,Minnesota Morris,Big Cat Stadium,Morris,MN,45.586072,-95.913941,False,,missing,,,,,,,,,,over,,,,,,,,,,,,Upper Midwest,NACC,iii,iii,False,4,outputs/prospective/2026/snapshots/board_20260904T165610Z_run33897600789_a1_d18ee67b9f59.csv,d18ee67b9f59c4e1520cae26d9174f2d8c7dc30f4faaa6b1cabf63bd40ca97c4,,,,,False,,1503.8327600166667,True,,,,,,,,,19.0,52.0,71.0,,,False,,,,,,NOT QUALIFIER,
board_snapshot,2026-09-04 16:56:10.034399+00:00,2026.3,fdb878165a5023cd135a05bcddd58e04356c77c1650acb11647f9972b55ce049,schedule,"17 13 * * 4,5",33897600789,1,09eecafe1053e09a7ab1c65d0002e0802d56c273,True,120,3.5,56.0,7.5,56.0,NO LINE,No current market total is available.,,OTHER,GENERAL HGB,2026,1,401908759,2026-09-05 18:00:00+00:00,False,Lawrence,Luther,Legacy Field in Carlson Stadium,Decorah,IA,43.3041609,-91.7859098,False,,missing,,,,,,,,,,over,,,,,,,,,,,,Midwest,Midwest,iii,iii,False,4,outputs/prospective/2026/snapshots/board_20260904T165610Z_run33897600789_a1_d18ee67b9f59.csv,d18ee67b9f59c4e1520cae26d9174f2d8c7dc30f4faaa6b1cabf63bd40ca97c4,,,,,False,,1503.8327600166667,True,,,,,,,,,30.0,7.0,37.0,,,False,,,,,,NOT QUALIFIER,
board_snapshot,2026-09-04 16:56:10.034399+00:00,2026.3,fdb878165a5023cd135a05bcddd58e04356c77c1650acb11647f9972b55ce049,schedule,"17 13 * * 4,5",33897600789,1,09eecafe1053e09a7ab1c65d0002e0802d56c273,True,120,3.5,56.0,7.5,56.0,NO LINE,No current market total is available.,,OTHER,GENERAL HGB,2026,1,401908765,2026-09-05 18:00:00+00:00,False,Concordia (WI),Ripon,Ingalls Field,Ripon,WI,43.8424502,-88.8372972,False,,missing,,,,,,,,,,over,,,,,,,,,,,,Midwest,NACC,iii,iii,False,4,outputs/prospective/2026/snapshots/board_20260904T165610Z_run33897600789_a1_d18ee67b9f59.csv,d18ee67b9f59c4e1520cae26d9174f2d8c7dc30f4faaa6b1cabf63bd40ca97c4,,,,,False,,1503.8327600166667,True,,,,,,,,,14.0,38.0,52.0,,,False,,,,,,NOT QUALIFIER,
board_snapshot,2026-09-04 16:56:10.034399+00:00,2026.3,fdb878165a5023cd135a05bcddd58e04356c77c1650acb11647f9972b55ce049,schedule,"17 13 * * 4,5",33897600789,1,09eecafe1053e09a7ab1c65d0002e0802d56c273,True,120,3.5,56.0,7.5,56.0,NO LINE,No current market total is available.,,OTHER,GENERAL HGB,2026,1,401908771,2026-09-05 18:00:00+00:00,False,Mount Mercy,Grinnell,Rosenbloom Field,Grinnell,IA,41.7430237,-92.7239637,False,,missing,,,,,,,,,,over,,,,,,,,,,,,Midwest,missing,iii,,False,4,outputs/prospective/2026/snapshots/board_20260904T165610Z_run33897600789_a1_d18ee67b9f59.csv,d18ee67b9f59c4e1520cae26d9174f2d8c7dc30f4faaa6b1cabf63bd40ca97c4,,,,,False,,1503.8327600166667,True,,,,,,,,,16.0,13.0,29.0,,,False,,,,,,NOT QUALIFIER,
board_snapshot,2026-09-04 16:56:10.034399+00:00,2026.3,fdb878165a5023cd135a05bcddd58e04356c77c1650acb11647f9972b55ce049,schedule,"17 13 * * 4,5",33897600789,1,09eecafe1053e09a7ab1c65d0002e0802d56c273,True,120,3.5,56.0,7.5,56.0,NO LINE,No current market total is available.,,OTHER,GENERAL HGB,2026,1,401908921,2026-09-05 18:00:00+00:00,False,Wisconsin Lutheran,St. Scholastica,Public Schools Stadium,Duluth,MN,46.7729322,-92.1251218,False,,missing,,,,,,,,,,over,,,,,,,,,,,,Minnesota,NACC,iii,iii,False,4,outputs/prospective/2026/snapshots/board_20260904T165610Z_run33897600789_a1_d18ee67b9f59.csv,d18ee67b9f59c4e1520cae26d9174f2d8c7dc30f4faaa6b1cabf63bd40ca97c4,,,,,False,,1503.8327600166667,True,,,,,,,,,14.0,37.0,51.0,,,False,,,,,,NOT QUALIFIER,
board_snapshot,2026-09-04 16:56:10.034399+00:00,2026.3,fdb878165a5023cd135a05bcddd58e04356c77c1650acb11647f9972b55ce049,schedule,"17 13 * * 4,5",33897600789,1,09eecafe1053e09a7ab1c65d0002e0802d56c273,True,120,3.5,56.0,7.5,56.0,NO LINE,No current market total is available.,,OTHER,GENERAL HGB,2026,1,401909047,2026-09-05 18:00:00+00:00,False,Hiram,Oberlin,Austin E. Knowlton Athletics Complex,Oberlin,OH,41.2939386,-82.2173786,False,,missing,,,,,,,,,,over,,,,,,,,,,,,North Coast,Presidents',iii,iii,False,4,outputs/prospective/2026/snapshots/board_20260904T165610Z_run33897600789_a1_d18ee67b9f59.csv,d18ee67b9f59c4e1520cae26d9174f2d8c7dc30f4faaa6b1cabf63bd40ca97c4,,,,,False,,1503.8327600166667,True,,,,,,,,,2.0,33.0,35.0,,,False,,,,,,NOT QUALIFIER,
board_snapshot,2026-09-05 10:38:59.334752+00:00,2026.3,fdb878165a5023cd135a05bcddd58e04356c77c1650acb11647f9972b55ce049,schedule,17 6 * * 6,33961120017,1,0e180a3a83780b48c1b378920b0a3f94ac7ce103,True,120,3.5,56.0,7.5,56.0,NO PLAY,Model edge is below the 3.5-point production threshold.,,OTHER,GENERAL HGB,2026,1,401856658,2026-09-05 19:00:00+00:00,False,Tennessee State,Georgia,Sanford Stadium,Athens,GA,33.9498197,-83.3733813,False,54.5,DraftKings,CFBD,2.0,0.0,54.5,0.0,,55.34318393141685,0.8431839314168512,0.8431839314168512,over,98.0,70.0,41.0,2.301558184,6.904674552,8.0,0.0,0.0,No meaningful precipitation signal,ok,FFC,SEC,OVC,fbs,fcs,False,3,outputs/prospective/2026/snapshots/board_20260905T103859Z_run33961120017_a1_edbccb002f51.csv,edbccb002f5154721ba88f34cbbe004bb8e3620a6ac117081df014e4bd7f1241,,,,,True,"The Sep. 5, 2026 1:17 AM CDT production run was the intentionally deployed Saturday schedule, but its immutable snapshots were stamped ineligible because protocol 2026.3 still listed the superseded Saturday cron set. The entire run is restored as eligible without editing its immutable snapshot.",501.0110874666667,True,,,,,,,,,63.0,3.0,66.0,54.5,11.5,False,win,,,,,NOT QUALIFIER,
board_snapshot,2026-09-05 10:38:59.334752+00:00,2026.3,fdb878165a5023cd135a05bcddd58e04356c77c1650acb11647f9972b55ce049,schedule,17 6 * * 6,33961120017,1,0e180a3a83780b48c1b378920b0a3f94ac7ce103,True,120,3.5,56.0,7.5,56.0,NO PLAY,FCS-only model points over; the FCS research track has not validated an over production strategy.,5.0+ model edge; FCS-only HGB; FCS 56+ total,FCS,FCS-only HGB,2026,1,401868111,2026-09-05 19:00:00+00:00,False,Drake,Montana,Washington-Grizzly Stadium,Missoula,MT,46.8638753,-113.9815042,False,57.5,DraftKings,CFBD,1.0,0.0,57.5,0.0,,63.93253133904378,6.432531339043785,6.432531339043785,over,66.0,52.0,61.0,1.150779092,6.904674552,4.0,0.04,0.0,Measurable precipitation forecast,ok,MSO,Big Sky,Pioneer,fcs,fcs,False,3,outputs/prospective/2026/snapshots/board_20260905T103859Z_run33961120017_a1_edbccb002f51.csv,edbccb002f5154721ba88f34cbbe004bb8e3620a6ac117081df014e4bd7f1241,,,,,True,"The Sep. 5, 2026 1:17 AM CDT production run was the intentionally deployed Saturday schedule, but its immutable snapshots were stamped ineligible because protocol 2026.3 still listed the superseded Saturday cron set. The entire run is restored as eligible without editing its immutable snapshot.",501.0110874666667,True,,,,,,,,,45.0,10.0,55.0,57.5,-2.5,False,loss,,,,,NOT QUALIFIER,
board_snapshot,2026-09-04 16:56:10.034399+00:00,2026.3,fdb878165a5023cd135a05bcddd58e04356c77c1650acb11647f9972b55ce049,schedule,"17 13 * * 4,5",33897600789,1,09eecafe1053e09a7ab1c65d0002e0802d56c273,True,120,3.5,56.0,7.5,56.0,NO LINE,No current market total is available.,,OTHER,GENERAL HGB,2026,1,401906206,2026-09-05 19:00:00+00:00,False,Benedict,Shorter,Barron Stadium,Rome,GA,34.257038,-85.1646726,False,,missing,,,,,,,,,,over,,,,,,,,,,,,Carolinas,SIAC,ii,ii,False,4,outputs/prospective/2026/snapshots/board_20260904T165610Z_run33897600789_a1_d18ee67b9f59.csv,d18ee67b9f59c4e1520cae26d9174f2d8c7dc30f4faaa6b1cabf63bd40ca97c4,,,,,False,,1563.8327600166667,True,,,,,,,,,20.0,24.0,44.0,,,False,,,,,,NOT QUALIFIER,
board_snapshot,2026-09-04 16:56:10.034399+00:00,2026.3,fdb878165a5023cd135a05bcddd58e04356c77c1650acb11647f9972b55ce049,schedule,"17 13 * * 4,5",33897600789,1,09eecafe1053e09a7ab1c65d0002e0802d56c273,True,120,3.5,56.0,7.5,56.0,NO LINE,No current market total is available.,,OTHER,GENERAL HGB,2026,1,401906597,2026-09-05 19:00:00+00:00,False,West Alabama,Lenoir Rhyne,Helen and Leonard Moretz Stadium,Hickory,NC,35.7333312,-81.3442915,False,,missing,,,,,,,,,,over,,,,,,,,,,,,South Atlantic,Gulf South,ii,ii,False,4,outputs/prospective/2026/snapshots/board_20260904T165610Z_run33897600789_a1_d18ee67b9f59.csv,d18ee67b9f59c4e1520cae26d9174f2d8c7dc30f4faaa6b1cabf63bd40ca97c4,,,,,False,,1563.8327600166667,True,,,,,,,,,23.0,34.0,57.0,,,False,,,,,,NOT QUALIFIER,
board_snapshot,2026-09-04 16:56:10.034399+00:00,2026.3,fdb878165a5023cd135a05bcddd58e04356c77c1650acb11647f9972b55ce049,schedule,"17 13 * * 4,5",33897600789,1,09eecafe1053e09a7ab1c65d0002e0802d56c273,True,120,3.5,56.0,7.5,56.0,NO LINE,No current market total is available.,,OTHER,GENERAL HGB,2026,1,401906682,2026-09-05 19:00:00+00:00,False,Saint Anselm,Lake Erie,Jack Britt Memorial Stadium,Painesville,OH,41.7244885,-81.245657,False,,missing,,,,,,,,,,over,,,,,,,,,,,,Great Midwest Athletic,Northeast 10,ii,ii,False,4,outputs/prospective/2026/snapshots/board_20260904T165610Z_run33897600789_a1_d18ee67b9f59.csv,d18ee67b9f59c4e1520cae26d9174f2d8c7dc30f4faaa6b1cabf63bd40ca97c4,,,,,False,,1563.8327600166667,True,,,,,,,,,35.0,7.0,42.0,,,False,,,,,,NOT QUALIFIER,
board_snapshot,2026-09-04 16:56:10.034399+00:00,2026.3,fdb878165a5023cd135a05bcddd58e04356c77c1650acb11647f9972b55ce049,schedule,"17 13 * * 4,5",33897600789,1,09eecafe1053e09a7ab1c65d0002e0802d56c273,True,120,3.5,56.0,7.5,56.0,NO LINE,No current market total is available.,,OTHER,GENERAL HGB,2026,1,401907111,2026-09-05 19:00:00+00:00,False,Dakota State University,Black Hills State,Lyle Hare Stadium,Spearfish,SD,44.490817,-103.85937,False,,missing,,,,,,,,,,over,,,,,,,,,,,,Rocky Mountain,missing,ii,,False,4,outputs/prospective/2026/snapshots/board_20260904T165610Z_run33897600789_a1_d18ee67b9f59.csv,d18ee67b9f59c4e1520cae26d9174f2d8c7dc30f4faaa6b1cabf63bd40ca97c4,,,,,False,,1563.8327600166667,True,,,,,,,,,44.0,31.0,75.0,,,False,,,,,,NOT QUALIFIER,
board_snapshot,2026-09-04 16:56:10.034399+00:00,2026.3,fdb878165a5023cd135a05bcddd58e04356c77c1650acb11647f9972b55ce049,schedule,"17 13 * * 4,5",33897600789,1,09eecafe1053e09a7ab1c65d0002e0802d56c273,True,120,3.5,56.0,7.5,56.0,NO LINE,No current market total is available.,,OTHER,GENERAL HGB,2026,1,401907159,2026-09-05 19:00:00+00:00,False,Southwest Baptist,South Dakota Mines,O'Harra Stadium,Rapid City,SD,44.0869329,-103.2274481,False,,missing,,,,,,,,,,over,,,,,,,,,,,,Rocky Mountain,Great Lakes,ii,ii,False,4,outputs/prospective/2026/snapshots/board_20260904T165610Z_run33897600789_a1_d18ee67b9f59.csv,d18ee67b9f59c4e1520cae26d9174f2d8c7dc30f4faaa6b1cabf63bd40ca97c4,,,,,False,,1563.8327600166667,True,,,,,,,,,38.0,17.0,55.0,,,False,,,,,,NOT QUALIFIER,
board_snapshot,2026-09-04 16:56:10.034399+00:00,2026.3,fdb878165a5023cd135a05bcddd58e04356c77c1650acb11647f9972b55ce049,schedule,"17 13 * * 4,5",33897600789,1,09eecafe1053e09a7ab1c65d0002e0802d56c273,True,120,3.5,56.0,7.5,56.0,NO LINE,No current market total is available.,,OTHER,GENERAL HGB,2026,1,401907475,2026-09-05 19:00:00+00:00,False,Lock Haven,American International,Ronald J. Abdow Field,Springfield,MA,42.1018764,-72.5886727,False,,missing,,,,,,,,,,over,,,,,,,,,,,,Northeast 10,Pennsylvania State Athletic,ii,ii,False,4,outputs/prospective/2026/snapshots/board_20260904T165610Z_run33897600789_a1_d18ee67b9f59.csv,d18ee67b9f59c4e1520cae26d9174f2d8c7dc30f4faaa6b1cabf63bd40ca97c4,,,,,False,,1563.8327600166667,True,,,,,,,,,21.0,14.0,35.0,,,False,,,,,,NOT QUALIFIER,
board_snapshot,2026-09-04 16:56:10.034399+00:00,2026.3,fdb878165a5023cd135a05bcddd58e04356c77c1650acb11647f9972b55ce049,schedule,"17 13 * * 4,5",33897600789,1,09eecafe1053e09a7ab1c65d0002e0802d56c273,True,120,3.5,56.0,7.5,56.0,NO LINE,No current market total is available.,,OTHER,GENERAL HGB,2026,1,401908448,2026-09-05 19:00:00+00:00,False,Northwestern (MN),Claremont Mudd Scripps,Fritz B. Burns Stadium,Claremont,CA,34.0966764,-117.7197785,False,,missing,,,,,,,,,,over,,,,,,,,,,,,So. Cal.,Upper Midwest,iii,iii,False,4,outputs/prospective/2026/snapshots/board_20260904T165610Z_run33897600789_a1_d18ee67b9f59.csv,d18ee67b9f59c4e1520cae26d9174f2d8c7dc30f4faaa6b1cabf63bd40ca97c4,,,,,False,,1563.8327600166667,True,,,,,,,,,19.0,14.0,33.0,,,False,,,,,,NOT QUALIFIER,
board_snapshot,2026-09-04 16:56:10.034399+00:00,2026.3,fdb878165a5023cd135a05bcddd58e04356c77c1650acb11647f9972b55ce049,schedule,"17 13 * * 4,5",33897600789,1,09eecafe1053e09a7ab1c65d0002e0802d56c273,True,120,3.5,56.0,7.5,56.0,NO LINE,No current market total is available.,,OTHER,GENERAL HGB,2026,1,401908460,2026-09-05 19:00:00+00:00,False,Willamette,Pomona Pitzer,Merritt Field,Claremont,CA,34.0966764,-117.7197785,False,,missing,,,,,,,,,,over,,,,,,,,,,,,So. Cal.,Northwest,iii,iii,False,4,outputs/prospective/2026/snapshots/board_20260904T165610Z_run33897600789_a1_d18ee67b9f59.csv,d18ee67b9f59c4e1520cae26d9174f2d8c7dc30f4faaa6b1cabf63bd40ca97c4,,,,,False,,1563.8327600166667,True,,,,,,,,,42.0,23.0,65.0,,,False,,,,,,NOT QUALIFIER,
board_snapshot,2026-09-04 16:56:10.034399+00:00,2026.3,fdb878165a5023cd135a05bcddd58e04356c77c1650acb11647f9972b55ce049,schedule,"17 13 * * 4,5",33897600789,1,09eecafe1053e09a7ab1c65d0002e0802d56c273,True,120,3.5,56.0,7.5,56.0,NO LINE,No current market total is available.,,OTHER,GENERAL HGB,2026,1,401908722,2026-09-05 19:00:00+00:00,False,Widener,Geneva,Reeves Field (PA),Beaver Falls,PA,40.7520097,-80.3192295,False,,missing,,,,,,,,,,over,,,,,,,,,,,,Presidents',Mid Atlantic,iii,iii,False,4,outputs/prospective/2026/snapshots/board_20260904T165610Z_run33897600789_a1_d18ee67b9f59.csv,d18ee67b9f59c4e1520cae26d9174f2d8c7dc30f4faaa6b1cabf63bd40ca97c4,,,,,False,,1563.8327600166667,True,,,,,,,,,21.0,14.0,35.0,,,False,,,,,,NOT QUALIFIER,
board_snapshot,2026-09-05 10:38:59.334752+00:00,2026.3,fdb878165a5023cd135a05bcddd58e04356c77c1650acb11647f9972b55ce049,schedule,17 6 * * 6,33961120017,1,0e180a3a83780b48c1b378920b0a3f94ac7ce103,True,120,3.5,56.0,7.5,56.0,NO PLAY,Model edge is below the 3.5-point production threshold.,,FBS,GENERAL HGB,2026,1,401856636,2026-09-05 19:30:00+00:00,False,Baylor,Auburn,Mercedes-Benz Stadium,Atlanta,GA,33.755578,-84.400881,True,59.5,DraftKings,CFBD,2.0,0.0,59.5,0.0,,60.753506264392,1.2535062643919952,1.2535062643919952,over,,,,,,,,,Indoor/dome game,indoor,,SEC,Big 12,fbs,fbs,True,3,outputs/prospective/2026/snapshots/board_20260905T103859Z_run33961120017_a1_edbccb002f51.csv,edbccb002f5154721ba88f34cbbe004bb8e3620a6ac117081df014e4bd7f1241,,,,,True,"The Sep. 5, 2026 1:17 AM CDT production run was the intentionally deployed Saturday schedule, but its immutable snapshots were stamped ineligible because protocol 2026.3 still listed the superseded Saturday cron set. The entire run is restored as eligible without editing its immutable snapshot.",531.0110874666667,True,58.5,2026-09-05 19:02:31.236603+00:00,27.479389949999998,DraftKings,CFBD,2.0,outputs/prospective/2026/close_captures/close_20260905T190231Z_run33985868564_a1_1bce342a75fe.csv,1bce342a75feaea1259377951cc550a0c80f4ada5c394a246829294e683e4d84,17.0,16.0,33.0,59.5,-26.5,False,loss,,,-1.0,0.0,NOT QUALIFIER,
board_snapshot,2026-09-05 10:38:59.334752+00:00,2026.3,fdb878165a5023cd135a05bcddd58e04356c77c1650acb11647f9972b55ce049,schedule,17 6 * * 6,33961120017,1,0e180a3a83780b48c1b378920b0a3f94ac7ce103,True,120,3.5,56.0,7.5,56.0,NO PLAY,Model edge is below the 3.5-point production threshold.,,OTHER,GENERAL HGB,2026,1,401856666,2026-09-05 19:30:00+00:00,False,Furman,Tennessee,Neyland Stadium,Knoxville,TN,35.9550131,-83.9250128,False,66.5,DraftKings,CFBD,2.0,0.5,66.75,-0.25,,66.64869039030168,0.1486903903016763,0.1486903903016763,over,95.0,72.0,48.0,2.301558184,5.75389546,15.0,0.02,0.0,Measurable precipitation forecast,ok,MRX,SEC,Southern,fbs,fcs,False,3,outputs/prospective/2026/snapshots/board_20260905T103859Z_run33961120017_a1_edbccb002f51.csv,edbccb002f5154721ba88f34cbbe004bb8e3620a6ac117081df014e4bd7f1241,,,,,True,"The Sep. 5, 2026 1:17 AM CDT production run was the intentionally deployed Saturday schedule, but its immutable snapshots were stamped ineligible because protocol 2026.3 still listed the superseded Saturday cron set. The entire run is restored as eligible without editing its immutable snapshot.",531.0110874666667,True,66.5,2026-09-05 19:02:31.236603+00:00,27.479389949999998,DraftKings,CFBD,2.0,outputs/prospective/2026/close_captures/close_20260905T190231Z_run33985868564_a1_1bce342a75fe.csv,1bce342a75feaea1259377951cc550a0c80f4ada5c394a246829294e683e4d84,56.0,9.0,65.0,66.5,-1.5,False,loss,,,0.0,0.0,NOT QUALIFIER,
board_snapshot,2026-09-05 10:38:59.334752+00:00,2026.3,fdb878165a5023cd135a05bcddd58e04356c77c1650acb11647f9972b55ce049,schedule,17 6 * * 6,33961120017,1,0e180a3a83780b48c1b378920b0a3f94ac7ce103,True,120,3.5,56.0,7.5,56.0,NO PLAY,Model edge is below the 3.5-point production threshold.,,FBS,GENERAL HGB,2026,1,401856667,2026-09-05 19:30:00+00:00,False,Texas State,Texas,DKR-Texas Memorial Stadium,Austin,TX,30.2836813,-97.7325345,False,59.5,DraftKings,CFBD,2.0,0.5,59.75,-0.25,,59.84830571584735,0.3483057158473456,0.3483057158473456,over,96.0,69.0,42.0,4.603116368,9.206232736,8.0,0.0,0.0,No meaningful precipitation signal,ok,EWX,SEC,Pac-12,fbs,fbs,True,3,outputs/prospective/2026/snapshots/board_20260905T103859Z_run33961120017_a1_edbccb002f51.csv,edbccb002f5154721ba88f34cbbe004bb8e3620a6ac117081df014e4bd7f1241,,,,,True,"The Sep. 5, 2026 1:17 AM CDT production run was the intentionally deployed Saturday schedule, but its immutable snapshots were stamped ineligible because protocol 2026.3 still listed the superseded Saturday cron set. The entire run is restored as eligible without editing its immutable snapshot.",531.0110874666667,True,60.75,2026-09-05 19:02:31.236603+00:00,27.479389949999998,DraftKings,CFBD,2.0,outputs/prospective/2026/close_captures/close_20260905T190231Z_run33985868564_a1_1bce342a75fe.csv,1bce342a75feaea1259377951cc550a0c80f4ada5c394a246829294e683e4d84,59.0,7.0,66.0,59.5,6.5,False,win,,,1.25,1.0,NOT QUALIFIER,
board_snapshot,2026-09-05 10:38:59.334752+00:00,2026.3,fdb878165a5023cd135a05bcddd58e04356c77c1650acb11647f9972b55ce049,schedule,17 6 * * 6,33961120017,1,0e180a3a83780b48c1b378920b0a3f94ac7ce103,True,120,3.5,56.0,7.5,56.0,NO PLAY,Model edge is below the 3.5-point production threshold.,,FBS,GENERAL HGB,2026,1,401856777,2026-09-05 19:30:00+00:00,False,Boston College,Cincinnati,Nippert Stadium,Cincinnati,OH,39.1312495,-84.5161913,False,50.5,DraftKings,CFBD,2.0,0.5,50.25,0.25,,51.045964510638974,0.5459645106389721,0.5459645106389721,over,92.0,75.0,57.0,6.904674552,12.658570012,39.0,0.1,0.0,Measurable precipitation forecast,ok,ILN,Big 12,ACC,fbs,fbs,True,3,outputs/prospective/2026/snapshots/board_20260905T103859Z_run33961120017_a1_edbccb002f51.csv,edbccb002f5154721ba88f34cbbe004bb8e3620a6ac117081df014e4bd7f1241,,,,,True,"The Sep. 5, 2026 1:17 AM CDT production run was the intentionally deployed Saturday schedule, but its immutable snapshots were stamped ineligible because protocol 2026.3 still listed the superseded Saturday cron set. The entire run is restored as eligible without editing its immutable snapshot.",531.0110874666667,True,51.25,2026-09-05 19:02:31.236603+00:00,27.479389949999998,DraftKings,CFBD,2.0,outputs/prospective/2026/close_captures/close_20260905T190231Z_run33985868564_a1_1bce342a75fe.csv,1bce342a75feaea1259377951cc550a0c80f4ada5c394a246829294e683e4d84,34.0,15.0,49.0,50.5,-1.5,False,loss,,,0.75,1.0,NOT QUALIFIER,
board_snapshot,2026-09-05 10:38:59.334752+00:00,2026.3,fdb878165a5023cd135a05bcddd58e04356c77c1650acb11647f9972b55ce049,schedule,17 6 * * 6,33961120017,1,0e180a3a83780b48c1b378920b0a3f94ac7ce103,True,120,3.5,56.0,7.5,56.0,NO PLAY,Model edge is below the 3.5-point production threshold.,selected total above market median,FBS,GENERAL HGB,2026,1,401858209,2026-09-05 19:30:00+00:00,False,Tulane,Duke,Wallace Wade Stadium,Durham,NC,35.9953688,-78.9417564,False,51.5,DraftKings,CFBD,2.0,1.0,51.0,0.5,,51.90509303913446,0.4050930391344557,0.4050930391344557,over,95.0,69.0,43.0,4.603116368,11.50779092,32.0,0.27,0.0,Measurable precipitation forecast,ok,RAH,ACC,American Athletic,fbs,fbs,True,3,outputs/prospective/2026/snapshots/board_20260905T103859Z_run33961120017_a1_edbccb002f51.csv,edbccb002f5154721ba88f34cbbe004bb8e3620a6ac117081df014e4bd7f1241,,,,,True,"The Sep. 5, 2026 1:17 AM CDT production run was the intentionally deployed Saturday schedule, but its immutable snapshots were stamped ineligible because protocol 2026.3 still listed the superseded Saturday cron set. The entire run is restored as eligible without editing its immutable snapshot.",531.0110874666667,True,50.5,2026-09-05 19:02:31.236603+00:00,27.479389949999998,DraftKings,CFBD,2.0,outputs/prospective/2026/close_captures/close_20260905T190231Z_run33985868564_a1_1bce342a75fe.csv,1bce342a75feaea1259377951cc550a0c80f4ada5c394a246829294e683e4d84,17.0,3.0,20.0,51.5,-31.5,False,loss,,,-1.0,0.0,NOT QUALIFIER,
board_snapshot,2026-09-05 10:38:59.334752+00:00,2026.3,fdb878165a5023cd135a05bcddd58e04356c77c1650acb11647f9972b55ce049,schedule,17 6 * * 6,33961120017,1,0e180a3a83780b48c1b378920b0a3f94ac7ce103,True,120,3.5,56.0,7.5,56.0,NO PLAY,Model edge is below the 3.5-point production threshold.,,FBS,GENERAL HGB,2026,1,401858433,2026-09-05 19:30:00+00:00,False,Boise State,Oregon,Autzen Stadium,Eugene,OR,44.0582712,-123.0684883,False,51.5,DraftKings,CFBD,2.0,0.0,51.5,0.0,,51.70922587065442,0.2092258706544209,0.2092258706544209,over,63.0,56.0,77.0,2.301558184,4.603116368,3.0,0.0,0.0,No meaningful precipitation signal,ok,PQR,Big Ten,Pac-12,fbs,fbs,True,3,outputs/prospective/2026/snapshots/board_20260905T103859Z_run33961120017_a1_edbccb002f51.csv,edbccb002f5154721ba88f34cbbe004bb8e3620a6ac117081df014e4bd7f1241,,,,,True,"The Sep. 5, 2026 1:17 AM CDT production run was the intentionally deployed Saturday schedule, but its immutable snapshots were stamped ineligible because protocol 2026.3 still listed the superseded Saturday cron set. The entire run is restored as eligible without editing its immutable snapshot.",531.0110874666667,True,51.5,2026-09-05 19:02:31.236603+00:00,27.479389949999998,DraftKings,CFBD,2.0,outputs/prospective/2026/close_captures/close_20260905T190231Z_run33985868564_a1_1bce342a75fe.csv,1bce342a75feaea1259377951cc550a0c80f4ada5c394a246829294e683e4d84,34.0,27.0,61.0,51.5,9.5,False,win,,,0.0,0.0,NOT QUALIFIER,
board_snapshot,2026-09-05 10:38:59.334752+00:00,2026.3,fdb878165a5023cd135a05bcddd58e04356c77c1650acb11647f9972b55ce049,schedule,17 6 * * 6,33961120017,1,0e180a3a83780b48c1b378920b0a3f94ac7ce103,True,120,3.5,56.0,7.5,56.0,NO PLAY,Model edge is below the 3.5-point production threshold.,,FBS,GENERAL HGB,2026,1,401858434,2026-09-05 19:30:00+00:00,False,Marshall,Penn State,Beaver Stadium,University Park,PA,40.8121958,-77.8561023,False,52.5,DraftKings,CFBD,2.0,0.5,52.25,0.25,,53.16665079261448,0.6666507926144751,0.6666507926144751,over,78.0,62.0,58.0,4.603116368,10.357011828,4.0,0.0,0.0,No meaningful precipitation signal,ok,CTP,Big Ten,Sun Belt,fbs,fbs,True,3,outputs/prospective/2026/snapshots/board_20260905T103859Z_run33961120017_a1_edbccb002f51.csv,edbccb002f5154721ba88f34cbbe004bb8e3620a6ac117081df014e4bd7f1241,,,,,True,"The Sep. 5, 2026 1:17 AM CDT production run was the intentionally deployed Saturday schedule, but its immutable snapshots were stamped ineligible because protocol 2026.3 still listed the superseded Saturday cron set. The entire run is restored as eligible without editing its immutable snapshot.",531.0110874666667,True,52.25,2026-09-05 19:02:31.236603+00:00,27.479389949999998,DraftKings,CFBD,2.0,outputs/prospective/2026/close_captures/close_20260905T190231Z_run33985868564_a1_1bce342a75fe.csv,1bce342a75feaea1259377951cc550a0c80f4ada5c394a246829294e683e4d84,45.0,0.0,45.0,52.5,-7.5,False,loss,,,-0.25,0.0,NOT QUALIFIER,
board_snapshot,2026-09-05 10:38:59.334752+00:00,2026.3,fdb878165a5023cd135a05bcddd58e04356c77c1650acb11647f9972b55ce049,schedule,17 6 * * 6,33961120017,1,0e180a3a83780b48c1b378920b0a3f94ac7ce103,True,120,3.5,56.0,7.5,56.0,NO PLAY,Model edge is below the 3.5-point production threshold.,,OTHER,GENERAL HGB,2026,1,401862694,2026-09-05 19:30:00+00:00,False,The Citadel,Charlotte,Jerry Richardson Stadium,Charlotte,NC,35.3105033,-80.7401194,False,46.5,DraftKings,CFBD,2.0,0.0,46.5,0.0,,47.67878292819972,1.1787829281997164,1.1787829281997164,over,98.0,71.0,42.0,3.452337276,9.206232736,9.0,0.09,0.0,Measurable precipitation forecast,ok,GSP,American Athletic,Southern,fbs,fcs,False,3,outputs/prospective/2026/snapshots/board_20260905T103859Z_run33961120017_a1_edbccb002f51.csv,edbccb002f5154721ba88f34cbbe004bb8e3620a6ac117081df014e4bd7f1241,,,,,True,"The Sep. 5, 2026 1:17 AM CDT production run was the intentionally deployed Saturday schedule, but its immutable snapshots were stamped ineligible because protocol 2026.3 still listed the superseded Saturday cron set. The entire run is restored as eligible without editing its immutable snapshot.",531.0110874666667,True,49.25,2026-09-05 19:02:31.236603+00:00,27.479389949999998,DraftKings,CFBD,2.0,outputs/prospective/2026/close_captures/close_20260905T190231Z_run33985868564_a1_1bce342a75fe.csv,1bce342a75feaea1259377951cc550a0c80f4ada5c394a246829294e683e4d84,41.0,43.0,84.0,46.5,37.5,False,win,,,2.75,1.0,NOT QUALIFIER,
board_snapshot,2026-09-05 10:38:59.334752+00:00,2026.3,fdb878165a5023cd135a05bcddd58e04356c77c1650acb11647f9972b55ce049,schedule,17 6 * * 6,33961120017,1,0e180a3a83780b48c1b378920b0a3f94ac7ce103,True,120,3.5,56.0,7.5,56.0,NO PLAY,Model edge is below the 3.5-point production threshold.,,OTHER,GENERAL HGB,2026,1,401862696,2026-09-05 19:30:00+00:00,False,Towson,Navy,Navy-Marine Corps Memorial Stadium,Annapolis,MD,38.9846985,-76.5076335,False,50.5,DraftKings,CFBD,2.0,0.0,50.5,0.0,,51.29578576727431,0.7957857672743083,0.7957857672743083,over,80.0,67.0,65.0,5.75389546,8.055453644,8.0,0.0,0.0,No meaningful precipitation signal,ok,LWX,American Athletic,Coastal Athletic,fbs,fcs,False,3,outputs/prospective/2026/snapshots/board_20260905T103859Z_run33961120017_a1_edbccb002f51.csv,edbccb002f5154721ba88f34cbbe004bb8e3620a6ac117081df014e4bd7f1241,,,,,True,"The Sep. 5, 2026 1:17 AM CDT production run was the intentionally deployed Saturday schedule, but its immutable snapshots were stamped ineligible because protocol 2026.3 still listed the superseded Saturday cron set. The entire run is restored as eligible without editing its immutable snapshot.",531.0110874666667,True,50.5,2026-09-05 19:02:31.236603+00:00,27.479389949999998,DraftKings,CFBD,2.0,outputs/prospective/2026/close_captures/close_20260905T190231Z_run33985868564_a1_1bce342a75fe.csv,1bce342a75feaea1259377951cc550a0c80f4ada5c394a246829294e683e4d84,42.0,15.0,57.0,50.5,6.5,False,win,,,0.0,0.0,NOT QUALIFIER,
board_snapshot,2026-09-05 10:38:59.334752+00:00,2026.3,fdb878165a5023cd135a05bcddd58e04356c77c1650acb11647f9972b55ce049,schedule,17 6 * * 6,33961120017,1,0e180a3a83780b48c1b378920b0a3f94ac7ce103,True,120,3.5,56.0,7.5,56.0,NO PLAY,Model edge is below the 3.5-point production threshold.,,OTHER,GENERAL HGB,2026,1,401862700,2026-09-05 19:30:00+00:00,False,UT Rio Grande Valley,UTSA,Alamodome,San Antonio,TX,29.4169834,-98.4788143,True,59.5,DraftKings,CFBD,2.0,0.0,59.5,0.0,,60.42530243722467,0.9253024372246724,0.9253024372246724,over,,,,,,,,,Indoor/dome game,indoor,,American Athletic,Southland,fbs,fcs,False,3,outputs/prospective/2026/snapshots/board_20260905T103859Z_run33961120017_a1_edbccb002f51.csv,edbccb002f5154721ba88f34cbbe004bb8e3620a6ac117081df014e4bd7f1241,,,,,True,"The Sep. 5, 2026 1:17 AM CDT production run was the intentionally deployed Saturday schedule, but its immutable snapshots were stamped ineligible because protocol 2026.3 still listed the superseded Saturday cron set. The entire run is restored as eligible without editing its immutable snapshot.",531.0110874666667,True,59.5,2026-09-05 19:02:31.236603+00:00,27.479389949999998,DraftKings,CFBD,2.0,outputs/prospective/2026/close_captures/close_20260905T190231Z_run33985868564_a1_1bce342a75fe.csv,1bce342a75feaea1259377951cc550a0c80f4ada5c394a246829294e683e4d84,45.0,16.0,61.0,59.5,1.5,False,win,,,0.0,0.0,NOT QUALIFIER,
board_snapshot,2026-09-05 10:38:59.334752+00:00,2026.3,fdb878165a5023cd135a05bcddd58e04356c77c1650acb11647f9972b55ce049,schedule,17 6 * * 6,33961120017,1,0e180a3a83780b48c1b378920b0a3f94ac7ce103,True,120,3.5,56.0,7.5,56.0,NO PLAY,Model edge is below the 3.5-point production threshold.,,OTHER,GENERAL HGB,2026,1,401864499,2026-09-05 19:30:00+00:00,False,Fordham,North Dakota State,Fargodome,Fargo,ND,46.9029938,-96.8003251,True,56.5,DraftKings,CFBD,2.0,0.5,56.25,0.25,,57.17677714547576,0.6767771454757576,0.6767771454757576,over,,,,,,,,,Indoor/dome game,indoor,,Mountain West,Patriot,fbs,fcs,False,3,outputs/prospective/2026/snapshots/board_20260905T103859Z_run33961120017_a1_edbccb002f51.csv,edbccb002f5154721ba88f34cbbe004bb8e3620a6ac117081df014e4bd7f1241,,,,,True,"The Sep. 5, 2026 1:17 AM CDT production run was the intentionally deployed Saturday schedule, but its immutable snapshots were stamped ineligible because protocol 2026.3 still listed the superseded Saturday cron set. The entire run is restored as eligible without editing its immutable snapshot.",531.0110874666667,True,54.25,2026-09-05 19:02:31.236603+00:00,27.479389949999998,DraftKings,CFBD,2.0,outputs/prospective/2026/close_captures/close_20260905T190231Z_run33985868564_a1_1bce342a75fe.csv,1bce342a75feaea1259377951cc550a0c80f4ada5c394a246829294e683e4d84,38.0,0.0,38.0,56.5,-18.5,False,loss,,,-2.25,0.0,NOT QUALIFIER,
board_snapshot,2026-09-05 10:38:59.334752+00:00,2026.3,fdb878165a5023cd135a05bcddd58e04356c77c1650acb11647f9972b55ce049,schedule,17 6 * * 6,33961120017,1,0e180a3a83780b48c1b378920b0a3f94ac7ce103,True,120,3.5,56.0,7.5,56.0,QUALIFIES,FCS-only HGB under edge ≥7.5 with a 56+ total; this screen was positive in each 2023-2025 walk-forward test season.,5.0+ model edge; FCS-only HGB; FCS 7.5+ under edge; FCS 56+ total,FCS,FCS-only HGB,2026,1,401866625,2026-09-05 19:30:00+00:00,False,Western Carolina,Campbell,Barker-Lane Stadium,Buies Creek,NC,35.4047689,-78.7424842,False,67.5,DraftKings,CFBD,1.0,0.0,67.5,0.0,,58.77850211453092,-8.721497885469075,8.721497885469075,under,97.0,70.0,42.0,3.452337276,9.206232736,8.0,0.14,0.0,Measurable precipitation forecast,ok,RAH,Coastal Athletic,Southern,fcs,fcs,False,0,outputs/prospective/2026/snapshots/board_20260905T103859Z_run33961120017_a1_edbccb002f51.csv,edbccb002f5154721ba88f34cbbe004bb8e3620a6ac117081df014e4bd7f1241,,,,,True,"The Sep. 5, 2026 1:17 AM CDT production run was the intentionally deployed Saturday schedule, but its immutable snapshots were stamped ineligible because protocol 2026.3 still listed the superseded Saturday cron set. The entire run is restored as eligible without editing its immutable snapshot.",531.0110874666667,True,68.5,2026-09-05 19:02:31.236603+00:00,27.479389949999998,DraftKings,CFBD,1.0,outputs/prospective/2026/close_captures/close_20260905T190231Z_run33985868564_a1_1bce342a75fe.csv,1bce342a75feaea1259377951cc550a0c80f4ada5c394a246829294e683e4d84,,,,67.5,,True,excluded,excluded,,,,POSTPONED / STALE,"Western Carolina at Campbell was postponed from its original Saturday kickoff. The original prospective qualifier remains preserved, but the event changed kickoff/weather context and must not be settled, counted in units/ROI, or assigned CLV from the stale market snapshot."
board_snapshot,2026-09-05 10:38:59.334752+00:00,2026.3,fdb878165a5023cd135a05bcddd58e04356c77c1650acb11647f9972b55ce049,schedule,17 6 * * 6,33961120017,1,0e180a3a83780b48c1b378920b0a3f94ac7ce103,True,120,3.5,56.0,7.5,56.0,NO PLAY,Model edge is below the 3.5-point production threshold.,,OTHER,GENERAL HGB,2026,1,401866627,2026-09-05 19:30:00+00:00,False,Maine,App State,Kidd Brewer Stadium,Boone,NC,36.2114267,-81.6854278,False,53.5,DraftKings,CFBD,2.0,0.0,53.5,0.0,,54.66656343053072,1.1665634305307162,1.1665634305307162,over,81.0,62.0,52.0,8.055453644,13.809349104,17.0,0.01,0.0,No meaningful precipitation signal,ok,RNK,Sun Belt,Coastal Athletic,fbs,fcs,False,3,outputs/prospective/2026/snapshots/board_20260905T103859Z_run33961120017_a1_edbccb002f51.csv,edbccb002f5154721ba88f34cbbe004bb8e3620a6ac117081df014e4bd7f1241,,,,,True,"The Sep. 5, 2026 1:17 AM CDT production run was the intentionally deployed Saturday schedule, but its immutable snapshots were stamped ineligible because protocol 2026.3 still listed the superseded Saturday cron set. The entire run is restored as eligible without editing its immutable snapshot.",531.0110874666667,True,53.75,2026-09-05 19:02:31.236603+00:00,27.479389949999998,DraftKings,CFBD,2.0,outputs/prospective/2026/close_captures/close_20260905T190231Z_run33985868564_a1_1bce342a75fe.csv,1bce342a75feaea1259377951cc550a0c80f4ada5c394a246829294e683e4d84,55.0,3.0,58.0,53.5,4.5,False,win,,,0.25,1.0,NOT QUALIFIER,
board_snapshot,2026-09-05 10:38:59.334752+00:00,2026.3,fdb878165a5023cd135a05bcddd58e04356c77c1650acb11647f9972b55ce049,schedule,17 6 * * 6,33961120017,1,0e180a3a83780b48c1b378920b0a3f94ac7ce103,True,120,3.5,56.0,7.5,56.0,NO PLAY,Model edge is below the 3.5-point production threshold.,,FBS,GENERAL HGB,2026,1,401856772,2026-09-05 19:45:00+00:00,False,Oklahoma State,Tulsa,Chapman Stadium,Tulsa,OK,36.1489175,-95.9437853,False,59.5,DraftKings,CFBD,2.0,0.5,59.25,0.25,,60.15923442543812,0.6592344254381203,0.6592344254381203,over,99.0,71.0,41.0,4.603116368,8.055453644,5.0,0.0,0.0,No meaningful precipitation signal,ok,TSA,American Athletic,Big 12,fbs,fbs,True,3,outputs/prospective/2026/snapshots/board_20260905T103859Z_run33961120017_a1_edbccb002f51.csv,edbccb002f5154721ba88f34cbbe004bb8e3620a6ac117081df014e4bd7f1241,,,,,True,"The Sep. 5, 2026 1:17 AM CDT production run was the intentionally deployed Saturday schedule, but its immutable snapshots were stamped ineligible because protocol 2026.3 still listed the superseded Saturday cron set. The entire run is restored as eligible without editing its immutable snapshot.",546.0110874666667,True,57.5,2026-09-05 19:02:31.236603+00:00,42.479389950000005,DraftKings,CFBD,2.0,outputs/prospective/2026/close_captures/close_20260905T190231Z_run33985868564_a1_1bce342a75fe.csv,1bce342a75feaea1259377951cc550a0c80f4ada5c394a246829294e683e4d84,24.0,10.0,34.0,59.5,-25.5,False,loss,,,-2.0,0.0,NOT QUALIFIER,
board_snapshot,2026-09-05 10:38:59.334752+00:00,2026.3,fdb878165a5023cd135a05bcddd58e04356c77c1650acb11647f9972b55ce049,schedule,17 6 * * 6,33961120017,1,0e180a3a83780b48c1b378920b0a3f94ac7ce103,True,120,3.5,56.0,7.5,56.0,NO PLAY,FCS-only model does not meet the conservative under-edge screen.,FCS-only HGB,FCS,FCS-only HGB,2026,1,401867875,2026-09-05 20:00:00+00:00,False,St. Thomas (MN),North Dakota,Alerus Center,Grand Forks,ND,47.910622,-97.090996,True,52.5,DraftKings,CFBD,1.0,0.0,52.5,0.0,,55.75825651841652,3.25825651841652,3.25825651841652,over,,,,,,,,,Indoor/dome game,indoor,,MVFC,Pioneer,fcs,fcs,False,3,outputs/prospective/2026/snapshots/board_20260905T103859Z_run33961120017_a1_edbccb002f51.csv,edbccb002f5154721ba88f34cbbe004bb8e3620a6ac117081df014e4bd7f1241,,,,,True,"The Sep. 5, 2026 1:17 AM CDT production run was the intentionally deployed Saturday schedule, but its immutable snapshots were stamped ineligible because protocol 2026.3 still listed the superseded Saturday cron set. The entire run is restored as eligible without editing its immutable snapshot.",561.0110874666666,True,53.5,2026-09-05 19:02:31.236603+00:00,57.479389950000005,DraftKings,CFBD,1.0,outputs/prospective/2026/close_captures/close_20260905T190231Z_run33985868564_a1_1bce342a75fe.csv,1bce342a75feaea1259377951cc550a0c80f4ada5c394a246829294e683e4d84,62.0,26.0,88.0,52.5,35.5,False,win,,,1.0,1.0,NOT QUALIFIER,
board_snapshot,2026-09-04 16:56:10.034399+00:00,2026.3,fdb878165a5023cd135a05bcddd58e04356c77c1650acb11647f9972b55ce049,schedule,"17 13 * * 4,5",33897600789,1,09eecafe1053e09a7ab1c65d0002e0802d56c273,True,120,3.5,56.0,7.5,56.0,NO LINE,No current market total is available.,,OTHER,GENERAL HGB,2026,1,401906921,2026-09-05 20:00:00+00:00,False,Florida Memorial University,Allen,W.C. Hawkins Stadium,Columbia,SC,34.0007493,-81.0343313,False,,missing,,,,,,,,,,over,,,,,,,,,,,,SIAC,missing,ii,,False,4,outputs/prospective/2026/snapshots/board_20260904T165610Z_run33897600789_a1_d18ee67b9f59.csv,d18ee67b9f59c4e1520cae26d9174f2d8c7dc30f4faaa6b1cabf63bd40ca97c4,,,,,False,,1623.8327600166667,True,,,,,,,,,31.0,38.0,69.0,,,False,,,,,,NOT QUALIFIER,
board_snapshot,2026-09-04 16:56:10.034399+00:00,2026.3,fdb878165a5023cd135a05bcddd58e04356c77c1650acb11647f9972b55ce049,schedule,"17 13 * * 4,5",33897600789,1,09eecafe1053e09a7ab1c65d0002e0802d56c273,True,120,3.5,56.0,7.5,56.0,NO LINE,No current market total is available.,,OTHER,GENERAL HGB,2026,1,401907130,2026-09-05 20:00:00+00:00,False,Colorado Mesa,Eastern New Mexico,Al Whitehead Field at Greyhound Stadium,Portales,NM,34.1861922,-103.334397,False,,missing,,,,,,,,,,over,,,,,,,,,,,,Lone Star,Rocky Mountain,ii,ii,False,4,outputs/prospective/2026/snapshots/board_20260904T165610Z_run33897600789_a1_d18ee67b9f59.csv,d18ee67b9f59c4e1520cae26d9174f2d8c7dc30f4faaa6b1cabf63bd40ca97c4,,,,,False,,1623.8327600166667,True,,,,,,,,,23.0,42.0,65.0,,,False,,,,,,NOT QUALIFIER,
board_snapshot,2026-09-04 16:56:10.034399+00:00,2026.3,fdb878165a5023cd135a05bcddd58e04356c77c1650acb11647f9972b55ce049,schedule,"17 13 * * 4,5",33897600789,1,09eecafe1053e09a7ab1c65d0002e0802d56c273,True,120,3.5,56.0,7.5,56.0,NO LINE,No current market total is available.,,OTHER,GENERAL HGB,2026,1,401907332,2026-09-05 20:00:00+00:00,False,Western Oregon,Southern Oregon,,,,,,False,,missing,,,,,,,,,,over,,,,,,,,,,,,missing,Lone Star,,ii,False,4,outputs/prospective/2026/snapshots/board_20260904T165610Z_run33897600789_a1_d18ee67b9f59.csv,d18ee67b9f59c4e1520cae26d9174f2d8c7dc30f4faaa6b1cabf63bd40ca97c4,,,,,False,,1623.8327600166667,True,,,,,,,,,35.0,65.0,100.0,,,False,,,,,,NOT QUALIFIER,
board_snapshot,2026-09-04 16:56:10.034399+00:00,2026.3,fdb878165a5023cd135a05bcddd58e04356c77c1650acb11647f9972b55ce049,schedule,"17 13 * * 4,5",33897600789,1,09eecafe1053e09a7ab1c65d0002e0802d56c273,True,120,3.5,56.0,7.5,56.0,NO LINE,No current market total is available.,,OTHER,GENERAL HGB,2026,1,401907615,2026-09-05 20:00:00+00:00,False,West Liberty,Seton Hill,Offutt Field,Greensburg,PA,40.3014581,-79.5389289,False,,missing,,,,,,,,,,over,,,,,,,,,,,,Pennsylvania State Athletic,Mountain East,ii,ii,False,4,outputs/prospective/2026/snapshots/board_20260904T165610Z_run33897600789_a1_d18ee67b9f59.csv,d18ee67b9f59c4e1520cae26d9174f2d8c7dc30f4faaa6b1cabf63bd40ca97c4,,,,,False,,1623.8327600166667,True,,,,,,,,,28.0,24.0,52.0,,,False,,,,,,NOT QUALIFIER,
board_snapshot,2026-09-04 16:56:10.034399+00:00,2026.3,fdb878165a5023cd135a05bcddd58e04356c77c1650acb11647f9972b55ce049,schedule,"17 13 * * 4,5",33897600789,1,09eecafe1053e09a7ab1c65d0002e0802d56c273,True,120,3.5,56.0,7.5,56.0,NO LINE,No current market total is available.,,OTHER,GENERAL HGB,2026,1,401907634,2026-09-05 20:00:00+00:00,False,Southwest Minnesota State,Bemidji State,Chet Anderson Stadium,Bemidji,MN,47.4785418,-94.8907869,False,,missing,,,,,,,,,,over,,,,,,,,,,,,Northern Sun,Northern Sun,ii,ii,False,4,outputs/prospective/2026/snapshots/board_20260904T165610Z_run33897600789_a1_d18ee67b9f59.csv,d18ee67b9f59c4e1520cae26d9174f2d8c7dc30f4faaa6b1cabf63bd40ca97c4,,,,,False,,1623.8327600166667,True,,,,,,,,,38.0,0.0,38.0,,,False,,,,,,NOT QUALIFIER,
board_snapshot,2026-09-04 16:56:10.034399+00:00,2026.3,fdb878165a5023cd135a05bcddd58e04356c77c1650acb11647f9972b55ce049,schedule,"17 13 * * 4,5",33897600789,1,09eecafe1053e09a7ab1c65d0002e0802d56c273,True,120,3.5,56.0,7.5,56.0,NO LINE,No current market total is available.,,OTHER,GENERAL HGB,2026,1,401907852,2026-09-05 20:00:00+00:00,False,Thiel,Alfred State,Pioneer Stadium,Alfred,NY,42.2542334,-77.7906062,False,,missing,,,,,,,,,,over,,,,,,,,,,,,Empire 8,Presidents',iii,iii,False,4,outputs/prospective/2026/snapshots/board_20260904T165610Z_run33897600789_a1_d18ee67b9f59.csv,d18ee67b9f59c4e1520cae26d9174f2d8c7dc30f4faaa6b1cabf63bd40ca97c4,,,,,False,,1623.8327600166667,True,,,,,,,,,74.0,13.0,87.0,,,False,,,,,,NOT QUALIFIER,
board_snapshot,2026-09-04 16:56:10.034399+00:00,2026.3,fdb878165a5023cd135a05bcddd58e04356c77c1650acb11647f9972b55ce049,schedule,"17 13 * * 4,5",33897600789,1,09eecafe1053e09a7ab1c65d0002e0802d56c273,True,120,3.5,56.0,7.5,56.0,NO LINE,No current market total is available.,,OTHER,GENERAL HGB,2026,1,401908429,2026-09-05 20:00:00+00:00,False,Cal Lutheran,Pacific Lutheran,Sparks Stadium,Puyallup,WA,47.1849009,-122.29214,False,,missing,,,,,,,,,,over,,,,,,,,,,,,Northwest,So. Cal.,iii,iii,False,4,outputs/prospective/2026/snapshots/board_20260904T165610Z_run33897600789_a1_d18ee67b9f59.csv,d18ee67b9f59c4e1520cae26d9174f2d8c7dc30f4faaa6b1cabf63bd40ca97c4,,,,,False,,1623.8327600166667,True,,,,,,,,,37.0,30.0,67.0,,,False,,,,,,NOT QUALIFIER,
board_snapshot,2026-09-05 10:38:59.334752+00:00,2026.3,fdb878165a5023cd135a05bcddd58e04356c77c1650acb11647f9972b55ce049,schedule,17 6 * * 6,33961120017,1,0e180a3a83780b48c1b378920b0a3f94ac7ce103,True,120,3.5,56.0,7.5,56.0,NO PLAY,Model edge is below the 3.5-point production threshold.,,OTHER,GENERAL HGB,2026,1,401856635,2026-09-05 20:15:00+00:00,False,North Alabama,Arkansas,Razorback Stadium,Fayetteville,AR,36.0680662,-94.1789534,False,63.5,DraftKings,CFBD,2.0,0.5,63.25,0.25,,62.56686759576717,-0.9331324042328388,0.9331324042328388,under,100.0,66.0,33.0,4.603116368,6.904674552,18.0,0.0,0.0,No meaningful precipitation signal,ok,TSA,SEC,UAC,fbs,fcs,False,3,outputs/prospective/2026/snapshots/board_20260905T103859Z_run33961120017_a1_edbccb002f51.csv,edbccb002f5154721ba88f34cbbe004bb8e3620a6ac117081df014e4bd7f1241,,,,,True,"The Sep. 5, 2026 1:17 AM CDT production run was the intentionally deployed Saturday schedule, but its immutable snapshots were stamped ineligible because protocol 2026.3 still listed the superseded Saturday cron set. The entire run is restored as eligible without editing its immutable snapshot.",576.0110874666666,True,63.25,2026-09-05 19:02:31.236603+00:00,72.47938995,DraftKings,CFBD,2.0,outputs/prospective/2026/close_captures/close_20260905T190231Z_run33985868564_a1_1bce342a75fe.csv,1bce342a75feaea1259377951cc550a0c80f4ada5c394a246829294e683e4d84,31.0,14.0,45.0,63.5,-18.5,False,win,,,0.25,1.0,NOT QUALIFIER,
board_snapshot,2026-09-05 10:38:59.334752+00:00,2026.3,fdb878165a5023cd135a05bcddd58e04356c77c1650acb11647f9972b55ce049,schedule,17 6 * * 6,33961120017,1,0e180a3a83780b48c1b378920b0a3f94ac7ce103,True,120,3.5,56.0,7.5,56.0,NO PLAY,Model edge is below the 3.5-point production threshold.,,FBS,GENERAL HGB,2026,1,401858426,2026-09-05 20:15:00+00:00,False,Northern Illinois,Iowa,Kinnick Stadium,Iowa City,IA,41.6586045,-91.5510829,False,44.5,DraftKings,CFBD,2.0,0.0,44.5,0.0,,45.29578576727431,0.7957857672743083,0.7957857672743083,over,91.0,75.0,60.0,8.055453644,11.50779092,1.0,0.0,0.0,No meaningful precipitation signal,ok,DVN,Big Ten,Mountain West,fbs,fbs,True,3,outputs/prospective/2026/snapshots/board_20260905T103859Z_run33961120017_a1_edbccb002f51.csv,edbccb002f5154721ba88f34cbbe004bb8e3620a6ac117081df014e4bd7f1241,,,,,True,"The Sep. 5, 2026 1:17 AM CDT production run was the intentionally deployed Saturday schedule, but its immutable snapshots were stamped ineligible because protocol 2026.3 still listed the superseded Saturday cron set. The entire run is restored as eligible without editing its immutable snapshot.",576.0110874666666,True,44.5,2026-09-05 19:02:31.236603+00:00,72.47938995,DraftKings,CFBD,2.0,outputs/prospective/2026/close_captures/close_20260905T190231Z_run33985868564_a1_1bce342a75fe.csv,1bce342a75feaea1259377951cc550a0c80f4ada5c394a246829294e683e4d84,40.0,0.0,40.0,44.5,-4.5,False,loss,,,0.0,0.0,NOT QUALIFIER,
board_snapshot,2026-09-05 10:38:59.334752+00:00,2026.3,fdb878165a5023cd135a05bcddd58e04356c77c1650acb11647f9972b55ce049,schedule,17 6 * * 6,33961120017,1,0e180a3a83780b48c1b378920b0a3f94ac7ce103,True,120,3.5,56.0,7.5,56.0,NO PLAY,Model edge is below the 3.5-point production threshold.,,OTHER,GENERAL HGB,2026,1,401868356,2026-09-05 21:00:00+00:00,False,Alcorn State,Southern Miss,M. M. Roberts Stadium,Hattiesburg,MS,31.3289321,-89.3318118,False,50.5,DraftKings,CFBD,2.0,0.0,50.5,0.0,,51.38064729346831,0.8806472934683057,0.8806472934683057,over,91.0,75.0,60.0,4.603116368,10.357011828,37.0,0.06,0.0,Measurable precipitation forecast,ok,JAN,Sun Belt,SWAC,fbs,fcs,False,3,outputs/prospective/2026/snapshots/board_20260905T103859Z_run33961120017_a1_edbccb002f51.csv,edbccb002f5154721ba88f34cbbe004bb8e3620a6ac117081df014e4bd7f1241,,,,,True,"The Sep. 5, 2026 1:17 AM CDT production run was the intentionally deployed Saturday schedule, but its immutable snapshots were stamped ineligible because protocol 2026.3 still listed the superseded Saturday cron set. The entire run is restored as eligible without editing its immutable snapshot.",621.0110874666666,True,,,,,,,,,49.0,3.0,52.0,50.5,1.5,False,win,,,,,NOT QUALIFIER,
board_snapshot,2026-09-04 16:56:10.034399+00:00,2026.3,fdb878165a5023cd135a05bcddd58e04356c77c1650acb11647f9972b55ce049,schedule,"17 13 * * 4,5",33897600789,1,09eecafe1053e09a7ab1c65d0002e0802d56c273,True,120,3.5,56.0,7.5,56.0,NO LINE,No current market total is available.,,OTHER,GENERAL HGB,2026,1,401906973,2026-09-05 21:00:00+00:00,False,Tuskegee,Fort Valley State,Ladd Peebles Stadium,Mobile,AL,30.6730374,-88.0755704,False,,missing,,,,,,,,,,over,,,,,,,,,,,,SIAC,SIAC,ii,ii,False,4,outputs/prospective/2026/snapshots/board_20260904T165610Z_run33897600789_a1_d18ee67b9f59.csv,d18ee67b9f59c4e1520cae26d9174f2d8c7dc30f4faaa6b1cabf63bd40ca97c4,,,,,False,,1683.8327600166667,True,,,,,,,,,23.0,24.0,47.0,,,False,,,,,,NOT QUALIFIER,
board_snapshot,2026-09-04 16:56:10.034399+00:00,2026.3,fdb878165a5023cd135a05bcddd58e04356c77c1650acb11647f9972b55ce049,schedule,"17 13 * * 4,5",33897600789,1,09eecafe1053e09a7ab1c65d0002e0802d56c273,True,120,3.5,56.0,7.5,56.0,NO LINE,No current market total is available.,,OTHER,GENERAL HGB,2026,1,401908275,2026-09-05 21:00:00+00:00,False,East Texas Baptist,Lyon,Pioneer Stadium,Alfred,NY,42.2542334,-77.7906062,False,,missing,,,,,,,,,,over,,,,,,,,,,,,Southern Collegiate Athletic,American Southwest,iii,iii,False,4,outputs/prospective/2026/snapshots/board_20260904T165610Z_run33897600789_a1_d18ee67b9f59.csv,d18ee67b9f59c4e1520cae26d9174f2d8c7dc30f4faaa6b1cabf63bd40ca97c4,,,,,False,,1683.8327600166667,True,,,,,,,,,7.0,58.0,65.0,,,False,,,,,,NOT QUALIFIER,
board_snapshot,2026-09-05 10:38:59.334752+00:00,2026.3,fdb878165a5023cd135a05bcddd58e04356c77c1650acb11647f9972b55ce049,schedule,17 6 * * 6,33961120017,1,0e180a3a83780b48c1b378920b0a3f94ac7ce103,True,120,3.5,56.0,7.5,56.0,NO LINE,No current market total is available.,,OTHER,GENERAL HGB,2026,1,401868345,2026-09-05 21:30:00+00:00,False,Tusculum,East Tennessee State,William B. Greene Jr. Stadium,Johnson City,TN,36.299084,-82.374117,False,,missing,,,,,,,,,,over,,,,,,,,,,,,Southern,South Atlantic,fcs,ii,False,4,outputs/prospective/2026/snapshots/board_20260905T103859Z_run33961120017_a1_edbccb002f51.csv,edbccb002f5154721ba88f34cbbe004bb8e3620a6ac117081df014e4bd7f1241,,,,,True,"The Sep. 5, 2026 1:17 AM CDT production run was the intentionally deployed Saturday schedule, but its immutable snapshots were stamped ineligible because protocol 2026.3 still listed the superseded Saturday cron set. The entire run is restored as eligible without editing its immutable snapshot.",651.0110874666666,True,,,,,,,,,48.0,14.0,62.0,,,False,,,,,,NOT QUALIFIER,
board_snapshot,2026-09-05 10:38:59.334752+00:00,2026.3,fdb878165a5023cd135a05bcddd58e04356c77c1650acb11647f9972b55ce049,schedule,17 6 * * 6,33961120017,1,0e180a3a83780b48c1b378920b0a3f94ac7ce103,True,120,3.5,56.0,7.5,56.0,NO PLAY,Model edge is below the 3.5-point production threshold.,,FBS,GENERAL HGB,2026,1,401860878,2026-09-05 22:00:00+00:00,False,Wyoming,Colorado State,Canvas Stadium,Fort Collins,CO,40.570015,-105.088435,False,46.5,DraftKings,CFBD,2.0,0.0,46.5,0.0,,47.22733047653369,0.7273304765336892,0.7273304765336892,over,92.0,48.0,22.0,6.904674552,11.50779092,14.0,0.0,0.0,No meaningful precipitation signal,ok,BOU,Pac-12,Mountain West,fbs,fbs,True,3,outputs/prospective/2026/snapshots/board_20260905T103859Z_run33961120017_a1_edbccb002f51.csv,edbccb002f5154721ba88f34cbbe004bb8e3620a6ac117081df014e4bd7f1241,,,,,True,"The Sep. 5, 2026 1:17 AM CDT production run was the intentionally deployed Saturday schedule, but its immutable snapshots were stamped ineligible because protocol 2026.3 still listed the superseded Saturday cron set. The entire run is restored as eligible without editing its immutable snapshot.",681.0110874666666,True,46.5,2026-09-05 21:15:37.506987+00:00,44.37488355,DraftKings,CFBD,2.0,outputs/prospective/2026/close_captures/close_20260905T211537Z_run33992497551_a1_9b0670024e36.csv,9b0670024e369e814dc32d68896fb7657577bfacf6e38d06948381be685eeef1,35.0,13.0,48.0,46.5,1.5,False,win,,,0.0,0.0,NOT QUALIFIER,
board_snapshot,2026-09-05 10:38:59.334752+00:00,2026.3,fdb878165a5023cd135a05bcddd58e04356c77c1650acb11647f9972b55ce049,schedule,17 6 * * 6,33961120017,1,0e180a3a83780b48c1b378920b0a3f94ac7ce103,True,120,3.5,56.0,7.5,56.0,NO PLAY,FCS-only model does not meet the conservative under-edge screen.,FCS-only HGB; FCS 56+ total,FCS,FCS-only HGB,2026,1,401866626,2026-09-05 22:00:00+00:00,False,Elon,Davidson,Richardson Stadium,Davidson,NC,35.4995744,-80.8428419,False,58.5,DraftKings,CFBD,1.0,0.0,58.5,0.0,,60.22354260729756,1.7235426072975613,1.7235426072975613,over,92.0,71.0,51.0,4.603116368,9.206232736,38.0,0.03,0.0,Measurable precipitation forecast,ok,GSP,Pioneer,Coastal Athletic,fcs,fcs,False,3,outputs/prospective/2026/snapshots/board_20260905T103859Z_run33961120017_a1_edbccb002f51.csv,edbccb002f5154721ba88f34cbbe004bb8e3620a6ac117081df014e4bd7f1241,,,,,True,"The Sep. 5, 2026 1:17 AM CDT production run was the intentionally deployed Saturday schedule, but its immutable snapshots were stamped ineligible because protocol 2026.3 still listed the superseded Saturday cron set. The entire run is restored as eligible without editing its immutable snapshot.",681.0110874666666,True,58.5,2026-09-05 21:15:37.506987+00:00,44.37488355,DraftKings,CFBD,1.0,outputs/prospective/2026/close_captures/close_20260905T211537Z_run33992497551_a1_9b0670024e36.csv,9b0670024e369e814dc32d68896fb7657577bfacf6e38d06948381be685eeef1,0.0,38.0,38.0,58.5,-20.5,False,loss,,,0.0,0.0,NOT QUALIFIER,
board_snapshot,2026-09-05 10:38:59.334752+00:00,2026.3,fdb878165a5023cd135a05bcddd58e04356c77c1650acb11647f9972b55ce049,schedule,17 6 * * 6,33961120017,1,0e180a3a83780b48c1b378920b0a3f94ac7ce103,True,120,3.5,56.0,7.5,56.0,NO PLAY,FCS-only model points over; the FCS research track has not validated an over production strategy.,5.0+ model edge; FCS-only HGB; FCS 56+ total,FCS,FCS-only HGB,2026,1,401867692,2026-09-05 22:00:00+00:00,False,Delaware State,William & Mary,Zable Stadium,Williamsburg,VA,37.2730996,-76.7137202,False,56.5,DraftKings,CFBD,1.0,0.0,56.5,0.0,,67.30686423501382,10.80686423501382,10.80686423501382,over,82.0,73.0,74.0,4.603116368,6.904674552,65.0,0.16,0.0,Measurable precipitation forecast,ok,AKQ,Patriot,MEAC,fcs,fcs,False,3,outputs/prospective/2026/snapshots/board_20260905T103859Z_run33961120017_a1_edbccb002f51.csv,edbccb002f5154721ba88f34cbbe004bb8e3620a6ac117081df014e4bd7f1241,,,,,True,"The Sep. 5, 2026 1:17 AM CDT production run was the intentionally deployed Saturday schedule, but its immutable snapshots were stamped ineligible because protocol 2026.3 still listed the superseded Saturday cron set. The entire run is restored as eligible without editing its immutable snapshot.",681.0110874666666,True,55.5,2026-09-05 21:15:37.506987+00:00,44.37488355,DraftKings,CFBD,1.0,outputs/prospective/2026/close_captures/close_20260905T211537Z_run33992497551_a1_9b0670024e36.csv,9b0670024e369e814dc32d68896fb7657577bfacf6e38d06948381be685eeef1,22.0,15.0,37.0,56.5,-19.5,False,loss,,,-1.0,0.0,NOT QUALIFIER,
board_snapshot,2026-09-05 10:38:59.334752+00:00,2026.3,fdb878165a5023cd135a05bcddd58e04356c77c1650acb11647f9972b55ce049,schedule,17 6 * * 6,33961120017,1,0e180a3a83780b48c1b378920b0a3f94ac7ce103,True,120,3.5,56.0,7.5,56.0,NO LINE,No current market total is available.,,OTHER,GENERAL HGB,2026,1,401867917,2026-09-05 22:00:00+00:00,False,West Virginia State,Robert Morris,Joe Walton Stadium,Moon Township,PA,40.521046,-80.2159227,False,,missing,,,,,,,,,,over,,,,,,,,,,,,NEC,Mountain East,fcs,ii,False,4,outputs/prospective/2026/snapshots/board_20260905T103859Z_run33961120017_a1_edbccb002f51.csv,edbccb002f5154721ba88f34cbbe004bb8e3620a6ac117081df014e4bd7f1241,,,,,True,"The Sep. 5, 2026 1:17 AM CDT production run was the intentionally deployed Saturday schedule, but its immutable snapshots were stamped ineligible because protocol 2026.3 still listed the superseded Saturday cron set. The entire run is restored as eligible without editing its immutable snapshot.",681.0110874666666,True,,,,,,,,,29.0,9.0,38.0,,,False,,,,,,NOT QUALIFIER,
board_snapshot,2026-09-05 10:38:59.334752+00:00,2026.3,fdb878165a5023cd135a05bcddd58e04356c77c1650acb11647f9972b55ce049,schedule,17 6 * * 6,33961120017,1,0e180a3a83780b48c1b378920b0a3f94ac7ce103,True,120,3.5,56.0,7.5,56.0,NO PLAY,Model edge is below the 3.5-point production threshold.,,OTHER,GENERAL HGB,2026,1,401867973,2026-09-05 22:00:00+00:00,False,Norfolk State,Old Dominion,S.B. Ballard Stadium,Norfolk,VA,36.8889533,-76.3049175,False,52.5,DraftKings,CFBD,2.0,0.0,52.5,0.0,,53.17677714547576,0.6767771454757576,0.6767771454757576,over,81.0,72.0,74.0,8.055453644,11.50779092,66.0,0.2,0.0,Measurable precipitation forecast,ok,AKQ,Sun Belt,MEAC,fbs,fcs,False,3,outputs/prospective/2026/snapshots/board_20260905T103859Z_run33961120017_a1_edbccb002f51.csv,edbccb002f5154721ba88f34cbbe004bb8e3620a6ac117081df014e4bd7f1241,,,,,True,"The Sep. 5, 2026 1:17 AM CDT production run was the intentionally deployed Saturday schedule, but its immutable snapshots were stamped ineligible because protocol 2026.3 still listed the superseded Saturday cron set. The entire run is restored as eligible without editing its immutable snapshot.",681.0110874666666,True,52.25,2026-09-05 21:15:37.506987+00:00,44.37488355,DraftKings,CFBD,2.0,outputs/prospective/2026/close_captures/close_20260905T211537Z_run33992497551_a1_9b0670024e36.csv,9b0670024e369e814dc32d68896fb7657577bfacf6e38d06948381be685eeef1,31.0,10.0,41.0,52.5,-11.5,False,loss,,,-0.25,0.0,NOT QUALIFIER,
board_snapshot,2026-09-05 10:38:59.334752+00:00,2026.3,fdb878165a5023cd135a05bcddd58e04356c77c1650acb11647f9972b55ce049,schedule,17 6 * * 6,33961120017,1,0e180a3a83780b48c1b378920b0a3f94ac7ce103,True,120,3.5,56.0,7.5,56.0,NO LINE,No current market total is available.,,OTHER,GENERAL HGB,2026,1,401867978,2026-09-05 22:00:00+00:00,False,Elizabeth City State,North Carolina Central,O'Kelly-Riddick Stadium,Durham,NC,35.9738646,-78.896969,False,,missing,,,,,,,,,,over,,,,,,,,,,,,MEAC,CIAA,fcs,ii,False,4,outputs/prospective/2026/snapshots/board_20260905T103859Z_run33961120017_a1_edbccb002f51.csv,edbccb002f5154721ba88f34cbbe004bb8e3620a6ac117081df014e4bd7f1241,,,,,True,"The Sep. 5, 2026 1:17 AM CDT production run was the intentionally deployed Saturday schedule, but its immutable snapshots were stamped ineligible because protocol 2026.3 still listed the superseded Saturday cron set. The entire run is restored as eligible without editing its immutable snapshot.",681.0110874666666,True,,,,,,,,,27.0,6.0,33.0,,,False,,,,,,NOT QUALIFIER,
board_snapshot,2026-09-05 10:38:59.334752+00:00,2026.3,fdb878165a5023cd135a05bcddd58e04356c77c1650acb11647f9972b55ce049,schedule,17 6 * * 6,33961120017,1,0e180a3a83780b48c1b378920b0a3f94ac7ce103,True,120,3.5,56.0,7.5,56.0,NO PLAY,FCS-only model does not meet the conservative under-edge screen.,FCS-only HGB; FCS 56+ total,FCS,FCS-only HGB,2026,1,401867989,2026-09-05 22:00:00+00:00,False,Villanova,Bucknell,Christy Mathewson-Memorial Stadium,Lewisburg,PA,40.9519411,-76.884752,False,56.5,DraftKings,CFBD,1.0,0.0,56.5,0.0,,58.54585459117821,2.0458545911782133,2.0458545911782133,over,77.0,60.0,56.0,4.603116368,12.658570012,0.0,0.0,0.0,No meaningful precipitation signal,ok,CTP,Patriot,Patriot,fcs,fcs,False,3,outputs/prospective/2026/snapshots/board_20260905T103859Z_run33961120017_a1_edbccb002f51.csv,edbccb002f5154721ba88f34cbbe004bb8e3620a6ac117081df014e4bd7f1241,,,,,True,"The Sep. 5, 2026 1:17 AM CDT production run was the intentionally deployed Saturday schedule, but its immutable snapshots were stamped ineligible because protocol 2026.3 still listed the superseded Saturday cron set. The entire run is restored as eligible without editing its immutable snapshot.",681.0110874666666,True,54.5,2026-09-05 21:15:37.506987+00:00,44.37488355,DraftKings,CFBD,1.0,outputs/prospective/2026/close_captures/close_20260905T211537Z_run33992497551_a1_9b0670024e36.csv,9b0670024e369e814dc32d68896fb7657577bfacf6e38d06948381be685eeef1,16.0,17.0,33.0,56.5,-23.5,False,loss,,,-2.0,0.0,NOT QUALIFIER,
board_snapshot,2026-09-05 10:38:59.334752+00:00,2026.3,fdb878165a5023cd135a05bcddd58e04356c77c1650acb11647f9972b55ce049,schedule,17 6 * * 6,33961120017,1,0e180a3a83780b48c1b378920b0a3f94ac7ce103,True,120,3.5,56.0,7.5,56.0,NO PLAY,FCS-only model points over; the FCS research track has not validated an over production strategy.,5.0+ model edge; FCS-only HGB; FCS 56+ total,FCS,FCS-only HGB,2026,1,401868274,2026-09-05 22:00:00+00:00,False,Presbyterian,Mercer,Five Star Stadium at the Moye Complex,Macon,GA,32.8262075,-83.6522485,False,56.5,DraftKings,CFBD,1.0,0.0,56.5,0.0,,61.90435852200559,5.4043585220055865,5.4043585220055865,over,95.0,72.0,49.0,3.452337276,8.055453644,3.0,0.0,0.0,No meaningful precipitation signal,ok,FFC,Southern,Pioneer,fcs,fcs,False,3,outputs/prospective/2026/snapshots/board_20260905T103859Z_run33961120017_a1_edbccb002f51.csv,edbccb002f5154721ba88f34cbbe004bb8e3620a6ac117081df014e4bd7f1241,,,,,True,"The Sep. 5, 2026 1:17 AM CDT production run was the intentionally deployed Saturday schedule, but its immutable snapshots were stamped ineligible because protocol 2026.3 still listed the superseded Saturday cron set. The entire run is restored as eligible without editing its immutable snapshot.",681.0110874666666,True,54.5,2026-09-05 21:15:37.506987+00:00,44.37488355,DraftKings,CFBD,1.0,outputs/prospective/2026/close_captures/close_20260905T211537Z_run33992497551_a1_9b0670024e36.csv,9b0670024e369e814dc32d68896fb7657577bfacf6e38d06948381be685eeef1,62.0,3.0,65.0,56.5,8.5,False,win,,,-2.0,0.0,NOT QUALIFIER,
board_snapshot,2026-09-05 10:38:59.334752+00:00,2026.3,fdb878165a5023cd135a05bcddd58e04356c77c1650acb11647f9972b55ce049,schedule,17 6 * * 6,33961120017,1,0e180a3a83780b48c1b378920b0a3f94ac7ce103,True,120,3.5,56.0,7.5,56.0,NO LINE,No current market total is available.,,OTHER,GENERAL HGB,2026,1,401868325,2026-09-05 22:00:00+00:00,False,Lane College,Alabama State,Hornet Stadium,Montgomery,AL,32.3642223,-86.2896902,False,,missing,,,,,,,,,,over,,,,,,,,,,,,SWAC,SIAC,fcs,ii,False,4,outputs/prospective/2026/snapshots/board_20260905T103859Z_run33961120017_a1_edbccb002f51.csv,edbccb002f5154721ba88f34cbbe004bb8e3620a6ac117081df014e4bd7f1241,,,,,True,"The Sep. 5, 2026 1:17 AM CDT production run was the intentionally deployed Saturday schedule, but its immutable snapshots were stamped ineligible because protocol 2026.3 still listed the superseded Saturday cron set. The entire run is restored as eligible without editing its immutable snapshot.",681.0110874666666,True,,,,,,,,,34.0,0.0,34.0,,,False,,,,,,NOT QUALIFIER,
board_snapshot,2026-09-05 10:38:59.334752+00:00,2026.3,fdb878165a5023cd135a05bcddd58e04356c77c1650acb11647f9972b55ce049,schedule,17 6 * * 6,33961120017,1,0e180a3a83780b48c1b378920b0a3f94ac7ce103,True,120,3.5,56.0,7.5,56.0,NO PLAY,FCS-only model does not meet the conservative under-edge screen.,FCS-only HGB,FCS,FCS-only HGB,2026,1,401868336,2026-09-05 22:00:00+00:00,False,Tennessee Tech,Chattanooga,Finley Stadium,Chattanooga,TN,35.0363792,-85.3158835,False,49.5,DraftKings,CFBD,1.0,0.0,49.5,0.0,,46.1095024928363,-3.390497507163704,3.390497507163704,under,95.0,73.0,49.0,3.452337276,8.055453644,18.0,0.0,0.0,No meaningful precipitation signal,ok,MRX,Southern,Southern,fcs,fcs,False,3,outputs/prospective/2026/snapshots/board_20260905T103859Z_run33961120017_a1_edbccb002f51.csv,edbccb002f5154721ba88f34cbbe004bb8e3620a6ac117081df014e4bd7f1241,,,,,True,"The Sep. 5, 2026 1:17 AM CDT production run was the intentionally deployed Saturday schedule, but its immutable snapshots were stamped ineligible because protocol 2026.3 still listed the superseded Saturday cron set. The entire run is restored as eligible without editing its immutable snapshot.",681.0110874666666,True,48.5,2026-09-05 21:15:37.506987+00:00,44.37488355,DraftKings,CFBD,1.0,outputs/prospective/2026/close_captures/close_20260905T211537Z_run33992497551_a1_9b0670024e36.csv,9b0670024e369e814dc32d68896fb7657577bfacf6e38d06948381be685eeef1,9.0,24.0,33.0,49.5,-16.5,False,win,,,1.0,1.0,NOT QUALIFIER,
board_snapshot,2026-09-05 10:38:59.334752+00:00,2026.3,fdb878165a5023cd135a05bcddd58e04356c77c1650acb11647f9972b55ce049,schedule,17 6 * * 6,33961120017,1,0e180a3a83780b48c1b378920b0a3f94ac7ce103,True,120,3.5,56.0,7.5,56.0,NO PLAY,FCS-only model points over; the FCS research track has not validated an over production strategy.,5.0+ model edge; FCS-only HGB,FCS,FCS-only HGB,2026,1,401869127,2026-09-05 22:00:00+00:00,False,Richmond,Howard,William H. Greene Stadium,Washington,DC,38.925487,-77.021047,False,45.5,DraftKings,CFBD,1.0,0.0,45.5,0.0,,51.98552665085772,6.485526650857721,6.485526650857721,over,79.0,68.0,69.0,4.603116368,8.055453644,12.0,0.0,0.0,No meaningful precipitation signal,ok,LWX,MEAC,Patriot,fcs,fcs,False,3,outputs/prospective/2026/snapshots/board_20260905T103859Z_run33961120017_a1_edbccb002f51.csv,edbccb002f5154721ba88f34cbbe004bb8e3620a6ac117081df014e4bd7f1241,,,,,True,"The Sep. 5, 2026 1:17 AM CDT production run was the intentionally deployed Saturday schedule, but its immutable snapshots were stamped ineligible because protocol 2026.3 still listed the superseded Saturday cron set. The entire run is restored as eligible without editing its immutable snapshot.",681.0110874666666,True,43.5,2026-09-05 21:15:37.506987+00:00,44.37488355,DraftKings,CFBD,1.0,outputs/prospective/2026/close_captures/close_20260905T211537Z_run33992497551_a1_9b0670024e36.csv,9b0670024e369e814dc32d68896fb7657577bfacf6e38d06948381be685eeef1,21.0,28.0,49.0,45.5,3.5,False,win,,,-2.0,0.0,NOT QUALIFIER,
board_snapshot,2026-09-04 16:56:10.034399+00:00,2026.3,fdb878165a5023cd135a05bcddd58e04356c77c1650acb11647f9972b55ce049,schedule,"17 13 * * 4,5",33897600789,1,09eecafe1053e09a7ab1c65d0002e0802d56c273,True,120,3.5,56.0,7.5,56.0,NO LINE,No current market total is available.,,OTHER,GENERAL HGB,2026,1,401906133,2026-09-05 22:00:00+00:00,False,West Chester,Lincoln (PA),Lincoln University Stadium,Lincoln University,PA,39.8065518,-75.92870551247694,False,,missing,,,,,,,,,,over,,,,,,,,,,,,CIAA,Pennsylvania State Athletic,ii,ii,False,4,outputs/prospective/2026/snapshots/board_20260904T165610Z_run33897600789_a1_d18ee67b9f59.csv,d18ee67b9f59c4e1520cae26d9174f2d8c7dc30f4faaa6b1cabf63bd40ca97c4,,,,,False,,1743.8327600166667,True,,,,,,,,,13.0,21.0,34.0,,,False,,,,,,NOT QUALIFIER,
board_snapshot,2026-09-04 16:56:10.034399+00:00,2026.3,fdb878165a5023cd135a05bcddd58e04356c77c1650acb11647f9972b55ce049,schedule,"17 13 * * 4,5",33897600789,1,09eecafe1053e09a7ab1c65d0002e0802d56c273,True,120,3.5,56.0,7.5,56.0,NO LINE,No current market total is available.,,OTHER,GENERAL HGB,2026,1,401906146,2026-09-05 22:00:00+00:00,False,Livingstone,Virginia Union,Hovey Field,Richmond,VA,37.5385087,-77.43428,False,,missing,,,,,,,,,,over,,,,,,,,,,,,CIAA,CIAA,ii,ii,False,4,outputs/prospective/2026/snapshots/board_20260904T165610Z_run33897600789_a1_d18ee67b9f59.csv,d18ee67b9f59c4e1520cae26d9174f2d8c7dc30f4faaa6b1cabf63bd40ca97c4,,,,,False,,1743.8327600166667,True,,,,,,,,,49.0,20.0,69.0,,,False,,,,,,NOT QUALIFIER,
board_snapshot,2026-09-04 16:56:10.034399+00:00,2026.3,fdb878165a5023cd135a05bcddd58e04356c77c1650acb11647f9972b55ce049,schedule,"17 13 * * 4,5",33897600789,1,09eecafe1053e09a7ab1c65d0002e0802d56c273,True,120,3.5,56.0,7.5,56.0,NO LINE,No current market total is available.,,OTHER,GENERAL HGB,2026,1,401906152,2026-09-05 22:00:00+00:00,False,UNC Pembroke,Fayetteville State,"Luther ""Nick"" Jeralds Stadium",Fayetteville,NC,35.0525759,-78.878292,False,,missing,,,,,,,,,,over,,,,,,,,,,,,CIAA,Carolinas,ii,ii,False,4,outputs/prospective/2026/snapshots/board_20260904T165610Z_run33897600789_a1_d18ee67b9f59.csv,d18ee67b9f59c4e1520cae26d9174f2d8c7dc30f4faaa6b1cabf63bd40ca97c4,,,,,False,,1743.8327600166667,True,,,,,,,,,10.0,7.0,17.0,,,False,,,,,,NOT QUALIFIER,
board_snapshot,2026-09-04 16:56:10.034399+00:00,2026.3,fdb878165a5023cd135a05bcddd58e04356c77c1650acb11647f9972b55ce049,schedule,"17 13 * * 4,5",33897600789,1,09eecafe1053e09a7ab1c65d0002e0802d56c273,True,120,3.5,56.0,7.5,56.0,NO LINE,No current market total is available.,,OTHER,GENERAL HGB,2026,1,401906178,2026-09-05 22:00:00+00:00,False,Chowan,UVA Wise,Carl Smith Stadium,Wise,VA,36.9759345,-82.5757108,False,,missing,,,,,,,,,,over,,,,,,,,,,,,South Atlantic,Carolinas,ii,ii,False,4,outputs/prospective/2026/snapshots/board_20260904T165610Z_run33897600789_a1_d18ee67b9f59.csv,d18ee67b9f59c4e1520cae26d9174f2d8c7dc30f4faaa6b1cabf63bd40ca97c4,,,,,False,,1743.8327600166667,True,,,,,,,,,20.0,24.0,44.0,,,False,,,,,,NOT QUALIFIER,
board_snapshot,2026-09-04 16:56:10.034399+00:00,2026.3,fdb878165a5023cd135a05bcddd58e04356c77c1650acb11647f9972b55ce049,schedule,"17 13 * * 4,5",33897600789,1,09eecafe1053e09a7ab1c65d0002e0802d56c273,True,120,3.5,56.0,7.5,56.0,NO LINE,No current market total is available.,,OTHER,GENERAL HGB,2026,1,401906199,2026-09-05 22:00:00+00:00,False,North Greenville,Catawba,Shuford Stadium,Salisbury,NC,35.6709727,-80.4742261,False,,missing,,,,,,,,,,over,,,,,,,,,,,,South Atlantic,Carolinas,ii,ii,False,4,outputs/prospective/2026/snapshots/board_20260904T165610Z_run33897600789_a1_d18ee67b9f59.csv,d18ee67b9f59c4e1520cae26d9174f2d8c7dc30f4faaa6b1cabf63bd40ca97c4,,,,,False,,1743.8327600166667,True,,,,,,,,,38.0,40.0,78.0,,,False,,,,,,NOT QUALIFIER,
board_snapshot,2026-09-04 16:56:10.034399+00:00,2026.3,fdb878165a5023cd135a05bcddd58e04356c77c1650acb11647f9972b55ce049,schedule,"17 13 * * 4,5",33897600789,1,09eecafe1053e09a7ab1c65d0002e0802d56c273,True,120,3.5,56.0,7.5,56.0,NO LINE,No current market total is available.,,OTHER,GENERAL HGB,2026,1,401906621,2026-09-05 22:00:00+00:00,False,Wheeling,Walsh,Tom Benson Hall of Fame Stadium,Canton,OH,40.7985464,-81.3749508,False,,missing,,,,,,,,,,over,,,,,,,,,,,,Great Midwest Athletic,Mountain East,ii,ii,False,4,outputs/prospective/2026/snapshots/board_20260904T165610Z_run33897600789_a1_d18ee67b9f59.csv,d18ee67b9f59c4e1520cae26d9174f2d8c7dc30f4faaa6b1cabf63bd40ca97c4,,,,,False,,1743.8327600166667,True,,,,,,,,,23.0,21.0,44.0,,,False,,,,,,NOT QUALIFIER,
board_snapshot,2026-09-04 16:56:10.034399+00:00,2026.3,fdb878165a5023cd135a05bcddd58e04356c77c1650acb11647f9972b55ce049,schedule,"17 13 * * 4,5",33897600789,1,09eecafe1053e09a7ab1c65d0002e0802d56c273,True,120,3.5,56.0,7.5,56.0,NO LINE,No current market total is available.,,OTHER,GENERAL HGB,2026,1,401906632,2026-09-05 22:00:00+00:00,False,Tiffin,Northern Michigan,Superior Dome,Marquette,MI,46.560589,-87.393741,False,,missing,,,,,,,,,,over,,,,,,,,,,,,GLIAC,Great Midwest Athletic,ii,ii,False,4,outputs/prospective/2026/snapshots/board_20260904T165610Z_run33897600789_a1_d18ee67b9f59.csv,d18ee67b9f59c4e1520cae26d9174f2d8c7dc30f4faaa6b1cabf63bd40ca97c4,,,,,False,,1743.8327600166667,True,,,,,,,,,7.0,35.0,42.0,,,False,,,,,,NOT QUALIFIER,
board_snapshot,2026-09-04 16:56:10.034399+00:00,2026.3,fdb878165a5023cd135a05bcddd58e04356c77c1650acb11647f9972b55ce049,schedule,"17 13 * * 4,5",33897600789,1,09eecafe1053e09a7ab1c65d0002e0802d56c273,True,120,3.5,56.0,7.5,56.0,NO LINE,No current market total is available.,,OTHER,GENERAL HGB,2026,1,401906903,2026-09-05 22:00:00+00:00,False,Texas A&M-Kingsville,Saginaw Valley State,Harvey Randall Wickes Memorial Stadium,University Center,MI,25.71414555,-80.27640498387049,False,,missing,,,,,,,,,,over,,,,,,,,,,,,GLIAC,Lone Star,ii,ii,False,4,outputs/prospective/2026/snapshots/board_20260904T165610Z_run33897600789_a1_d18ee67b9f59.csv,d18ee67b9f59c4e1520cae26d9174f2d8c7dc30f4faaa6b1cabf63bd40ca97c4,,,,,False,,1743.8327600166667,True,,,,,,,,,41.0,24.0,65.0,,,False,,,,,,NOT QUALIFIER,
board_snapshot,2026-09-04 16:56:10.034399+00:00,2026.3,fdb878165a5023cd135a05bcddd58e04356c77c1650acb11647f9972b55ce049,schedule,"17 13 * * 4,5",33897600789,1,09eecafe1053e09a7ab1c65d0002e0802d56c273,True,120,3.5,56.0,7.5,56.0,NO LINE,No current market total is available.,,OTHER,GENERAL HGB,2026,1,401907273,2026-09-05 22:00:00+00:00,False,Keiser (Fl),Anderson (SC),Spero Financial Field,Anderson,SC,,,False,,missing,,,,,,,,,,over,,,,,,,,,,,,South Atlantic,missing,ii,,False,4,outputs/prospective/2026/snapshots/board_20260904T165610Z_run33897600789_a1_d18ee67b9f59.csv,d18ee67b9f59c4e1520cae26d9174f2d8c7dc30f4faaa6b1cabf63bd40ca97c4,,,,,False,,1743.8327600166667,True,,,,,,,,,21.0,14.0,35.0,,,False,,,,,,NOT QUALIFIER,
board_snapshot,2026-09-04 16:56:10.034399+00:00,2026.3,fdb878165a5023cd135a05bcddd58e04356c77c1650acb11647f9972b55ce049,schedule,"17 13 * * 4,5",33897600789,1,09eecafe1053e09a7ab1c65d0002e0802d56c273,True,120,3.5,56.0,7.5,56.0,NO LINE,No current market total is available.,,OTHER,GENERAL HGB,2026,1,401907847,2026-09-05 22:00:00+00:00,False,North Park,Franklin,"Stewart """"Red"""" Faught Stadium",Franklin,IN,33.704156,-117.75109,False,,missing,,,,,,,,,,over,,,,,,,,,,,,Heartland,CCIW,iii,iii,False,4,outputs/prospective/2026/snapshots/board_20260904T165610Z_run33897600789_a1_d18ee67b9f59.csv,d18ee67b9f59c4e1520cae26d9174f2d8c7dc30f4faaa6b1cabf63bd40ca97c4,,,,,False,,1743.8327600166667,True,,,,,,,,,34.0,31.0,65.0,,,False,,,,,,NOT QUALIFIER,
board_snapshot,2026-09-04 16:56:10.034399+00:00,2026.3,fdb878165a5023cd135a05bcddd58e04356c77c1650acb11647f9972b55ce049,schedule,"17 13 * * 4,5",33897600789,1,09eecafe1053e09a7ab1c65d0002e0802d56c273,True,120,3.5,56.0,7.5,56.0,NO LINE,No current market total is available.,,OTHER,GENERAL HGB,2026,1,401908076,2026-09-05 22:00:00+00:00,False,North Carolina Wesleyan,Averett,Daly Field at Frank R. Campbell Stadium,Danville,VA,36.5859718,-79.3950228,False,,missing,,,,,,,,,,over,,,,,,,,,,,,Old Dominion,USA South,iii,iii,False,4,outputs/prospective/2026/snapshots/board_20260904T165610Z_run33897600789_a1_d18ee67b9f59.csv,d18ee67b9f59c4e1520cae26d9174f2d8c7dc30f4faaa6b1cabf63bd40ca97c4,,,,,False,,1743.8327600166667,True,,,,,,,,,13.0,27.0,40.0,,,False,,,,,,NOT QUALIFIER,
board_snapshot,2026-09-04 16:56:10.034399+00:00,2026.3,fdb878165a5023cd135a05bcddd58e04356c77c1650acb11647f9972b55ce049,schedule,"17 13 * * 4,5",33897600789,1,09eecafe1053e09a7ab1c65d0002e0802d56c273,True,120,3.5,56.0,7.5,56.0,NO LINE,No current market total is available.,,OTHER,GENERAL HGB,2026,1,401908241,2026-09-05 22:00:00+00:00,False,St. Olaf,Loras,Rock Bowl,Dubuque,IA,42.5006243,-90.6647985,False,,missing,,,,,,,,,,over,,,,,,,,,,,,American Rivers,Minnesota,iii,iii,False,4,outputs/prospective/2026/snapshots/board_20260904T165610Z_run33897600789_a1_d18ee67b9f59.csv,d18ee67b9f59c4e1520cae26d9174f2d8c7dc30f4faaa6b1cabf63bd40ca97c4,,,,,False,,1743.8327600166667,True,,,,,,,,,31.0,16.0,47.0,,,False,,,,,,NOT QUALIFIER,
board_snapshot,2026-09-04 16:56:10.034399+00:00,2026.3,fdb878165a5023cd135a05bcddd58e04356c77c1650acb11647f9972b55ce049,schedule,"17 13 * * 4,5",33897600789,1,09eecafe1053e09a7ab1c65d0002e0802d56c273,True,120,3.5,56.0,7.5,56.0,NO LINE,No current market total is available.,,OTHER,GENERAL HGB,2026,1,401908304,2026-09-05 22:00:00+00:00,False,Guilford,Greensboro,Jamieson Stadium,Greensboro,NC,36.0726355,-79.7919754,False,,missing,,,,,,,,,,over,,,,,,,,,,,,USA South,Old Dominion,iii,iii,False,4,outputs/prospective/2026/snapshots/board_20260904T165610Z_run33897600789_a1_d18ee67b9f59.csv,d18ee67b9f59c4e1520cae26d9174f2d8c7dc30f4faaa6b1cabf63bd40ca97c4,,,,,False,,1743.8327600166667,True,,,,,,,,,48.0,7.0,55.0,,,False,,,,,,NOT QUALIFIER,
board_snapshot,2026-09-04 16:56:10.034399+00:00,2026.3,fdb878165a5023cd135a05bcddd58e04356c77c1650acb11647f9972b55ce049,schedule,"17 13 * * 4,5",33897600789,1,09eecafe1053e09a7ab1c65d0002e0802d56c273,True,120,3.5,56.0,7.5,56.0,NO LINE,No current market total is available.,,OTHER,GENERAL HGB,2026,1,401907703,2026-09-05 22:30:00+00:00,False,Minnesota State,University of Mary,MDU Resources Community Bowl,Bismarck,ND,46.808327,-100.783739,False,,missing,,,,,,,,,,over,,,,,,,,,,,,Northern Sun,Northern Sun,ii,ii,False,4,outputs/prospective/2026/snapshots/board_20260904T165610Z_run33897600789_a1_d18ee67b9f59.csv,d18ee67b9f59c4e1520cae26d9174f2d8c7dc30f4faaa6b1cabf63bd40ca97c4,,,,,False,,1773.8327600166667,True,,,,,,,,,7.0,48.0,55.0,,,False,,,,,,NOT QUALIFIER,
board_snapshot,2026-09-05 10:38:59.334752+00:00,2026.3,fdb878165a5023cd135a05bcddd58e04356c77c1650acb11647f9972b55ce049,schedule,17 6 * * 6,33961120017,1,0e180a3a83780b48c1b378920b0a3f94ac7ce103,True,120,3.5,56.0,7.5,56.0,NO PLAY,Model edge is below the 3.5-point production threshold.,,FBS,GENERAL HGB,2026,1,401856668,2026-09-05 23:00:00+00:00,False,Missouri State,Texas A&M,Kyle Field,College Station,TX,30.6098891,-96.3403828,False,53.5,DraftKings,CFBD,2.0,0.0,53.5,0.0,,54.07168260795376,0.5716826079537506,0.5716826079537506,over,90.0,73.0,58.0,5.75389546,8.055453644,13.0,0.12,0.0,Measurable precipitation forecast,ok,HGX,SEC,Conference USA,fbs,fbs,True,3,outputs/prospective/2026/snapshots/board_20260905T103859Z_run33961120017_a1_edbccb002f51.csv,edbccb002f5154721ba88f34cbbe004bb8e3620a6ac117081df014e4bd7f1241,,,,,True,"The Sep. 5, 2026 1:17 AM CDT production run was the intentionally deployed Saturday schedule, but its immutable snapshots were stamped ineligible because protocol 2026.3 still listed the superseded Saturday cron set. The entire run is restored as eligible without editing its immutable snapshot.",741.0110874666666,True,,,,,,,,,50.0,0.0,50.0,53.5,-3.5,False,loss,,,,,NOT QUALIFIER,
board_snapshot,2026-09-05 10:38:59.334752+00:00,2026.3,fdb878165a5023cd135a05bcddd58e04356c77c1650acb11647f9972b55ce049,schedule,17 6 * * 6,33961120017,1,0e180a3a83780b48c1b378920b0a3f94ac7ce103,True,120,3.5,56.0,7.5,56.0,NO PLAY,Model edge is below the 3.5-point production threshold.,,OTHER,GENERAL HGB,2026,1,401856669,2026-09-05 23:00:00+00:00,False,Austin Peay,Vanderbilt,FirstBank Stadium,Nashville,TN,36.1440455,-86.8088942,False,60.5,DraftKings,CFBD,2.0,0.5,60.25,0.25,,61.06158826447088,0.5615882644708757,0.5615882644708757,over,95.0,73.0,49.0,3.452337276,5.75389546,9.0,0.01,0.0,No meaningful precipitation signal,ok,OHX,SEC,UAC,fbs,fcs,False,3,outputs/prospective/2026/snapshots/board_20260905T103859Z_run33961120017_a1_edbccb002f51.csv,edbccb002f5154721ba88f34cbbe004bb8e3620a6ac117081df014e4bd7f1241,,,,,True,"The Sep. 5, 2026 1:17 AM CDT production run was the intentionally deployed Saturday schedule, but its immutable snapshots were stamped ineligible because protocol 2026.3 still listed the superseded Saturday cron set. The entire run is restored as eligible without editing its immutable snapshot.",741.0110874666666,True,,,,,,,,,28.0,9.0,37.0,60.5,-23.5,False,loss,,,,,NOT QUALIFIER,
board_snapshot,2026-09-05 10:38:59.334752+00:00,2026.3,fdb878165a5023cd135a05bcddd58e04356c77c1650acb11647f9972b55ce049,schedule,17 6 * * 6,33961120017,1,0e180a3a83780b48c1b378920b0a3f94ac7ce103,True,120,3.5,56.0,7.5,56.0,NO PLAY,Model edge is below the 3.5-point production threshold.,,OTHER,GENERAL HGB,2026,1,401856770,2026-09-05 23:00:00+00:00,False,Abilene Christian,Texas Tech,Jones AT&T Stadium,Lubbock,TX,33.5910518,-101.8728824,False,59.5,DraftKings,CFBD,2.0,0.0,59.5,0.0,,60.133528582915694,0.6335285829156914,0.6335285829156914,over,96.0,57.0,27.0,9.206232736,12.658570012,14.0,0.0,0.0,No meaningful precipitation signal,ok,LUB,Big 12,UAC,fbs,fcs,False,3,outputs/prospective/2026/snapshots/board_20260905T103859Z_run33961120017_a1_edbccb002f51.csv,edbccb002f5154721ba88f34cbbe004bb8e3620a6ac117081df014e4bd7f1241,,,,,True,"The Sep. 5, 2026 1:17 AM CDT production run was the intentionally deployed Saturday schedule, but its immutable snapshots were stamped ineligible because protocol 2026.3 still listed the superseded Saturday cron set. The entire run is restored as eligible without editing its immutable snapshot.",741.0110874666666,True,,,,,,,,,33.0,10.0,43.0,59.5,-16.5,False,loss,,,,,NOT QUALIFIER,
board_snapshot,2026-09-05 10:38:59.334752+00:00,2026.3,fdb878165a5023cd135a05bcddd58e04356c77c1650acb11647f9972b55ce049,schedule,17 6 * * 6,33961120017,1,0e180a3a83780b48c1b378920b0a3f94ac7ce103,True,120,3.5,56.0,7.5,56.0,NO PLAY,Model edge is below the 3.5-point production threshold.,,OTHER,GENERAL HGB,2026,1,401856771,2026-09-05 23:00:00+00:00,False,Nicholls,Kansas State,Bill Snyder Family Stadium,Manhattan,KS,39.2020096,-96.5938395,False,54.5,DraftKings,CFBD,2.0,0.0,54.5,0.0,,55.14235275549024,0.6423527554902378,0.6423527554902378,over,98.0,68.0,38.0,5.75389546,10.357011828,9.0,0.0,0.0,No meaningful precipitation signal,ok,TOP,Big 12,Southland,fbs,fcs,False,3,outputs/prospective/2026/snapshots/board_20260905T103859Z_run33961120017_a1_edbccb002f51.csv,edbccb002f5154721ba88f34cbbe004bb8e3620a6ac117081df014e4bd7f1241,,,,,True,"The Sep. 5, 2026 1:17 AM CDT production run was the intentionally deployed Saturday schedule, but its immutable snapshots were stamped ineligible because protocol 2026.3 still listed the superseded Saturday cron set. The entire run is restored as eligible without editing its immutable snapshot.",741.0110874666666,True,,,,,,,,,71.0,3.0,74.0,54.5,19.5,False,win,,,,,NOT QUALIFIER,
board_snapshot,2026-09-05 10:38:59.334752+00:00,2026.3,fdb878165a5023cd135a05bcddd58e04356c77c1650acb11647f9972b55ce049,schedule,17 6 * * 6,33961120017,1,0e180a3a83780b48c1b378920b0a3f94ac7ce103,True,120,3.5,56.0,7.5,56.0,NO PLAY,Model edge is below the 3.5-point production threshold.,,OTHER,GENERAL HGB,2026,1,401860880,2026-09-05 23:00:00+00:00,False,Idaho State,Utah State,Maverik Stadium,Logan,UT,41.7517394,-111.8116007,False,62.5,DraftKings,CFBD,2.0,0.5,62.25,0.25,,61.95782815343514,-0.5421718465648591,0.5421718465648591,under,83.0,39.0,21.0,6.904674552,16.110907288,0.0,0.0,0.0,No meaningful precipitation signal,ok,SLC,Pac-12,Big Sky,fbs,fcs,False,3,outputs/prospective/2026/snapshots/board_20260905T103859Z_run33961120017_a1_edbccb002f51.csv,edbccb002f5154721ba88f34cbbe004bb8e3620a6ac117081df014e4bd7f1241,,,,,True,"The Sep. 5, 2026 1:17 AM CDT production run was the intentionally deployed Saturday schedule, but its immutable snapshots were stamped ineligible because protocol 2026.3 still listed the superseded Saturday cron set. The entire run is restored as eligible without editing its immutable snapshot.",741.0110874666666,True,,,,,,,,,17.0,29.0,46.0,62.5,-16.5,False,win,,,,,NOT QUALIFIER,
board_snapshot,2026-09-05 10:38:59.334752+00:00,2026.3,fdb878165a5023cd135a05bcddd58e04356c77c1650acb11647f9972b55ce049,schedule,17 6 * * 6,33961120017,1,0e180a3a83780b48c1b378920b0a3f94ac7ce103,True,120,3.5,56.0,7.5,56.0,NO PLAY,Model edge is below the 3.5-point production threshold.,,FBS,GENERAL HGB,2026,1,401862695,2026-09-05 23:00:00+00:00,False,Arkansas State,Memphis,Simmons Bank Liberty Stadium,Memphis,TN,35.1209429,-89.977147,False,53.5,DraftKings,CFBD,2.0,0.0,53.5,0.0,,53.75866745503525,0.2586674550352499,0.2586674550352499,over,98.0,71.0,42.0,4.603116368,6.904674552,8.0,0.0,0.0,No meaningful precipitation signal,ok,MEG,American Athletic,Sun Belt,fbs,fbs,True,3,outputs/prospective/2026/snapshots/board_20260905T103859Z_run33961120017_a1_edbccb002f51.csv,edbccb002f5154721ba88f34cbbe004bb8e3620a6ac117081df014e4bd7f1241,,,,,True,"The Sep. 5, 2026 1:17 AM CDT production run was the intentionally deployed Saturday schedule, but its immutable snapshots were stamped ineligible because protocol 2026.3 still listed the superseded Saturday cron set. The entire run is restored as eligible without editing its immutable snapshot.",741.0110874666666,True,,,,,,,,,42.0,24.0,66.0,53.5,12.5,False,win,,,,,NOT QUALIFIER,
board_snapshot,2026-09-05 10:38:59.334752+00:00,2026.3,fdb878165a5023cd135a05bcddd58e04356c77c1650acb11647f9972b55ce049,schedule,17 6 * * 6,33961120017,1,0e180a3a83780b48c1b378920b0a3f94ac7ce103,True,120,3.5,56.0,7.5,56.0,NO PLAY,Model edge is below the 3.5-point production threshold.,,OTHER,GENERAL HGB,2026,1,401862697,2026-09-05 23:00:00+00:00,False,Houston Christian,Rice,Rice Stadium,Houston,TX,29.7163297,-95.4093261,False,47.5,DraftKings,CFBD,2.0,0.0,47.5,0.0,,49.04783287445993,1.5478328744599257,1.5478328744599257,over,87.0,74.0,65.0,4.603116368,5.75389546,29.0,0.08,0.0,Measurable precipitation forecast,ok,HGX,American Athletic,Southland,fbs,fcs,False,3,outputs/prospective/2026/snapshots/board_20260905T103859Z_run33961120017_a1_edbccb002f51.csv,edbccb002f5154721ba88f34cbbe004bb8e3620a6ac117081df014e4bd7f1241,,,,,True,"The Sep. 5, 2026 1:17 AM CDT production run was the intentionally deployed Saturday schedule, but its immutable snapshots were stamped ineligible because protocol 2026.3 still listed the superseded Saturday cron set. The entire run is restored as eligible without editing its immutable snapshot.",741.0110874666666,True,,,,,,,,,31.0,3.0,34.0,47.5,-13.5,False,loss,,,,,NOT QUALIFIER,
board_snapshot,2026-09-05 10:38:59.334752+00:00,2026.3,fdb878165a5023cd135a05bcddd58e04356c77c1650acb11647f9972b55ce049,schedule,17 6 * * 6,33961120017,1,0e180a3a83780b48c1b378920b0a3f94ac7ce103,True,120,3.5,56.0,7.5,56.0,NO PLAY,Model edge is below the 3.5-point production threshold.,,FBS,GENERAL HGB,2026,1,401862699,2026-09-05 23:00:00+00:00,False,Florida International,South Florida,Raymond James Stadium,Tampa,FL,27.9758691,-82.5033344,False,51.5,DraftKings,CFBD,2.0,0.5,51.75,-0.25,,52.47447998445301,0.9744799844530152,0.9744799844530152,over,85.0,75.0,72.0,4.603116368,8.055453644,18.0,0.01,0.0,No meaningful precipitation signal,ok,TBW,American Athletic,Conference USA,fbs,fbs,True,3,outputs/prospective/2026/snapshots/board_20260905T103859Z_run33961120017_a1_edbccb002f51.csv,edbccb002f5154721ba88f34cbbe004bb8e3620a6ac117081df014e4bd7f1241,,,,,True,"The Sep. 5, 2026 1:17 AM CDT production run was the intentionally deployed Saturday schedule, but its immutable snapshots were stamped ineligible because protocol 2026.3 still listed the superseded Saturday cron set. The entire run is restored as eligible without editing its immutable snapshot.",741.0110874666666,True,,,,,,,,,19.0,9.0,28.0,51.5,-23.5,False,loss,,,,,NOT QUALIFIER,
board_snapshot,2026-09-05 10:38:59.334752+00:00,2026.3,fdb878165a5023cd135a05bcddd58e04356c77c1650acb11647f9972b55ce049,schedule,17 6 * * 6,33961120017,1,0e180a3a83780b48c1b378920b0a3f94ac7ce103,True,120,3.5,56.0,7.5,56.0,NO PLAY,FCS-only model does not meet the conservative under-edge screen.,FCS-only HGB; FCS 56+ total,FCS,FCS-only HGB,2026,1,401867684,2026-09-05 23:00:00+00:00,False,Chicago State,UT Martin,Graham Stadium,Martin,TN,36.3448341,-88.8616245,False,61.5,DraftKings,CFBD,1.0,0.0,61.5,0.0,,57.24568032804213,-4.254319671957875,4.254319671957875,under,95.0,73.0,49.0,2.301558184,5.75389546,4.0,0.0,0.0,No meaningful precipitation signal,ok,MEG,OVC,FCS Independents,fcs,fcs,False,3,outputs/prospective/2026/snapshots/board_20260905T103859Z_run33961120017_a1_edbccb002f51.csv,edbccb002f5154721ba88f34cbbe004bb8e3620a6ac117081df014e4bd7f1241,,,,,True,"The Sep. 5, 2026 1:17 AM CDT production run was the intentionally deployed Saturday schedule, but its immutable snapshots were stamped ineligible because protocol 2026.3 still listed the superseded Saturday cron set. The entire run is restored as eligible without editing its immutable snapshot.",741.0110874666666,True,,,,,,,,,42.0,7.0,49.0,61.5,-12.5,False,win,,,,,NOT QUALIFIER,
board_snapshot,2026-09-05 10:38:59.334752+00:00,2026.3,fdb878165a5023cd135a05bcddd58e04356c77c1650acb11647f9972b55ce049,schedule,17 6 * * 6,33961120017,1,0e180a3a83780b48c1b378920b0a3f94ac7ce103,True,120,3.5,56.0,7.5,56.0,NO PLAY,Model edge is below the 3.5-point production threshold.,,OTHER,GENERAL HGB,2026,1,401867866,2026-09-05 23:00:00+00:00,False,Murray State,Middle Tennessee,"Johnny ""Red"" Floyd Stadium",Murfreesboro,TN,35.8511463,-86.3681649,False,57.5,DraftKings,CFBD,2.0,0.0,57.5,0.0,,58.104836827030944,0.6048368270309419,0.6048368270309419,over,96.0,71.0,45.0,4.603116368,8.055453644,7.0,0.0,0.0,No meaningful precipitation signal,ok,OHX,Conference USA,MVFC,fbs,fcs,False,3,outputs/prospective/2026/snapshots/board_20260905T103859Z_run33961120017_a1_edbccb002f51.csv,edbccb002f5154721ba88f34cbbe004bb8e3620a6ac117081df014e4bd7f1241,,,,,True,"The Sep. 5, 2026 1:17 AM CDT production run was the intentionally deployed Saturday schedule, but its immutable snapshots were stamped ineligible because protocol 2026.3 still listed the superseded Saturday cron set. The entire run is restored as eligible without editing its immutable snapshot.",741.0110874666666,True,,,,,,,,,38.0,14.0,52.0,57.5,-5.5,False,loss,,,,,NOT QUALIFIER,
board_snapshot,2026-09-05 10:38:59.334752+00:00,2026.3,fdb878165a5023cd135a05bcddd58e04356c77c1650acb11647f9972b55ce049,schedule,17 6 * * 6,33961120017,1,0e180a3a83780b48c1b378920b0a3f94ac7ce103,True,120,3.5,56.0,7.5,56.0,NO PLAY,FCS-only model points over; the FCS research track has not validated an over production strategy.,5.0+ model edge; FCS-only HGB,FCS,FCS-only HGB,2026,1,401868071,2026-09-05 23:00:00+00:00,False,West Florida,Central Arkansas,Estes Stadium,Conway,AR,35.0802599,-92.460045,False,55.5,DraftKings,CFBD,1.0,0.0,55.5,0.0,,62.48022266362385,6.980222663623851,6.980222663623851,over,98.0,73.0,45.0,2.301558184,4.603116368,9.0,0.01,0.0,No meaningful precipitation signal,ok,LZK,UAC,UAC,fcs,fcs,False,3,outputs/prospective/2026/snapshots/board_20260905T103859Z_run33961120017_a1_edbccb002f51.csv,edbccb002f5154721ba88f34cbbe004bb8e3620a6ac117081df014e4bd7f1241,,,,,True,"The Sep. 5, 2026 1:17 AM CDT production run was the intentionally deployed Saturday schedule, but its immutable snapshots were stamped ineligible because protocol 2026.3 still listed the superseded Saturday cron set. The entire run is restored as eligible without editing its immutable snapshot.",741.0110874666666,True,,,,,,,,,14.0,42.0,56.0,55.5,0.5,False,win,,,,,NOT QUALIFIER,
board_snapshot,2026-09-05 10:38:59.334752+00:00,2026.3,fdb878165a5023cd135a05bcddd58e04356c77c1650acb11647f9972b55ce049,schedule,17 6 * * 6,33961120017,1,0e180a3a83780b48c1b378920b0a3f94ac7ce103,True,120,3.5,56.0,7.5,56.0,NO PLAY,FCS-only model does not meet the conservative under-edge screen.,FCS-only HGB,FCS,FCS-only HGB,2026,1,401868085,2026-09-05 23:00:00+00:00,False,Northern Iowa,Eastern Washington,Roos Field,Cheney,WA,47.49278,-117.587353,False,52.5,DraftKings,CFBD,1.0,0.0,52.5,0.0,,56.745854165085625,4.2458541650856265,4.2458541650856265,over,70.0,43.0,37.0,2.301558184,5.75389546,1.0,0.0,0.0,No meaningful precipitation signal,ok,OTX,Big Sky,MVFC,fcs,fcs,False,3,outputs/prospective/2026/snapshots/board_20260905T103859Z_run33961120017_a1_edbccb002f51.csv,edbccb002f5154721ba88f34cbbe004bb8e3620a6ac117081df014e4bd7f1241,,,,,True,"The Sep. 5, 2026 1:17 AM CDT production run was the intentionally deployed Saturday schedule, but its immutable snapshots were stamped ineligible because protocol 2026.3 still listed the superseded Saturday cron set. The entire run is restored as eligible without editing its immutable snapshot.",741.0110874666666,True,,,,,,,,,34.0,24.0,58.0,52.5,5.5,False,win,,,,,NOT QUALIFIER,
board_snapshot,2026-09-05 10:38:59.334752+00:00,2026.3,fdb878165a5023cd135a05bcddd58e04356c77c1650acb11647f9972b55ce049,schedule,17 6 * * 6,33961120017,1,0e180a3a83780b48c1b378920b0a3f94ac7ce103,True,120,3.5,56.0,7.5,56.0,NO PLAY,Model edge is below the 3.5-point production threshold.,,OTHER,GENERAL HGB,2026,1,401868140,2026-09-05 23:00:00+00:00,False,Eastern Kentucky,Jacksonville State,AmFirst Stadium,Jacksonville,AL,33.8201052,-85.76647,False,53.5,DraftKings,CFBD,2.0,0.0,53.5,0.0,,54.162274771692886,0.662274771692888,0.662274771692888,over,94.0,71.0,48.0,2.301558184,6.904674552,21.0,0.0,0.0,No meaningful precipitation signal,ok,BMX,Conference USA,UAC,fbs,fcs,False,3,outputs/prospective/2026/snapshots/board_20260905T103859Z_run33961120017_a1_edbccb002f51.csv,edbccb002f5154721ba88f34cbbe004bb8e3620a6ac117081df014e4bd7f1241,,,,,True,"The Sep. 5, 2026 1:17 AM CDT production run was the intentionally deployed Saturday schedule, but its immutable snapshots were stamped ineligible because protocol 2026.3 still listed the superseded Saturday cron set. The entire run is restored as eligible without editing its immutable snapshot.",741.0110874666666,True,,,,,,,,,49.0,7.0,56.0,53.5,2.5,False,win,,,,,NOT QUALIFIER,
board_snapshot,2026-09-05 10:38:59.334752+00:00,2026.3,fdb878165a5023cd135a05bcddd58e04356c77c1650acb11647f9972b55ce049,schedule,17 6 * * 6,33961120017,1,0e180a3a83780b48c1b378920b0a3f94ac7ce103,True,120,3.5,56.0,7.5,56.0,NO PLAY,Model edge is below the 3.5-point production threshold.,,OTHER,GENERAL HGB,2026,1,401868170,2026-09-05 23:00:00+00:00,False,Charleston Southern,Georgia Southern,Allen E. Paulson Stadium,Statesboro,GA,32.4122471,-81.7849296,False,51.5,DraftKings,CFBD,2.0,0.0,51.5,0.0,,52.26276433685991,0.7627643368599065,0.7627643368599065,over,91.0,74.0,58.0,3.452337276,8.055453644,0.0,0.0,0.0,No meaningful precipitation signal,ok,CHS,Sun Belt,OVC,fbs,fcs,False,3,outputs/prospective/2026/snapshots/board_20260905T103859Z_run33961120017_a1_edbccb002f51.csv,edbccb002f5154721ba88f34cbbe004bb8e3620a6ac117081df014e4bd7f1241,,,,,True,"The Sep. 5, 2026 1:17 AM CDT production run was the intentionally deployed Saturday schedule, but its immutable snapshots were stamped ineligible because protocol 2026.3 still listed the superseded Saturday cron set. The entire run is restored as eligible without editing its immutable snapshot.",741.0110874666666,True,,,,,,,,,31.0,0.0,31.0,51.5,-20.5,False,loss,,,,,NOT QUALIFIER,
board_snapshot,2026-09-05 10:38:59.334752+00:00,2026.3,fdb878165a5023cd135a05bcddd58e04356c77c1650acb11647f9972b55ce049,schedule,17 6 * * 6,33961120017,1,0e180a3a83780b48c1b378920b0a3f94ac7ce103,True,120,3.5,56.0,7.5,56.0,NO LINE,No current market total is available.,,OTHER,GENERAL HGB,2026,1,401868297,2026-09-05 23:00:00+00:00,False,Miles,Alabama A&M,Louis Crews Stadium,Huntsville,AL,34.7835363,-86.5784132,False,,missing,,,,,,,,,,over,,,,,,,,,,,,SWAC,SIAC,fcs,ii,False,4,outputs/prospective/2026/snapshots/board_20260905T103859Z_run33961120017_a1_edbccb002f51.csv,edbccb002f5154721ba88f34cbbe004bb8e3620a6ac117081df014e4bd7f1241,,,,,True,"The Sep. 5, 2026 1:17 AM CDT production run was the intentionally deployed Saturday schedule, but its immutable snapshots were stamped ineligible because protocol 2026.3 still listed the superseded Saturday cron set. The entire run is restored as eligible without editing its immutable snapshot.",741.0110874666666,True,,,,,,,,,38.0,23.0,61.0,,,False,,,,,,NOT QUALIFIER,
board_snapshot,2026-09-05 10:38:59.334752+00:00,2026.3,fdb878165a5023cd135a05bcddd58e04356c77c1650acb11647f9972b55ce049,schedule,17 6 * * 6,33961120017,1,0e180a3a83780b48c1b378920b0a3f94ac7ce103,True,120,3.5,56.0,7.5,56.0,NO PLAY,Model edge is below the 3.5-point production threshold.,,OTHER,GENERAL HGB,2026,1,401868316,2026-09-05 23:00:00+00:00,False,SE Louisiana,South Alabama,Hancock Whitney Stadium,Mobile,AL,30.696904,-88.192013,False,52.5,DraftKings,CFBD,2.0,0.0,52.5,0.0,,53.48506182247228,0.9850618224722736,0.9850618224722736,over,84.0,77.0,80.0,4.603116368,6.904674552,35.0,0.01,0.0,Low precipitation chance,ok,MOB,Sun Belt,Southland,fbs,fcs,False,3,outputs/prospective/2026/snapshots/board_20260905T103859Z_run33961120017_a1_edbccb002f51.csv,edbccb002f5154721ba88f34cbbe004bb8e3620a6ac117081df014e4bd7f1241,,,,,True,"The Sep. 5, 2026 1:17 AM CDT production run was the intentionally deployed Saturday schedule, but its immutable snapshots were stamped ineligible because protocol 2026.3 still listed the superseded Saturday cron set. The entire run is restored as eligible without editing its immutable snapshot.",741.0110874666666,True,,,,,,,,,39.0,14.0,53.0,52.5,0.5,False,win,,,,,NOT QUALIFIER,
board_snapshot,2026-09-05 10:38:59.334752+00:00,2026.3,fdb878165a5023cd135a05bcddd58e04356c77c1650acb11647f9972b55ce049,schedule,17 6 * * 6,33961120017,1,0e180a3a83780b48c1b378920b0a3f94ac7ce103,True,120,3.5,56.0,7.5,56.0,NO LINE,No current market total is available.,,OTHER,GENERAL HGB,2026,1,401868953,2026-09-05 23:00:00+00:00,False,Central State,Grambling,Eddie Robinson Stadium,Grambling,LA,32.5258665,-92.7146412,False,,missing,,,,,,,,,,over,,,,,,,,,,,,SWAC,SIAC,fcs,ii,False,4,outputs/prospective/2026/snapshots/board_20260905T103859Z_run33961120017_a1_edbccb002f51.csv,edbccb002f5154721ba88f34cbbe004bb8e3620a6ac117081df014e4bd7f1241,,,,,True,"The Sep. 5, 2026 1:17 AM CDT production run was the intentionally deployed Saturday schedule, but its immutable snapshots were stamped ineligible because protocol 2026.3 still listed the superseded Saturday cron set. The entire run is restored as eligible without editing its immutable snapshot.",741.0110874666666,True,,,,,,,,,48.0,26.0,74.0,,,False,,,,,,NOT QUALIFIER,
board_snapshot,2026-09-05 10:38:59.334752+00:00,2026.3,fdb878165a5023cd135a05bcddd58e04356c77c1650acb11647f9972b55ce049,schedule,17 6 * * 6,33961120017,1,0e180a3a83780b48c1b378920b0a3f94ac7ce103,True,120,3.5,56.0,7.5,56.0,NO LINE,No current market total is available.,,OTHER,GENERAL HGB,2026,1,401868958,2026-09-05 23:00:00+00:00,False,Edward Waters,Jackson State,Mississippi Veterans Memorial Stadium,Jackson,MS,32.3300053,-90.1795578,False,,missing,,,,,,,,,,over,,,,,,,,,,,,SWAC,SIAC,fcs,ii,False,4,outputs/prospective/2026/snapshots/board_20260905T103859Z_run33961120017_a1_edbccb002f51.csv,edbccb002f5154721ba88f34cbbe004bb8e3620a6ac117081df014e4bd7f1241,,,,,True,"The Sep. 5, 2026 1:17 AM CDT production run was the intentionally deployed Saturday schedule, but its immutable snapshots were stamped ineligible because protocol 2026.3 still listed the superseded Saturday cron set. The entire run is restored as eligible without editing its immutable snapshot.",741.0110874666666,True,,,,,,,,,66.0,14.0,80.0,,,False,,,,,,NOT QUALIFIER,
board_snapshot,2026-09-05 10:38:59.334752+00:00,2026.3,fdb878165a5023cd135a05bcddd58e04356c77c1650acb11647f9972b55ce049,schedule,17 6 * * 6,33961120017,1,0e180a3a83780b48c1b378920b0a3f94ac7ce103,True,120,3.5,56.0,7.5,56.0,NO LINE,No current market total is available.,,OTHER,GENERAL HGB,2026,1,401868970,2026-09-05 23:00:00+00:00,False,Kentucky State,Southern,Ace W. Mumford Stadium,Baton Rouge,LA,30.5221461,-91.1896087,False,,missing,,,,,,,,,,over,,,,,,,,,,,,SWAC,SIAC,fcs,ii,False,4,outputs/prospective/2026/snapshots/board_20260905T103859Z_run33961120017_a1_edbccb002f51.csv,edbccb002f5154721ba88f34cbbe004bb8e3620a6ac117081df014e4bd7f1241,,,,,True,"The Sep. 5, 2026 1:17 AM CDT production run was the intentionally deployed Saturday schedule, but its immutable snapshots were stamped ineligible because protocol 2026.3 still listed the superseded Saturday cron set. The entire run is restored as eligible without editing its immutable snapshot.",741.0110874666666,True,,,,,,,,,34.0,15.0,49.0,,,False,,,,,,NOT QUALIFIER,
board_snapshot,2026-09-05 10:38:59.334752+00:00,2026.3,fdb878165a5023cd135a05bcddd58e04356c77c1650acb11647f9972b55ce049,schedule,17 6 * * 6,33961120017,1,0e180a3a83780b48c1b378920b0a3f94ac7ce103,True,120,3.5,56.0,7.5,56.0,NO LINE,No current market total is available.,,OTHER,GENERAL HGB,2026,1,401869136,2026-09-05 23:00:00+00:00,False,Texas Wesleyan,McNeese,Cowboy Stadium,Lake Charles,LA,30.1804575,-93.2178729,False,,missing,,,,,,,,,,over,,,,,,,,,,,,Southland,missing,fcs,,False,4,outputs/prospective/2026/snapshots/board_20260905T103859Z_run33961120017_a1_edbccb002f51.csv,edbccb002f5154721ba88f34cbbe004bb8e3620a6ac117081df014e4bd7f1241,,,,,True,"The Sep. 5, 2026 1:17 AM CDT production run was the intentionally deployed Saturday schedule, but its immutable snapshots were stamped ineligible because protocol 2026.3 still listed the superseded Saturday cron set. The entire run is restored as eligible without editing its immutable snapshot.",741.0110874666666,True,,,,,,,,,52.0,0.0,52.0,,,False,,,,,,NOT QUALIFIER,
board_snapshot,2026-09-05 10:38:59.334752+00:00,2026.3,fdb878165a5023cd135a05bcddd58e04356c77c1650acb11647f9972b55ce049,schedule,17 6 * * 6,33961120017,1,0e180a3a83780b48c1b378920b0a3f94ac7ce103,True,120,3.5,56.0,7.5,56.0,NO PLAY,Model edge is below the 3.5-point production threshold.,,FBS,GENERAL HGB,2026,1,401870763,2026-09-05 23:00:00+00:00,False,Sam Houston,Troy,Veterans Memorial Stadium (AL),Troy,AL,31.7995565,-85.9518328,False,53.5,DraftKings,CFBD,2.0,0.5,53.75,-0.25,,54.40111290391065,0.901112903910652,0.901112903910652,over,86.0,73.0,65.0,2.301558184,6.904674552,25.0,0.02,0.0,Measurable precipitation forecast,ok,BMX,Sun Belt,Conference USA,fbs,fbs,True,3,outputs/prospective/2026/snapshots/board_20260905T103859Z_run33961120017_a1_edbccb002f51.csv,edbccb002f5154721ba88f34cbbe004bb8e3620a6ac117081df014e4bd7f1241,,,,,True,"The Sep. 5, 2026 1:17 AM CDT production run was the intentionally deployed Saturday schedule, but its immutable snapshots were stamped ineligible because protocol 2026.3 still listed the superseded Saturday cron set. The entire run is restored as eligible without editing its immutable snapshot.",741.0110874666666,True,,,,,,,,,24.0,21.0,45.0,53.5,-8.5,False,loss,,,,,NOT QUALIFIER,
board_snapshot,2026-09-04 16:56:10.034399+00:00,2026.3,fdb878165a5023cd135a05bcddd58e04356c77c1650acb11647f9972b55ce049,schedule,"17 13 * * 4,5",33897600789,1,09eecafe1053e09a7ab1c65d0002e0802d56c273,True,120,3.5,56.0,7.5,56.0,NO LINE,No current market total is available.,,OTHER,GENERAL HGB,2026,1,401906166,2026-09-05 23:00:00+00:00,False,Shaw,Barton,Electric Supply Company Field,Wilson,NC,35.7212689,-77.9155395,False,,missing,,,,,,,,,,over,,,,,,,,,,,,Carolinas,CIAA,ii,ii,False,4,outputs/prospective/2026/snapshots/board_20260904T165610Z_run33897600789_a1_d18ee67b9f59.csv,d18ee67b9f59c4e1520cae26d9174f2d8c7dc30f4faaa6b1cabf63bd40ca97c4,,,,,False,,1803.8327600166667,True,,,,,,,,,13.0,23.0,36.0,,,False,,,,,,NOT QUALIFIER,
board_snapshot,2026-09-04 16:56:10.034399+00:00,2026.3,fdb878165a5023cd135a05bcddd58e04356c77c1650acb11647f9972b55ce049,schedule,"17 13 * * 4,5",33897600789,1,09eecafe1053e09a7ab1c65d0002e0802d56c273,True,120,3.5,56.0,7.5,56.0,NO LINE,No current market total is available.,,OTHER,GENERAL HGB,2026,1,401906589,2026-09-05 23:00:00+00:00,False,Northeastern State,Missouri S&T,Allgood-Bailey Stadium,Rolla,MO,37.95037,-91.780444,False,,missing,,,,,,,,,,over,,,,,,,,,,,,Great Lakes,Independent DII,ii,ii,False,4,outputs/prospective/2026/snapshots/board_20260904T165610Z_run33897600789_a1_d18ee67b9f59.csv,d18ee67b9f59c4e1520cae26d9174f2d8c7dc30f4faaa6b1cabf63bd40ca97c4,,,,,False,,1803.8327600166667,True,,,,,,,,,7.0,27.0,34.0,,,False,,,,,,NOT QUALIFIER,
board_snapshot,2026-09-04 16:56:10.034399+00:00,2026.3,fdb878165a5023cd135a05bcddd58e04356c77c1650acb11647f9972b55ce049,schedule,"17 13 * * 4,5",33897600789,1,09eecafe1053e09a7ab1c65d0002e0802d56c273,True,120,3.5,56.0,7.5,56.0,NO LINE,No current market total is available.,,OTHER,GENERAL HGB,2026,1,401906605,2026-09-05 23:00:00+00:00,False,Wingate,Delta State,Parker Field at McCool Stadium,Cleveland,MS,33.7440023,-90.7248187,False,,missing,,,,,,,,,,over,,,,,,,,,,,,Gulf South,South Atlantic,ii,ii,False,4,outputs/prospective/2026/snapshots/board_20260904T165610Z_run33897600789_a1_d18ee67b9f59.csv,d18ee67b9f59c4e1520cae26d9174f2d8c7dc30f4faaa6b1cabf63bd40ca97c4,,,,,False,,1803.8327600166667,True,,,,,,,,,13.0,36.0,49.0,,,False,,,,,,NOT QUALIFIER,
board_snapshot,2026-09-04 16:56:10.034399+00:00,2026.3,fdb878165a5023cd135a05bcddd58e04356c77c1650acb11647f9972b55ce049,schedule,"17 13 * * 4,5",33897600789,1,09eecafe1053e09a7ab1c65d0002e0802d56c273,True,120,3.5,56.0,7.5,56.0,NO LINE,No current market total is available.,,OTHER,GENERAL HGB,2026,1,401907247,2026-09-05 23:00:00+00:00,False,Upper Iowa,Missouri Southern State,Fred G. Hughes Stadium,Joplin,MO,37.08418,-94.51323,False,,missing,,,,,,,,,,over,,,,,,,,,,,,Mid America,Great Lakes,ii,ii,False,4,outputs/prospective/2026/snapshots/board_20260904T165610Z_run33897600789_a1_d18ee67b9f59.csv,d18ee67b9f59c4e1520cae26d9174f2d8c7dc30f4faaa6b1cabf63bd40ca97c4,,,,,False,,1803.8327600166667,True,,,,,,,,,21.0,19.0,40.0,,,False,,,,,,NOT QUALIFIER,
board_snapshot,2026-09-04 16:56:10.034399+00:00,2026.3,fdb878165a5023cd135a05bcddd58e04356c77c1650acb11647f9972b55ce049,schedule,"17 13 * * 4,5",33897600789,1,09eecafe1053e09a7ab1c65d0002e0802d56c273,True,120,3.5,56.0,7.5,56.0,NO LINE,No current market total is available.,,OTHER,GENERAL HGB,2026,1,401907456,2026-09-05 23:00:00+00:00,False,Reinhardt,Newberry,Setzler Field,Newberry,SC,34.286133,-81.622539,False,,missing,,,,,,,,,,over,,,,,,,,,,,,South Atlantic,missing,ii,,False,4,outputs/prospective/2026/snapshots/board_20260904T165610Z_run33897600789_a1_d18ee67b9f59.csv,d18ee67b9f59c4e1520cae26d9174f2d8c7dc30f4faaa6b1cabf63bd40ca97c4,,,,,False,,1803.8327600166667,True,,,,,,,,,38.0,3.0,41.0,,,False,,,,,,NOT QUALIFIER,
board_snapshot,2026-09-04 16:56:10.034399+00:00,2026.3,fdb878165a5023cd135a05bcddd58e04356c77c1650acb11647f9972b55ce049,schedule,"17 13 * * 4,5",33897600789,1,09eecafe1053e09a7ab1c65d0002e0802d56c273,True,120,3.5,56.0,7.5,56.0,NO LINE,No current market total is available.,,OTHER,GENERAL HGB,2026,1,401907779,2026-09-05 23:00:00+00:00,False,Simpson (IA),Augustana (IL),Charles D. Lindberg Stadium,Rock Island,IL,41.4411786,-90.5766144,False,,missing,,,,,,,,,,over,,,,,,,,,,,,CCIW,American Rivers,iii,iii,False,4,outputs/prospective/2026/snapshots/board_20260904T165610Z_run33897600789_a1_d18ee67b9f59.csv,d18ee67b9f59c4e1520cae26d9174f2d8c7dc30f4faaa6b1cabf63bd40ca97c4,,,,,False,,1803.8327600166667,True,,,,,,,,,42.0,14.0,56.0,,,False,,,,,,NOT QUALIFIER,
board_snapshot,2026-09-04 16:56:10.034399+00:00,2026.3,fdb878165a5023cd135a05bcddd58e04356c77c1650acb11647f9972b55ce049,schedule,"17 13 * * 4,5",33897600789,1,09eecafe1053e09a7ab1c65d0002e0802d56c273,True,120,3.5,56.0,7.5,56.0,NO LINE,No current market total is available.,,OTHER,GENERAL HGB,2026,1,401907956,2026-09-05 23:00:00+00:00,False,Wisconsin Stout,Dubuque,Chalmers Field,Dubuque,IA,42.5006243,-90.6647985,False,,missing,,,,,,,,,,over,,,,,,,,,,,,American Rivers,Wisconsin,iii,iii,False,4,outputs/prospective/2026/snapshots/board_20260904T165610Z_run33897600789_a1_d18ee67b9f59.csv,d18ee67b9f59c4e1520cae26d9174f2d8c7dc30f4faaa6b1cabf63bd40ca97c4,,,,,False,,1803.8327600166667,True,,,,,,,,,20.0,34.0,54.0,,,False,,,,,,NOT QUALIFIER,
board_snapshot,2026-09-04 16:56:10.034399+00:00,2026.3,fdb878165a5023cd135a05bcddd58e04356c77c1650acb11647f9972b55ce049,schedule,"17 13 * * 4,5",33897600789,1,09eecafe1053e09a7ab1c65d0002e0802d56c273,True,120,3.5,56.0,7.5,56.0,NO LINE,No current market total is available.,,OTHER,GENERAL HGB,2026,1,401907977,2026-09-05 23:00:00+00:00,False,Augsburg,Wisconsin Stevens Point,Community Stadium at Goerke Park,Stevens Point,WI,44.5229223,-89.574111,False,,missing,,,,,,,,,,over,,,,,,,,,,,,Wisconsin,Minnesota,iii,iii,False,4,outputs/prospective/2026/snapshots/board_20260904T165610Z_run33897600789_a1_d18ee67b9f59.csv,d18ee67b9f59c4e1520cae26d9174f2d8c7dc30f4faaa6b1cabf63bd40ca97c4,,,,,False,,1803.8327600166667,True,,,,,,,,,17.0,12.0,29.0,,,False,,,,,,NOT QUALIFIER,
board_snapshot,2026-09-04 16:56:10.034399+00:00,2026.3,fdb878165a5023cd135a05bcddd58e04356c77c1650acb11647f9972b55ce049,schedule,"17 13 * * 4,5",33897600789,1,09eecafe1053e09a7ab1c65d0002e0802d56c273,True,120,3.5,56.0,7.5,56.0,NO LINE,No current market total is available.,,OTHER,GENERAL HGB,2026,1,401908267,2026-09-05 23:00:00+00:00,False,Muskingum,Mount St Joseph,Schueler Field,Cincinnati,OH,39.1014537,-84.5124602,False,,missing,,,,,,,,,,over,,,,,,,,,,,,Heartland,Ohio,iii,iii,False,4,outputs/prospective/2026/snapshots/board_20260904T165610Z_run33897600789_a1_d18ee67b9f59.csv,d18ee67b9f59c4e1520cae26d9174f2d8c7dc30f4faaa6b1cabf63bd40ca97c4,,,,,False,,1803.8327600166667,True,,,,,,,,,34.0,0.0,34.0,,,False,,,,,,NOT QUALIFIER,
board_snapshot,2026-09-04 16:56:10.034399+00:00,2026.3,fdb878165a5023cd135a05bcddd58e04356c77c1650acb11647f9972b55ce049,schedule,"17 13 * * 4,5",33897600789,1,09eecafe1053e09a7ab1c65d0002e0802d56c273,True,120,3.5,56.0,7.5,56.0,NO LINE,No current market total is available.,,OTHER,GENERAL HGB,2026,1,401908272,2026-09-05 23:00:00+00:00,False,DePauw,Rose Hulman,Cook Stadium,Terre Haute,IN,39.4667025,-87.4139119,False,,missing,,,,,,,,,,over,,,,,,,,,,,,Heartland,North Coast,iii,iii,False,4,outputs/prospective/2026/snapshots/board_20260904T165610Z_run33897600789_a1_d18ee67b9f59.csv,d18ee67b9f59c4e1520cae26d9174f2d8c7dc30f4faaa6b1cabf63bd40ca97c4,,,,,False,,1803.8327600166667,True,,,,,,,,,23.0,31.0,54.0,,,False,,,,,,NOT QUALIFIER,
board_snapshot,2026-09-04 16:56:10.034399+00:00,2026.3,fdb878165a5023cd135a05bcddd58e04356c77c1650acb11647f9972b55ce049,schedule,"17 13 * * 4,5",33897600789,1,09eecafe1053e09a7ab1c65d0002e0802d56c273,True,120,3.5,56.0,7.5,56.0,NO LINE,No current market total is available.,,OTHER,GENERAL HGB,2026,1,401908298,2026-09-05 23:00:00+00:00,False,Berry,Huntingdon,Charles Lee Field at Samford Stadium,Montgomery,AL,32.3669656,-86.3006485,False,,missing,,,,,,,,,,over,,,,,,,,,,,,USA South,Southern Athletic,iii,iii,False,4,outputs/prospective/2026/snapshots/board_20260904T165610Z_run33897600789_a1_d18ee67b9f59.csv,d18ee67b9f59c4e1520cae26d9174f2d8c7dc30f4faaa6b1cabf63bd40ca97c4,,,,,False,,1803.8327600166667,True,,,,,,,,,20.0,50.0,70.0,,,False,,,,,,NOT QUALIFIER,
board_snapshot,2026-09-04 16:56:10.034399+00:00,2026.3,fdb878165a5023cd135a05bcddd58e04356c77c1650acb11647f9972b55ce049,schedule,"17 13 * * 4,5",33897600789,1,09eecafe1053e09a7ab1c65d0002e0802d56c273,True,120,3.5,56.0,7.5,56.0,NO LINE,No current market total is available.,,OTHER,GENERAL HGB,2026,1,401908325,2026-09-05 23:00:00+00:00,False,Austin,Schreiner,Antler Stadium,Kerrville,TX,,,False,,missing,,,,,,,,,,over,,,,,,,,,,,,missing,Southern Collegiate Athletic,,iii,False,4,outputs/prospective/2026/snapshots/board_20260904T165610Z_run33897600789_a1_d18ee67b9f59.csv,d18ee67b9f59c4e1520cae26d9174f2d8c7dc30f4faaa6b1cabf63bd40ca97c4,,,,,False,,1803.8327600166667,True,,,,,,,,,33.0,27.0,60.0,,,False,,,,,,NOT QUALIFIER,
board_snapshot,2026-09-04 16:56:10.034399+00:00,2026.3,fdb878165a5023cd135a05bcddd58e04356c77c1650acb11647f9972b55ce049,schedule,"17 13 * * 4,5",33897600789,1,09eecafe1053e09a7ab1c65d0002e0802d56c273,True,120,3.5,56.0,7.5,56.0,NO LINE,No current market total is available.,,OTHER,GENERAL HGB,2026,1,401908426,2026-09-05 23:00:00+00:00,False,McMurry,Southwestern U,Birkelbach Field,Georgetown,TX,30.6326942,-97.6772311,False,,missing,,,,,,,,,,over,,,,,,,,,,,,Southern Athletic,American Southwest,iii,iii,False,4,outputs/prospective/2026/snapshots/board_20260904T165610Z_run33897600789_a1_d18ee67b9f59.csv,d18ee67b9f59c4e1520cae26d9174f2d8c7dc30f4faaa6b1cabf63bd40ca97c4,,,,,False,,1803.8327600166667,True,,,,,,,,,26.0,36.0,62.0,,,False,,,,,,NOT QUALIFIER,
board_snapshot,2026-09-04 16:56:10.034399+00:00,2026.3,fdb878165a5023cd135a05bcddd58e04356c77c1650acb11647f9972b55ce049,schedule,"17 13 * * 4,5",33897600789,1,09eecafe1053e09a7ab1c65d0002e0802d56c273,True,120,3.5,56.0,7.5,56.0,NO LINE,No current market total is available.,,OTHER,GENERAL HGB,2026,1,401908553,2026-09-05 23:00:00+00:00,False,Westgate Christian University,Centenary (LA),Mayo Field,Shreveport,LA,,,False,,missing,,,,,,,,,,over,,,,,,,,,,,,Southern Collegiate Athletic,missing,iii,,False,4,outputs/prospective/2026/snapshots/board_20260904T165610Z_run33897600789_a1_d18ee67b9f59.csv,d18ee67b9f59c4e1520cae26d9174f2d8c7dc30f4faaa6b1cabf63bd40ca97c4,,,,,False,,1803.8327600166667,True,,,,,,,,,,,,,,False,,,,,,NOT QUALIFIER,
board_snapshot,2026-09-04 16:56:10.034399+00:00,2026.3,fdb878165a5023cd135a05bcddd58e04356c77c1650acb11647f9972b55ce049,schedule,"17 13 * * 4,5",33897600789,1,09eecafe1053e09a7ab1c65d0002e0802d56c273,True,120,3.5,56.0,7.5,56.0,NO LINE,No current market total is available.,,OTHER,GENERAL HGB,2026,1,401908781,2026-09-05 23:00:00+00:00,False,Knox,Eureka,Pete FioRito Stadium at McKinzie Field,Eureka,IL,40.7213015,-89.2726708,False,,missing,,,,,,,,,,over,,,,,,,,,,,,NACC,Midwest,iii,iii,False,4,outputs/prospective/2026/snapshots/board_20260904T165610Z_run33897600789_a1_d18ee67b9f59.csv,d18ee67b9f59c4e1520cae26d9174f2d8c7dc30f4faaa6b1cabf63bd40ca97c4,,,,,False,,1803.8327600166667,True,,,,,,,,,0.0,16.0,16.0,,,False,,,,,,NOT QUALIFIER,
board_snapshot,2026-09-04 16:56:10.034399+00:00,2026.3,fdb878165a5023cd135a05bcddd58e04356c77c1650acb11647f9972b55ce049,schedule,"17 13 * * 4,5",33897600789,1,09eecafe1053e09a7ab1c65d0002e0802d56c273,True,120,3.5,56.0,7.5,56.0,NO LINE,No current market total is available.,,OTHER,GENERAL HGB,2026,1,401908933,2026-09-05 23:00:00+00:00,False,Apprentice School,Christopher Newport,TowneBank Stadium,Newport News,VA,36.9775016,-76.42977,False,,missing,,,,,,,,,,over,,,,,,,,,,,,New Jersey,Independent DIII,iii,iii,False,4,outputs/prospective/2026/snapshots/board_20260904T165610Z_run33897600789_a1_d18ee67b9f59.csv,d18ee67b9f59c4e1520cae26d9174f2d8c7dc30f4faaa6b1cabf63bd40ca97c4,,,,,False,,1803.8327600166667,True,,,,,,,,,43.0,14.0,57.0,,,False,,,,,,NOT QUALIFIER,
board_snapshot,2026-09-05 10:38:59.334752+00:00,2026.3,fdb878165a5023cd135a05bcddd58e04356c77c1650acb11647f9972b55ce049,schedule,17 6 * * 6,33961120017,1,0e180a3a83780b48c1b378920b0a3f94ac7ce103,True,120,3.5,56.0,7.5,56.0,NO PLAY,Model edge is below the 3.5-point production threshold.,,FBS,GENERAL HGB,2026,1,401856660,2026-09-05 23:30:00+00:00,False,Clemson,LSU,Tiger Stadium (LA),Baton Rouge,LA,30.412035,-91.1838163,False,50.5,DraftKings,CFBD,2.0,0.0,50.5,0.0,,51.07479361259786,0.5747936125978599,0.5747936125978599,over,84.0,78.0,82.0,2.301558184,4.603116368,52.0,0.16,0.0,Measurable precipitation forecast,ok,LIX,SEC,ACC,fbs,fbs,True,3,outputs/prospective/2026/snapshots/board_20260905T103859Z_run33961120017_a1_edbccb002f51.csv,edbccb002f5154721ba88f34cbbe004bb8e3620a6ac117081df014e4bd7f1241,,,,,True,"The Sep. 5, 2026 1:17 AM CDT production run was the intentionally deployed Saturday schedule, but its immutable snapshots were stamped ineligible because protocol 2026.3 still listed the superseded Saturday cron set. The entire run is restored as eligible without editing its immutable snapshot.",771.0110874666666,True,49.25,2026-09-05 23:20:55.015060+00:00,9.083082333333333,DraftKings,CFBD,2.0,outputs/prospective/2026/close_captures/close_20260905T232055Z_run33998409506_a1_89ad27247aa4.csv,89ad27247aa427a9ca68d488d859478b0064824333306f9b4205ecc9ed1e130f,51.0,10.0,61.0,50.5,10.5,False,win,,,-1.25,0.0,NOT QUALIFIER,
board_snapshot,2026-09-05 10:38:59.334752+00:00,2026.3,fdb878165a5023cd135a05bcddd58e04356c77c1650acb11647f9972b55ce049,schedule,17 6 * * 6,33961120017,1,0e180a3a83780b48c1b378920b0a3f94ac7ce103,True,120,3.5,56.0,7.5,56.0,NO PLAY,Model edge is below the 3.5-point production threshold.,,FBS,GENERAL HGB,2026,1,401856662,2026-09-05 23:30:00+00:00,False,UL Monroe,Mississippi State,Davis Wade Stadium,Starkville,MS,33.4563403,-88.7933652,False,54.5,DraftKings,CFBD,2.0,0.5,54.75,-0.25,,55.26544331616166,0.7654433161616556,0.7654433161616556,over,96.0,72.0,46.0,3.452337276,8.055453644,5.0,0.0,0.0,No meaningful precipitation signal,ok,JAN,SEC,Sun Belt,fbs,fbs,True,3,outputs/prospective/2026/snapshots/board_20260905T103859Z_run33961120017_a1_edbccb002f51.csv,edbccb002f5154721ba88f34cbbe004bb8e3620a6ac117081df014e4bd7f1241,,,,,True,"The Sep. 5, 2026 1:17 AM CDT production run was the intentionally deployed Saturday schedule, but its immutable snapshots were stamped ineligible because protocol 2026.3 still listed the superseded Saturday cron set. The entire run is restored as eligible without editing its immutable snapshot.",771.0110874666666,True,54.75,2026-09-05 23:20:55.015060+00:00,9.083082333333333,DraftKings,CFBD,2.0,outputs/prospective/2026/close_captures/close_20260905T232055Z_run33998409506_a1_89ad27247aa4.csv,89ad27247aa427a9ca68d488d859478b0064824333306f9b4205ecc9ed1e130f,62.0,13.0,75.0,54.5,20.5,False,win,,,0.25,1.0,NOT QUALIFIER,
board_snapshot,2026-09-05 10:38:59.334752+00:00,2026.3,fdb878165a5023cd135a05bcddd58e04356c77c1650acb11647f9972b55ce049,schedule,17 6 * * 6,33961120017,1,0e180a3a83780b48c1b378920b0a3f94ac7ce103,True,120,3.5,56.0,7.5,56.0,NO PLAY,Model edge is below the 3.5-point production threshold.,,OTHER,GENERAL HGB,2026,1,401858211,2026-09-05 23:30:00+00:00,False,VMI,Virginia Tech,Lane Stadium,Blacksburg,VA,37.2199873,-80.4180643,False,62.5,DraftKings,CFBD,2.0,0.5,62.25,0.25,,62.9217320471076,0.4217320471075974,0.4217320471075974,over,79.0,68.0,68.0,4.603116368,12.658570012,13.0,0.0,0.0,No meaningful precipitation signal,ok,RNK,ACC,Southern,fbs,fcs,False,3,outputs/prospective/2026/snapshots/board_20260905T103859Z_run33961120017_a1_edbccb002f51.csv,edbccb002f5154721ba88f34cbbe004bb8e3620a6ac117081df014e4bd7f1241,,,,,True,"The Sep. 5, 2026 1:17 AM CDT production run was the intentionally deployed Saturday schedule, but its immutable snapshots were stamped ineligible because protocol 2026.3 still listed the superseded Saturday cron set. The entire run is restored as eligible without editing its immutable snapshot.",771.0110874666666,True,61.25,2026-09-05 23:20:55.015060+00:00,9.083082333333333,DraftKings,CFBD,2.0,outputs/prospective/2026/close_captures/close_20260905T232055Z_run33998409506_a1_89ad27247aa4.csv,89ad27247aa427a9ca68d488d859478b0064824333306f9b4205ecc9ed1e130f,73.0,3.0,76.0,62.5,13.5,False,win,,,-1.25,0.0,NOT QUALIFIER,
board_snapshot,2026-09-05 10:38:59.334752+00:00,2026.3,fdb878165a5023cd135a05bcddd58e04356c77c1650acb11647f9972b55ce049,schedule,17 6 * * 6,33961120017,1,0e180a3a83780b48c1b378920b0a3f94ac7ce103,True,120,3.5,56.0,7.5,56.0,NO PLAY,Model edge is below the 3.5-point production threshold.,,FBS,GENERAL HGB,2026,1,401858428,2026-09-05 23:30:00+00:00,False,Western Michigan,Michigan,Michigan Stadium,Ann Arbor,MI,42.2658365,-83.7486956,False,49.5,DraftKings,CFBD,2.0,0.0,49.5,0.0,,50.17677714547576,0.6767771454757576,0.6767771454757576,over,72.0,64.0,77.0,6.904674552,13.809349104,0.0,0.0,0.0,No meaningful precipitation signal,ok,DTX,Big Ten,Mid-American,fbs,fbs,True,3,outputs/prospective/2026/snapshots/board_20260905T103859Z_run33961120017_a1_edbccb002f51.csv,edbccb002f5154721ba88f34cbbe004bb8e3620a6ac117081df014e4bd7f1241,,,,,True,"The Sep. 5, 2026 1:17 AM CDT production run was the intentionally deployed Saturday schedule, but its immutable snapshots were stamped ineligible because protocol 2026.3 still listed the superseded Saturday cron set. The entire run is restored as eligible without editing its immutable snapshot.",771.0110874666666,True,49.5,2026-09-05 23:20:55.015060+00:00,9.083082333333333,DraftKings,CFBD,2.0,outputs/prospective/2026/close_captures/close_20260905T232055Z_run33998409506_a1_89ad27247aa4.csv,89ad27247aa427a9ca68d488d859478b0064824333306f9b4205ecc9ed1e130f,13.0,12.0,25.0,49.5,-24.5,False,loss,,,0.0,0.0,NOT QUALIFIER,
board_snapshot,2026-09-05 10:38:59.334752+00:00,2026.3,fdb878165a5023cd135a05bcddd58e04356c77c1650acb11647f9972b55ce049,schedule,17 6 * * 6,33961120017,1,0e180a3a83780b48c1b378920b0a3f94ac7ce103,True,120,3.5,56.0,7.5,56.0,NO PLAY,Model edge is below the 3.5-point production threshold.,,OTHER,GENERAL HGB,2026,1,401869129,2026-09-05 23:30:00+00:00,False,Northwestern State,Louisiana Tech,Joe Aillet Stadium,Ruston,LA,32.5321487,-92.6560019,False,55.5,DraftKings,CFBD,2.0,0.0,55.5,0.0,,55.53618564887904,0.0361856488790369,0.0361856488790369,over,89.0,74.0,61.0,3.452337276,8.055453644,25.0,0.02,0.0,Measurable precipitation forecast,ok,SHV,Sun Belt,Southland,fbs,fcs,False,3,outputs/prospective/2026/snapshots/board_20260905T103859Z_run33961120017_a1_edbccb002f51.csv,edbccb002f5154721ba88f34cbbe004bb8e3620a6ac117081df014e4bd7f1241,,,,,True,"The Sep. 5, 2026 1:17 AM CDT production run was the intentionally deployed Saturday schedule, but its immutable snapshots were stamped ineligible because protocol 2026.3 still listed the superseded Saturday cron set. The entire run is restored as eligible without editing its immutable snapshot.",771.0110874666666,True,56.5,2026-09-05 23:20:55.015060+00:00,9.083082333333333,DraftKings,CFBD,2.0,outputs/prospective/2026/close_captures/close_20260905T232055Z_run33998409506_a1_89ad27247aa4.csv,89ad27247aa427a9ca68d488d859478b0064824333306f9b4205ecc9ed1e130f,80.0,6.0,86.0,55.5,30.5,False,win,,,1.0,1.0,NOT QUALIFIER,
board_snapshot,2026-09-04 16:56:10.034399+00:00,2026.3,fdb878165a5023cd135a05bcddd58e04356c77c1650acb11647f9972b55ce049,schedule,"17 13 * * 4,5",33897600789,1,09eecafe1053e09a7ab1c65d0002e0802d56c273,True,120,3.5,56.0,7.5,56.0,NO LINE,No current market total is available.,,OTHER,GENERAL HGB,2026,1,401908111,2026-09-05 23:30:00+00:00,False,Point University,LaGrange,Callaway Stadium,Lagrange,GA,33.039291,-85.0313269,False,,missing,,,,,,,,,,over,,,,,,,,,,,,USA South,missing,iii,,False,4,outputs/prospective/2026/snapshots/board_20260904T165610Z_run33897600789_a1_d18ee67b9f59.csv,d18ee67b9f59c4e1520cae26d9174f2d8c7dc30f4faaa6b1cabf63bd40ca97c4,,,,,False,,1833.8327600166667,True,,,,,,,,,31.0,7.0,38.0,,,False,,,,,,NOT QUALIFIER,
board_snapshot,2026-09-05 10:38:59.334752+00:00,2026.3,fdb878165a5023cd135a05bcddd58e04356c77c1650acb11647f9972b55ce049,schedule,17 6 * * 6,33961120017,1,0e180a3a83780b48c1b378920b0a3f94ac7ce103,True,120,3.5,56.0,7.5,56.0,NO PLAY,Model edge is below the 3.5-point production threshold.,,FBS,GENERAL HGB,2026,1,401856637,2026-09-05 23:45:00+00:00,False,Florida Atlantic,Florida,Ben Hill Griffin Stadium,Gainesville,FL,29.6499357,-82.3485788,False,59.5,DraftKings,CFBD,2.0,0.0,59.5,0.0,,60.19598212274004,0.6959821227400433,0.6959821227400433,over,85.0,77.0,77.0,3.452337276,9.206232736,18.0,0.03,0.0,Measurable precipitation forecast,ok,JAX,SEC,American Athletic,fbs,fbs,True,3,outputs/prospective/2026/snapshots/board_20260905T103859Z_run33961120017_a1_edbccb002f51.csv,edbccb002f5154721ba88f34cbbe004bb8e3620a6ac117081df014e4bd7f1241,,,,,True,"The Sep. 5, 2026 1:17 AM CDT production run was the intentionally deployed Saturday schedule, but its immutable snapshots were stamped ineligible because protocol 2026.3 still listed the superseded Saturday cron set. The entire run is restored as eligible without editing its immutable snapshot.",786.0110874666666,True,59.5,2026-09-05 23:20:55.015060+00:00,24.083082333333333,DraftKings,CFBD,2.0,outputs/prospective/2026/close_captures/close_20260905T232055Z_run33998409506_a1_89ad27247aa4.csv,89ad27247aa427a9ca68d488d859478b0064824333306f9b4205ecc9ed1e130f,66.0,21.0,87.0,59.5,27.5,False,win,,,0.0,0.0,NOT QUALIFIER,
board_snapshot,2026-09-05 10:38:59.334752+00:00,2026.3,fdb878165a5023cd135a05bcddd58e04356c77c1650acb11647f9972b55ce049,schedule,17 6 * * 6,33961120017,1,0e180a3a83780b48c1b378920b0a3f94ac7ce103,True,120,3.5,56.0,7.5,56.0,NO PLAY,Model edge is below the 3.5-point production threshold.,,OTHER,GENERAL HGB,2026,1,401856775,2026-09-06 00:00:00+00:00,False,Utah Tech,BYU,LaVell Edwards Stadium,Provo,UT,40.2575347,-111.6545247,False,61.5,DraftKings,CFBD,2.0,0.5,61.25,0.25,,62.85254411654793,1.3525441165479335,1.3525441165479335,over,85.0,39.0,20.0,5.75389546,13.809349104,0.0,0.0,0.0,No meaningful precipitation signal,ok,SLC,Big 12,Big Sky,fbs,fcs,False,3,outputs/prospective/2026/snapshots/board_20260905T103859Z_run33961120017_a1_edbccb002f51.csv,edbccb002f5154721ba88f34cbbe004bb8e3620a6ac117081df014e4bd7f1241,,,,,True,"The Sep. 5, 2026 1:17 AM CDT production run was the intentionally deployed Saturday schedule, but its immutable snapshots were stamped ineligible because protocol 2026.3 still listed the superseded Saturday cron set. The entire run is restored as eligible without editing its immutable snapshot.",801.0110874666666,True,61.25,2026-09-05 23:20:55.015060+00:00,39.08308233333333,DraftKings,CFBD,2.0,outputs/prospective/2026/close_captures/close_20260905T232055Z_run33998409506_a1_89ad27247aa4.csv,89ad27247aa427a9ca68d488d859478b0064824333306f9b4205ecc9ed1e130f,63.0,7.0,70.0,61.5,8.5,False,win,,,-0.25,0.0,NOT QUALIFIER,
board_snapshot,2026-09-05 10:38:59.334752+00:00,2026.3,fdb878165a5023cd135a05bcddd58e04356c77c1650acb11647f9972b55ce049,schedule,17 6 * * 6,33961120017,1,0e180a3a83780b48c1b378920b0a3f94ac7ce103,True,120,3.5,56.0,7.5,56.0,NO PLAY,Model edge is below the 3.5-point production threshold.,,OTHER,GENERAL HGB,2026,1,401858427,2026-09-06 00:00:00+00:00,False,Hampton,Maryland,SECU Stadium,College Park,MD,38.9903332,-76.9473792,False,55.5,DraftKings,CFBD,2.0,0.0,55.5,0.0,,56.38113437896196,0.88113437896196,0.88113437896196,over,76.0,67.0,74.0,3.452337276,6.904674552,5.0,0.0,0.0,No meaningful precipitation signal,ok,LWX,Big Ten,Coastal Athletic,fbs,fcs,False,3,outputs/prospective/2026/snapshots/board_20260905T103859Z_run33961120017_a1_edbccb002f51.csv,edbccb002f5154721ba88f34cbbe004bb8e3620a6ac117081df014e4bd7f1241,,,,,True,"The Sep. 5, 2026 1:17 AM CDT production run was the intentionally deployed Saturday schedule, but its immutable snapshots were stamped ineligible because protocol 2026.3 still listed the superseded Saturday cron set. The entire run is restored as eligible without editing its immutable snapshot.",801.0110874666666,True,56.25,2026-09-05 23:20:55.015060+00:00,39.08308233333333,DraftKings,CFBD,2.0,outputs/prospective/2026/close_captures/close_20260905T232055Z_run33998409506_a1_89ad27247aa4.csv,89ad27247aa427a9ca68d488d859478b0064824333306f9b4205ecc9ed1e130f,62.0,0.0,62.0,55.5,6.5,False,win,,,0.75,1.0,NOT QUALIFIER,
board_snapshot,2026-09-05 10:38:59.334752+00:00,2026.3,fdb878165a5023cd135a05bcddd58e04356c77c1650acb11647f9972b55ce049,schedule,17 6 * * 6,33961120017,1,0e180a3a83780b48c1b378920b0a3f94ac7ce103,True,120,3.5,56.0,7.5,56.0,NO PLAY,Model edge is below the 3.5-point production threshold.,,OTHER,GENERAL HGB,2026,1,401858431,2026-09-06 00:00:00+00:00,False,South Dakota State,Northwestern,Lanny and Sharon Martin Stadium,Evanston,IL,42.058246,-87.670876,False,46.5,DraftKings,CFBD,2.0,0.5,46.25,0.25,,46.75415452341636,0.2541545234163602,0.2541545234163602,over,72.0,68.0,88.0,13.809349104,18.412465472,0.0,0.0,0.0,No meaningful precipitation signal,ok,LOT,Big Ten,MVFC,fbs,fcs,False,3,outputs/prospective/2026/snapshots/board_20260905T103859Z_run33961120017_a1_edbccb002f51.csv,edbccb002f5154721ba88f34cbbe004bb8e3620a6ac117081df014e4bd7f1241,,,,,True,"The Sep. 5, 2026 1:17 AM CDT production run was the intentionally deployed Saturday schedule, but its immutable snapshots were stamped ineligible because protocol 2026.3 still listed the superseded Saturday cron set. The entire run is restored as eligible without editing its immutable snapshot.",801.0110874666666,True,49.0,2026-09-05 23:20:55.015060+00:00,39.08308233333333,DraftKings,CFBD,2.0,outputs/prospective/2026/close_captures/close_20260905T232055Z_run33998409506_a1_89ad27247aa4.csv,89ad27247aa427a9ca68d488d859478b0064824333306f9b4205ecc9ed1e130f,34.0,18.0,52.0,46.5,5.5,False,win,,,2.5,1.0,NOT QUALIFIER,
board_snapshot,2026-09-05 10:38:59.334752+00:00,2026.3,fdb878165a5023cd135a05bcddd58e04356c77c1650acb11647f9972b55ce049,schedule,17 6 * * 6,33961120017,1,0e180a3a83780b48c1b378920b0a3f94ac7ce103,True,120,3.5,56.0,7.5,56.0,QUALIFIES,FCS-only HGB under edge ≥7.5 with a 56+ total; this screen was positive in each 2023-2025 walk-forward test season.,5.0+ model edge; FCS-only HGB; FCS 7.5+ under edge; FCS 56+ total,FCS,FCS-only HGB,2026,1,401867845,2026-09-06 00:00:00+00:00,False,Illinois State,Western Illinois,Hanson Field,Macomb,IL,40.4683928,-90.6841248,False,59.5,DraftKings,CFBD,1.0,0.0,59.5,0.0,,51.26220459354535,-8.237795406454655,8.237795406454655,under,88.0,76.0,68.0,5.75389546,12.658570012,1.0,0.0,0.0,No meaningful precipitation signal,ok,DVN,OVC,MVFC,fcs,fcs,False,0,outputs/prospective/2026/snapshots/board_20260905T103859Z_run33961120017_a1_edbccb002f51.csv,edbccb002f5154721ba88f34cbbe004bb8e3620a6ac117081df014e4bd7f1241,,,,,True,"The Sep. 5, 2026 1:17 AM CDT production run was the intentionally deployed Saturday schedule, but its immutable snapshots were stamped ineligible because protocol 2026.3 still listed the superseded Saturday cron set. The entire run is restored as eligible without editing its immutable snapshot.",801.0110874666666,True,58.5,2026-09-05 23:20:55.015060+00:00,39.08308233333333,DraftKings,CFBD,1.0,outputs/prospective/2026/close_captures/close_20260905T232055Z_run33998409506_a1_89ad27247aa4.csv,89ad27247aa427a9ca68d488d859478b0064824333306f9b4205ecc9ed1e130f,10.0,41.0,51.0,59.5,-8.5,True,win,win,0.9090909091,1.0,1.0,SETTLED,
board_snapshot,2026-09-05 10:38:59.334752+00:00,2026.3,fdb878165a5023cd135a05bcddd58e04356c77c1650acb11647f9972b55ce049,schedule,17 6 * * 6,33961120017,1,0e180a3a83780b48c1b378920b0a3f94ac7ce103,True,120,3.5,56.0,7.5,56.0,NO PLAY,FCS-only model does not meet the conservative under-edge screen.,FCS-only HGB; FCS 56+ total,FCS,FCS-only HGB,2026,1,401867883,2026-09-06 00:00:00+00:00,False,South Dakota,Northern Colorado,Nottingham Field,Greeley,CO,40.403493,-104.705139,False,56.5,DraftKings,CFBD,1.0,0.0,56.5,0.0,,52.68918759990728,-3.810812400092722,3.810812400092722,under,91.0,49.0,24.0,6.904674552,11.50779092,10.0,0.0,0.0,No meaningful precipitation signal,ok,BOU,Big Sky,MVFC,fcs,fcs,False,3,outputs/prospective/2026/snapshots/board_20260905T103859Z_run33961120017_a1_edbccb002f51.csv,edbccb002f5154721ba88f34cbbe004bb8e3620a6ac117081df014e4bd7f1241,,,,,True,"The Sep. 5, 2026 1:17 AM CDT production run was the intentionally deployed Saturday schedule, but its immutable snapshots were stamped ineligible because protocol 2026.3 still listed the superseded Saturday cron set. The entire run is restored as eligible without editing its immutable snapshot.",801.0110874666666,True,56.5,2026-09-05 23:20:55.015060+00:00,39.08308233333333,DraftKings,CFBD,1.0,outputs/prospective/2026/close_captures/close_20260905T232055Z_run33998409506_a1_89ad27247aa4.csv,89ad27247aa427a9ca68d488d859478b0064824333306f9b4205ecc9ed1e130f,23.0,38.0,61.0,56.5,4.5,False,loss,,,0.0,0.0,NOT QUALIFIER,
board_snapshot,2026-09-05 10:38:59.334752+00:00,2026.3,fdb878165a5023cd135a05bcddd58e04356c77c1650acb11647f9972b55ce049,schedule,17 6 * * 6,33961120017,1,0e180a3a83780b48c1b378920b0a3f94ac7ce103,True,120,3.5,56.0,7.5,56.0,NO LINE,No current market total is available.,,OTHER,GENERAL HGB,2026,1,401868074,2026-09-06 00:00:00+00:00,False,Central Washington,Cal Poly,Alex G. Spanos Stadium,San Luis Obispo,CA,35.2984123,-120.6650005,False,,missing,,,,,,,,,,over,,,,,,,,,,,,Big Sky,Lone Star,fcs,ii,False,4,outputs/prospective/2026/snapshots/board_20260905T103859Z_run33961120017_a1_edbccb002f51.csv,edbccb002f5154721ba88f34cbbe004bb8e3620a6ac117081df014e4bd7f1241,,,,,True,"The Sep. 5, 2026 1:17 AM CDT production run was the intentionally deployed Saturday schedule, but its immutable snapshots were stamped ineligible because protocol 2026.3 still listed the superseded Saturday cron set. The entire run is restored as eligible without editing its immutable snapshot.",801.0110874666666,True,,,,,,,,,24.0,17.0,41.0,,,False,,,,,,NOT QUALIFIER,
board_snapshot,2026-09-05 10:38:59.334752+00:00,2026.3,fdb878165a5023cd135a05bcddd58e04356c77c1650acb11647f9972b55ce049,schedule,17 6 * * 6,33961120017,1,0e180a3a83780b48c1b378920b0a3f94ac7ce103,True,120,3.5,56.0,7.5,56.0,NO PLAY,FCS-only model points over; the FCS research track has not validated an over production strategy.,5.0+ model edge; refinement: total≥58 + wind≥12; FCS-only HGB; FCS 56+ total,FCS,FCS-only HGB,2026,1,401868158,2026-09-06 00:00:00+00:00,False,Weber State,Southern Utah,Eccles Coliseum,Cedar City,UT,37.6757919,-113.0773938,False,58.5,DraftKings,CFBD,1.0,0.0,58.5,0.0,,64.19067874125889,5.6906787412589,5.6906787412589,over,78.0,37.0,23.0,14.960128196,28.7694773,0.0,0.0,0.0,No meaningful precipitation signal,ok,SLC,Big Sky,Big Sky,fcs,fcs,False,3,outputs/prospective/2026/snapshots/board_20260905T103859Z_run33961120017_a1_edbccb002f51.csv,edbccb002f5154721ba88f34cbbe004bb8e3620a6ac117081df014e4bd7f1241,,,,,True,"The Sep. 5, 2026 1:17 AM CDT production run was the intentionally deployed Saturday schedule, but its immutable snapshots were stamped ineligible because protocol 2026.3 still listed the superseded Saturday cron set. The entire run is restored as eligible without editing its immutable snapshot.",801.0110874666666,True,58.5,2026-09-05 23:20:55.015060+00:00,39.08308233333333,DraftKings,CFBD,1.0,outputs/prospective/2026/close_captures/close_20260905T232055Z_run33998409506_a1_89ad27247aa4.csv,89ad27247aa427a9ca68d488d859478b0064824333306f9b4205ecc9ed1e130f,47.0,42.0,89.0,58.5,30.5,False,win,,,0.0,0.0,NOT QUALIFIER,
board_snapshot,2026-09-05 10:38:59.334752+00:00,2026.3,fdb878165a5023cd135a05bcddd58e04356c77c1650acb11647f9972b55ce049,schedule,17 6 * * 6,33961120017,1,0e180a3a83780b48c1b378920b0a3f94ac7ce103,True,120,3.5,56.0,7.5,56.0,NO PLAY,FCS-only model does not meet the conservative under-edge screen.,FCS-only HGB; FCS 56+ total,FCS,FCS-only HGB,2026,1,401868306,2026-09-06 00:00:00+00:00,False,East Texas A&M,Stephen F. Austin,Homer Bryce Stadium,Nacogdoches,TX,31.625719,-94.6444034,False,56.5,DraftKings,CFBD,1.0,0.0,56.5,0.0,,61.28398158243978,4.7839815824397816,4.7839815824397816,over,84.0,76.0,77.0,2.301558184,6.904674552,11.0,0.0,0.0,No meaningful precipitation signal,ok,SHV,Southland,Southland,fcs,fcs,False,3,outputs/prospective/2026/snapshots/board_20260905T103859Z_run33961120017_a1_edbccb002f51.csv,edbccb002f5154721ba88f34cbbe004bb8e3620a6ac117081df014e4bd7f1241,,,,,True,"The Sep. 5, 2026 1:17 AM CDT production run was the intentionally deployed Saturday schedule, but its immutable snapshots were stamped ineligible because protocol 2026.3 still listed the superseded Saturday cron set. The entire run is restored as eligible without editing its immutable snapshot.",801.0110874666666,True,55.5,2026-09-05 23:20:55.015060+00:00,39.08308233333333,DraftKings,CFBD,1.0,outputs/prospective/2026/close_captures/close_20260905T232055Z_run33998409506_a1_89ad27247aa4.csv,89ad27247aa427a9ca68d488d859478b0064824333306f9b4205ecc9ed1e130f,44.0,7.0,51.0,56.5,-5.5,False,loss,,,-1.0,0.0,NOT QUALIFIER,
board_snapshot,2026-09-05 10:38:59.334752+00:00,2026.3,fdb878165a5023cd135a05bcddd58e04356c77c1650acb11647f9972b55ce049,schedule,17 6 * * 6,33961120017,1,0e180a3a83780b48c1b378920b0a3f94ac7ce103,True,120,3.5,56.0,7.5,56.0,NO PLAY,Model edge is below the 3.5-point production threshold.,,OTHER,GENERAL HGB,2026,1,401869142,2026-09-06 00:00:00+00:00,False,Lamar,Louisiana,Cajun Field,Lafayette,LA,30.2158434,-92.0417371,False,48.5,DraftKings,CFBD,2.0,0.0,48.5,0.0,,48.78877439268823,0.2887743926882287,0.2887743926882287,over,82.0,79.0,91.0,1.150779092,4.603116368,10.0,0.0,0.0,No meaningful precipitation signal,ok,LCH,Sun Belt,Southland,fbs,fcs,False,3,outputs/prospective/2026/snapshots/board_20260905T103859Z_run33961120017_a1_edbccb002f51.csv,edbccb002f5154721ba88f34cbbe004bb8e3620a6ac117081df014e4bd7f1241,,,,,True,"The Sep. 5, 2026 1:17 AM CDT production run was the intentionally deployed Saturday schedule, but its immutable snapshots were stamped ineligible because protocol 2026.3 still listed the superseded Saturday cron set. The entire run is restored as eligible without editing its immutable snapshot.",801.0110874666666,True,48.5,2026-09-05 23:20:55.015060+00:00,39.08308233333333,DraftKings,CFBD,2.0,outputs/prospective/2026/close_captures/close_20260905T232055Z_run33998409506_a1_89ad27247aa4.csv,89ad27247aa427a9ca68d488d859478b0064824333306f9b4205ecc9ed1e130f,38.0,7.0,45.0,48.5,-3.5,False,loss,,,0.0,0.0,NOT QUALIFIER,
board_snapshot,2026-09-04 16:56:10.034399+00:00,2026.3,fdb878165a5023cd135a05bcddd58e04356c77c1650acb11647f9972b55ce049,schedule,"17 13 * * 4,5",33897600789,1,09eecafe1053e09a7ab1c65d0002e0802d56c273,True,120,3.5,56.0,7.5,56.0,NO LINE,No current market total is available.,,OTHER,GENERAL HGB,2026,1,401906168,2026-09-06 00:00:00+00:00,False,Mars Hill,Winston-Salem State,Bowman Gray Stadium,Winston-Salem,NC,36.083372,-80.222037,False,,missing,,,,,,,,,,over,,,,,,,,,,,,CIAA,South Atlantic,ii,ii,False,4,outputs/prospective/2026/snapshots/board_20260904T165610Z_run33897600789_a1_d18ee67b9f59.csv,d18ee67b9f59c4e1520cae26d9174f2d8c7dc30f4faaa6b1cabf63bd40ca97c4,,,,,False,,1863.8327600166667,True,,,,,,,,,0.0,17.0,17.0,,,False,,,,,,NOT QUALIFIER,
board_snapshot,2026-09-04 16:56:10.034399+00:00,2026.3,fdb878165a5023cd135a05bcddd58e04356c77c1650acb11647f9972b55ce049,schedule,"17 13 * * 4,5",33897600789,1,09eecafe1053e09a7ab1c65d0002e0802d56c273,True,120,3.5,56.0,7.5,56.0,NO LINE,No current market total is available.,,OTHER,GENERAL HGB,2026,1,401907100,2026-09-06 00:00:00+00:00,False,Adams State,Sul Ross State,Jackson Field,Alpine,TX,30.3573802,-103.6609367,False,,missing,,,,,,,,,,over,,,,,,,,,,,,Lone Star,Rocky Mountain,ii,ii,False,4,outputs/prospective/2026/snapshots/board_20260904T165610Z_run33897600789_a1_d18ee67b9f59.csv,d18ee67b9f59c4e1520cae26d9174f2d8c7dc30f4faaa6b1cabf63bd40ca97c4,,,,,False,,1863.8327600166667,True,,,,,,,,,53.0,26.0,79.0,,,False,,,,,,NOT QUALIFIER,
board_snapshot,2026-09-04 16:56:10.034399+00:00,2026.3,fdb878165a5023cd135a05bcddd58e04356c77c1650acb11647f9972b55ce049,schedule,"17 13 * * 4,5",33897600789,1,09eecafe1053e09a7ab1c65d0002e0802d56c273,True,120,3.5,56.0,7.5,56.0,NO LINE,No current market total is available.,,OTHER,GENERAL HGB,2026,1,401907151,2026-09-06 00:00:00+00:00,False,Phoenix,Fort Lewis,Ray Dennison Memorial Field,Durango,CO,37.2395367,-107.82158179169292,False,,missing,,,,,,,,,,over,,,,,,,,,,,,Rocky Mountain,missing,ii,,False,4,outputs/prospective/2026/snapshots/board_20260904T165610Z_run33897600789_a1_d18ee67b9f59.csv,d18ee67b9f59c4e1520cae26d9174f2d8c7dc30f4faaa6b1cabf63bd40ca97c4,,,,,False,,1863.8327600166667,True,,,,,,,,,27.0,9.0,36.0,,,False,,,,,,NOT QUALIFIER,
board_snapshot,2026-09-04 16:56:10.034399+00:00,2026.3,fdb878165a5023cd135a05bcddd58e04356c77c1650acb11647f9972b55ce049,schedule,"17 13 * * 4,5",33897600789,1,09eecafe1053e09a7ab1c65d0002e0802d56c273,True,120,3.5,56.0,7.5,56.0,NO LINE,No current market total is available.,,OTHER,GENERAL HGB,2026,1,401907357,2026-09-06 00:00:00+00:00,False,Emporia State,Pittsburg State,Carnie Smith Stadium,Pittsburg,KS,37.4108841,-94.70496,False,,missing,,,,,,,,,,over,,,,,,,,,,,,Mid America,Mid America,ii,ii,False,4,outputs/prospective/2026/snapshots/board_20260904T165610Z_run33897600789_a1_d18ee67b9f59.csv,d18ee67b9f59c4e1520cae26d9174f2d8c7dc30f4faaa6b1cabf63bd40ca97c4,,,,,False,,1863.8327600166667,True,,,,,,,,,10.0,21.0,31.0,,,False,,,,,,NOT QUALIFIER,
board_snapshot,2026-09-04 16:56:10.034399+00:00,2026.3,fdb878165a5023cd135a05bcddd58e04356c77c1650acb11647f9972b55ce049,schedule,"17 13 * * 4,5",33897600789,1,09eecafe1053e09a7ab1c65d0002e0802d56c273,True,120,3.5,56.0,7.5,56.0,NO LINE,No current market total is available.,,OTHER,GENERAL HGB,2026,1,401907465,2026-09-06 00:00:00+00:00,False,Washington St. Louis,Rhodes,Crain Field,Memphis,TN,35.1335022,-89.9668758,False,,missing,,,,,,,,,,over,,,,,,,,,,,,Southern Athletic,North Coast,iii,iii,False,4,outputs/prospective/2026/snapshots/board_20260904T165610Z_run33897600789_a1_d18ee67b9f59.csv,d18ee67b9f59c4e1520cae26d9174f2d8c7dc30f4faaa6b1cabf63bd40ca97c4,,,,,False,,1863.8327600166667,True,,,,,,,,,0.0,73.0,73.0,,,False,,,,,,NOT QUALIFIER,
board_snapshot,2026-09-04 16:56:10.034399+00:00,2026.3,fdb878165a5023cd135a05bcddd58e04356c77c1650acb11647f9972b55ce049,schedule,"17 13 * * 4,5",33897600789,1,09eecafe1053e09a7ab1c65d0002e0802d56c273,True,120,3.5,56.0,7.5,56.0,NO LINE,No current market total is available.,,OTHER,GENERAL HGB,2026,1,401908254,2026-09-06 00:00:00+00:00,False,Wartburg,Monmouth (IL),April Zorn Memorial Stadium,Monmouth,IL,40.9127103,-90.6472477,False,,missing,,,,,,,,,,over,,,,,,,,,,,,Midwest,American Rivers,iii,iii,False,4,outputs/prospective/2026/snapshots/board_20260904T165610Z_run33897600789_a1_d18ee67b9f59.csv,d18ee67b9f59c4e1520cae26d9174f2d8c7dc30f4faaa6b1cabf63bd40ca97c4,,,,,False,,1863.8327600166667,True,,,,,,,,,21.0,36.0,57.0,,,False,,,,,,NOT QUALIFIER,
board_snapshot,2026-09-04 16:56:10.034399+00:00,2026.3,fdb878165a5023cd135a05bcddd58e04356c77c1650acb11647f9972b55ce049,schedule,"17 13 * * 4,5",33897600789,1,09eecafe1053e09a7ab1c65d0002e0802d56c273,True,120,3.5,56.0,7.5,56.0,NO LINE,No current market total is available.,,OTHER,GENERAL HGB,2026,1,401908433,2026-09-06 00:00:00+00:00,False,Texas Lutheran,Trinity (TX),Trinity University Stadium,San Antonio,TX,29.4246002,-98.4951405,False,,missing,,,,,,,,,,over,,,,,,,,,,,,Southern Athletic,Southern Collegiate Athletic,iii,iii,False,4,outputs/prospective/2026/snapshots/board_20260904T165610Z_run33897600789_a1_d18ee67b9f59.csv,d18ee67b9f59c4e1520cae26d9174f2d8c7dc30f4faaa6b1cabf63bd40ca97c4,,,,,False,,1863.8327600166667,True,,,,,,,,,36.0,14.0,50.0,,,False,,,,,,NOT QUALIFIER,
board_snapshot,2026-09-04 16:56:10.034399+00:00,2026.3,fdb878165a5023cd135a05bcddd58e04356c77c1650acb11647f9972b55ce049,schedule,"17 13 * * 4,5",33897600789,1,09eecafe1053e09a7ab1c65d0002e0802d56c273,True,120,3.5,56.0,7.5,56.0,NO LINE,No current market total is available.,,OTHER,GENERAL HGB,2026,1,401908454,2026-09-06 00:00:00+00:00,False,Azusa Pacific,La Verne,Ortmayer Stadium,La Verne,CA,34.1008426,-117.7678355,False,,missing,,,,,,,,,,over,,,,,,,,,,,,So. Cal.,So. Cal.,iii,iii,False,4,outputs/prospective/2026/snapshots/board_20260904T165610Z_run33897600789_a1_d18ee67b9f59.csv,d18ee67b9f59c4e1520cae26d9174f2d8c7dc30f4faaa6b1cabf63bd40ca97c4,,,,,False,,1863.8327600166667,True,,,,,,,,,30.0,3.0,33.0,,,False,,,,,,NOT QUALIFIER,
board_snapshot,2026-09-04 16:56:10.034399+00:00,2026.3,fdb878165a5023cd135a05bcddd58e04356c77c1650acb11647f9972b55ce049,schedule,"17 13 * * 4,5",33897600789,1,09eecafe1053e09a7ab1c65d0002e0802d56c273,True,120,3.5,56.0,7.5,56.0,NO LINE,No current market total is available.,,OTHER,GENERAL HGB,2026,1,401908467,2026-09-06 00:00:00+00:00,False,Simpson (CA),Whittier,"Memorial Stadium (Whittier, CA)",Whittier,CA,33.9708782,-118.0308396,False,,missing,,,,,,,,,,over,,,,,,,,,,,,So. Cal.,missing,iii,,False,4,outputs/prospective/2026/snapshots/board_20260904T165610Z_run33897600789_a1_d18ee67b9f59.csv,d18ee67b9f59c4e1520cae26d9174f2d8c7dc30f4faaa6b1cabf63bd40ca97c4,,,,,False,,1863.8327600166667,True,,,,,,,,,14.0,56.0,70.0,,,False,,,,,,NOT QUALIFIER,
board_snapshot,2026-09-05 10:38:59.334752+00:00,2026.3,fdb878165a5023cd135a05bcddd58e04356c77c1650acb11647f9972b55ce049,schedule,17 6 * * 6,33961120017,1,0e180a3a83780b48c1b378920b0a3f94ac7ce103,True,120,3.5,56.0,7.5,56.0,NO PLAY,FCS-only model does not meet the conservative under-edge screen.,FCS-only HGB; FCS 56+ total,FCS,FCS-only HGB,2026,1,401868119,2026-09-06 00:30:00+00:00,False,Butler,Montana State,Bobcat Stadium,Bozeman,MT,45.659048,-111.049547,False,59.5,DraftKings,CFBD,1.0,0.0,59.5,0.0,,62.48045662147348,2.980456621473481,2.980456621473481,over,77.0,45.0,32.0,4.603116368,11.50779092,2.0,0.0,0.0,No meaningful precipitation signal,ok,TFX,Big Sky,Pioneer,fcs,fcs,False,3,outputs/prospective/2026/snapshots/board_20260905T103859Z_run33961120017_a1_edbccb002f51.csv,edbccb002f5154721ba88f34cbbe004bb8e3620a6ac117081df014e4bd7f1241,,,,,True,"The Sep. 5, 2026 1:17 AM CDT production run was the intentionally deployed Saturday schedule, but its immutable snapshots were stamped ineligible because protocol 2026.3 still listed the superseded Saturday cron set. The entire run is restored as eligible without editing its immutable snapshot.",831.0110874666666,True,59.5,2026-09-05 23:20:55.015060+00:00,69.08308233333334,DraftKings,CFBD,1.0,outputs/prospective/2026/close_captures/close_20260905T232055Z_run33998409506_a1_89ad27247aa4.csv,89ad27247aa427a9ca68d488d859478b0064824333306f9b4205ecc9ed1e130f,51.0,24.0,75.0,59.5,15.5,False,win,,,0.0,0.0,NOT QUALIFIER,
board_snapshot,2026-09-05 10:38:59.334752+00:00,2026.3,fdb878165a5023cd135a05bcddd58e04356c77c1650acb11647f9972b55ce049,schedule,17 6 * * 6,33961120017,1,0e180a3a83780b48c1b378920b0a3f94ac7ce103,True,120,3.5,56.0,7.5,56.0,NO PLAY,Model edge is below the 3.5-point production threshold.,,OTHER,GENERAL HGB,2026,1,401870790,2026-09-06 01:00:00+00:00,False,Mercyhurst,New Mexico State,Aggie Memorial Stadium,Las Cruces,NM,32.2796202,-106.7411148,False,52.5,DraftKings,CFBD,2.0,0.5,52.25,0.25,,53.45015066198116,0.9501506619811576,0.9501506619811576,over,89.0,57.0,34.0,1.150779092,5.75389546,18.0,0.0,0.0,No meaningful precipitation signal,ok,EPZ,Conference USA,NEC,fbs,fcs,False,3,outputs/prospective/2026/snapshots/board_20260905T103859Z_run33961120017_a1_edbccb002f51.csv,edbccb002f5154721ba88f34cbbe004bb8e3620a6ac117081df014e4bd7f1241,,,,,True,"The Sep. 5, 2026 1:17 AM CDT production run was the intentionally deployed Saturday schedule, but its immutable snapshots were stamped ineligible because protocol 2026.3 still listed the superseded Saturday cron set. The entire run is restored as eligible without editing its immutable snapshot.",861.0110874666666,True,,,,,,,,,51.0,14.0,65.0,52.5,12.5,False,win,,,,,NOT QUALIFIER,
board_snapshot,2026-09-05 10:38:59.334752+00:00,2026.3,fdb878165a5023cd135a05bcddd58e04356c77c1650acb11647f9972b55ce049,schedule,17 6 * * 6,33961120017,1,0e180a3a83780b48c1b378920b0a3f94ac7ce103,True,120,3.5,56.0,7.5,56.0,NO PLAY,Model edge is below the 3.5-point production threshold.,,OTHER,GENERAL HGB,2026,1,401856773,2026-09-06 01:30:00+00:00,False,Northern Arizona,Arizona,Arizona Stadium,Tucson,AZ,32.2288054,-110.9488677,False,58.5,DraftKings,CFBD,2.0,0.0,58.5,0.0,,58.49474554947485,-0.0052544505251489,0.0052544505251489,under,94.0,59.0,31.0,8.055453644,14.960128196,6.0,0.0,0.0,No meaningful precipitation signal,ok,TWC,Big 12,Big Sky,fbs,fcs,False,3,outputs/prospective/2026/snapshots/board_20260905T103859Z_run33961120017_a1_edbccb002f51.csv,edbccb002f5154721ba88f34cbbe004bb8e3620a6ac117081df014e4bd7f1241,,,,,True,"The Sep. 5, 2026 1:17 AM CDT production run was the intentionally deployed Saturday schedule, but its immutable snapshots were stamped ineligible because protocol 2026.3 still listed the superseded Saturday cron set. The entire run is restored as eligible without editing its immutable snapshot.",891.0110874666666,True,59.0,2026-09-06 01:20:44.998273+00:00,9.250028783333333,DraftKings,CFBD,2.0,outputs/prospective/2026/close_captures/close_20260906T012044Z_run34003634357_a1_60acf6937841.csv,60acf693784106c46e30151d92b5e8d93da871a68db23558bc84c6cdbacb5655,35.0,7.0,42.0,58.5,-16.5,False,win,,,-0.5,0.0,NOT QUALIFIER,
board_snapshot,2026-09-05 10:38:59.334752+00:00,2026.3,fdb878165a5023cd135a05bcddd58e04356c77c1650acb11647f9972b55ce049,schedule,17 6 * * 6,33961120017,1,0e180a3a83780b48c1b378920b0a3f94ac7ce103,True,120,3.5,56.0,7.5,56.0,NO PLAY,Model edge is below the 3.5-point production threshold.,,OTHER,GENERAL HGB,2026,1,401860879,2026-09-06 01:30:00+00:00,False,Portland State,San Diego State,Snapdragon Stadium,San Diego,CA,32.784444,-117.122833,False,62.5,DraftKings,CFBD,2.0,0.5,62.25,0.25,,62.06718344619213,-0.4328165538078645,0.4328165538078645,under,82.0,63.0,53.0,5.75389546,10.357011828,12.0,0.0,0.0,No meaningful precipitation signal,ok,SGX,Pac-12,Big Sky,fbs,fcs,False,3,outputs/prospective/2026/snapshots/board_20260905T103859Z_run33961120017_a1_edbccb002f51.csv,edbccb002f5154721ba88f34cbbe004bb8e3620a6ac117081df014e4bd7f1241,,,,,True,"The Sep. 5, 2026 1:17 AM CDT production run was the intentionally deployed Saturday schedule, but its immutable snapshots were stamped ineligible because protocol 2026.3 still listed the superseded Saturday cron set. The entire run is restored as eligible without editing its immutable snapshot.",891.0110874666666,True,62.25,2026-09-06 01:20:44.998273+00:00,9.250028783333333,DraftKings,CFBD,2.0,outputs/prospective/2026/close_captures/close_20260906T012044Z_run34003634357_a1_60acf6937841.csv,60acf693784106c46e30151d92b5e8d93da871a68db23558bc84c6cdbacb5655,53.0,20.0,73.0,62.5,10.5,False,loss,,,0.25,1.0,NOT QUALIFIER,
board_snapshot,2026-09-05 10:38:59.334752+00:00,2026.3,fdb878165a5023cd135a05bcddd58e04356c77c1650acb11647f9972b55ce049,schedule,17 6 * * 6,33961120017,1,0e180a3a83780b48c1b378920b0a3f94ac7ce103,True,120,3.5,56.0,7.5,56.0,NO PLAY,Model edge is below the 3.5-point production threshold.,,OTHER,GENERAL HGB,2026,1,401856774,2026-09-06 02:00:00+00:00,False,Morgan State,Arizona State,Mountain America Stadium,Tempe,AZ,33.4264471,-111.9325005,False,52.5,DraftKings,CFBD,2.0,0.0,52.5,0.0,,53.9248975510339,1.424897551033898,1.424897551033898,over,98.0,57.0,26.0,4.603116368,8.055453644,3.0,0.0,0.0,No meaningful precipitation signal,ok,PSR,Big 12,MEAC,fbs,fcs,False,3,outputs/prospective/2026/snapshots/board_20260905T103859Z_run33961120017_a1_edbccb002f51.csv,edbccb002f5154721ba88f34cbbe004bb8e3620a6ac117081df014e4bd7f1241,,,,,True,"The Sep. 5, 2026 1:17 AM CDT production run was the intentionally deployed Saturday schedule, but its immutable snapshots were stamped ineligible because protocol 2026.3 still listed the superseded Saturday cron set. The entire run is restored as eligible without editing its immutable snapshot.",921.0110874666666,True,52.5,2026-09-06 01:20:44.998273+00:00,39.25002878333333,DraftKings,CFBD,2.0,outputs/prospective/2026/close_captures/close_20260906T012044Z_run34003634357_a1_60acf6937841.csv,60acf693784106c46e30151d92b5e8d93da871a68db23558bc84c6cdbacb5655,70.0,7.0,77.0,52.5,24.5,False,win,,,0.0,0.0,NOT QUALIFIER,
board_snapshot,2026-09-05 10:38:59.334752+00:00,2026.3,fdb878165a5023cd135a05bcddd58e04356c77c1650acb11647f9972b55ce049,schedule,17 6 * * 6,33961120017,1,0e180a3a83780b48c1b378920b0a3f94ac7ce103,True,120,3.5,56.0,7.5,56.0,NO PLAY,Model edge is below the 3.5-point production threshold.,,FBS,GENERAL HGB,2026,1,401864497,2026-09-06 02:00:00+00:00,False,UNLV,Hawai'i,Clarence T.C. Ching Athletics Complex,Honolulu,HI,21.294294,-157.819338,False,55.5,DraftKings,CFBD,2.0,0.0,55.5,0.0,,55.87988772795202,0.3798877279520266,0.3798877279520266,over,86.0,70.0,59.0,17.26168638,24.166360932000003,21.0,0.0,0.0,No meaningful precipitation signal,ok,HFO,Mountain West,Mountain West,fbs,fbs,True,3,outputs/prospective/2026/snapshots/board_20260905T103859Z_run33961120017_a1_edbccb002f51.csv,edbccb002f5154721ba88f34cbbe004bb8e3620a6ac117081df014e4bd7f1241,,,,,True,"The Sep. 5, 2026 1:17 AM CDT production run was the intentionally deployed Saturday schedule, but its immutable snapshots were stamped ineligible because protocol 2026.3 still listed the superseded Saturday cron set. The entire run is restored as eligible without editing its immutable snapshot.",921.0110874666666,True,55.5,2026-09-06 01:20:44.998273+00:00,39.25002878333333,DraftKings,CFBD,2.0,outputs/prospective/2026/close_captures/close_20260906T012044Z_run34003634357_a1_60acf6937841.csv,60acf693784106c46e30151d92b5e8d93da871a68db23558bc84c6cdbacb5655,6.0,21.0,27.0,55.5,-28.5,False,loss,,,0.0,0.0,NOT QUALIFIER,
board_snapshot,2026-09-05 10:38:59.334752+00:00,2026.3,fdb878165a5023cd135a05bcddd58e04356c77c1650acb11647f9972b55ce049,schedule,17 6 * * 6,33961120017,1,0e180a3a83780b48c1b378920b0a3f94ac7ce103,True,120,3.5,56.0,7.5,56.0,NO PLAY,Model edge is below the 3.5-point production threshold.,,FBS,GENERAL HGB,2026,1,401864498,2026-09-06 02:00:00+00:00,False,Central Michigan,New Mexico,University Stadium (NM),Albuquerque,NM,35.0669479,-106.6283225,False,46.5,DraftKings,CFBD,2.0,0.5,46.75,-0.25,,47.15505166588147,0.6550516658814759,0.6550516658814759,over,83.0,51.0,33.0,2.301558184,3.452337276,13.0,0.0,0.0,No meaningful precipitation signal,ok,ABQ,Mountain West,Mid-American,fbs,fbs,True,3,outputs/prospective/2026/snapshots/board_20260905T103859Z_run33961120017_a1_edbccb002f51.csv,edbccb002f5154721ba88f34cbbe004bb8e3620a6ac117081df014e4bd7f1241,,,,,True,"The Sep. 5, 2026 1:17 AM CDT production run was the intentionally deployed Saturday schedule, but its immutable snapshots were stamped ineligible because protocol 2026.3 still listed the superseded Saturday cron set. The entire run is restored as eligible without editing its immutable snapshot.",921.0110874666666,True,47.25,2026-09-06 01:20:44.998273+00:00,39.25002878333333,DraftKings,CFBD,2.0,outputs/prospective/2026/close_captures/close_20260906T012044Z_run34003634357_a1_60acf6937841.csv,60acf693784106c46e30151d92b5e8d93da871a68db23558bc84c6cdbacb5655,38.0,7.0,45.0,46.5,-1.5,False,loss,,,0.75,1.0,NOT QUALIFIER,
board_snapshot,2026-09-05 10:38:59.334752+00:00,2026.3,fdb878165a5023cd135a05bcddd58e04356c77c1650acb11647f9972b55ce049,schedule,17 6 * * 6,33961120017,1,0e180a3a83780b48c1b378920b0a3f94ac7ce103,True,120,3.5,56.0,7.5,56.0,NO PLAY,Model edge is below the 3.5-point production threshold.,,OTHER,GENERAL HGB,2026,1,401866411,2026-09-06 02:00:00+00:00,False,Mississippi Valley State,Sacramento State,Hornet Stadium,Sacramento,CA,38.5556718,-121.4229607,False,56.5,DraftKings,CFBD,1.0,0.0,56.5,0.0,,57.17677714547576,0.6767771454757576,0.6767771454757576,over,78.0,50.0,37.0,6.904674552,12.658570012,0.0,0.0,0.0,No meaningful precipitation signal,ok,STO,Mid-American,SWAC,fbs,fcs,False,3,outputs/prospective/2026/snapshots/board_20260905T103859Z_run33961120017_a1_edbccb002f51.csv,edbccb002f5154721ba88f34cbbe004bb8e3620a6ac117081df014e4bd7f1241,,,,,True,"The Sep. 5, 2026 1:17 AM CDT production run was the intentionally deployed Saturday schedule, but its immutable snapshots were stamped ineligible because protocol 2026.3 still listed the superseded Saturday cron set. The entire run is restored as eligible without editing its immutable snapshot.",921.0110874666666,True,56.5,2026-09-06 01:20:44.998273+00:00,39.25002878333333,DraftKings,CFBD,1.0,outputs/prospective/2026/close_captures/close_20260906T012044Z_run34003634357_a1_60acf6937841.csv,60acf693784106c46e30151d92b5e8d93da871a68db23558bc84c6cdbacb5655,52.0,0.0,52.0,56.5,-4.5,False,loss,,,0.0,0.0,NOT QUALIFIER,
board_snapshot,2026-09-05 10:38:59.334752+00:00,2026.3,fdb878165a5023cd135a05bcddd58e04356c77c1650acb11647f9972b55ce049,schedule,17 6 * * 6,33961120017,1,0e180a3a83780b48c1b378920b0a3f94ac7ce103,True,120,3.5,56.0,7.5,56.0,NO PLAY,FCS-only model does not meet the conservative under-edge screen.,FCS-only HGB; FCS 56+ total,FCS,FCS-only HGB,2026,1,401868163,2026-09-06 02:00:00+00:00,False,UC Davis,San Diego,Torero Stadium,San Diego,CA,32.7730674,-117.183721,False,57.5,DraftKings,CFBD,1.0,0.0,57.5,0.0,,53.124223690378784,-4.375776309621213,4.375776309621213,under,75.0,65.0,72.0,5.75389546,10.357011828,11.0,0.0,0.0,No meaningful precipitation signal,ok,SGX,Pioneer,Big Sky,fcs,fcs,False,3,outputs/prospective/2026/snapshots/board_20260905T103859Z_run33961120017_a1_edbccb002f51.csv,edbccb002f5154721ba88f34cbbe004bb8e3620a6ac117081df014e4bd7f1241,,,,,True,"The Sep. 5, 2026 1:17 AM CDT production run was the intentionally deployed Saturday schedule, but its immutable snapshots were stamped ineligible because protocol 2026.3 still listed the superseded Saturday cron set. The entire run is restored as eligible without editing its immutable snapshot.",921.0110874666666,True,54.5,2026-09-06 01:20:44.998273+00:00,39.25002878333333,DraftKings,CFBD,1.0,outputs/prospective/2026/close_captures/close_20260906T012044Z_run34003634357_a1_60acf6937841.csv,60acf693784106c46e30151d92b5e8d93da871a68db23558bc84c6cdbacb5655,17.0,49.0,66.0,57.5,8.5,False,loss,,,3.0,1.0,NOT QUALIFIER,
board_snapshot,2026-09-04 16:56:10.034399+00:00,2026.3,fdb878165a5023cd135a05bcddd58e04356c77c1650acb11647f9972b55ce049,schedule,"17 13 * * 4,5",33897600789,1,09eecafe1053e09a7ab1c65d0002e0802d56c273,True,120,3.5,56.0,7.5,56.0,NO LINE,No current market total is available.,,OTHER,GENERAL HGB,2026,1,401908393,2026-09-06 02:05:00+00:00,False,Redlands,George Fox,Stoffer Family Stadium,Newberg,OR,45.300347,-122.972751,False,,missing,,,,,,,,,,over,,,,,,,,,,,,Northwest,So. Cal.,iii,iii,False,4,outputs/prospective/2026/snapshots/board_20260904T165610Z_run33897600789_a1_d18ee67b9f59.csv,d18ee67b9f59c4e1520cae26d9174f2d8c7dc30f4faaa6b1cabf63bd40ca97c4,,,,,False,,1988.8327600166667,True,,,,,,,,,27.0,0.0,27.0,,,False,,,,,,NOT QUALIFIER,
board_snapshot,2026-09-05 10:38:59.334752+00:00,2026.3,fdb878165a5023cd135a05bcddd58e04356c77c1650acb11647f9972b55ce049,schedule,17 6 * * 6,33961120017,1,0e180a3a83780b48c1b378920b0a3f94ac7ce103,True,120,3.5,56.0,7.5,56.0,NO PLAY,Model edge is below the 3.5-point production threshold.,,FBS,GENERAL HGB,2026,1,401858210,2026-09-06 02:30:00+00:00,False,UCLA,California,California Memorial Stadium,Berkeley,CA,37.8710434,-122.2507729,False,53.5,DraftKings,CFBD,2.0,0.0,53.5,0.0,,54.0585613927174,0.5585613927174016,0.5585613927174016,over,64.0,56.0,74.0,3.452337276,8.055453644,0.0,0.0,0.0,No meaningful precipitation signal,ok,MTR,ACC,Big Ten,fbs,fbs,True,3,outputs/prospective/2026/snapshots/board_20260905T103859Z_run33961120017_a1_edbccb002f51.csv,edbccb002f5154721ba88f34cbbe004bb8e3620a6ac117081df014e4bd7f1241,,,,,True,"The Sep. 5, 2026 1:17 AM CDT production run was the intentionally deployed Saturday schedule, but its immutable snapshots were stamped ineligible because protocol 2026.3 still listed the superseded Saturday cron set. The entire run is restored as eligible without editing its immutable snapshot.",951.0110874666666,True,53.5,2026-09-06 01:20:44.998273+00:00,69.25002878333333,DraftKings,CFBD,2.0,outputs/prospective/2026/close_captures/close_20260906T012044Z_run34003634357_a1_60acf6937841.csv,60acf693784106c46e30151d92b5e8d93da871a68db23558bc84c6cdbacb5655,24.0,45.0,69.0,53.5,15.5,False,win,,,0.0,0.0,NOT QUALIFIER,
board_snapshot,2026-09-05 10:38:59.334752+00:00,2026.3,fdb878165a5023cd135a05bcddd58e04356c77c1650acb11647f9972b55ce049,schedule,17 6 * * 6,33961120017,1,0e180a3a83780b48c1b378920b0a3f94ac7ce103,True,120,3.5,56.0,7.5,56.0,NO PLAY,Model edge is below the 3.5-point production threshold.,,FBS,GENERAL HGB,2026,1,401864432,2026-09-06 02:30:00+00:00,False,Western Kentucky,Nevada,Mackay Stadium,Reno,NV,39.5469459,-119.8175435,False,51.5,DraftKings,CFBD,2.0,0.0,51.5,0.0,,51.61669229417101,0.1166922941710121,0.1166922941710121,over,69.0,44.0,40.0,11.50779092,18.412465472,5.0,0.0,0.0,No meaningful precipitation signal,ok,REV,Mountain West,Conference USA,fbs,fbs,True,3,outputs/prospective/2026/snapshots/board_20260905T103859Z_run33961120017_a1_edbccb002f51.csv,edbccb002f5154721ba88f34cbbe004bb8e3620a6ac117081df014e4bd7f1241,,,,,True,"The Sep. 5, 2026 1:17 AM CDT production run was the intentionally deployed Saturday schedule, but its immutable snapshots were stamped ineligible because protocol 2026.3 still listed the superseded Saturday cron set. The entire run is restored as eligible without editing its immutable snapshot.",951.0110874666666,True,51.5,2026-09-06 01:20:44.998273+00:00,69.25002878333333,DraftKings,CFBD,2.0,outputs/prospective/2026/close_captures/close_20260906T012044Z_run34003634357_a1_60acf6937841.csv,60acf693784106c46e30151d92b5e8d93da871a68db23558bc84c6cdbacb5655,49.0,14.0,63.0,51.5,11.5,False,win,,,0.0,0.0,NOT QUALIFIER,
board_snapshot,2026-09-05 10:38:59.334752+00:00,2026.3,fdb878165a5023cd135a05bcddd58e04356c77c1650acb11647f9972b55ce049,schedule,17 6 * * 6,33961120017,1,0e180a3a83780b48c1b378920b0a3f94ac7ce103,True,120,3.5,56.0,7.5,56.0,NO PLAY,FCS-only model points over; the FCS research track has not validated an over production strategy.,5.0+ model edge; FCS-only HGB,FCS,FCS-only HGB,2026,1,401868967,2026-09-06 16:00:00+00:00,False,Texas Southern,Prairie View A&M,Panther Stadium,Prairie View,TX,30.0937874,-95.9960913,False,54.5,DraftKings,CFBD,1.0,0.0,54.5,0.0,,60.45055059377446,5.950550593774461,5.950550593774461,over,86.0,77.0,75.0,3.452337276,3.452337276,41.0,0.11,0.0,Measurable precipitation forecast,ok,HGX,SWAC,SWAC,fcs,fcs,False,3,outputs/prospective/2026/snapshots/board_20260905T103859Z_run33961120017_a1_edbccb002f51.csv,edbccb002f5154721ba88f34cbbe004bb8e3620a6ac117081df014e4bd7f1241,,,,,True,"The Sep. 5, 2026 1:17 AM CDT production run was the intentionally deployed Saturday schedule, but its immutable snapshots were stamped ineligible because protocol 2026.3 still listed the superseded Saturday cron set. The entire run is restored as eligible without editing its immutable snapshot.",1761.0110874666668,True,,,,,,,,,52.0,14.0,66.0,54.5,11.5,False,win,,,,,NOT QUALIFIER,
board_snapshot,2026-09-05 10:38:59.334752+00:00,2026.3,fdb878165a5023cd135a05bcddd58e04356c77c1650acb11647f9972b55ce049,schedule,17 6 * * 6,33961120017,1,0e180a3a83780b48c1b378920b0a3f94ac7ce103,True,120,3.5,56.0,7.5,56.0,NO PLAY,FCS-only model does not meet the conservative under-edge screen.,FCS-only HGB,FCS,FCS-only HGB,2026,1,401867939,2026-09-06 19:00:00+00:00,False,South Carolina State,Florida A&M,Hard Rock Stadium,Miami Gardens,FL,25.9579665,-80.2388604,False,55.5,DraftKings,CFBD,1.0,0.0,55.5,0.0,,59.44426050981608,3.944260509816077,3.944260509816077,over,87.0,77.0,72.0,4.603116368,8.055453644,48.0,0.23,0.0,Measurable precipitation forecast,ok,MFL,SWAC,MEAC,fcs,fcs,False,3,outputs/prospective/2026/snapshots/board_20260905T103859Z_run33961120017_a1_edbccb002f51.csv,edbccb002f5154721ba88f34cbbe004bb8e3620a6ac117081df014e4bd7f1241,,,,,True,"The Sep. 5, 2026 1:17 AM CDT production run was the intentionally deployed Saturday schedule, but its immutable snapshots were stamped ineligible because protocol 2026.3 still listed the superseded Saturday cron set. The entire run is restored as eligible without editing its immutable snapshot.",1941.0110874666668,True,,,,,,,,,13.0,31.0,44.0,55.5,-11.5,False,loss,,,,,NOT QUALIFIER,
board_snapshot,2026-09-05 10:38:59.334752+00:00,2026.3,fdb878165a5023cd135a05bcddd58e04356c77c1650acb11647f9972b55ce049,schedule,17 6 * * 6,33961120017,1,0e180a3a83780b48c1b378920b0a3f94ac7ce103,True,120,3.5,56.0,7.5,56.0,NO PLAY,Model edge is below the 3.5-point production threshold.,,FBS,GENERAL HGB,2026,1,401858437,2026-09-06 20:00:00+00:00,False,Washington State,Washington,Husky Stadium,Seattle,WA,47.6503235,-122.3015746,False,51.5,DraftKings,CFBD,2.0,0.5,51.25,0.25,,52.18145757742767,0.6814575774276652,0.6814575774276652,over,69.0,58.0,67.0,5.75389546,5.75389546,0.0,0.0,0.0,No meaningful precipitation signal,ok,SEW,Big Ten,Pac-12,fbs,fbs,True,3,outputs/prospective/2026/snapshots/board_20260905T103859Z_run33961120017_a1_edbccb002f51.csv,edbccb002f5154721ba88f34cbbe004bb8e3620a6ac117081df014e4bd7f1241,,,,,True,"The Sep. 5, 2026 1:17 AM CDT production run was the intentionally deployed Saturday schedule, but its immutable snapshots were stamped ineligible because protocol 2026.3 still listed the superseded Saturday cron set. The entire run is restored as eligible without editing its immutable snapshot.",2001.0110874666668,True,51.25,2026-09-06 19:12:00.691991+00:00,47.988466816666666,DraftKings,CFBD,2.0,outputs/prospective/2026/close_captures/close_20260906T191200Z_run34054103979_a1_a5cb5f98bda1.csv,a5cb5f98bda1e4d871586dfd9871f75a3375540c13ca449dbc541bcfa68459af,24.0,10.0,34.0,51.5,-17.5,False,loss,,,-0.25,0.0,NOT QUALIFIER,
board_snapshot,2026-09-04 16:56:10.034399+00:00,2026.3,fdb878165a5023cd135a05bcddd58e04356c77c1650acb11647f9972b55ce049,schedule,"17 13 * * 4,5",33897600789,1,09eecafe1053e09a7ab1c65d0002e0802d56c273,True,120,3.5,56.0,7.5,56.0,NO LINE,No current market total is available.,,OTHER,GENERAL HGB,2026,1,401906158,2026-09-06 20:00:00+00:00,False,Albany State,Johnson C. Smith,Tom Benson Hall of Fame Stadium,Canton,OH,40.7985464,-81.3749508,False,,missing,,,,,,,,,,over,,,,,,,,,,,,CIAA,SIAC,ii,ii,False,4,outputs/prospective/2026/snapshots/board_20260904T165610Z_run33897600789_a1_d18ee67b9f59.csv,d18ee67b9f59c4e1520cae26d9174f2d8c7dc30f4faaa6b1cabf63bd40ca97c4,,,,,False,,3063.8327600166667,True,,,,,,,,,27.0,7.0,34.0,,,False,,,,,,NOT QUALIFIER,
board_snapshot,2026-09-05 10:38:59.334752+00:00,2026.3,fdb878165a5023cd135a05bcddd58e04356c77c1650acb11647f9972b55ce049,schedule,17 6 * * 6,33961120017,1,0e180a3a83780b48c1b378920b0a3f94ac7ce103,True,120,3.5,56.0,7.5,56.0,NO PLAY,Model edge is below the 3.5-point production threshold.,,FBS,GENERAL HGB,2026,1,401856661,2026-09-06 23:30:00+00:00,False,Louisville,Ole Miss,Nissan Stadium,Nashville,TN,36.166479,-86.7712898,False,54.5,DraftKings,CFBD,2.0,0.5,54.75,-0.25,,54.485076477573394,-0.0149235224266065,0.0149235224266065,under,89.0,71.0,56.0,11.50779092,17.26168638,0.0,0.0,0.0,No meaningful precipitation signal,ok,OHX,SEC,ACC,fbs,fbs,True,3,outputs/prospective/2026/snapshots/board_20260905T103859Z_run33961120017_a1_edbccb002f51.csv,edbccb002f5154721ba88f34cbbe004bb8e3620a6ac117081df014e4bd7f1241,,,,,True,"The Sep. 5, 2026 1:17 AM CDT production run was the intentionally deployed Saturday schedule, but its immutable snapshots were stamped ineligible because protocol 2026.3 still listed the superseded Saturday cron set. The entire run is restored as eligible without editing its immutable snapshot.",2211.0110874666666,True,55.25,2026-09-06 23:11:27.820766+00:00,18.536320566666667,DraftKings,CFBD,2.0,outputs/prospective/2026/close_captures/close_20260906T231127Z_run34066153212_a1_39946c27ea10.csv,39946c27ea107042a1255a212c57fb4d29a772fa5eb1d01f9f9002b9dfb0aff0,41.0,38.0,79.0,54.5,24.5,False,loss,,,-0.75,0.0,NOT QUALIFIER,
board_snapshot,2026-09-05 10:38:59.334752+00:00,2026.3,fdb878165a5023cd135a05bcddd58e04356c77c1650acb11647f9972b55ce049,schedule,17 6 * * 6,33961120017,1,0e180a3a83780b48c1b378920b0a3f94ac7ce103,True,120,3.5,56.0,7.5,56.0,NO PLAY,Model edge is below the 3.5-point production threshold.,,FBS,GENERAL HGB,2026,1,401858438,2026-09-06 23:30:00+00:00,False,Wisconsin,Notre Dame,Lambeau Field,Greenbay,WI,44.50131,-88.062273,False,46.5,DraftKings,CFBD,2.0,0.0,46.5,0.0,,45.825176535504326,-0.6748234644956753,0.6748234644956753,under,77.0,65.0,68.0,3.452337276,5.75389546,0.0,0.0,0.0,No meaningful precipitation signal,ok,GRB,FBS Independents,Big Ten,fbs,fbs,True,3,outputs/prospective/2026/snapshots/board_20260905T103859Z_run33961120017_a1_edbccb002f51.csv,edbccb002f5154721ba88f34cbbe004bb8e3620a6ac117081df014e4bd7f1241,,,,,True,"The Sep. 5, 2026 1:17 AM CDT production run was the intentionally deployed Saturday schedule, but its immutable snapshots were stamped ineligible because protocol 2026.3 still listed the superseded Saturday cron set. The entire run is restored as eligible without editing its immutable snapshot.",2211.0110874666666,True,46.0,2026-09-06 23:11:27.820766+00:00,18.536320566666667,DraftKings,CFBD,2.0,outputs/prospective/2026/close_captures/close_20260906T231127Z_run34066153212_a1_39946c27ea10.csv,39946c27ea107042a1255a212c57fb4d29a772fa5eb1d01f9f9002b9dfb0aff0,41.0,13.0,54.0,46.5,7.5,False,loss,,,0.5,1.0,NOT QUALIFIER,
board_snapshot,2026-09-05 10:38:59.334752+00:00,2026.3,fdb878165a5023cd135a05bcddd58e04356c77c1650acb11647f9972b55ce049,schedule,17 6 * * 6,33961120017,1,0e180a3a83780b48c1b378920b0a3f94ac7ce103,True,120,3.5,56.0,7.5,56.0,NO PLAY,Model edge is below the 3.5-point production threshold.,,FBS,GENERAL HGB,2026,1,401858212,2026-09-07 23:30:00+00:00,False,SMU,Florida State,Doak Campbell Stadium,Tallahassee,FL,30.4381692,-84.3044032,False,53.5,DraftKings,CFBD,2.0,0.5,53.25,0.25,,53.98209426693937,0.4820942669393737,0.4820942669393737,over,81.0,74.0,79.0,3.452337276,10.357011828,88.0,0.56,0.0,Measurable precipitation forecast,ok,TAE,ACC,ACC,fbs,fbs,True,3,outputs/prospective/2026/snapshots/board_20260905T103859Z_run33961120017_a1_edbccb002f51.csv,edbccb002f5154721ba88f34cbbe004bb8e3620a6ac117081df014e4bd7f1241,,,,,True,"The Sep. 5, 2026 1:17 AM CDT production run was the intentionally deployed Saturday schedule, but its immutable snapshots were stamped ineligible because protocol 2026.3 still listed the superseded Saturday cron set. The entire run is restored as eligible without editing its immutable snapshot.",3651.0110874666666,True,,,,,,,,,24.0,27.0,51.0,53.5,-2.5,False,loss,,,,,NOT QUALIFIER,
board_snapshot,2026-09-10 17:04:04.072819+00:00,2026.5,6896b9770568baf57f8d4375019ad98ddc2fe7b2f1a2dabc8374b28193757625,schedule,"17 13 * * 4,5",34505634820,1,7f7000ded0c24e7a40905a39275605f494327b7d,True,120,3.5,56.0,7.5,56.0,NO PLAY,Model edge is below the 3.5-point production threshold.,refinement: total≥60 + RH≥80%,OTHER,GENERAL HGB,2026,2,401858213,2026-09-11 00:00:00+00:00,False,Florida A&M,Miami,Hard Rock Stadium,Miami Gardens,FL,25.9579665,-80.2388604,False,65.5,DraftKings,CFBD,2.0,0.5,65.25,0.25,,65.96953300741062,0.469533007410619,0.469533007410619,over,83.0,77.0,82.0,4.603116368,8.055453644,17.0,0.0,0.0,No meaningful precipitation signal,ok,MFL,ACC,SWAC,fbs,fcs,False,3,outputs/prospective/2026/snapshots/board_20260910T170404Z_run34505634820_a1_a7d0d4a234d5.csv,a7d0d4a234d5738ecc41cfe319dcc2ad1c03cc2c8b49e1e99233cd6a7ab23b25,LIVE,False,2026-09-10T17:01:53.249800+00:00,0.0,False,,415.9321196833333,True,65.75,2026-09-10 22:36:14.091848+00:00,83.76513586666667,DraftKings,CFBD,2.0,outputs/prospective/2026/close_captures/close_20260910T223614Z_run34538219381_a1_3f9d92058816.csv,3f9d9205881653b80cdced5837709ce5c5effecdf3ea12670beb777456be1015,77.0,7.0,84.0,65.5,18.5,False,win,,,0.25,1.0,NOT QUALIFIER,
board_snapshot,2026-09-11 17:05:13.213793+00:00,2026.5,6896b9770568baf57f8d4375019ad98ddc2fe7b2f1a2dabc8374b28193757625,schedule,"17 13 * * 4,5",34625421638,1,6c6c51ce348393491e9ceb1c8c849484b4a65d1a,True,120,3.5,56.0,7.5,56.0,NO PLAY,Model edge is below the 3.5-point production threshold.,,OTHER,GENERAL HGB,2026,2,401858215,2026-09-11 23:00:00+00:00,False,Villanova,Louisville,L&N Federal Credit Union Stadium,Louisville,KY,38.2057621,-85.7588141,False,56.5,DraftKings,CFBD,2.0,0.0,56.5,0.0,,57.104836827030944,0.6048368270309419,0.6048368270309419,over,81.0,72.0,74.0,3.452337276,3.452337276,17.0,0.02,0.0,Measurable precipitation forecast,ok,LMK,ACC,Patriot,fbs,fcs,False,3,outputs/prospective/2026/snapshots/board_20260911T170513Z_run34625421638_a1_bee28cf5c70b.csv,bee28cf5c70b4cbfa6b9ba503f8930a0758693b13081eaea53495a78db9c811a,LIVE,False,2026-09-11T17:03:01.491251+00:00,0.0,False,,354.77977011666667,True,56.75,2026-09-11 22:35:55.036159+00:00,24.082730683333335,DraftKings,CFBD,2.0,outputs/prospective/2026/close_captures/close_20260911T223555Z_run34654674448_a1_856ae3e08abd.csv,856ae3e08abdafadc675a8bc536edba1de905217e355f948e48fff334f359375,59.0,13.0,72.0,56.5,15.5,False,win,,,0.25,1.0,NOT QUALIFIER,
board_snapshot,2026-09-11 17:05:13.213793+00:00,2026.5,6896b9770568baf57f8d4375019ad98ddc2fe7b2f1a2dabc8374b28193757625,schedule,"17 13 * * 4,5",34625421638,1,6c6c51ce348393491e9ceb1c8c849484b4a65d1a,True,120,3.5,56.0,7.5,56.0,NO PLAY,Model edge is below the 3.5-point production threshold.,,OTHER,GENERAL HGB,2026,2,401858220,2026-09-11 23:00:00+00:00,False,Norfolk State,Virginia,Scott Stadium,Charlottesville,VA,38.0311801,-78.5137897,False,55.5,DraftKings,CFBD,2.0,0.5,55.75,-0.25,,56.026712917970926,0.5267129179709246,0.5267129179709246,over,76.0,71.0,85.0,3.452337276,9.206232736,49.0,0.07,0.0,Measurable precipitation forecast,ok,LWX,ACC,MEAC,fbs,fcs,False,3,outputs/prospective/2026/snapshots/board_20260911T170513Z_run34625421638_a1_bee28cf5c70b.csv,bee28cf5c70b4cbfa6b9ba503f8930a0758693b13081eaea53495a78db9c811a,LIVE,False,2026-09-11T17:03:01.491251+00:00,0.0,False,,354.77977011666667,True,55.75,2026-09-11 22:35:55.036159+00:00,24.082730683333335,DraftKings,CFBD,2.0,outputs/prospective/2026/close_captures/close_20260911T223555Z_run34654674448_a1_856ae3e08abd.csv,856ae3e08abdafadc675a8bc536edba1de905217e355f948e48fff334f359375,59.0,3.0,62.0,55.5,6.5,False,win,,,0.25,1.0,NOT QUALIFIER,
board_snapshot,2026-09-11 17:05:13.213793+00:00,2026.5,6896b9770568baf57f8d4375019ad98ddc2fe7b2f1a2dabc8374b28193757625,schedule,"17 13 * * 4,5",34625421638,1,6c6c51ce348393491e9ceb1c8c849484b4a65d1a,True,120,3.5,56.0,7.5,56.0,NO PLAY,Model edge is below the 3.5-point production threshold.,,OTHER,GENERAL HGB,2026,2,401858222,2026-09-11 23:00:00+00:00,False,Richmond,NC State,Carter-Finley Stadium,Raleigh,NC,35.8008001,-78.7195655,False,50.5,DraftKings,CFBD,2.0,0.5,50.25,0.25,,51.17051944402226,0.6705194440222614,0.6705194440222614,over,88.0,72.0,59.0,4.603116368,8.055453644,20.0,0.0,0.0,No meaningful precipitation signal,ok,RAH,ACC,Patriot,fbs,fcs,False,3,outputs/prospective/2026/snapshots/board_20260911T170513Z_run34625421638_a1_bee28cf5c70b.csv,bee28cf5c70b4cbfa6b9ba503f8930a0758693b13081eaea53495a78db9c811a,LIVE,False,2026-09-11T17:03:01.491251+00:00,0.0,False,,354.77977011666667,True,50.5,2026-09-11 22:35:55.036159+00:00,24.082730683333335,DraftKings,CFBD,2.0,outputs/prospective/2026/close_captures/close_20260911T223555Z_run34654674448_a1_856ae3e08abd.csv,856ae3e08abdafadc675a8bc536edba1de905217e355f948e48fff334f359375,73.0,0.0,73.0,50.5,22.5,False,win,,,0.0,0.0,NOT QUALIFIER,
board_snapshot,2026-09-11 17:05:13.213793+00:00,2026.5,6896b9770568baf57f8d4375019ad98ddc2fe7b2f1a2dabc8374b28193757625,schedule,"17 13 * * 4,5",34625421638,1,6c6c51ce348393491e9ceb1c8c849484b4a65d1a,True,120,3.5,56.0,7.5,56.0,NO PLAY,Model edge is below the 3.5-point production threshold.,,FBS,GENERAL HGB,2026,2,401858214,2026-09-11 23:30:00+00:00,False,Rutgers,Boston College,"Alumni Stadium (Chestnut Hill, MA)",Chestnut Hill,MA,42.335104,-71.1664413,False,53.5,DraftKings,CFBD,2.0,0.0,53.5,0.0,,54.104836827030944,0.6048368270309419,0.6048368270309419,over,70.0,46.0,42.0,6.904674552,10.357011828,0.0,0.0,0.0,No meaningful precipitation signal,ok,BOX,ACC,Big Ten,fbs,fbs,True,3,outputs/prospective/2026/snapshots/board_20260911T170513Z_run34625421638_a1_bee28cf5c70b.csv,bee28cf5c70b4cbfa6b9ba503f8930a0758693b13081eaea53495a78db9c811a,LIVE,False,2026-09-11T17:03:01.491251+00:00,0.0,False,,384.77977011666667,True,53.5,2026-09-11 22:35:55.036159+00:00,54.08273068333333,DraftKings,CFBD,2.0,outputs/prospective/2026/close_captures/close_20260911T223555Z_run34654674448_a1_856ae3e08abd.csv,856ae3e08abdafadc675a8bc536edba1de905217e355f948e48fff334f359375,28.0,21.0,49.0,53.5,-4.5,False,loss,,,0.0,0.0,NOT QUALIFIER,
board_snapshot,2026-09-11 17:05:13.213793+00:00,2026.5,6896b9770568baf57f8d4375019ad98ddc2fe7b2f1a2dabc8374b28193757625,schedule,"17 13 * * 4,5",34625421638,1,6c6c51ce348393491e9ceb1c8c849484b4a65d1a,True,120,3.5,56.0,7.5,56.0,NO PLAY,Model edge is below the 3.5-point production threshold.,,FBS,GENERAL HGB,2026,2,401856678,2026-09-12 00:00:00+00:00,False,Missouri,Kansas,Memorial Stadium,Lawrence,KS,38.9629418,-95.2463686,False,51.5,DraftKings,CFBD,2.0,0.0,51.5,0.0,,52.104836827030944,0.6048368270309419,0.6048368270309419,over,80.0,70.0,72.0,3.452337276,8.055453644,0.0,0.0,0.0,No meaningful precipitation signal,ok,TOP,Big 12,SEC,fbs,fbs,True,3,outputs/prospective/2026/snapshots/board_20260911T170513Z_run34625421638_a1_bee28cf5c70b.csv,bee28cf5c70b4cbfa6b9ba503f8930a0758693b13081eaea53495a78db9c811a,LIVE,False,2026-09-11T17:03:01.491251+00:00,0.0,False,,414.77977011666667,True,51.75,2026-09-11 22:35:55.036159+00:00,84.08273068333332,DraftKings,CFBD,2.0,outputs/prospective/2026/close_captures/close_20260911T223555Z_run34654674448_a1_856ae3e08abd.csv,856ae3e08abdafadc675a8bc536edba1de905217e355f948e48fff334f359375,21.0,38.0,59.0,51.5,7.5,False,win,,,0.25,1.0,NOT QUALIFIER,
board_snapshot,2026-09-12 10:51:13.847731+00:00,2026.5,6896b9770568baf57f8d4375019ad98ddc2fe7b2f1a2dabc8374b28193757625,schedule,17 6 * * 6,34689406780,1,766914e46cc9c978a03e71667edd8384625dcfc4,True,120,3.5,56.0,7.5,56.0,NO PLAY,Model edge is below the 3.5-point production threshold.,,FBS,GENERAL HGB,2026,2,401856679,2026-09-12 16:00:00+00:00,False,Oklahoma,Michigan,Michigan Stadium,Ann Arbor,MI,42.2658365,-83.7486956,False,43.5,DraftKings,CFBD,2.0,0.0,43.5,0.0,,44.122585261035695,0.6225852610356954,0.6225852610356954,over,75.0,70.0,84.0,8.055453644,14.960128196,14.0,0.0,0.0,No meaningful precipitation signal,ok,DTX,Big Ten,SEC,fbs,fbs,True,3,outputs/prospective/2026/snapshots/board_20260912T105113Z_run34689406780_a1_b8e8b2fb19d9.csv,b8e8b2fb19d90eadd0ccd0e16a1363510e544ba49dea7907f9e74832c4c8aad8,LIVE,False,2026-09-12T10:48:58.716337+00:00,0.0,False,,308.7692044833333,True,,,,,,,,,17.0,10.0,27.0,43.5,-16.5,False,loss,,,,,NOT QUALIFIER,
board_snapshot,2026-09-12 10:51:13.847731+00:00,2026.5,6896b9770568baf57f8d4375019ad98ddc2fe7b2f1a2dabc8374b28193757625,schedule,17 6 * * 6,34689406780,1,766914e46cc9c978a03e71667edd8384625dcfc4,True,120,3.5,56.0,7.5,56.0,NO PLAY,Model edge is below the 3.5-point production threshold.,,FBS,GENERAL HGB,2026,2,401856683,2026-09-12 16:00:00+00:00,False,Arizona State,Texas A&M,Kyle Field,College Station,TX,30.6098891,-96.3403828,False,50.5,DraftKings,CFBD,2.0,0.0,50.5,0.0,,51.45642210227426,0.9564221022742628,0.9564221022742628,over,88.0,76.0,68.0,10.357011828,13.809349104,4.0,0.0,0.0,No meaningful precipitation signal,ok,HGX,SEC,Big 12,fbs,fbs,True,3,outputs/prospective/2026/snapshots/board_20260912T105113Z_run34689406780_a1_b8e8b2fb19d9.csv,b8e8b2fb19d90eadd0ccd0e16a1363510e544ba49dea7907f9e74832c4c8aad8,LIVE,False,2026-09-12T10:48:58.716337+00:00,0.0,False,,308.7692044833333,True,,,,,,,,,48.0,20.0,68.0,50.5,17.5,False,win,,,,,NOT QUALIFIER,
board_snapshot,2026-09-12 10:51:13.847731+00:00,2026.5,6896b9770568baf57f8d4375019ad98ddc2fe7b2f1a2dabc8374b28193757625,schedule,17 6 * * 6,34689406780,1,766914e46cc9c978a03e71667edd8384625dcfc4,True,120,3.5,56.0,7.5,56.0,NO PLAY,Model edge is below the 3.5-point production threshold.,,FBS,GENERAL HGB,2026,2,401856781,2026-09-12 16:00:00+00:00,False,Washington State,Kansas State,Bill Snyder Family Stadium,Manhattan,KS,39.2020096,-96.5938395,False,49.5,DraftKings,CFBD,2.0,0.5,49.25,0.25,,50.14703318744215,0.6470331874421454,0.6470331874421454,over,77.0,69.0,76.0,5.75389546,11.50779092,2.0,0.02,0.0,Measurable precipitation forecast,ok,TOP,Big 12,Pac-12,fbs,fbs,True,3,outputs/prospective/2026/snapshots/board_20260912T105113Z_run34689406780_a1_b8e8b2fb19d9.csv,b8e8b2fb19d90eadd0ccd0e16a1363510e544ba49dea7907f9e74832c4c8aad8,LIVE,False,2026-09-12T10:48:58.716337+00:00,0.0,False,,308.7692044833333,True,,,,,,,,,34.0,7.0,41.0,49.5,-8.5,False,loss,,,,,NOT QUALIFIER,
board_snapshot,2026-09-12 10:51:13.847731+00:00,2026.5,6896b9770568baf57f8d4375019ad98ddc2fe7b2f1a2dabc8374b28193757625,schedule,17 6 * * 6,34689406780,1,766914e46cc9c978a03e71667edd8384625dcfc4,True,120,3.5,56.0,7.5,56.0,NO PLAY,Model edge is below the 3.5-point production threshold.,,FBS,GENERAL HGB,2026,2,401856782,2026-09-12 16:00:00+00:00,False,Oregon,Oklahoma State,Boone Pickens Stadium,Stillwater,OK,36.125673,-97.066513,False,54.5,DraftKings,CFBD,2.0,0.0,54.5,0.0,,54.957932323625975,0.4579323236259757,0.4579323236259757,over,85.0,73.0,67.0,6.904674552,10.357011828,31.0,0.05,0.0,Measurable precipitation forecast,ok,OUN,Big 12,Big Ten,fbs,fbs,True,3,outputs/prospective/2026/snapshots/board_20260912T105113Z_run34689406780_a1_b8e8b2fb19d9.csv,b8e8b2fb19d90eadd0ccd0e16a1363510e544ba49dea7907f9e74832c4c8aad8,LIVE,False,2026-09-12T10:48:58.716337+00:00,0.0,False,,308.7692044833333,True,,,,,,,,,39.0,31.0,70.0,54.5,15.5,False,win,,,,,NOT QUALIFIER,
board_snapshot,2026-09-12 10:51:13.847731+00:00,2026.5,6896b9770568baf57f8d4375019ad98ddc2fe7b2f1a2dabc8374b28193757625,schedule,17 6 * * 6,34689406780,1,766914e46cc9c978a03e71667edd8384625dcfc4,True,120,3.5,56.0,7.5,56.0,NO PLAY,Model edge is below the 3.5-point production threshold.,,OTHER,GENERAL HGB,2026,2,401858218,2026-09-12 16:00:00+00:00,False,East Tennessee State,North Carolina,Kenan Stadium,Chapel Hill,NC,35.9069294,-79.0478889,False,54.5,DraftKings,CFBD,2.0,0.0,54.5,0.0,,55.104836827030944,0.6048368270309419,0.6048368270309419,over,83.0,74.0,74.0,4.603116368,8.055453644,14.0,0.0,0.0,No meaningful precipitation signal,ok,RAH,ACC,Southern,fbs,fcs,False,3,outputs/prospective/2026/snapshots/board_20260912T105113Z_run34689406780_a1_b8e8b2fb19d9.csv,b8e8b2fb19d90eadd0ccd0e16a1363510e544ba49dea7907f9e74832c4c8aad8,LIVE,False,2026-09-12T10:48:58.716337+00:00,0.0,False,,308.7692044833333,True,,,,,,,,,35.0,3.0,38.0,54.5,-16.5,False,loss,,,,,NOT QUALIFIER,
board_snapshot,2026-09-12 10:51:13.847731+00:00,2026.5,6896b9770568baf57f8d4375019ad98ddc2fe7b2f1a2dabc8374b28193757625,schedule,17 6 * * 6,34689406780,1,766914e46cc9c978a03e71667edd8384625dcfc4,True,120,3.5,56.0,7.5,56.0,NO PLAY,Model edge is below the 3.5-point production threshold.,,FBS,GENERAL HGB,2026,2,401858221,2026-09-12 16:00:00+00:00,False,Old Dominion,Virginia Tech,Lane Stadium,Blacksburg,VA,37.2199873,-80.4180643,False,47.5,DraftKings,CFBD,2.0,0.5,47.75,-0.25,,47.87218265805208,0.3721826580520812,0.3721826580520812,over,74.0,70.0,87.0,3.452337276,8.055453644,10.0,0.0,0.0,No meaningful precipitation signal,ok,RNK,ACC,Sun Belt,fbs,fbs,True,3,outputs/prospective/2026/snapshots/board_20260912T105113Z_run34689406780_a1_b8e8b2fb19d9.csv,b8e8b2fb19d90eadd0ccd0e16a1363510e544ba49dea7907f9e74832c4c8aad8,LIVE,False,2026-09-12T10:48:58.716337+00:00,0.0,False,,308.7692044833333,True,,,,,,,,,44.0,21.0,65.0,47.5,17.5,False,win,,,,,NOT QUALIFIER,
board_snapshot,2026-09-12 10:51:13.847731+00:00,2026.5,6896b9770568baf57f8d4375019ad98ddc2fe7b2f1a2dabc8374b28193757625,schedule,17 6 * * 6,34689406780,1,766914e46cc9c978a03e71667edd8384625dcfc4,True,120,3.5,56.0,7.5,56.0,NO PLAY,Model edge is below the 3.5-point production threshold.,,FBS,GENERAL HGB,2026,2,401858224,2026-09-12 16:00:00+00:00,False,Wake Forest,Purdue,Ross-Ade Stadium,West Lafayette,IN,40.4352253,-86.9186843,False,50.5,DraftKings,CFBD,2.0,0.5,50.25,0.25,,50.91265529687294,0.4126552968729425,0.4126552968729425,over,80.0,71.0,74.0,4.603116368,8.055453644,13.0,0.03,0.0,Measurable precipitation forecast,ok,IND,Big Ten,ACC,fbs,fbs,True,3,outputs/prospective/2026/snapshots/board_20260912T105113Z_run34689406780_a1_b8e8b2fb19d9.csv,b8e8b2fb19d90eadd0ccd0e16a1363510e544ba49dea7907f9e74832c4c8aad8,LIVE,False,2026-09-12T10:48:58.716337+00:00,0.0,False,,308.7692044833333,True,,,,,,,,,36.0,38.0,74.0,50.5,23.5,False,win,,,,,NOT QUALIFIER,
board_snapshot,2026-09-12 10:51:13.847731+00:00,2026.5,6896b9770568baf57f8d4375019ad98ddc2fe7b2f1a2dabc8374b28193757625,schedule,17 6 * * 6,34689406780,1,766914e46cc9c978a03e71667edd8384625dcfc4,True,120,3.5,56.0,7.5,56.0,NO PLAY,Model edge is below the 3.5-point production threshold.,refinement: total≥60 + RH≥80%,OTHER,GENERAL HGB,2026,2,401858439,2026-09-12 16:00:00+00:00,False,Howard,Indiana,"Memorial Stadium (Bloomington, IN)",Bloomington,IN,39.1808959,-86.5256217,False,66.5,DraftKings,CFBD,2.0,0.0,66.5,0.0,,64.76973564515347,-1.730264354846521,1.730264354846521,under,77.0,72.0,85.0,3.452337276,8.055453644,42.0,0.24,0.0,Measurable precipitation forecast,ok,IND,Big Ten,MEAC,fbs,fcs,False,3,outputs/prospective/2026/snapshots/board_20260912T105113Z_run34689406780_a1_b8e8b2fb19d9.csv,b8e8b2fb19d90eadd0ccd0e16a1363510e544ba49dea7907f9e74832c4c8aad8,LIVE,False,2026-09-12T10:48:58.716337+00:00,0.0,False,,308.7692044833333,True,,,,,,,,,55.0,0.0,55.0,66.5,-11.5,False,win,,,,,NOT QUALIFIER,
board_snapshot,2026-09-12 10:51:13.847731+00:00,2026.5,6896b9770568baf57f8d4375019ad98ddc2fe7b2f1a2dabc8374b28193757625,schedule,17 6 * * 6,34689406780,1,766914e46cc9c978a03e71667edd8384625dcfc4,True,120,3.5,56.0,7.5,56.0,NO PLAY,Model edge is below the 3.5-point production threshold.,,FBS,GENERAL HGB,2026,2,401858442,2026-09-12 16:00:00+00:00,False,Penn State,Temple,Lincoln Financial Field,Philadelphia,PA,39.9007995,-75.1675414,False,51.5,DraftKings,CFBD,2.0,0.5,51.25,0.25,,52.104836827030944,0.6048368270309419,0.6048368270309419,over,79.0,62.0,56.0,6.904674552,10.357011828,2.0,0.0,0.0,No meaningful precipitation signal,ok,PHI,American Athletic,Big Ten,fbs,fbs,True,3,outputs/prospective/2026/snapshots/board_20260912T105113Z_run34689406780_a1_b8e8b2fb19d9.csv,b8e8b2fb19d90eadd0ccd0e16a1363510e544ba49dea7907f9e74832c4c8aad8,LIVE,False,2026-09-12T10:48:58.716337+00:00,0.0,False,,308.7692044833333,True,,,,,,,,,9.0,27.0,36.0,51.5,-15.5,False,loss,,,,,NOT QUALIFIER,
board_snapshot,2026-09-12 10:51:13.847731+00:00,2026.5,6896b9770568baf57f8d4375019ad98ddc2fe7b2f1a2dabc8374b28193757625,schedule,17 6 * * 6,34689406780,1,766914e46cc9c978a03e71667edd8384625dcfc4,True,120,3.5,56.0,7.5,56.0,NO PLAY,Model edge is below the 3.5-point production threshold.,,FBS,GENERAL HGB,2026,2,401862702,2026-09-12 16:00:00+00:00,False,South Florida,Army,Michie Stadium,West Point,NY,41.3874924,-73.9640891,False,46.5,DraftKings,CFBD,2.0,0.5,46.25,0.25,,46.96929140031468,0.4692914003146843,0.4692914003146843,over,75.0,61.0,62.0,3.452337276,8.055453644,0.0,0.0,0.0,No meaningful precipitation signal,ok,OKX,American Athletic,American Athletic,fbs,fbs,True,3,outputs/prospective/2026/snapshots/board_20260912T105113Z_run34689406780_a1_b8e8b2fb19d9.csv,b8e8b2fb19d90eadd0ccd0e16a1363510e544ba49dea7907f9e74832c4c8aad8,LIVE,False,2026-09-12T10:48:58.716337+00:00,0.0,False,,308.7692044833333,True,,,,,,,,,24.0,28.0,52.0,46.5,5.5,False,win,,,,,NOT QUALIFIER,
board_snapshot,2026-09-12 10:51:13.847731+00:00,2026.5,6896b9770568baf57f8d4375019ad98ddc2fe7b2f1a2dabc8374b28193757625,schedule,17 6 * * 6,34689406780,1,766914e46cc9c978a03e71667edd8384625dcfc4,True,120,3.5,56.0,7.5,56.0,NO PLAY,Model edge is below the 3.5-point production threshold.,,FBS,GENERAL HGB,2026,2,401864571,2026-09-12 16:00:00+00:00,False,App State,East Carolina,Dowdy-Ficklen Stadium,Greenville,NC,35.5968486,-77.364564,False,56.5,DraftKings,CFBD,2.0,0.0,56.5,0.0,,56.17597855995314,-0.3240214400468566,0.3240214400468566,under,87.0,73.0,63.0,4.603116368,6.904674552,13.0,0.0,0.0,No meaningful precipitation signal,ok,MHX,American Athletic,Sun Belt,fbs,fbs,True,3,outputs/prospective/2026/snapshots/board_20260912T105113Z_run34689406780_a1_b8e8b2fb19d9.csv,b8e8b2fb19d90eadd0ccd0e16a1363510e544ba49dea7907f9e74832c4c8aad8,LIVE,False,2026-09-12T10:48:58.716337+00:00,0.0,False,,308.7692044833333,True,,,,,,,,,24.0,27.0,51.0,56.5,-5.5,False,win,,,,,NOT QUALIFIER,
board_snapshot,2026-09-12 10:51:13.847731+00:00,2026.5,6896b9770568baf57f8d4375019ad98ddc2fe7b2f1a2dabc8374b28193757625,schedule,17 6 * * 6,34689406780,1,766914e46cc9c978a03e71667edd8384625dcfc4,True,120,3.5,56.0,7.5,56.0,NO PLAY,Model edge is below the 3.5-point production threshold.,,OTHER,GENERAL HGB,2026,2,401866416,2026-09-12 16:00:00+00:00,False,Wofford,Kent State,Dix Stadium,Kent,OH,41.1390935,-81.31346,False,47.5,DraftKings,CFBD,2.0,0.5,47.25,0.25,,48.486131424687855,0.9861314246878544,0.9861314246878544,over,77.0,69.0,77.0,5.75389546,12.658570012,30.0,0.06,0.0,Measurable precipitation forecast,ok,CLE,Mid-American,Southern,fbs,fcs,False,3,outputs/prospective/2026/snapshots/board_20260912T105113Z_run34689406780_a1_b8e8b2fb19d9.csv,b8e8b2fb19d90eadd0ccd0e16a1363510e544ba49dea7907f9e74832c4c8aad8,LIVE,False,2026-09-12T10:48:58.716337+00:00,0.0,False,,308.7692044833333,True,,,,,,,,,36.0,15.0,51.0,47.5,3.5,False,win,,,,,NOT QUALIFIER,
board_snapshot,2026-09-12 10:51:13.847731+00:00,2026.5,6896b9770568baf57f8d4375019ad98ddc2fe7b2f1a2dabc8374b28193757625,schedule,17 6 * * 6,34689406780,1,766914e46cc9c978a03e71667edd8384625dcfc4,True,120,3.5,56.0,7.5,56.0,NO PLAY,FCS-only model does not meet the conservative under-edge screen.,FCS-only HGB,FCS,FCS-only HGB,2026,2,401866628,2026-09-12 16:00:00+00:00,False,Elon,Rhode Island,Centreville Bank Stadium,Pawtucket,RI,41.868789,-71.382589,False,48.5,DraftKings,CFBD,1.0,0.0,48.5,0.0,,48.127605695112905,-0.3723943048870946,0.3723943048870946,under,72.0,49.0,44.0,5.75389546,9.206232736,0.0,0.0,0.0,No meaningful precipitation signal,ok,BOX,Coastal Athletic,Coastal Athletic,fcs,fcs,False,3,outputs/prospective/2026/snapshots/board_20260912T105113Z_run34689406780_a1_b8e8b2fb19d9.csv,b8e8b2fb19d90eadd0ccd0e16a1363510e544ba49dea7907f9e74832c4c8aad8,LIVE,False,2026-09-12T10:48:58.716337+00:00,0.0,False,,308.7692044833333,True,,,,,,,,,31.0,10.0,41.0,48.5,-7.5,False,win,,,,,NOT QUALIFIER,
board_snapshot,2026-09-12 10:51:13.847731+00:00,2026.5,6896b9770568baf57f8d4375019ad98ddc2fe7b2f1a2dabc8374b28193757625,schedule,17 6 * * 6,34689406780,1,766914e46cc9c978a03e71667edd8384625dcfc4,True,120,3.5,56.0,7.5,56.0,NO PLAY,FCS-only model points over; the FCS research track has not validated an over production strategy.,5.0+ model edge; FCS-only HGB,FCS,FCS-only HGB,2026,2,401866632,2026-09-12 16:00:00+00:00,False,UAlbany,Long Island University,Shark Stadium,Brookville,NY,40.816284,-73.589546,False,44.5,DraftKings,CFBD,1.0,0.0,44.5,0.0,,50.41423164255792,5.914231642557925,5.914231642557925,over,76.0,62.0,62.0,8.055453644,9.206232736,0.0,0.0,0.0,No meaningful precipitation signal,ok,OKX,NEC,Coastal Athletic,fcs,fcs,False,3,outputs/prospective/2026/snapshots/board_20260912T105113Z_run34689406780_a1_b8e8b2fb19d9.csv,b8e8b2fb19d90eadd0ccd0e16a1363510e544ba49dea7907f9e74832c4c8aad8,LIVE,False,2026-09-12T10:48:58.716337+00:00,0.0,False,,308.7692044833333,True,,,,,,,,,13.0,35.0,48.0,44.5,3.5,False,win,,,,,NOT QUALIFIER,
board_snapshot,2026-09-12 10:51:13.847731+00:00,2026.5,6896b9770568baf57f8d4375019ad98ddc2fe7b2f1a2dabc8374b28193757625,schedule,17 6 * * 6,34689406780,1,766914e46cc9c978a03e71667edd8384625dcfc4,True,120,3.5,56.0,7.5,56.0,NO PLAY,FCS-only model does not meet the conservative under-edge screen.,FCS-only HGB,FCS,FCS-only HGB,2026,2,401866633,2026-09-12 16:00:00+00:00,False,North Carolina A&T,North Carolina Central,O'Kelly-Riddick Stadium,Durham,NC,35.9738646,-78.896969,False,55.5,DraftKings,CFBD,1.0,0.0,55.5,0.0,,58.52904396092698,3.029043960926987,3.029043960926987,over,84.0,75.0,74.0,4.603116368,8.055453644,13.0,0.03,0.0,Measurable precipitation forecast,ok,RAH,MEAC,Coastal Athletic,fcs,fcs,False,3,outputs/prospective/2026/snapshots/board_20260912T105113Z_run34689406780_a1_b8e8b2fb19d9.csv,b8e8b2fb19d90eadd0ccd0e16a1363510e544ba49dea7907f9e74832c4c8aad8,LIVE,False,2026-09-12T10:48:58.716337+00:00,0.0,False,,308.7692044833333,True,,,,,,,,,30.0,22.0,52.0,55.5,-3.5,False,loss,,,,,NOT QUALIFIER,
board_snapshot,2026-09-12 10:51:13.847731+00:00,2026.5,6896b9770568baf57f8d4375019ad98ddc2fe7b2f1a2dabc8374b28193757625,schedule,17 6 * * 6,34689406780,1,766914e46cc9c978a03e71667edd8384625dcfc4,True,120,3.5,56.0,7.5,56.0,NO PLAY,Model edge is below the 3.5-point production threshold.,,OTHER,GENERAL HGB,2026,2,401867929,2026-09-12 16:00:00+00:00,False,Wagner,James Madison,Bridgeforth Stadium,Harrisonburg,VA,38.4352919,-78.8729349,False,56.5,DraftKings,CFBD,2.0,0.0,56.5,0.0,,57.29578576727431,0.7957857672743083,0.7957857672743083,over,75.0,70.0,84.0,4.603116368,10.357011828,20.0,0.0,0.0,No meaningful precipitation signal,ok,LWX,Sun Belt,NEC,fbs,fcs,False,3,outputs/prospective/2026/snapshots/board_20260912T105113Z_run34689406780_a1_b8e8b2fb19d9.csv,b8e8b2fb19d90eadd0ccd0e16a1363510e544ba49dea7907f9e74832c4c8aad8,LIVE,False,2026-09-12T10:48:58.716337+00:00,0.0,False,,308.7692044833333,True,,,,,,,,,87.0,3.0,90.0,56.5,33.5,False,win,,,,,NOT QUALIFIER,
board_snapshot,2026-09-12 10:51:13.847731+00:00,2026.5,6896b9770568baf57f8d4375019ad98ddc2fe7b2f1a2dabc8374b28193757625,schedule,17 6 * * 6,34689406780,1,766914e46cc9c978a03e71667edd8384625dcfc4,True,120,3.5,56.0,7.5,56.0,NO PLAY,Model edge is below the 3.5-point production threshold.,,OTHER,GENERAL HGB,2026,2,401868187,2026-09-12 16:00:00+00:00,False,Gardner-Webb,Liberty,Williams Stadium (VA),Lynchburg,VA,37.3544305,-79.1750239,False,55.5,DraftKings,CFBD,2.0,0.5,55.25,0.25,,55.73407091577204,0.2340709157720384,0.2340709157720384,over,75.0,72.0,88.0,4.603116368,6.904674552,10.0,0.0,0.0,No meaningful precipitation signal,ok,RNK,Conference USA,OVC,fbs,fcs,False,3,outputs/prospective/2026/snapshots/board_20260912T105113Z_run34689406780_a1_b8e8b2fb19d9.csv,b8e8b2fb19d90eadd0ccd0e16a1363510e544ba49dea7907f9e74832c4c8aad8,LIVE,False,2026-09-12T10:48:58.716337+00:00,0.0,False,,308.7692044833333,True,,,,,,,,,24.0,23.0,47.0,55.5,-8.5,False,loss,,,,,NOT QUALIFIER,
board_snapshot,2026-09-12 10:51:13.847731+00:00,2026.5,6896b9770568baf57f8d4375019ad98ddc2fe7b2f1a2dabc8374b28193757625,schedule,17 6 * * 6,34689406780,1,766914e46cc9c978a03e71667edd8384625dcfc4,True,120,3.5,56.0,7.5,56.0,NO LINE,No current market total is available.,,OTHER,GENERAL HGB,2026,2,401868227,2026-09-12 16:00:00+00:00,False,Thomas More,Dayton,Welcome Stadium,Dayton,OH,39.7369239,-84.1981068,False,,missing,,,,,,,,,,over,,,,,,,,,,,,Pioneer,Great Midwest Athletic,fcs,ii,False,4,outputs/prospective/2026/snapshots/board_20260912T105113Z_run34689406780_a1_b8e8b2fb19d9.csv,b8e8b2fb19d90eadd0ccd0e16a1363510e544ba49dea7907f9e74832c4c8aad8,NO LINE,False,,,False,,308.7692044833333,True,,,,,,,,,30.0,7.0,37.0,,,False,,,,,,NOT QUALIFIER,
board_snapshot,2026-09-12 10:51:13.847731+00:00,2026.5,6896b9770568baf57f8d4375019ad98ddc2fe7b2f1a2dabc8374b28193757625,schedule,17 6 * * 6,34689406780,1,766914e46cc9c978a03e71667edd8384625dcfc4,True,120,3.5,56.0,7.5,56.0,NO LINE,No current market total is available.,,OTHER,GENERAL HGB,2026,2,401870822,2026-09-12 16:00:00+00:00,False,Dickinson,Davidson,Richardson Stadium,Davidson,NC,35.4995744,-80.8428419,False,,missing,,,,,,,,,,over,,,,,,,,,,,,Pioneer,Centennial,fcs,iii,False,4,outputs/prospective/2026/snapshots/board_20260912T105113Z_run34689406780_a1_b8e8b2fb19d9.csv,b8e8b2fb19d90eadd0ccd0e16a1363510e544ba49dea7907f9e74832c4c8aad8,NO LINE,False,,,False,,308.7692044833333,True,,,,,,,,,28.0,14.0,42.0,,,False,,,,,,NOT QUALIFIER,
board_snapshot,2026-09-12 10:51:13.847731+00:00,2026.5,6896b9770568baf57f8d4375019ad98ddc2fe7b2f1a2dabc8374b28193757625,schedule,17 6 * * 6,34689406780,1,766914e46cc9c978a03e71667edd8384625dcfc4,True,120,3.5,56.0,7.5,56.0,NO PLAY,FCS-only model points over; the FCS research track has not validated an over production strategy.,5.0+ model edge; FCS-only HGB,FCS,FCS-only HGB,2026,2,401868028,2026-09-12 16:30:00+00:00,False,Marist,Lafayette,Fisher Field,Easton,PA,40.7009796,-75.2106499,False,47.5,DraftKings,CFBD,1.0,0.0,47.5,0.0,,59.02678393022273,11.526783930222726,11.526783930222726,over,75.0,60.0,60.0,4.603116368,9.206232736,1.0,0.0,0.0,No meaningful precipitation signal,ok,PHI,Patriot,Pioneer,fcs,fcs,False,3,outputs/prospective/2026/snapshots/board_20260912T105113Z_run34689406780_a1_b8e8b2fb19d9.csv,b8e8b2fb19d90eadd0ccd0e16a1363510e544ba49dea7907f9e74832c4c8aad8,LIVE,False,2026-09-12T10:48:58.716337+00:00,0.0,False,,338.7692044833333,True,,,,,,,,,13.0,9.0,22.0,47.5,-25.5,False,loss,,,,,NOT QUALIFIER,
board_snapshot,2026-09-12 10:51:13.847731+00:00,2026.5,6896b9770568baf57f8d4375019ad98ddc2fe7b2f1a2dabc8374b28193757625,schedule,17 6 * * 6,34689406780,1,766914e46cc9c978a03e71667edd8384625dcfc4,True,120,3.5,56.0,7.5,56.0,NO PLAY,Model edge is below the 3.5-point production threshold.,,FBS,GENERAL HGB,2026,2,401856673,2026-09-12 16:45:00+00:00,False,Western Kentucky,Georgia,Sanford Stadium,Athens,GA,33.9498197,-83.3733813,False,55.5,DraftKings,CFBD,2.0,0.5,55.25,0.25,,55.69519888346338,0.1951988834633817,0.1951988834633817,over,80.0,76.0,88.0,4.603116368,11.50779092,71.0,0.12,0.0,Measurable precipitation forecast,ok,FFC,SEC,Conference USA,fbs,fbs,True,3,outputs/prospective/2026/snapshots/board_20260912T105113Z_run34689406780_a1_b8e8b2fb19d9.csv,b8e8b2fb19d90eadd0ccd0e16a1363510e544ba49dea7907f9e74832c4c8aad8,LIVE,False,2026-09-12T10:48:58.716337+00:00,0.0,False,,353.7692044833333,True,,,,,,,,,70.0,20.0,90.0,55.5,34.5,False,win,,,,,NOT QUALIFIER,
board_snapshot,2026-09-12 10:51:13.847731+00:00,2026.5,6896b9770568baf57f8d4375019ad98ddc2fe7b2f1a2dabc8374b28193757625,schedule,17 6 * * 6,34689406780,1,766914e46cc9c978a03e71667edd8384625dcfc4,True,120,3.5,56.0,7.5,56.0,NO PLAY,Model edge is below the 3.5-point production threshold.,,OTHER,GENERAL HGB,2026,2,401856791,2026-09-12 17:00:00+00:00,False,UT Martin,West Virginia,Milan Puskar Stadium,Morgantown,WV,39.6502744,-79.9551873,False,55.5,DraftKings,CFBD,2.0,0.0,55.5,0.0,,56.55505436789958,1.055054367899576,1.055054367899576,over,82.0,73.0,72.0,5.75389546,11.50779092,20.0,0.0,0.0,No meaningful precipitation signal,ok,PBZ,Big 12,OVC,fbs,fcs,False,3,outputs/prospective/2026/snapshots/board_20260912T105113Z_run34689406780_a1_b8e8b2fb19d9.csv,b8e8b2fb19d90eadd0ccd0e16a1363510e544ba49dea7907f9e74832c4c8aad8,LIVE,False,2026-09-12T10:48:58.716337+00:00,0.0,False,,368.7692044833333,True,,,,,,,,,52.0,7.0,59.0,55.5,3.5,False,win,,,,,NOT QUALIFIER,
board_snapshot,2026-09-12 10:51:13.847731+00:00,2026.5,6896b9770568baf57f8d4375019ad98ddc2fe7b2f1a2dabc8374b28193757625,schedule,17 6 * * 6,34689406780,1,766914e46cc9c978a03e71667edd8384625dcfc4,True,120,3.5,56.0,7.5,56.0,NO PLAY,Model edge is below the 3.5-point production threshold.,,OTHER,GENERAL HGB,2026,2,401866415,2026-09-12 17:00:00+00:00,False,Colgate,Central Michigan,Kelly/Shorts Stadium,Mount Pleasant,MI,43.5777313,-84.7709904,False,48.5,DraftKings,CFBD,2.0,0.5,48.75,-0.25,,49.09844724022971,0.5984472402297085,0.5984472402297085,over,79.0,67.0,67.0,12.658570012,19.563244564,2.0,0.0,0.0,No meaningful precipitation signal,ok,GRR,Mid-American,Patriot,fbs,fcs,False,3,outputs/prospective/2026/snapshots/board_20260912T105113Z_run34689406780_a1_b8e8b2fb19d9.csv,b8e8b2fb19d90eadd0ccd0e16a1363510e544ba49dea7907f9e74832c4c8aad8,LIVE,False,2026-09-12T10:48:58.716337+00:00,0.0,False,,368.7692044833333,True,,,,,,,,,13.0,10.0,23.0,48.5,-25.5,False,loss,,,,,NOT QUALIFIER,
board_snapshot,2026-09-12 10:51:13.847731+00:00,2026.5,6896b9770568baf57f8d4375019ad98ddc2fe7b2f1a2dabc8374b28193757625,schedule,17 6 * * 6,34689406780,1,766914e46cc9c978a03e71667edd8384625dcfc4,True,120,3.5,56.0,7.5,56.0,NO PLAY,Model edge is below the 3.5-point production threshold.,,OTHER,GENERAL HGB,2026,2,401866417,2026-09-12 17:00:00+00:00,False,Holy Cross,Miami (OH),Yager Stadium,Oxford,OH,39.5197009,-84.7330255,False,50.5,DraftKings,CFBD,2.0,0.5,50.25,0.25,,50.561240591262695,0.0612405912626962,0.0612405912626962,over,78.0,74.0,88.0,5.75389546,10.357011828,74.0,0.25,0.0,Measurable precipitation forecast,ok,ILN,Mid-American,Patriot,fbs,fcs,False,3,outputs/prospective/2026/snapshots/board_20260912T105113Z_run34689406780_a1_b8e8b2fb19d9.csv,b8e8b2fb19d90eadd0ccd0e16a1363510e544ba49dea7907f9e74832c4c8aad8,LIVE,False,2026-09-12T10:48:58.716337+00:00,0.0,False,,368.7692044833333,True,,,,,,,,,45.0,7.0,52.0,50.5,1.5,False,win,,,,,NOT QUALIFIER,
board_snapshot,2026-09-12 10:51:13.847731+00:00,2026.5,6896b9770568baf57f8d4375019ad98ddc2fe7b2f1a2dabc8374b28193757625,schedule,17 6 * * 6,34689406780,1,766914e46cc9c978a03e71667edd8384625dcfc4,True,120,3.5,56.0,7.5,56.0,NO LINE,No current market total is available.,,OTHER,GENERAL HGB,2026,2,401867685,2026-09-12 17:00:00+00:00,False,Kentucky Christian,Chicago State,SeatGeek Stadium,Bridgeview,IL,41.764722,-87.806111,False,,missing,,,,,,,,,,over,,,,,,,,,,,,FCS Independents,missing,fcs,,False,4,outputs/prospective/2026/snapshots/board_20260912T105113Z_run34689406780_a1_b8e8b2fb19d9.csv,b8e8b2fb19d90eadd0ccd0e16a1363510e544ba49dea7907f9e74832c4c8aad8,NO LINE,False,,,False,,368.7692044833333,True,,,,,,,,,78.0,7.0,85.0,,,False,,,,,,NOT QUALIFIER,
board_snapshot,2026-09-12 10:51:13.847731+00:00,2026.5,6896b9770568baf57f8d4375019ad98ddc2fe7b2f1a2dabc8374b28193757625,schedule,17 6 * * 6,34689406780,1,766914e46cc9c978a03e71667edd8384625dcfc4,True,120,3.5,56.0,7.5,56.0,NO PLAY,FCS-only model points over; the FCS research track has not validated an over production strategy.,5.0+ model edge; FCS-only HGB,FCS,FCS-only HGB,2026,2,401867990,2026-09-12 17:30:00+00:00,False,Bucknell,VMI,Alumni Memorial Field,Lexington,VA,37.788983,-79.43505,False,47.5,DraftKings,CFBD,1.0,0.0,47.5,0.0,,53.02487215448988,5.52487215448988,5.52487215448988,over,77.0,71.0,82.0,4.603116368,9.206232736,20.0,0.0,0.0,No meaningful precipitation signal,ok,RNK,Southern,Patriot,fcs,fcs,False,3,outputs/prospective/2026/snapshots/board_20260912T105113Z_run34689406780_a1_b8e8b2fb19d9.csv,b8e8b2fb19d90eadd0ccd0e16a1363510e544ba49dea7907f9e74832c4c8aad8,LIVE,False,2026-09-12T10:48:58.716337+00:00,0.0,False,,398.7692044833333,True,47.5,2026-09-12 17:11:36.904671+00:00,18.38492215,DraftKings,CFBD,1.0,outputs/prospective/2026/close_captures/close_20260912T171136Z_run34707460661_a1_027bef089ea8.csv,027bef089ea830a27c238aca6cd3ee697257f45b589a28e0bd74a1e9eddd4908,3.0,14.0,17.0,47.5,-30.5,False,loss,,,0.0,0.0,NOT QUALIFIER,
board_snapshot,2026-09-12 10:51:13.847731+00:00,2026.5,6896b9770568baf57f8d4375019ad98ddc2fe7b2f1a2dabc8374b28193757625,schedule,17 6 * * 6,34689406780,1,766914e46cc9c978a03e71667edd8384625dcfc4,True,120,3.5,56.0,7.5,56.0,NO PLAY,Model edge is below the 3.5-point production threshold.,,OTHER,GENERAL HGB,2026,2,401866413,2026-09-12 18:00:00+00:00,False,Stony Brook,Ball State,Scheumann Stadium,Muncie,IN,40.2159422,-85.4161148,False,54.5,DraftKings,CFBD,2.0,0.0,54.5,0.0,,55.493520092822806,0.9935200928228088,0.9935200928228088,over,78.0,70.0,76.0,5.75389546,11.50779092,28.0,0.03,0.0,Measurable precipitation forecast,ok,IND,Mid-American,Coastal Athletic,fbs,fcs,False,3,outputs/prospective/2026/snapshots/board_20260912T105113Z_run34689406780_a1_b8e8b2fb19d9.csv,b8e8b2fb19d90eadd0ccd0e16a1363510e544ba49dea7907f9e74832c4c8aad8,LIVE,False,2026-09-12T10:48:58.716337+00:00,0.0,False,,428.7692044833333,True,52.75,2026-09-12 17:11:36.904671+00:00,48.38492215,DraftKings,CFBD,2.0,outputs/prospective/2026/close_captures/close_20260912T171136Z_run34707460661_a1_027bef089ea8.csv,027bef089ea830a27c238aca6cd3ee697257f45b589a28e0bd74a1e9eddd4908,41.0,17.0,58.0,54.5,3.5,False,win,,,-1.75,0.0,NOT QUALIFIER,
board_snapshot,2026-09-12 10:51:13.847731+00:00,2026.5,6896b9770568baf57f8d4375019ad98ddc2fe7b2f1a2dabc8374b28193757625,schedule,17 6 * * 6,34689406780,1,766914e46cc9c978a03e71667edd8384625dcfc4,True,120,3.5,56.0,7.5,56.0,NO PLAY,FCS-only model does not meet the conservative under-edge screen.,FCS-only HGB; FCS 56+ total,FCS,FCS-only HGB,2026,2,401867884,2026-09-12 18:00:00+00:00,False,Eastern Washington,South Dakota,DakotaDome,Vermillion,SD,42.7911218,-96.9278427,True,58.5,DraftKings,CFBD,1.0,0.0,58.5,0.0,,58.95354673705803,0.4535467370580338,0.4535467370580338,over,,,,,,,,,Indoor/dome game,indoor,,MVFC,Big Sky,fcs,fcs,False,3,outputs/prospective/2026/snapshots/board_20260912T105113Z_run34689406780_a1_b8e8b2fb19d9.csv,b8e8b2fb19d90eadd0ccd0e16a1363510e544ba49dea7907f9e74832c4c8aad8,LIVE,False,2026-09-12T10:48:58.716337+00:00,0.0,False,,428.7692044833333,True,61.5,2026-09-12 17:11:36.904671+00:00,48.38492215,DraftKings,CFBD,1.0,outputs/prospective/2026/close_captures/close_20260912T171136Z_run34707460661_a1_027bef089ea8.csv,027bef089ea830a27c238aca6cd3ee697257f45b589a28e0bd74a1e9eddd4908,41.0,23.0,64.0,58.5,5.5,False,win,,,3.0,1.0,NOT QUALIFIER,
board_snapshot,2026-09-12 10:51:13.847731+00:00,2026.5,6896b9770568baf57f8d4375019ad98ddc2fe7b2f1a2dabc8374b28193757625,schedule,17 6 * * 6,34689406780,1,766914e46cc9c978a03e71667edd8384625dcfc4,True,120,3.5,56.0,7.5,56.0,NO PLAY,FCS-only model points over; the FCS research track has not validated an over production strategy.,5.0+ model edge; FCS-only HGB,FCS,FCS-only HGB,2026,2,401867895,2026-09-12 18:00:00+00:00,False,Duquesne,Youngstown State,Stambaugh Stadium,Youngstown,OH,41.1092964,-80.6501885,False,53.5,DraftKings,CFBD,1.0,0.0,53.5,0.0,,59.1273377879138,5.627337787913797,5.627337787913797,over,80.0,70.0,72.0,5.75389546,12.658570012,39.0,0.31,0.0,Measurable precipitation forecast,ok,CLE,MVFC,NEC,fcs,fcs,False,3,outputs/prospective/2026/snapshots/board_20260912T105113Z_run34689406780_a1_b8e8b2fb19d9.csv,b8e8b2fb19d90eadd0ccd0e16a1363510e544ba49dea7907f9e74832c4c8aad8,LIVE,False,2026-09-12T10:48:58.716337+00:00,0.0,False,,428.7692044833333,True,54.5,2026-09-12 17:11:36.904671+00:00,48.38492215,DraftKings,CFBD,1.0,outputs/prospective/2026/close_captures/close_20260912T171136Z_run34707460661_a1_027bef089ea8.csv,027bef089ea830a27c238aca6cd3ee697257f45b589a28e0bd74a1e9eddd4908,70.0,13.0,83.0,53.5,29.5,False,win,,,1.0,1.0,NOT QUALIFIER,
board_snapshot,2026-09-12 10:51:13.847731+00:00,2026.5,6896b9770568baf57f8d4375019ad98ddc2fe7b2f1a2dabc8374b28193757625,schedule,17 6 * * 6,34689406780,1,766914e46cc9c978a03e71667edd8384625dcfc4,True,120,3.5,56.0,7.5,56.0,NO PLAY,FCS-only model points over; the FCS research track has not validated an over production strategy.,5.0+ model edge; FCS-only HGB,FCS,FCS-only HGB,2026,2,401868033,2026-09-12 18:00:00+00:00,False,William & Mary,Lehigh,Goodman Stadium,Bethlehem,PA,40.5890837,-75.3553874,False,47.5,DraftKings,CFBD,1.0,0.0,47.5,0.0,,56.05990241309786,8.55990241309786,8.55990241309786,over,78.0,60.0,54.0,6.904674552,11.50779092,2.0,0.0,0.0,No meaningful precipitation signal,ok,PHI,Patriot,Patriot,fcs,fcs,False,3,outputs/prospective/2026/snapshots/board_20260912T105113Z_run34689406780_a1_b8e8b2fb19d9.csv,b8e8b2fb19d90eadd0ccd0e16a1363510e544ba49dea7907f9e74832c4c8aad8,LIVE,False,2026-09-12T10:48:58.716337+00:00,0.0,False,,428.7692044833333,True,47.5,2026-09-12 17:11:36.904671+00:00,48.38492215,DraftKings,CFBD,1.0,outputs/prospective/2026/close_captures/close_20260912T171136Z_run34707460661_a1_027bef089ea8.csv,027bef089ea830a27c238aca6cd3ee697257f45b589a28e0bd74a1e9eddd4908,44.0,20.0,64.0,47.5,16.5,False,win,,,0.0,0.0,NOT QUALIFIER,
board_snapshot,2026-09-12 10:51:13.847731+00:00,2026.5,6896b9770568baf57f8d4375019ad98ddc2fe7b2f1a2dabc8374b28193757625,schedule,17 6 * * 6,34689406780,1,766914e46cc9c978a03e71667edd8384625dcfc4,True,120,3.5,56.0,7.5,56.0,NO PLAY,FCS-only model does not meet the conservative under-edge screen.,FCS-only HGB,FCS,FCS-only HGB,2026,2,401868255,2026-09-12 18:00:00+00:00,False,Drake,Northern Iowa,UNI-Dome,Cedar Falls,IA,42.5156111,-92.4672307,True,55.5,DraftKings,CFBD,1.0,0.0,55.5,0.0,,57.613347624709256,2.113347624709258,2.113347624709258,over,,,,,,,,,Indoor/dome game,indoor,,MVFC,Pioneer,fcs,fcs,False,3,outputs/prospective/2026/snapshots/board_20260912T105113Z_run34689406780_a1_b8e8b2fb19d9.csv,b8e8b2fb19d90eadd0ccd0e16a1363510e544ba49dea7907f9e74832c4c8aad8,LIVE,False,2026-09-12T10:48:58.716337+00:00,0.0,False,,428.7692044833333,True,59.5,2026-09-12 17:11:36.904671+00:00,48.38492215,DraftKings,CFBD,1.0,outputs/prospective/2026/close_captures/close_20260912T171136Z_run34707460661_a1_027bef089ea8.csv,027bef089ea830a27c238aca6cd3ee697257f45b589a28e0bd74a1e9eddd4908,56.0,14.0,70.0,55.5,14.5,False,win,,,4.0,1.0,NOT QUALIFIER,
board_snapshot,2026-09-12 10:51:13.847731+00:00,2026.5,6896b9770568baf57f8d4375019ad98ddc2fe7b2f1a2dabc8374b28193757625,schedule,17 6 * * 6,34689406780,1,766914e46cc9c978a03e71667edd8384625dcfc4,True,120,3.5,56.0,7.5,56.0,NO LINE,No current market total is available.,,OTHER,GENERAL HGB,2026,2,401868280,2026-09-12 18:00:00+00:00,False,Northern Michigan,St. Thomas (MN),O'Shaughnessy Stadium,Saint Paul,MN,44.9497487,-93.0931028,False,,missing,,,,,,,,,,over,,,,,,,,,,,,Pioneer,GLIAC,fcs,ii,False,4,outputs/prospective/2026/snapshots/board_20260912T105113Z_run34689406780_a1_b8e8b2fb19d9.csv,b8e8b2fb19d90eadd0ccd0e16a1363510e544ba49dea7907f9e74832c4c8aad8,NO LINE,False,,,False,,428.7692044833333,True,,,,,,,,,56.0,14.0,70.0,,,False,,,,,,NOT QUALIFIER,
board_snapshot,2026-09-12 10:51:13.847731+00:00,2026.5,6896b9770568baf57f8d4375019ad98ddc2fe7b2f1a2dabc8374b28193757625,schedule,17 6 * * 6,34689406780,1,766914e46cc9c978a03e71667edd8384625dcfc4,True,120,3.5,56.0,7.5,56.0,NO LINE,No current market total is available.,,OTHER,GENERAL HGB,2026,2,401867953,2026-09-12 19:00:00+00:00,False,Bowie State,Delaware State,Alumni Stadium,Dover,DE,39.189375,-75.5433185,False,,missing,,,,,,,,,,over,,,,,,,,,,,,MEAC,CIAA,fcs,ii,False,4,outputs/prospective/2026/snapshots/board_20260912T105113Z_run34689406780_a1_b8e8b2fb19d9.csv,b8e8b2fb19d90eadd0ccd0e16a1363510e544ba49dea7907f9e74832c4c8aad8,NO LINE,False,,,False,,488.7692044833333,True,,,,,,,,,21.0,6.0,27.0,,,False,,,,,,NOT QUALIFIER,
board_snapshot,2026-09-12 10:51:13.847731+00:00,2026.5,6896b9770568baf57f8d4375019ad98ddc2fe7b2f1a2dabc8374b28193757625,schedule,17 6 * * 6,34689406780,1,766914e46cc9c978a03e71667edd8384625dcfc4,True,120,3.5,56.0,7.5,56.0,NO PLAY,FCS-only model points over; the FCS research track has not validated an over production strategy.,5.0+ model edge; FCS-only HGB; FCS 56+ total,FCS,FCS-only HGB,2026,2,401868112,2026-09-12 19:00:00+00:00,False,Utah Tech,Montana,Washington-Grizzly Stadium,Missoula,MT,46.8638753,-113.9815042,False,56.5,DraftKings,CFBD,2.0,0.0,56.5,0.0,,68.22196832703185,11.721968327031842,11.721968327031842,over,61.0,46.0,57.0,2.301558184,6.904674552,1.0,0.0,0.0,No meaningful precipitation signal,ok,MSO,Big Sky,Big Sky,fcs,fcs,False,3,outputs/prospective/2026/snapshots/board_20260912T105113Z_run34689406780_a1_b8e8b2fb19d9.csv,b8e8b2fb19d90eadd0ccd0e16a1363510e544ba49dea7907f9e74832c4c8aad8,LIVE,False,2026-09-12T10:48:58.716337+00:00,0.0,False,,488.7692044833333,True,,,,,,,,,35.0,14.0,49.0,56.5,-7.5,False,loss,,,,,NOT QUALIFIER,
board_snapshot,2026-09-12 10:51:13.847731+00:00,2026.5,6896b9770568baf57f8d4375019ad98ddc2fe7b2f1a2dabc8374b28193757625,schedule,17 6 * * 6,34689406780,1,766914e46cc9c978a03e71667edd8384625dcfc4,True,120,3.5,56.0,7.5,56.0,NO PLAY,Model edge is below the 3.5-point production threshold.,,FBS,GENERAL HGB,2026,2,401856674,2026-09-12 19:30:00+00:00,False,Alabama,Kentucky,Kroger Field,Lexington,KY,38.0220905,-84.5053408,False,48.5,DraftKings,CFBD,2.0,0.5,48.25,0.25,,48.41775906272317,-0.0822409372768391,0.0822409372768391,under,77.0,73.0,88.0,8.055453644,12.658570012,43.0,0.16,0.0,Measurable precipitation forecast,ok,LMK,SEC,SEC,fbs,fbs,True,3,outputs/prospective/2026/snapshots/board_20260912T105113Z_run34689406780_a1_b8e8b2fb19d9.csv,b8e8b2fb19d90eadd0ccd0e16a1363510e544ba49dea7907f9e74832c4c8aad8,LIVE,False,2026-09-12T10:48:58.716337+00:00,0.0,False,,518.7692044833333,True,46.75,2026-09-12 19:23:55.756282+00:00,6.070728633333333,DraftKings,CFBD,2.0,outputs/prospective/2026/close_captures/close_20260912T192355Z_run34714028393_a1_7bd0e9117632.csv,7bd0e9117632f5bf66f16b2ba5da8ba69b45ab8f49ecab63c77e10292e1f170c,17.0,45.0,62.0,48.5,13.5,False,loss,,,1.75,1.0,NOT QUALIFIER,
board_snapshot,2026-09-12 10:51:13.847731+00:00,2026.5,6896b9770568baf57f8d4375019ad98ddc2fe7b2f1a2dabc8374b28193757625,schedule,17 6 * * 6,34689406780,1,766914e46cc9c978a03e71667edd8384625dcfc4,True,120,3.5,56.0,7.5,56.0,NO PLAY,Model edge is below the 3.5-point production threshold.,,FBS,GENERAL HGB,2026,2,401856677,2026-09-12 19:30:00+00:00,False,Mississippi State,Minnesota,Huntington Bank Stadium,Minneapolis,MN,44.976525,-93.2245462,False,54.5,DraftKings,CFBD,2.0,0.5,54.75,-0.25,,55.10954077708395,0.6095407770839473,0.6095407770839473,over,72.0,49.0,44.0,13.809349104,20.714023656,0.0,0.0,0.0,No meaningful precipitation signal,ok,MPX,Big Ten,SEC,fbs,fbs,True,3,outputs/prospective/2026/snapshots/board_20260912T105113Z_run34689406780_a1_b8e8b2fb19d9.csv,b8e8b2fb19d90eadd0ccd0e16a1363510e544ba49dea7907f9e74832c4c8aad8,LIVE,False,2026-09-12T10:48:58.716337+00:00,0.0,False,,518.7692044833333,True,54.75,2026-09-12 19:23:55.756282+00:00,6.070728633333333,DraftKings,CFBD,2.0,outputs/prospective/2026/close_captures/close_20260912T192355Z_run34714028393_a1_7bd0e9117632.csv,7bd0e9117632f5bf66f16b2ba5da8ba69b45ab8f49ecab63c77e10292e1f170c,13.0,38.0,51.0,54.5,-3.5,False,loss,,,0.25,1.0,NOT QUALIFIER,
board_snapshot,2026-09-12 10:51:13.847731+00:00,2026.5,6896b9770568baf57f8d4375019ad98ddc2fe7b2f1a2dabc8374b28193757625,schedule,17 6 * * 6,34689406780,1,766914e46cc9c978a03e71667edd8384625dcfc4,True,120,3.5,56.0,7.5,56.0,NO PLAY,Model edge is below the 3.5-point production threshold.,,OTHER,GENERAL HGB,2026,2,401856785,2026-09-12 19:30:00+00:00,False,Weber State,Colorado,Folsom Field,Boulder,CO,40.0094746,-105.266905,False,55.5,DraftKings,CFBD,2.0,0.0,55.5,0.0,,56.56348561800027,1.0634856180002688,1.0634856180002688,over,73.0,47.0,40.0,6.904674552,11.50779092,6.0,0.0,0.0,No meaningful precipitation signal,ok,BOU,Big 12,Big Sky,fbs,fcs,False,3,outputs/prospective/2026/snapshots/board_20260912T105113Z_run34689406780_a1_b8e8b2fb19d9.csv,b8e8b2fb19d90eadd0ccd0e16a1363510e544ba49dea7907f9e74832c4c8aad8,LIVE,False,2026-09-12T10:48:58.716337+00:00,0.0,False,,518.7692044833333,True,57.5,2026-09-12 19:23:55.756282+00:00,6.070728633333333,DraftKings,CFBD,2.0,outputs/prospective/2026/close_captures/close_20260912T192355Z_run34714028393_a1_7bd0e9117632.csv,7bd0e9117632f5bf66f16b2ba5da8ba69b45ab8f49ecab63c77e10292e1f170c,52.0,21.0,73.0,55.5,17.5,False,win,,,2.0,1.0,NOT QUALIFIER,
board_snapshot,2026-09-12 10:51:13.847731+00:00,2026.5,6896b9770568baf57f8d4375019ad98ddc2fe7b2f1a2dabc8374b28193757625,schedule,17 6 * * 6,34689406780,1,766914e46cc9c978a03e71667edd8384625dcfc4,True,120,3.5,56.0,7.5,56.0,NO PLAY,Model edge is below the 3.5-point production threshold.,,FBS,GENERAL HGB,2026,2,401856790,2026-09-12 19:30:00+00:00,False,UCF,Pittsburgh,Acrisure Stadium,Pittsburgh,PA,40.4467648,-80.0157603,False,55.5,DraftKings,CFBD,2.0,0.5,55.75,-0.25,,57.10379522611811,1.6037952261181103,1.6037952261181103,over,82.0,74.0,75.0,6.904674552,12.658570012,77.0,0.1,0.0,Measurable precipitation forecast,ok,PBZ,ACC,Big 12,fbs,fbs,True,3,outputs/prospective/2026/snapshots/board_20260912T105113Z_run34689406780_a1_b8e8b2fb19d9.csv,b8e8b2fb19d90eadd0ccd0e16a1363510e544ba49dea7907f9e74832c4c8aad8,LIVE,False,2026-09-12T10:48:58.716337+00:00,0.0,False,,518.7692044833333,True,55.25,2026-09-12 19:23:55.756282+00:00,6.070728633333333,DraftKings,CFBD,2.0,outputs/prospective/2026/close_captures/close_20260912T192355Z_run34714028393_a1_7bd0e9117632.csv,7bd0e9117632f5bf66f16b2ba5da8ba69b45ab8f49ecab63c77e10292e1f170c,12.0,7.0,19.0,55.5,-36.5,False,loss,,,-0.25,0.0,NOT QUALIFIER,
board_snapshot,2026-09-12 10:51:13.847731+00:00,2026.5,6896b9770568baf57f8d4375019ad98ddc2fe7b2f1a2dabc8374b28193757625,schedule,17 6 * * 6,34689406780,1,766914e46cc9c978a03e71667edd8384625dcfc4,True,120,3.5,56.0,7.5,56.0,NO PLAY,Model edge is below the 3.5-point production threshold.,,FBS,GENERAL HGB,2026,2,401856810,2026-09-12 19:30:00+00:00,False,Arizona,BYU,LaVell Edwards Stadium,Provo,UT,40.2575347,-111.6545247,False,48.5,DraftKings,CFBD,2.0,1.0,49.0,-0.5,,49.29176332198891,0.7917633219889082,0.7917633219889082,over,84.0,51.0,32.0,9.206232736,17.26168638,4.0,0.0,0.0,No meaningful precipitation signal,ok,SLC,Big 12,Big 12,fbs,fbs,True,3,outputs/prospective/2026/snapshots/board_20260912T105113Z_run34689406780_a1_b8e8b2fb19d9.csv,b8e8b2fb19d90eadd0ccd0e16a1363510e544ba49dea7907f9e74832c4c8aad8,LIVE,False,2026-09-12T10:48:58.716337+00:00,0.0,False,,518.7692044833333,True,48.75,2026-09-12 19:23:55.756282+00:00,6.070728633333333,DraftKings,CFBD,2.0,outputs/prospective/2026/close_captures/close_20260912T192355Z_run34714028393_a1_7bd0e9117632.csv,7bd0e9117632f5bf66f16b2ba5da8ba69b45ab8f49ecab63c77e10292e1f170c,28.0,17.0,45.0,48.5,-3.5,False,loss,,,0.25,1.0,NOT QUALIFIER,
board_snapshot,2026-09-12 10:51:13.847731+00:00,2026.5,6896b9770568baf57f8d4375019ad98ddc2fe7b2f1a2dabc8374b28193757625,schedule,17 6 * * 6,34689406780,1,766914e46cc9c978a03e71667edd8384625dcfc4,True,120,3.5,56.0,7.5,56.0,NO PLAY,Model edge is below the 3.5-point production threshold.,,FBS,GENERAL HGB,2026,2,401858216,2026-09-12 19:30:00+00:00,False,California,Syracuse,JMA Wireless Dome,Syracuse,NY,43.0362269,-76.1363161,True,56.5,DraftKings,CFBD,2.0,0.0,56.5,0.0,,56.733034607252094,0.2330346072520936,0.2330346072520936,over,,,,,,,,,Indoor/dome game,indoor,,ACC,ACC,fbs,fbs,True,3,outputs/prospective/2026/snapshots/board_20260912T105113Z_run34689406780_a1_b8e8b2fb19d9.csv,b8e8b2fb19d90eadd0ccd0e16a1363510e544ba49dea7907f9e74832c4c8aad8,LIVE,False,2026-09-12T10:48:58.716337+00:00,0.0,False,,518.7692044833333,True,56.75,2026-09-12 19:23:55.756282+00:00,6.070728633333333,DraftKings,CFBD,2.0,outputs/prospective/2026/close_captures/close_20260912T192355Z_run34714028393_a1_7bd0e9117632.csv,7bd0e9117632f5bf66f16b2ba5da8ba69b45ab8f49ecab63c77e10292e1f170c,18.0,21.0,39.0,56.5,-17.5,False,loss,,,0.25,1.0,NOT QUALIFIER,
board_snapshot,2026-09-12 10:51:13.847731+00:00,2026.5,6896b9770568baf57f8d4375019ad98ddc2fe7b2f1a2dabc8374b28193757625,schedule,17 6 * * 6,34689406780,1,766914e46cc9c978a03e71667edd8384625dcfc4,True,120,3.5,56.0,7.5,56.0,NO PLAY,Model edge is below the 3.5-point production threshold.,,FBS,GENERAL HGB,2026,2,401858217,2026-09-12 19:30:00+00:00,False,Duke,Illinois,"Memorial Stadium (Champaign, IL)",Champaign,IL,40.0993268,-88.2359569,False,51.5,DraftKings,CFBD,2.0,0.0,51.5,0.0,,51.483829209740186,-0.0161707902598161,0.0161707902598161,under,87.0,70.0,57.0,5.75389546,9.206232736,1.0,0.0,0.0,No meaningful precipitation signal,ok,ILX,Big Ten,ACC,fbs,fbs,True,3,outputs/prospective/2026/snapshots/board_20260912T105113Z_run34689406780_a1_b8e8b2fb19d9.csv,b8e8b2fb19d90eadd0ccd0e16a1363510e544ba49dea7907f9e74832c4c8aad8,LIVE,False,2026-09-12T10:48:58.716337+00:00,0.0,False,,518.7692044833333,True,51.5,2026-09-12 19:23:55.756282+00:00,6.070728633333333,DraftKings,CFBD,2.0,outputs/prospective/2026/close_captures/close_20260912T192355Z_run34714028393_a1_7bd0e9117632.csv,7bd0e9117632f5bf66f16b2ba5da8ba69b45ab8f49ecab63c77e10292e1f170c,27.0,31.0,58.0,51.5,6.5,False,loss,,,0.0,0.0,NOT QUALIFIER,
board_snapshot,2026-09-12 10:51:13.847731+00:00,2026.5,6896b9770568baf57f8d4375019ad98ddc2fe7b2f1a2dabc8374b28193757625,schedule,17 6 * * 6,34689406780,1,766914e46cc9c978a03e71667edd8384625dcfc4,True,120,3.5,56.0,7.5,56.0,NO PLAY,Model edge is below the 3.5-point production threshold.,,FBS,GENERAL HGB,2026,2,401858440,2026-09-12 19:30:00+00:00,False,Eastern Michigan,Michigan State,Spartan Stadium,East Lansing,MI,42.7281474,-84.4848526,False,49.5,DraftKings,CFBD,2.0,0.5,49.75,-0.25,,51.40252309126161,1.902523091261609,1.902523091261609,over,80.0,68.0,67.0,10.357011828,17.26168638,4.0,0.0,0.0,No meaningful precipitation signal,ok,GRR,Big Ten,Mid-American,fbs,fbs,True,3,outputs/prospective/2026/snapshots/board_20260912T105113Z_run34689406780_a1_b8e8b2fb19d9.csv,b8e8b2fb19d90eadd0ccd0e16a1363510e544ba49dea7907f9e74832c4c8aad8,LIVE,False,2026-09-12T10:48:58.716337+00:00,0.0,False,,518.7692044833333,True,49.75,2026-09-12 19:23:55.756282+00:00,6.070728633333333,DraftKings,CFBD,2.0,outputs/prospective/2026/close_captures/close_20260912T192355Z_run34714028393_a1_7bd0e9117632.csv,7bd0e9117632f5bf66f16b2ba5da8ba69b45ab8f49ecab63c77e10292e1f170c,35.0,7.0,42.0,49.5,-7.5,False,loss,,,0.25,1.0,NOT QUALIFIER,
board_snapshot,2026-09-12 10:51:13.847731+00:00,2026.5,6896b9770568baf57f8d4375019ad98ddc2fe7b2f1a2dabc8374b28193757625,schedule,17 6 * * 6,34689406780,1,766914e46cc9c978a03e71667edd8384625dcfc4,True,120,3.5,56.0,7.5,56.0,NO PLAY,Model edge is below the 3.5-point production threshold.,,FBS,GENERAL HGB,2026,2,401858444,2026-09-12 19:30:00+00:00,False,Maryland,UConn,Pratt & Whitney Stadium,East Hartford,CT,41.7595675,-72.6187728,False,52.5,DraftKings,CFBD,2.0,0.5,52.25,0.25,,52.8784048004211,0.3784048004211047,0.3784048004211047,over,77.0,51.0,40.0,6.904674552,13.809349104,0.0,0.0,0.0,No meaningful precipitation signal,ok,BOX,FBS Independents,Big Ten,fbs,fbs,True,3,outputs/prospective/2026/snapshots/board_20260912T105113Z_run34689406780_a1_b8e8b2fb19d9.csv,b8e8b2fb19d90eadd0ccd0e16a1363510e544ba49dea7907f9e74832c4c8aad8,LIVE,False,2026-09-12T10:48:58.716337+00:00,0.0,False,,518.7692044833333,True,52.5,2026-09-12 19:23:55.756282+00:00,6.070728633333333,DraftKings,CFBD,2.0,outputs/prospective/2026/close_captures/close_20260912T192355Z_run34714028393_a1_7bd0e9117632.csv,7bd0e9117632f5bf66f16b2ba5da8ba69b45ab8f49ecab63c77e10292e1f170c,14.0,38.0,52.0,52.5,-0.5,False,loss,,,0.0,0.0,NOT QUALIFIER,
board_snapshot,2026-09-12 10:51:13.847731+00:00,2026.5,6896b9770568baf57f8d4375019ad98ddc2fe7b2f1a2dabc8374b28193757625,schedule,17 6 * * 6,34689406780,1,766914e46cc9c978a03e71667edd8384625dcfc4,True,120,3.5,56.0,7.5,56.0,NO PLAY,Model edge is below the 3.5-point production threshold.,,FBS,GENERAL HGB,2026,2,401858446,2026-09-12 19:30:00+00:00,False,Utah State,Washington,Husky Stadium,Seattle,WA,47.6503235,-122.3015746,False,55.5,DraftKings,CFBD,2.0,0.0,55.5,0.0,,55.88514382635099,0.3851438263509874,0.3851438263509874,over,66.0,55.0,68.0,5.75389546,8.055453644,2.0,0.0,0.0,No meaningful precipitation signal,ok,SEW,Big Ten,Pac-12,fbs,fbs,True,3,outputs/prospective/2026/snapshots/board_20260912T105113Z_run34689406780_a1_b8e8b2fb19d9.csv,b8e8b2fb19d90eadd0ccd0e16a1363510e544ba49dea7907f9e74832c4c8aad8,LIVE,False,2026-09-12T10:48:58.716337+00:00,0.0,False,,518.7692044833333,True,55.5,2026-09-12 19:23:55.756282+00:00,6.070728633333333,DraftKings,CFBD,2.0,outputs/prospective/2026/close_captures/close_20260912T192355Z_run34714028393_a1_7bd0e9117632.csv,7bd0e9117632f5bf66f16b2ba5da8ba69b45ab8f49ecab63c77e10292e1f170c,16.0,14.0,30.0,55.5,-25.5,False,loss,,,0.0,0.0,NOT QUALIFIER,
board_snapshot,2026-09-12 10:51:13.847731+00:00,2026.5,6896b9770568baf57f8d4375019ad98ddc2fe7b2f1a2dabc8374b28193757625,schedule,17 6 * * 6,34689406780,1,766914e46cc9c978a03e71667edd8384625dcfc4,True,120,3.5,56.0,7.5,56.0,NO PLAY,Model edge is below the 3.5-point production threshold.,,FBS,GENERAL HGB,2026,2,401859184,2026-09-12 19:30:00+00:00,False,Rice,Notre Dame,Notre Dame Stadium,Notre Dame,IN,41.698378,-86.2339425,False,55.5,DraftKings,CFBD,2.0,0.5,55.25,0.25,,55.42280523103003,-0.0771947689699647,0.0771947689699647,under,84.0,68.0,59.0,8.055453644,14.960128196,3.0,0.0,0.0,No meaningful precipitation signal,ok,IWX,FBS Independents,American Athletic,fbs,fbs,True,3,outputs/prospective/2026/snapshots/board_20260912T105113Z_run34689406780_a1_b8e8b2fb19d9.csv,b8e8b2fb19d90eadd0ccd0e16a1363510e544ba49dea7907f9e74832c4c8aad8,LIVE,False,2026-09-12T10:48:58.716337+00:00,0.0,False,,518.7692044833333,True,54.5,2026-09-12 19:23:55.756282+00:00,6.070728633333333,DraftKings,CFBD,2.0,outputs/prospective/2026/close_captures/close_20260912T192355Z_run34714028393_a1_7bd0e9117632.csv,7bd0e9117632f5bf66f16b2ba5da8ba69b45ab8f49ecab63c77e10292e1f170c,52.0,0.0,52.0,55.5,-3.5,False,win,,,1.0,1.0,NOT QUALIFIER,
board_snapshot,2026-09-12 10:51:13.847731+00:00,2026.5,6896b9770568baf57f8d4375019ad98ddc2fe7b2f1a2dabc8374b28193757625,schedule,17 6 * * 6,34689406780,1,766914e46cc9c978a03e71667edd8384625dcfc4,True,120,3.5,56.0,7.5,56.0,NO PLAY,Model edge is below the 3.5-point production threshold.,,FBS,GENERAL HGB,2026,2,401860884,2026-09-12 19:30:00+00:00,False,UTSA,Texas State,Bobcat Stadium (TX),San Marcos,TX,29.8910008,-97.9255735,False,66.5,DraftKings,CFBD,2.0,0.5,66.25,0.25,,66.66276746365753,0.162767463657536,0.162767463657536,over,98.0,72.0,43.0,8.055453644,16.110907288,2.0,0.0,0.0,No meaningful precipitation signal,ok,EWX,Pac-12,American Athletic,fbs,fbs,True,3,outputs/prospective/2026/snapshots/board_20260912T105113Z_run34689406780_a1_b8e8b2fb19d9.csv,b8e8b2fb19d90eadd0ccd0e16a1363510e544ba49dea7907f9e74832c4c8aad8,LIVE,False,2026-09-12T10:48:58.716337+00:00,0.0,False,,518.7692044833333,True,65.5,2026-09-12 19:23:55.756282+00:00,6.070728633333333,DraftKings,CFBD,2.0,outputs/prospective/2026/close_captures/close_20260912T192355Z_run34714028393_a1_7bd0e9117632.csv,7bd0e9117632f5bf66f16b2ba5da8ba69b45ab8f49ecab63c77e10292e1f170c,26.0,31.0,57.0,66.5,-9.5,False,loss,,,-1.0,0.0,NOT QUALIFIER,
board_snapshot,2026-09-12 10:51:13.847731+00:00,2026.5,6896b9770568baf57f8d4375019ad98ddc2fe7b2f1a2dabc8374b28193757625,schedule,17 6 * * 6,34689406780,1,766914e46cc9c978a03e71667edd8384625dcfc4,True,120,3.5,56.0,7.5,56.0,NO PLAY,Model edge is below the 3.5-point production threshold.,,FBS,GENERAL HGB,2026,2,401862708,2026-09-12 19:30:00+00:00,False,UL Monroe,UAB,Protective Stadium,Birmingham,AL,33.5206824,-86.8024326,False,54.5,DraftKings,CFBD,2.0,0.5,54.25,0.25,,55.195504450367,0.6955044503669984,0.6955044503669984,over,87.0,76.0,70.0,4.603116368,9.206232736,56.0,0.12,0.0,Measurable precipitation forecast,ok,BMX,American Athletic,Sun Belt,fbs,fbs,True,3,outputs/prospective/2026/snapshots/board_20260912T105113Z_run34689406780_a1_b8e8b2fb19d9.csv,b8e8b2fb19d90eadd0ccd0e16a1363510e544ba49dea7907f9e74832c4c8aad8,LIVE,False,2026-09-12T10:48:58.716337+00:00,0.0,False,,518.7692044833333,True,53.5,2026-09-12 19:23:55.756282+00:00,6.070728633333333,DraftKings,CFBD,2.0,outputs/prospective/2026/close_captures/close_20260912T192355Z_run34714028393_a1_7bd0e9117632.csv,7bd0e9117632f5bf66f16b2ba5da8ba69b45ab8f49ecab63c77e10292e1f170c,26.0,20.0,46.0,54.5,-8.5,False,loss,,,-1.0,0.0,NOT QUALIFIER,
board_snapshot,2026-09-12 10:51:13.847731+00:00,2026.5,6896b9770568baf57f8d4375019ad98ddc2fe7b2f1a2dabc8374b28193757625,schedule,17 6 * * 6,34689406780,1,766914e46cc9c978a03e71667edd8384625dcfc4,True,120,3.5,56.0,7.5,56.0,NO PLAY,Model edge is below the 3.5-point production threshold.,,OTHER,GENERAL HGB,2026,2,401866412,2026-09-12 19:30:00+00:00,False,Robert Morris,Akron,InfoCision Stadium,Akron,OH,41.0725534,-81.5083408,False,44.5,DraftKings,CFBD,2.0,0.0,44.5,0.0,,45.64947280938442,1.149472809384417,1.149472809384417,over,78.0,71.0,77.0,6.904674552,14.960128196,84.0,0.1699999999999999,0.0,Measurable precipitation forecast,ok,CLE,Mid-American,NEC,fbs,fcs,False,3,outputs/prospective/2026/snapshots/board_20260912T105113Z_run34689406780_a1_b8e8b2fb19d9.csv,b8e8b2fb19d90eadd0ccd0e16a1363510e544ba49dea7907f9e74832c4c8aad8,LIVE,False,2026-09-12T10:48:58.716337+00:00,0.0,False,,518.7692044833333,True,45.5,2026-09-12 19:23:55.756282+00:00,6.070728633333333,DraftKings,CFBD,2.0,outputs/prospective/2026/close_captures/close_20260912T192355Z_run34714028393_a1_7bd0e9117632.csv,7bd0e9117632f5bf66f16b2ba5da8ba69b45ab8f49ecab63c77e10292e1f170c,45.0,10.0,55.0,44.5,10.5,False,win,,,1.0,1.0,NOT QUALIFIER,
board_snapshot,2026-09-12 10:51:13.847731+00:00,2026.5,6896b9770568baf57f8d4375019ad98ddc2fe7b2f1a2dabc8374b28193757625,schedule,17 6 * * 6,34689406780,1,766914e46cc9c978a03e71667edd8384625dcfc4,True,120,3.5,56.0,7.5,56.0,NO PLAY,Model edge is below the 3.5-point production threshold.,,OTHER,GENERAL HGB,2026,2,401866419,2026-09-12 19:30:00+00:00,False,Central Connecticut,Toledo,Glass Bowl,Toledo,OH,41.6574777,-83.6135652,False,54.5,DraftKings,CFBD,2.0,0.0,54.5,0.0,,55.2992707949785,0.799270794978505,0.799270794978505,over,79.0,71.0,76.0,8.055453644,17.26168638,22.0,0.01,0.0,No meaningful precipitation signal,ok,CLE,Mid-American,NEC,fbs,fcs,False,3,outputs/prospective/2026/snapshots/board_20260912T105113Z_run34689406780_a1_b8e8b2fb19d9.csv,b8e8b2fb19d90eadd0ccd0e16a1363510e544ba49dea7907f9e74832c4c8aad8,LIVE,False,2026-09-12T10:48:58.716337+00:00,0.0,False,,518.7692044833333,True,52.5,2026-09-12 19:23:55.756282+00:00,6.070728633333333,DraftKings,CFBD,2.0,outputs/prospective/2026/close_captures/close_20260912T192355Z_run34714028393_a1_7bd0e9117632.csv,7bd0e9117632f5bf66f16b2ba5da8ba69b45ab8f49ecab63c77e10292e1f170c,63.0,10.0,73.0,54.5,18.5,False,win,,,-2.0,0.0,NOT QUALIFIER,
board_snapshot,2026-09-12 10:51:13.847731+00:00,2026.5,6896b9770568baf57f8d4375019ad98ddc2fe7b2f1a2dabc8374b28193757625,schedule,17 6 * * 6,34689406780,1,766914e46cc9c978a03e71667edd8384625dcfc4,True,120,3.5,56.0,7.5,56.0,NO PLAY,Model edge is below the 3.5-point production threshold.,,OTHER,GENERAL HGB,2026,2,401866420,2026-09-12 19:30:00+00:00,False,Sacred Heart,Massachusetts,Warren McGuirk Alumni Stadium,Hadley,MA,42.3773244,-72.5360595,False,53.5,DraftKings,CFBD,2.0,0.0,53.5,0.0,,54.486131424687855,0.9861314246878544,0.9861314246878544,over,74.0,52.0,46.0,6.904674552,13.809349104,0.0,0.0,0.0,No meaningful precipitation signal,ok,BOX,Mid-American,Coastal Athletic,fbs,fcs,False,3,outputs/prospective/2026/snapshots/board_20260912T105113Z_run34689406780_a1_b8e8b2fb19d9.csv,b8e8b2fb19d90eadd0ccd0e16a1363510e544ba49dea7907f9e74832c4c8aad8,LIVE,False,2026-09-12T10:48:58.716337+00:00,0.0,False,,518.7692044833333,True,53.5,2026-09-12 19:23:55.756282+00:00,6.070728633333333,DraftKings,CFBD,2.0,outputs/prospective/2026/close_captures/close_20260912T192355Z_run34714028393_a1_7bd0e9117632.csv,7bd0e9117632f5bf66f16b2ba5da8ba69b45ab8f49ecab63c77e10292e1f170c,37.0,10.0,47.0,53.5,-6.5,False,loss,,,0.0,0.0,NOT QUALIFIER,
board_snapshot,2026-09-12 10:51:13.847731+00:00,2026.5,6896b9770568baf57f8d4375019ad98ddc2fe7b2f1a2dabc8374b28193757625,schedule,17 6 * * 6,34689406780,1,766914e46cc9c978a03e71667edd8384625dcfc4,True,120,3.5,56.0,7.5,56.0,NO PLAY,Model edge is below the 3.5-point production threshold.,,FBS,GENERAL HGB,2026,2,401862705,2026-09-12 19:45:00+00:00,False,UNLV,North Texas,DATCU Stadium,Denton,TX,33.203899,-97.159245,False,58.5,DraftKings,CFBD,2.0,0.5,58.25,0.25,,58.88534578079931,0.3853457807993134,0.3853457807993134,over,99.0,71.0,41.0,9.206232736,14.960128196,1.0,0.0,0.0,No meaningful precipitation signal,ok,FWD,American Athletic,Mountain West,fbs,fbs,True,3,outputs/prospective/2026/snapshots/board_20260912T105113Z_run34689406780_a1_b8e8b2fb19d9.csv,b8e8b2fb19d90eadd0ccd0e16a1363510e544ba49dea7907f9e74832c4c8aad8,LIVE,False,2026-09-12T10:48:58.716337+00:00,0.0,False,,533.7692044833333,True,57.75,2026-09-12 19:23:55.756282+00:00,21.07072863333333,DraftKings,CFBD,2.0,outputs/prospective/2026/close_captures/close_20260912T192355Z_run34714028393_a1_7bd0e9117632.csv,7bd0e9117632f5bf66f16b2ba5da8ba69b45ab8f49ecab63c77e10292e1f170c,44.0,6.0,50.0,58.5,-8.5,False,loss,,,-0.75,0.0,NOT QUALIFIER,
board_snapshot,2026-09-12 10:51:13.847731+00:00,2026.5,6896b9770568baf57f8d4375019ad98ddc2fe7b2f1a2dabc8374b28193757625,schedule,17 6 * * 6,34689406780,1,766914e46cc9c978a03e71667edd8384625dcfc4,True,120,3.5,56.0,7.5,56.0,NO PLAY,Model edge is below the 3.5-point production threshold.,,OTHER,GENERAL HGB,2026,2,401858223,2026-09-12 20:00:00+00:00,False,UC Davis,SMU,Gerald J. Ford Stadium,University Park,TX,32.8377223,-96.7827859,False,58.5,DraftKings,CFBD,2.0,0.0,58.5,0.0,,59.38113437896196,0.88113437896196,0.88113437896196,over,99.0,69.0,38.0,9.206232736,14.960128196,1.0,0.0,0.0,No meaningful precipitation signal,ok,FWD,ACC,Big Sky,fbs,fcs,False,3,outputs/prospective/2026/snapshots/board_20260912T105113Z_run34689406780_a1_b8e8b2fb19d9.csv,b8e8b2fb19d90eadd0ccd0e16a1363510e544ba49dea7907f9e74832c4c8aad8,LIVE,False,2026-09-12T10:48:58.716337+00:00,0.0,False,,548.7692044833333,True,58.75,2026-09-12 19:23:55.756282+00:00,36.07072863333334,DraftKings,CFBD,2.0,outputs/prospective/2026/close_captures/close_20260912T192355Z_run34714028393_a1_7bd0e9117632.csv,7bd0e9117632f5bf66f16b2ba5da8ba69b45ab8f49ecab63c77e10292e1f170c,56.0,10.0,66.0,58.5,7.5,False,win,,,0.25,1.0,NOT QUALIFIER,
board_snapshot,2026-09-12 10:51:13.847731+00:00,2026.5,6896b9770568baf57f8d4375019ad98ddc2fe7b2f1a2dabc8374b28193757625,schedule,17 6 * * 6,34689406780,1,766914e46cc9c978a03e71667edd8384625dcfc4,True,120,3.5,56.0,7.5,56.0,NO PLAY,Model edge is below the 3.5-point production threshold.,,OTHER,GENERAL HGB,2026,2,401864506,2026-09-12 20:00:00+00:00,False,Northern Colorado,Wyoming,War Memorial Stadium,Laramie,WY,41.31161,-105.5681384,False,47.5,DraftKings,CFBD,2.0,0.0,47.5,0.0,,48.322347884038,0.8223478840379982,0.8223478840379982,over,77.0,34.0,21.0,18.412465472,26.467919116,28.0,0.0,0.0,Low precipitation chance,ok,CYS,Mountain West,Big Sky,fbs,fcs,False,3,outputs/prospective/2026/snapshots/board_20260912T105113Z_run34689406780_a1_b8e8b2fb19d9.csv,b8e8b2fb19d90eadd0ccd0e16a1363510e544ba49dea7907f9e74832c4c8aad8,LIVE,False,2026-09-12T10:48:58.716337+00:00,0.0,False,,548.7692044833333,True,44.25,2026-09-12 19:23:55.756282+00:00,36.07072863333334,DraftKings,CFBD,2.0,outputs/prospective/2026/close_captures/close_20260912T192355Z_run34714028393_a1_7bd0e9117632.csv,7bd0e9117632f5bf66f16b2ba5da8ba69b45ab8f49ecab63c77e10292e1f170c,21.0,13.0,34.0,47.5,-13.5,False,loss,,,-3.25,0.0,NOT QUALIFIER,
board_snapshot,2026-09-12 10:51:13.847731+00:00,2026.5,6896b9770568baf57f8d4375019ad98ddc2fe7b2f1a2dabc8374b28193757625,schedule,17 6 * * 6,34689406780,1,766914e46cc9c978a03e71667edd8384625dcfc4,True,120,3.5,56.0,7.5,56.0,NO PLAY,Model edge is below the 3.5-point production threshold.,,OTHER,GENERAL HGB,2026,2,401865252,2026-09-12 20:00:00+00:00,False,Mercyhurst,New Mexico,University Stadium (NM),Albuquerque,NM,35.0669479,-106.6283225,False,53.5,DraftKings,CFBD,2.0,0.0,53.5,0.0,,54.03878280336786,0.5387828033678596,0.5387828033678596,over,94.0,51.0,23.0,5.75389546,8.055453644,1.0,0.0,0.0,No meaningful precipitation signal,ok,ABQ,Mountain West,NEC,fbs,fcs,False,3,outputs/prospective/2026/snapshots/board_20260912T105113Z_run34689406780_a1_b8e8b2fb19d9.csv,b8e8b2fb19d90eadd0ccd0e16a1363510e544ba49dea7907f9e74832c4c8aad8,LIVE,False,2026-09-12T10:48:58.716337+00:00,0.0,False,,548.7692044833333,True,54.5,2026-09-12 19:23:55.756282+00:00,36.07072863333334,DraftKings,CFBD,2.0,outputs/prospective/2026/close_captures/close_20260912T192355Z_run34714028393_a1_7bd0e9117632.csv,7bd0e9117632f5bf66f16b2ba5da8ba69b45ab8f49ecab63c77e10292e1f170c,70.0,7.0,77.0,53.5,23.5,False,win,,,1.0,1.0,NOT QUALIFIER,
board_snapshot,2026-09-12 10:51:13.847731+00:00,2026.5,6896b9770568baf57f8d4375019ad98ddc2fe7b2f1a2dabc8374b28193757625,schedule,17 6 * * 6,34689406780,1,766914e46cc9c978a03e71667edd8384625dcfc4,True,120,3.5,56.0,7.5,56.0,NO PLAY,FCS-only model points over; the FCS research track has not validated an over production strategy.,5.0+ model edge; FCS-only HGB,FCS,FCS-only HGB,2026,2,401868093,2026-09-12 20:00:00+00:00,False,Lamar,Idaho,Kibbie Dome,Moscow,ID,46.7262921,-117.0173713,True,49.5,DraftKings,CFBD,1.0,0.0,49.5,0.0,,56.52943422185443,7.029434221854433,7.029434221854433,over,,,,,,,,,Indoor/dome game,indoor,,Big Sky,Southland,fcs,fcs,False,3,outputs/prospective/2026/snapshots/board_20260912T105113Z_run34689406780_a1_b8e8b2fb19d9.csv,b8e8b2fb19d90eadd0ccd0e16a1363510e544ba49dea7907f9e74832c4c8aad8,LIVE,False,2026-09-12T10:48:58.716337+00:00,0.0,False,,548.7692044833333,True,51.5,2026-09-12 19:23:55.756282+00:00,36.07072863333334,DraftKings,CFBD,1.0,outputs/prospective/2026/close_captures/close_20260912T192355Z_run34714028393_a1_7bd0e9117632.csv,7bd0e9117632f5bf66f16b2ba5da8ba69b45ab8f49ecab63c77e10292e1f170c,17.0,23.0,40.0,49.5,-9.5,False,loss,,,2.0,1.0,NOT QUALIFIER,
board_snapshot,2026-09-12 10:51:13.847731+00:00,2026.5,6896b9770568baf57f8d4375019ad98ddc2fe7b2f1a2dabc8374b28193757625,schedule,17 6 * * 6,34689406780,1,766914e46cc9c978a03e71667edd8384625dcfc4,True,120,3.5,56.0,7.5,56.0,NO PLAY,FCS-only model does not meet the conservative under-edge screen.,FCS-only HGB; FCS 56+ total,FCS,FCS-only HGB,2026,2,401868285,2026-09-12 20:00:00+00:00,False,Stetson,Bethune-Cookman,Municipal Stadium,Daytona Beach,FL,29.173466,-81.117511,False,56.5,DraftKings,CFBD,1.0,0.0,56.5,0.0,,58.40653223660841,1.906532236608412,1.906532236608412,over,86.0,77.0,75.0,6.904674552,13.809349104,50.0,0.25,0.0,Measurable precipitation forecast,ok,MLB,SWAC,Pioneer,fcs,fcs,False,3,outputs/prospective/2026/snapshots/board_20260912T105113Z_run34689406780_a1_b8e8b2fb19d9.csv,b8e8b2fb19d90eadd0ccd0e16a1363510e544ba49dea7907f9e74832c4c8aad8,LIVE,False,2026-09-12T10:48:58.716337+00:00,0.0,False,,548.7692044833333,True,56.5,2026-09-12 19:23:55.756282+00:00,36.07072863333334,DraftKings,CFBD,1.0,outputs/prospective/2026/close_captures/close_20260912T192355Z_run34714028393_a1_7bd0e9117632.csv,7bd0e9117632f5bf66f16b2ba5da8ba69b45ab8f49ecab63c77e10292e1f170c,43.0,18.0,61.0,56.5,4.5,False,win,,,0.0,0.0,NOT QUALIFIER,
board_snapshot,2026-09-12 10:51:13.847731+00:00,2026.5,6896b9770568baf57f8d4375019ad98ddc2fe7b2f1a2dabc8374b28193757625,schedule,17 6 * * 6,34689406780,1,766914e46cc9c978a03e71667edd8384625dcfc4,True,120,3.5,56.0,7.5,56.0,NO PLAY,Model edge is below the 3.5-point production threshold.,,OTHER,GENERAL HGB,2026,2,401868326,2026-09-12 20:00:00+00:00,False,Alabama State,Troy,Veterans Memorial Stadium (AL),Troy,AL,31.7995565,-85.9518328,False,51.5,DraftKings,CFBD,2.0,0.0,51.5,0.0,,52.38525798636265,0.8852579863626538,0.8852579863626538,over,87.0,74.0,65.0,4.603116368,10.357011828,56.0,0.03,0.0,Measurable precipitation forecast,ok,BMX,Sun Belt,SWAC,fbs,fcs,False,3,outputs/prospective/2026/snapshots/board_20260912T105113Z_run34689406780_a1_b8e8b2fb19d9.csv,b8e8b2fb19d90eadd0ccd0e16a1363510e544ba49dea7907f9e74832c4c8aad8,LIVE,False,2026-09-12T10:48:58.716337+00:00,0.0,False,,548.7692044833333,True,52.5,2026-09-12 19:23:55.756282+00:00,36.07072863333334,DraftKings,CFBD,2.0,outputs/prospective/2026/close_captures/close_20260912T192355Z_run34714028393_a1_7bd0e9117632.csv,7bd0e9117632f5bf66f16b2ba5da8ba69b45ab8f49ecab63c77e10292e1f170c,34.0,17.0,51.0,51.5,-0.5,False,loss,,,1.0,1.0,NOT QUALIFIER,
board_snapshot,2026-09-12 10:51:13.847731+00:00,2026.5,6896b9770568baf57f8d4375019ad98ddc2fe7b2f1a2dabc8374b28193757625,schedule,17 6 * * 6,34689406780,1,766914e46cc9c978a03e71667edd8384625dcfc4,True,120,3.5,56.0,7.5,56.0,NO LINE,No current market total is available.,,OTHER,GENERAL HGB,2026,2,401868963,2026-09-12 20:00:00+00:00,False,Lincoln (PA),Mississippi Valley State,Soldier Field,Chicago,IL,41.8625,-87.616667,False,,missing,,,,,,,,,,over,,,,,,,,,,,,SWAC,CIAA,fcs,ii,False,4,outputs/prospective/2026/snapshots/board_20260912T105113Z_run34689406780_a1_b8e8b2fb19d9.csv,b8e8b2fb19d90eadd0ccd0e16a1363510e544ba49dea7907f9e74832c4c8aad8,NO LINE,False,,,False,,548.7692044833333,True,,,,,,,,,31.0,20.0,51.0,,,False,,,,,,NOT QUALIFIER,
board_snapshot,2026-09-12 10:51:13.847731+00:00,2026.5,6896b9770568baf57f8d4375019ad98ddc2fe7b2f1a2dabc8374b28193757625,schedule,17 6 * * 6,34689406780,1,766914e46cc9c978a03e71667edd8384625dcfc4,True,120,3.5,56.0,7.5,56.0,NO PLAY,Model edge is below the 3.5-point production threshold.,,FBS,GENERAL HGB,2026,2,401856684,2026-09-12 20:15:00+00:00,False,Delaware,Vanderbilt,FirstBank Stadium,Nashville,TN,36.1440455,-86.8088942,False,54.5,DraftKings,CFBD,2.0,0.0,54.5,0.0,,54.686727136590434,0.1867271365904342,0.1867271365904342,over,87.0,74.0,65.0,6.904674552,11.50779092,23.0,0.0,0.0,No meaningful precipitation signal,ok,OHX,SEC,Conference USA,fbs,fbs,True,3,outputs/prospective/2026/snapshots/board_20260912T105113Z_run34689406780_a1_b8e8b2fb19d9.csv,b8e8b2fb19d90eadd0ccd0e16a1363510e544ba49dea7907f9e74832c4c8aad8,LIVE,False,2026-09-12T10:48:58.716337+00:00,0.0,False,,563.7692044833333,True,54.75,2026-09-12 19:23:55.756282+00:00,51.07072863333334,DraftKings,CFBD,2.0,outputs/prospective/2026/close_captures/close_20260912T192355Z_run34714028393_a1_7bd0e9117632.csv,7bd0e9117632f5bf66f16b2ba5da8ba69b45ab8f49ecab63c77e10292e1f170c,35.0,26.0,61.0,54.5,6.5,False,win,,,0.25,1.0,NOT QUALIFIER,
board_snapshot,2026-09-12 10:51:13.847731+00:00,2026.5,6896b9770568baf57f8d4375019ad98ddc2fe7b2f1a2dabc8374b28193757625,schedule,17 6 * * 6,34689406780,1,766914e46cc9c978a03e71667edd8384625dcfc4,True,120,3.5,56.0,7.5,56.0,NO PLAY,FCS-only model points over; the FCS research track has not validated an over production strategy.,5.0+ model edge; FCS-only HGB,FCS,FCS-only HGB,2026,2,401866630,2026-09-12 21:00:00+00:00,False,Merrimack,Maine,Alfond Stadium,Orono,ME,44.905128,-68.6724718,False,47.5,DraftKings,CFBD,1.0,0.0,47.5,0.0,,52.93090904721562,5.430909047215623,5.430909047215623,over,71.0,50.0,47.0,11.50779092,21.864802748,0.0,0.0,0.0,No meaningful precipitation signal,ok,CAR,Coastal Athletic,FCS Independents,fcs,fcs,False,3,outputs/prospective/2026/snapshots/board_20260912T105113Z_run34689406780_a1_b8e8b2fb19d9.csv,b8e8b2fb19d90eadd0ccd0e16a1363510e544ba49dea7907f9e74832c4c8aad8,LIVE,False,2026-09-12T10:48:58.716337+00:00,0.0,False,,608.7692044833333,True,,,,,,,,,14.0,23.0,37.0,47.5,-10.5,False,loss,,,,,NOT QUALIFIER,
board_snapshot,2026-09-12 10:51:13.847731+00:00,2026.5,6896b9770568baf57f8d4375019ad98ddc2fe7b2f1a2dabc8374b28193757625,schedule,17 6 * * 6,34689406780,1,766914e46cc9c978a03e71667edd8384625dcfc4,True,120,3.5,56.0,7.5,56.0,NO PLAY,FCS-only model does not meet the conservative under-edge screen.,FCS-only HGB; FCS 56+ total,FCS,FCS-only HGB,2026,2,401868061,2026-09-12 21:00:00+00:00,False,Morehead State,Austin Peay,Governors Stadium,Clarksville,TN,36.5362559,-87.3525507,False,63.5,DraftKings,CFBD,1.0,0.0,63.5,0.0,,58.58427618022312,-4.915723819776888,4.915723819776888,under,86.0,74.0,68.0,6.904674552,11.50779092,5.0,0.02,0.0,Measurable precipitation forecast,ok,OHX,UAC,Pioneer,fcs,fcs,False,3,outputs/prospective/2026/snapshots/board_20260912T105113Z_run34689406780_a1_b8e8b2fb19d9.csv,b8e8b2fb19d90eadd0ccd0e16a1363510e544ba49dea7907f9e74832c4c8aad8,LIVE,False,2026-09-12T10:48:58.716337+00:00,0.0,False,,608.7692044833333,True,,,,,,,,,63.0,7.0,70.0,63.5,6.5,False,loss,,,,,NOT QUALIFIER,
board_snapshot,2026-09-12 10:51:13.847731+00:00,2026.5,6896b9770568baf57f8d4375019ad98ddc2fe7b2f1a2dabc8374b28193757625,schedule,17 6 * * 6,34689406780,1,766914e46cc9c978a03e71667edd8384625dcfc4,True,120,3.5,56.0,7.5,56.0,NO PLAY,FCS-only model points over; the FCS research track has not validated an over production strategy.,5.0+ model edge; FCS-only HGB,FCS,FCS-only HGB,2026,2,401868123,2026-09-12 21:00:00+00:00,False,Incarnate Word,Northern Arizona,Walkup Skydome,Flagstaff,AZ,35.1805483,-111.6528377,True,54.5,DraftKings,CFBD,1.0,0.0,54.5,0.0,,61.4962466216723,6.996246621672302,6.996246621672302,over,,,,,,,,,Indoor/dome game,indoor,,Big Sky,Southland,fcs,fcs,False,3,outputs/prospective/2026/snapshots/board_20260912T105113Z_run34689406780_a1_b8e8b2fb19d9.csv,b8e8b2fb19d90eadd0ccd0e16a1363510e544ba49dea7907f9e74832c4c8aad8,LIVE,False,2026-09-12T10:48:58.716337+00:00,0.0,False,,608.7692044833333,True,,,,,,,,,38.0,28.0,66.0,54.5,11.5,False,win,,,,,NOT QUALIFIER,
board_snapshot,2026-09-12 10:51:13.847731+00:00,2026.5,6896b9770568baf57f8d4375019ad98ddc2fe7b2f1a2dabc8374b28193757625,schedule,17 6 * * 6,34689406780,1,766914e46cc9c978a03e71667edd8384625dcfc4,True,120,3.5,56.0,7.5,56.0,NO PLAY,Model edge is below the 3.5-point production threshold.,,OTHER,GENERAL HGB,2026,2,401856672,2026-09-12 21:30:00+00:00,False,Campbell,Florida,Ben Hill Griffin Stadium,Gainesville,FL,29.6499357,-82.3485788,False,65.5,DraftKings,CFBD,2.0,1.0,66.0,-0.5,,65.83788847681775,0.3378884768177466,0.3378884768177466,over,86.0,77.0,75.0,5.75389546,10.357011828,46.0,0.25,0.0,Measurable precipitation forecast,ok,JAX,SEC,Coastal Athletic,fbs,fcs,False,3,outputs/prospective/2026/snapshots/board_20260912T105113Z_run34689406780_a1_b8e8b2fb19d9.csv,b8e8b2fb19d90eadd0ccd0e16a1363510e544ba49dea7907f9e74832c4c8aad8,LIVE,False,2026-09-12T10:48:58.716337+00:00,0.0,False,,638.7692044833333,True,,,,,,,,,52.0,3.0,55.0,65.5,-10.5,False,loss,,,,,NOT QUALIFIER,
board_snapshot,2026-09-12 10:51:13.847731+00:00,2026.5,6896b9770568baf57f8d4375019ad98ddc2fe7b2f1a2dabc8374b28193757625,schedule,17 6 * * 6,34689406780,1,766914e46cc9c978a03e71667edd8384625dcfc4,True,120,3.5,56.0,7.5,56.0,NO PLAY,Model edge is below the 3.5-point production threshold.,,FBS,GENERAL HGB,2026,2,401860881,2026-09-12 22:00:00+00:00,False,Memphis,Boise State,Albertsons Stadium,Boise,ID,43.6028839,-116.1958882,False,55.5,DraftKings,CFBD,2.0,0.5,55.75,-0.25,,56.961323934423,1.461323934423001,1.461323934423001,over,86.0,43.0,22.0,3.452337276,9.206232736,0.0,0.0,0.0,No meaningful precipitation signal,ok,BOI,Pac-12,American Athletic,fbs,fbs,True,3,outputs/prospective/2026/snapshots/board_20260912T105113Z_run34689406780_a1_b8e8b2fb19d9.csv,b8e8b2fb19d90eadd0ccd0e16a1363510e544ba49dea7907f9e74832c4c8aad8,LIVE,False,2026-09-12T10:48:58.716337+00:00,0.0,False,,668.7692044833333,True,54.5,2026-09-12 21:41:10.383687+00:00,18.82693855,DraftKings,CFBD,2.0,outputs/prospective/2026/close_captures/close_20260912T214110Z_run34720634862_a1_8fb8347b4dbb.csv,8fb8347b4dbb95e869bdf2e88b7d5159b72f7d9cd359ae02df827056d804f68e,38.0,20.0,58.0,55.5,2.5,False,win,,,-1.0,0.0,NOT QUALIFIER,
board_snapshot,2026-09-12 10:51:13.847731+00:00,2026.5,6896b9770568baf57f8d4375019ad98ddc2fe7b2f1a2dabc8374b28193757625,schedule,17 6 * * 6,34689406780,1,766914e46cc9c978a03e71667edd8384625dcfc4,True,120,3.5,56.0,7.5,56.0,NO PLAY,Model edge is below the 3.5-point production threshold.,,FBS,GENERAL HGB,2026,2,401866414,2026-09-12 22:00:00+00:00,False,Buffalo,Florida International,Pitbull Stadium,Miami,FL,25.7525,-80.37778,False,47.5,DraftKings,CFBD,2.0,0.0,47.5,0.0,,48.28914444211722,0.7891444421172225,0.7891444421172225,over,84.0,78.0,82.0,3.452337276,6.904674552,49.0,0.22,0.0,Measurable precipitation forecast,ok,MFL,Conference USA,Mid-American,fbs,fbs,True,3,outputs/prospective/2026/snapshots/board_20260912T105113Z_run34689406780_a1_b8e8b2fb19d9.csv,b8e8b2fb19d90eadd0ccd0e16a1363510e544ba49dea7907f9e74832c4c8aad8,LIVE,False,2026-09-12T10:48:58.716337+00:00,0.0,False,,668.7692044833333,True,47.5,2026-09-12 21:41:10.383687+00:00,18.82693855,DraftKings,CFBD,2.0,outputs/prospective/2026/close_captures/close_20260912T214110Z_run34720634862_a1_8fb8347b4dbb.csv,8fb8347b4dbb95e869bdf2e88b7d5159b72f7d9cd359ae02df827056d804f68e,33.0,20.0,53.0,47.5,5.5,False,win,,,0.0,0.0,NOT QUALIFIER,
board_snapshot,2026-09-12 10:51:13.847731+00:00,2026.5,6896b9770568baf57f8d4375019ad98ddc2fe7b2f1a2dabc8374b28193757625,schedule,17 6 * * 6,34689406780,1,766914e46cc9c978a03e71667edd8384625dcfc4,True,120,3.5,56.0,7.5,56.0,NO PLAY,Model edge is below the 3.5-point production threshold.,,FBS,GENERAL HGB,2026,2,401866418,2026-09-12 22:00:00+00:00,False,Jacksonville State,Ohio,Peden Stadium,Athens,OH,39.3212794,-82.1034315,False,49.5,DraftKings,CFBD,2.0,0.5,49.75,-0.25,,49.561240591262695,0.0612405912626962,0.0612405912626962,over,78.0,75.0,92.0,3.452337276,9.206232736,77.0,0.16,0.0,Measurable precipitation forecast,ok,RLX,Mid-American,Conference USA,fbs,fbs,True,3,outputs/prospective/2026/snapshots/board_20260912T105113Z_run34689406780_a1_b8e8b2fb19d9.csv,b8e8b2fb19d90eadd0ccd0e16a1363510e544ba49dea7907f9e74832c4c8aad8,LIVE,False,2026-09-12T10:48:58.716337+00:00,0.0,False,,668.7692044833333,True,49.75,2026-09-12 21:41:10.383687+00:00,18.82693855,DraftKings,CFBD,2.0,outputs/prospective/2026/close_captures/close_20260912T214110Z_run34720634862_a1_8fb8347b4dbb.csv,8fb8347b4dbb95e869bdf2e88b7d5159b72f7d9cd359ae02df827056d804f68e,29.0,27.0,56.0,49.5,6.5,False,win,,,0.25,1.0,NOT QUALIFIER,
board_snapshot,2026-09-12 10:51:13.847731+00:00,2026.5,6896b9770568baf57f8d4375019ad98ddc2fe7b2f1a2dabc8374b28193757625,schedule,17 6 * * 6,34689406780,1,766914e46cc9c978a03e71667edd8384625dcfc4,True,120,3.5,56.0,7.5,56.0,NO PLAY,FCS-only model points over; the FCS research track has not validated an over production strategy.,5.0+ model edge; FCS-only HGB,FCS,FCS-only HGB,2026,2,401866629,2026-09-12 22:00:00+00:00,False,Bryant,Hampton,Armstrong Stadium,Hampton,VA,37.0200894,-76.3331555,False,48.5,DraftKings,CFBD,1.0,0.0,48.5,0.0,,57.77471187961317,9.274711879613172,9.274711879613172,over,81.0,75.0,82.0,10.357011828,16.110907288,56.0,0.24,0.0,Measurable precipitation forecast,ok,AKQ,Coastal Athletic,Coastal Athletic,fcs,fcs,False,3,outputs/prospective/2026/snapshots/board_20260912T105113Z_run34689406780_a1_b8e8b2fb19d9.csv,b8e8b2fb19d90eadd0ccd0e16a1363510e544ba49dea7907f9e74832c4c8aad8,LIVE,False,2026-09-12T10:48:58.716337+00:00,0.0,False,,668.7692044833333,True,51.5,2026-09-12 21:41:10.383687+00:00,18.82693855,DraftKings,CFBD,1.0,outputs/prospective/2026/close_captures/close_20260912T214110Z_run34720634862_a1_8fb8347b4dbb.csv,8fb8347b4dbb95e869bdf2e88b7d5159b72f7d9cd359ae02df827056d804f68e,3.0,31.0,34.0,48.5,-14.5,False,loss,,,3.0,1.0,NOT QUALIFIER,
board_snapshot,2026-09-12 10:51:13.847731+00:00,2026.5,6896b9770568baf57f8d4375019ad98ddc2fe7b2f1a2dabc8374b28193757625,schedule,17 6 * * 6,34689406780,1,766914e46cc9c978a03e71667edd8384625dcfc4,True,120,3.5,56.0,7.5,56.0,NO PLAY,FCS-only model does not meet the conservative under-edge screen.,FCS-only HGB,FCS,FCS-only HGB,2026,2,401866631,2026-09-12 22:00:00+00:00,False,Stonehill,New Hampshire,Wildcat Stadium,Durham,NH,43.1386231,-70.9393077,False,43.5,DraftKings,CFBD,1.0,0.0,43.5,0.0,,41.68610174042652,-1.813898259573488,1.813898259573488,under,67.0,56.0,68.0,6.904674552,13.809349104,0.0,0.0,0.0,No meaningful precipitation signal,ok,GYX,Coastal Athletic,NEC,fcs,fcs,False,3,outputs/prospective/2026/snapshots/board_20260912T105113Z_run34689406780_a1_b8e8b2fb19d9.csv,b8e8b2fb19d90eadd0ccd0e16a1363510e544ba49dea7907f9e74832c4c8aad8,LIVE,False,2026-09-12T10:48:58.716337+00:00,0.0,False,,668.7692044833333,True,43.5,2026-09-12 21:41:10.383687+00:00,18.82693855,DraftKings,CFBD,1.0,outputs/prospective/2026/close_captures/close_20260912T214110Z_run34720634862_a1_8fb8347b4dbb.csv,8fb8347b4dbb95e869bdf2e88b7d5159b72f7d9cd359ae02df827056d804f68e,42.0,35.0,77.0,43.5,33.5,False,loss,,,0.0,0.0,NOT QUALIFIER,
board_snapshot,2026-09-12 10:51:13.847731+00:00,2026.5,6896b9770568baf57f8d4375019ad98ddc2fe7b2f1a2dabc8374b28193757625,schedule,17 6 * * 6,34689406780,1,766914e46cc9c978a03e71667edd8384625dcfc4,True,120,3.5,56.0,7.5,56.0,NO LINE,No current market total is available.,,OTHER,GENERAL HGB,2026,2,401867966,2026-09-12 22:00:00+00:00,False,Virginia Lynchburg,Morgan State,Hughes Stadium,Baltimore,MD,39.3439778,-76.5829573,False,,missing,,,,,,,,,,over,,,,,,,,,,,,MEAC,missing,fcs,,False,4,outputs/prospective/2026/snapshots/board_20260912T105113Z_run34689406780_a1_b8e8b2fb19d9.csv,b8e8b2fb19d90eadd0ccd0e16a1363510e544ba49dea7907f9e74832c4c8aad8,NO LINE,False,,,False,,668.7692044833333,True,,,,,,,,,55.0,0.0,55.0,,,False,,,,,,NOT QUALIFIER,
board_snapshot,2026-09-12 10:51:13.847731+00:00,2026.5,6896b9770568baf57f8d4375019ad98ddc2fe7b2f1a2dabc8374b28193757625,schedule,17 6 * * 6,34689406780,1,766914e46cc9c978a03e71667edd8384625dcfc4,True,120,3.5,56.0,7.5,56.0,NO LINE,No current market total is available.,,OTHER,GENERAL HGB,2026,2,401867983,2026-09-12 22:00:00+00:00,False,Virginia State,South Carolina State,Oliver C. Dawson Stadium,Orangeburg,SC,33.4986313,-80.8446857,False,,missing,,,,,,,,,,over,,,,,,,,,,,,MEAC,CIAA,fcs,ii,False,4,outputs/prospective/2026/snapshots/board_20260912T105113Z_run34689406780_a1_b8e8b2fb19d9.csv,b8e8b2fb19d90eadd0ccd0e16a1363510e544ba49dea7907f9e74832c4c8aad8,NO LINE,False,,,False,,668.7692044833333,True,,,,,,,,,66.0,0.0,66.0,,,False,,,,,,NOT QUALIFIER,
board_snapshot,2026-09-12 10:51:13.847731+00:00,2026.5,6896b9770568baf57f8d4375019ad98ddc2fe7b2f1a2dabc8374b28193757625,schedule,17 6 * * 6,34689406780,1,766914e46cc9c978a03e71667edd8384625dcfc4,True,120,3.5,56.0,7.5,56.0,NO PLAY,FCS-only model points over; the FCS research track has not validated an over production strategy.,5.0+ model edge; FCS-only HGB; FCS 56+ total,FCS,FCS-only HGB,2026,2,401868102,2026-09-12 22:00:00+00:00,False,San Diego,Idaho State,Holt Arena,Pocatello,ID,42.8702052,-112.4281274,True,58.5,DraftKings,CFBD,1.0,0.0,58.5,0.0,,64.16161839470993,5.661618394709929,5.661618394709929,over,,,,,,,,,Indoor/dome game,indoor,,Big Sky,Pioneer,fcs,fcs,False,3,outputs/prospective/2026/snapshots/board_20260912T105113Z_run34689406780_a1_b8e8b2fb19d9.csv,b8e8b2fb19d90eadd0ccd0e16a1363510e544ba49dea7907f9e74832c4c8aad8,LIVE,False,2026-09-12T10:48:58.716337+00:00,0.0,False,,668.7692044833333,True,58.5,2026-09-12 21:41:10.383687+00:00,18.82693855,DraftKings,CFBD,1.0,outputs/prospective/2026/close_captures/close_20260912T214110Z_run34720634862_a1_8fb8347b4dbb.csv,8fb8347b4dbb95e869bdf2e88b7d5159b72f7d9cd359ae02df827056d804f68e,59.0,17.0,76.0,58.5,17.5,False,win,,,0.0,0.0,NOT QUALIFIER,
board_snapshot,2026-09-12 10:51:13.847731+00:00,2026.5,6896b9770568baf57f8d4375019ad98ddc2fe7b2f1a2dabc8374b28193757625,schedule,17 6 * * 6,34689406780,1,766914e46cc9c978a03e71667edd8384625dcfc4,True,120,3.5,56.0,7.5,56.0,NO PLAY,FCS-only model points over; the FCS research track has not validated an over production strategy.,5.0+ model edge; FCS-only HGB,FCS,FCS-only HGB,2026,2,401868141,2026-09-12 22:00:00+00:00,False,Chattanooga,Eastern Kentucky,Roy Kidd Stadium,Richmond,KY,37.7344109,-84.2972854,False,48.5,DraftKings,CFBD,1.0,0.0,48.5,0.0,,56.64597491479904,8.145974914799043,8.145974914799043,over,78.0,73.0,85.0,4.603116368,10.357011828,42.0,0.14,0.0,Measurable precipitation forecast,ok,LMK,UAC,Southern,fcs,fcs,False,3,outputs/prospective/2026/snapshots/board_20260912T105113Z_run34689406780_a1_b8e8b2fb19d9.csv,b8e8b2fb19d90eadd0ccd0e16a1363510e544ba49dea7907f9e74832c4c8aad8,LIVE,False,2026-09-12T10:48:58.716337+00:00,0.0,False,,668.7692044833333,True,48.5,2026-09-12 21:41:10.383687+00:00,18.82693855,DraftKings,CFBD,1.0,outputs/prospective/2026/close_captures/close_20260912T214110Z_run34720634862_a1_8fb8347b4dbb.csv,8fb8347b4dbb95e869bdf2e88b7d5159b72f7d9cd359ae02df827056d804f68e,22.0,17.0,39.0,48.5,-9.5,False,loss,,,0.0,0.0,NOT QUALIFIER,
board_snapshot,2026-09-12 10:51:13.847731+00:00,2026.5,6896b9770568baf57f8d4375019ad98ddc2fe7b2f1a2dabc8374b28193757625,schedule,17 6 * * 6,34689406780,1,766914e46cc9c978a03e71667edd8384625dcfc4,True,120,3.5,56.0,7.5,56.0,NO PLAY,FCS-only model does not meet the conservative under-edge screen.,FCS-only HGB,FCS,FCS-only HGB,2026,2,401868171,2026-09-12 22:00:00+00:00,False,Charleston Southern,The Citadel,Johnson Hagood Stadium,Charleston,SC,32.7936975,-79.9558183,False,45.5,DraftKings,CFBD,1.0,0.0,45.5,0.0,,44.79180740761775,-0.7081925923822503,0.7081925923822503,under,85.0,79.0,82.0,9.206232736,16.110907288,25.0,0.01,0.0,Low precipitation chance,ok,CHS,Southern,OVC,fcs,fcs,False,3,outputs/prospective/2026/snapshots/board_20260912T105113Z_run34689406780_a1_b8e8b2fb19d9.csv,b8e8b2fb19d90eadd0ccd0e16a1363510e544ba49dea7907f9e74832c4c8aad8,LIVE,False,2026-09-12T10:48:58.716337+00:00,0.0,False,,668.7692044833333,True,45.5,2026-09-12 21:41:10.383687+00:00,18.82693855,DraftKings,CFBD,1.0,outputs/prospective/2026/close_captures/close_20260912T214110Z_run34720634862_a1_8fb8347b4dbb.csv,8fb8347b4dbb95e869bdf2e88b7d5159b72f7d9cd359ae02df827056d804f68e,20.0,26.0,46.0,45.5,0.5,False,loss,,,0.0,0.0,NOT QUALIFIER,
board_snapshot,2026-09-12 10:51:13.847731+00:00,2026.5,6896b9770568baf57f8d4375019ad98ddc2fe7b2f1a2dabc8374b28193757625,schedule,17 6 * * 6,34689406780,1,766914e46cc9c978a03e71667edd8384625dcfc4,True,120,3.5,56.0,7.5,56.0,NO LINE,No current market total is available.,,OTHER,GENERAL HGB,2026,2,401868210,2026-09-12 22:00:00+00:00,False,Franklin,Butler,Butler Bowl,Indianapolis,IN,39.8444694,-86.1659242,False,,missing,,,,,,,,,,over,,,,,,,,,,,,Pioneer,Heartland,fcs,iii,False,4,outputs/prospective/2026/snapshots/board_20260912T105113Z_run34689406780_a1_b8e8b2fb19d9.csv,b8e8b2fb19d90eadd0ccd0e16a1363510e544ba49dea7907f9e74832c4c8aad8,NO LINE,False,,,False,,668.7692044833333,True,,,,,,,,,52.0,0.0,52.0,,,False,,,,,,NOT QUALIFIER,
board_snapshot,2026-09-12 10:51:13.847731+00:00,2026.5,6896b9770568baf57f8d4375019ad98ddc2fe7b2f1a2dabc8374b28193757625,schedule,17 6 * * 6,34689406780,1,766914e46cc9c978a03e71667edd8384625dcfc4,True,120,3.5,56.0,7.5,56.0,NO PLAY,FCS-only model points over; the FCS research track has not validated an over production strategy.,5.0+ model edge; FCS-only HGB,FCS,FCS-only HGB,2026,2,401868374,2026-09-12 22:00:00+00:00,False,Furman,Mercer,Five Star Stadium at the Moye Complex,Macon,GA,32.8262075,-83.6522485,False,54.5,DraftKings,CFBD,1.0,0.0,54.5,0.0,,59.86396635261391,5.3639663526139065,5.3639663526139065,over,84.0,75.0,75.0,4.603116368,10.357011828,56.0,0.19,0.0,Measurable precipitation forecast,ok,FFC,Southern,Southern,fcs,fcs,False,3,outputs/prospective/2026/snapshots/board_20260912T105113Z_run34689406780_a1_b8e8b2fb19d9.csv,b8e8b2fb19d90eadd0ccd0e16a1363510e544ba49dea7907f9e74832c4c8aad8,LIVE,False,2026-09-12T10:48:58.716337+00:00,0.0,False,,668.7692044833333,True,54.5,2026-09-12 21:41:10.383687+00:00,18.82693855,DraftKings,CFBD,1.0,outputs/prospective/2026/close_captures/close_20260912T214110Z_run34720634862_a1_8fb8347b4dbb.csv,8fb8347b4dbb95e869bdf2e88b7d5159b72f7d9cd359ae02df827056d804f68e,13.0,20.0,33.0,54.5,-21.5,False,loss,,,0.0,0.0,NOT QUALIFIER,
board_snapshot,2026-09-12 10:51:13.847731+00:00,2026.5,6896b9770568baf57f8d4375019ad98ddc2fe7b2f1a2dabc8374b28193757625,schedule,17 6 * * 6,34689406780,1,766914e46cc9c978a03e71667edd8384625dcfc4,True,120,3.5,56.0,7.5,56.0,NO PLAY,Model edge is below the 3.5-point production threshold.,,OTHER,GENERAL HGB,2026,2,401866421,2026-09-12 22:30:00+00:00,False,Monmouth,Western Michigan,Waldo Stadium,Kalamazoo,MI,42.2860064,-85.6007573,False,52.5,DraftKings,CFBD,2.0,0.0,52.5,0.0,,53.29578576727431,0.7957857672743083,0.7957857672743083,over,80.0,67.0,65.0,9.206232736,17.26168638,2.0,0.0,0.0,No meaningful precipitation signal,ok,GRR,Mid-American,Coastal Athletic,fbs,fcs,False,3,outputs/prospective/2026/snapshots/board_20260912T105113Z_run34689406780_a1_b8e8b2fb19d9.csv,b8e8b2fb19d90eadd0ccd0e16a1363510e544ba49dea7907f9e74832c4c8aad8,LIVE,False,2026-09-12T10:48:58.716337+00:00,0.0,False,,698.7692044833333,True,54.5,2026-09-12 21:41:10.383687+00:00,48.82693855,DraftKings,CFBD,2.0,outputs/prospective/2026/close_captures/close_20260912T214110Z_run34720634862_a1_8fb8347b4dbb.csv,8fb8347b4dbb95e869bdf2e88b7d5159b72f7d9cd359ae02df827056d804f68e,49.0,14.0,63.0,52.5,10.5,False,win,,,2.0,1.0,NOT QUALIFIER,
board_snapshot,2026-09-12 10:51:13.847731+00:00,2026.5,6896b9770568baf57f8d4375019ad98ddc2fe7b2f1a2dabc8374b28193757625,schedule,17 6 * * 6,34689406780,1,766914e46cc9c978a03e71667edd8384625dcfc4,True,120,3.5,56.0,7.5,56.0,NO PLAY,Model edge is below the 3.5-point production threshold.,,OTHER,GENERAL HGB,2026,2,401856680,2026-09-12 23:00:00+00:00,False,Towson,South Carolina,Williams-Brice Stadium,Columbia,SC,33.9730239,-81.0191726,False,56.5,DraftKings,CFBD,2.0,0.5,56.25,0.25,,57.104836827030944,0.6048368270309419,0.6048368270309419,over,81.0,75.0,82.0,3.452337276,9.206232736,47.0,0.13,0.0,Measurable precipitation forecast,ok,CAE,SEC,Coastal Athletic,fbs,fcs,False,3,outputs/prospective/2026/snapshots/board_20260912T105113Z_run34689406780_a1_b8e8b2fb19d9.csv,b8e8b2fb19d90eadd0ccd0e16a1363510e544ba49dea7907f9e74832c4c8aad8,LIVE,False,2026-09-12T10:48:58.716337+00:00,0.0,False,,728.7692044833333,True,57.25,2026-09-12 21:41:10.383687+00:00,78.82693855000001,DraftKings,CFBD,2.0,outputs/prospective/2026/close_captures/close_20260912T214110Z_run34720634862_a1_8fb8347b4dbb.csv,8fb8347b4dbb95e869bdf2e88b7d5159b72f7d9cd359ae02df827056d804f68e,45.0,9.0,54.0,56.5,-2.5,False,loss,,,0.75,1.0,NOT QUALIFIER,
board_snapshot,2026-09-12 10:51:13.847731+00:00,2026.5,6896b9770568baf57f8d4375019ad98ddc2fe7b2f1a2dabc8374b28193757625,schedule,17 6 * * 6,34689406780,1,766914e46cc9c978a03e71667edd8384625dcfc4,True,120,3.5,56.0,7.5,56.0,NO PLAY,Model edge is below the 3.5-point production threshold.,,FBS,GENERAL HGB,2026,2,401856681,2026-09-12 23:00:00+00:00,False,Tennessee,Georgia Tech,Bobby Dodd Stadium,Atlanta,GA,33.7724449,-84.3928054,False,55.5,DraftKings,CFBD,2.0,0.0,55.5,0.0,,56.11790482908379,0.6179048290837879,0.6179048290837879,over,80.0,73.0,81.0,4.603116368,8.055453644,37.0,0.05,0.0,Measurable precipitation forecast,ok,FFC,ACC,SEC,fbs,fbs,True,3,outputs/prospective/2026/snapshots/board_20260912T105113Z_run34689406780_a1_b8e8b2fb19d9.csv,b8e8b2fb19d90eadd0ccd0e16a1363510e544ba49dea7907f9e74832c4c8aad8,LIVE,False,2026-09-12T10:48:58.716337+00:00,0.0,False,,728.7692044833333,True,55.5,2026-09-12 21:41:10.383687+00:00,78.82693855000001,DraftKings,CFBD,2.0,outputs/prospective/2026/close_captures/close_20260912T214110Z_run34720634862_a1_8fb8347b4dbb.csv,8fb8347b4dbb95e869bdf2e88b7d5159b72f7d9cd359ae02df827056d804f68e,24.0,45.0,69.0,55.5,13.5,False,win,,,0.0,0.0,NOT QUALIFIER,
board_snapshot,2026-09-12 10:51:13.847731+00:00,2026.5,6896b9770568baf57f8d4375019ad98ddc2fe7b2f1a2dabc8374b28193757625,schedule,17 6 * * 6,34689406780,1,766914e46cc9c978a03e71667edd8384625dcfc4,True,120,3.5,56.0,7.5,56.0,NO PLAY,Model edge is below the 3.5-point production threshold.,refinement: total≥60 + RH≥80%,OTHER,GENERAL HGB,2026,2,401856786,2026-09-12 23:00:00+00:00,False,Western Carolina,Cincinnati,Nippert Stadium,Cincinnati,OH,39.1312495,-84.5161913,False,60.5,DraftKings,CFBD,2.0,0.0,60.5,0.0,,60.032381486543805,-0.4676185134561946,0.4676185134561946,under,78.0,74.0,86.0,2.301558184,5.75389546,33.0,0.47,0.0,Measurable precipitation forecast,ok,ILN,Big 12,Southern,fbs,fcs,False,3,outputs/prospective/2026/snapshots/board_20260912T105113Z_run34689406780_a1_b8e8b2fb19d9.csv,b8e8b2fb19d90eadd0ccd0e16a1363510e544ba49dea7907f9e74832c4c8aad8,LIVE,False,2026-09-12T10:48:58.716337+00:00,0.0,False,,728.7692044833333,True,61.5,2026-09-12 21:41:10.383687+00:00,78.82693855000001,DraftKings,CFBD,2.0,outputs/prospective/2026/close_captures/close_20260912T214110Z_run34720634862_a1_8fb8347b4dbb.csv,8fb8347b4dbb95e869bdf2e88b7d5159b72f7d9cd359ae02df827056d804f68e,62.0,10.0,72.0,60.5,11.5,False,loss,,,-1.0,0.0,NOT QUALIFIER,
board_snapshot,2026-09-12 10:51:13.847731+00:00,2026.5,6896b9770568baf57f8d4375019ad98ddc2fe7b2f1a2dabc8374b28193757625,schedule,17 6 * * 6,34689406780,1,766914e46cc9c978a03e71667edd8384625dcfc4,True,120,3.5,56.0,7.5,56.0,NO PLAY,Model edge is below the 3.5-point production threshold.,,OTHER,GENERAL HGB,2026,2,401856787,2026-09-12 23:00:00+00:00,False,Southern,Houston,TDECU Stadium,Houston,TX,29.7219885,-95.3491623,False,60.5,DraftKings,CFBD,2.0,0.0,60.5,0.0,,61.61284358985985,1.1128435898598508,1.1128435898598508,over,93.0,75.0,56.0,9.206232736,10.357011828,52.0,0.2,0.0,Measurable precipitation forecast,ok,HGX,Big 12,SWAC,fbs,fcs,False,3,outputs/prospective/2026/snapshots/board_20260912T105113Z_run34689406780_a1_b8e8b2fb19d9.csv,b8e8b2fb19d90eadd0ccd0e16a1363510e544ba49dea7907f9e74832c4c8aad8,LIVE,False,2026-09-12T10:48:58.716337+00:00,0.0,False,,728.7692044833333,True,61.75,2026-09-12 21:41:10.383687+00:00,78.82693855000001,DraftKings,CFBD,2.0,outputs/prospective/2026/close_captures/close_20260912T214110Z_run34720634862_a1_8fb8347b4dbb.csv,8fb8347b4dbb95e869bdf2e88b7d5159b72f7d9cd359ae02df827056d804f68e,77.0,6.0,83.0,60.5,22.5,False,win,,,1.25,1.0,NOT QUALIFIER,
board_snapshot,2026-09-12 10:51:13.847731+00:00,2026.5,6896b9770568baf57f8d4375019ad98ddc2fe7b2f1a2dabc8374b28193757625,schedule,17 6 * * 6,34689406780,1,766914e46cc9c978a03e71667edd8384625dcfc4,True,120,3.5,56.0,7.5,56.0,NO PLAY,Model edge is below the 3.5-point production threshold.,,FBS,GENERAL HGB,2026,2,401858441,2026-09-12 23:00:00+00:00,False,Bowling Green,Nebraska,"Memorial Stadium (Lincoln, NE)",Lincoln,NE,40.820682,-96.705594,False,49.5,DraftKings,CFBD,2.0,0.0,49.5,0.0,,50.26276433685991,0.7627643368599065,0.7627643368599065,over,77.0,58.0,52.0,8.055453644,13.809349104,16.0,0.0,0.0,No meaningful precipitation signal,ok,OAX,Big Ten,Mid-American,fbs,fbs,True,3,outputs/prospective/2026/snapshots/board_20260912T105113Z_run34689406780_a1_b8e8b2fb19d9.csv,b8e8b2fb19d90eadd0ccd0e16a1363510e544ba49dea7907f9e74832c4c8aad8,LIVE,False,2026-09-12T10:48:58.716337+00:00,0.0,False,,728.7692044833333,True,49.5,2026-09-12 21:41:10.383687+00:00,78.82693855000001,DraftKings,CFBD,2.0,outputs/prospective/2026/close_captures/close_20260912T214110Z_run34720634862_a1_8fb8347b4dbb.csv,8fb8347b4dbb95e869bdf2e88b7d5159b72f7d9cd359ae02df827056d804f68e,56.0,7.0,63.0,49.5,13.5,False,win,,,0.0,0.0,NOT QUALIFIER,
board_snapshot,2026-09-12 10:51:13.847731+00:00,2026.5,6896b9770568baf57f8d4375019ad98ddc2fe7b2f1a2dabc8374b28193757625,schedule,17 6 * * 6,34689406780,1,766914e46cc9c978a03e71667edd8384625dcfc4,True,120,3.5,56.0,7.5,56.0,NO PLAY,Model edge is below the 3.5-point production threshold.,,OTHER,GENERAL HGB,2026,2,401860882,2026-09-12 23:00:00+00:00,False,Southern Utah,Colorado State,Canvas Stadium,Fort Collins,CO,40.570015,-105.088435,False,56.5,DraftKings,CFBD,2.0,0.0,56.5,0.0,,57.22733047653369,0.7273304765336892,0.7273304765336892,over,80.0,49.0,34.0,11.50779092,19.563244564,21.0,0.0,0.0,No meaningful precipitation signal,ok,BOU,Pac-12,Big Sky,fbs,fcs,False,3,outputs/prospective/2026/snapshots/board_20260912T105113Z_run34689406780_a1_b8e8b2fb19d9.csv,b8e8b2fb19d90eadd0ccd0e16a1363510e544ba49dea7907f9e74832c4c8aad8,LIVE,False,2026-09-12T10:48:58.716337+00:00,0.0,False,,728.7692044833333,True,57.25,2026-09-12 21:41:10.383687+00:00,78.82693855000001,DraftKings,CFBD,2.0,outputs/prospective/2026/close_captures/close_20260912T214110Z_run34720634862_a1_8fb8347b4dbb.csv,8fb8347b4dbb95e869bdf2e88b7d5159b72f7d9cd359ae02df827056d804f68e,58.0,24.0,82.0,56.5,25.5,False,win,,,0.75,1.0,NOT QUALIFIER,
board_snapshot,2026-09-12 10:51:13.847731+00:00,2026.5,6896b9770568baf57f8d4375019ad98ddc2fe7b2f1a2dabc8374b28193757625,schedule,17 6 * * 6,34689406780,1,766914e46cc9c978a03e71667edd8384625dcfc4,True,120,3.5,56.0,7.5,56.0,NO PLAY,Model edge is below the 3.5-point production threshold.,,FBS,GENERAL HGB,2026,2,401862707,2026-09-12 23:00:00+00:00,False,Tulsa,Sam Houston,Elliott T. Bowers Stadium,Huntsville,TX,30.713926,-95.5419802,False,51.5,DraftKings,CFBD,2.0,0.0,51.5,0.0,,52.00588246825406,0.5058824682540549,0.5058824682540549,over,93.0,73.0,52.0,8.055453644,11.50779092,20.0,0.02,0.0,Measurable precipitation forecast,ok,HGX,Conference USA,American Athletic,fbs,fbs,True,3,outputs/prospective/2026/snapshots/board_20260912T105113Z_run34689406780_a1_b8e8b2fb19d9.csv,b8e8b2fb19d90eadd0ccd0e16a1363510e544ba49dea7907f9e74832c4c8aad8,LIVE,False,2026-09-12T10:48:58.716337+00:00,0.0,False,,728.7692044833333,True,51.75,2026-09-12 21:41:10.383687+00:00,78.82693855000001,DraftKings,CFBD,2.0,outputs/prospective/2026/close_captures/close_20260912T214110Z_run34720634862_a1_8fb8347b4dbb.csv,8fb8347b4dbb95e869bdf2e88b7d5159b72f7d9cd359ae02df827056d804f68e,17.0,23.0,40.0,51.5,-11.5,False,loss,,,0.25,1.0,NOT QUALIFIER,
board_snapshot,2026-09-12 10:51:13.847731+00:00,2026.5,6896b9770568baf57f8d4375019ad98ddc2fe7b2f1a2dabc8374b28193757625,schedule,17 6 * * 6,34689406780,1,766914e46cc9c978a03e71667edd8384625dcfc4,True,120,3.5,56.0,7.5,56.0,NO PLAY,Model edge is below the 3.5-point production threshold.,,OTHER,GENERAL HGB,2026,2,401864503,2026-09-12 23:00:00+00:00,False,Illinois State,Northern Illinois,Huskie Stadium,DeKalb,IL,41.9339586,-88.7778357,False,47.5,DraftKings,CFBD,2.0,0.5,47.75,-0.25,,48.63201610696622,1.132016106966221,1.132016106966221,over,81.0,67.0,63.0,8.055453644,12.658570012,2.0,0.0,0.0,No meaningful precipitation signal,ok,LOT,Mountain West,MVFC,fbs,fcs,False,3,outputs/prospective/2026/snapshots/board_20260912T105113Z_run34689406780_a1_b8e8b2fb19d9.csv,b8e8b2fb19d90eadd0ccd0e16a1363510e544ba49dea7907f9e74832c4c8aad8,LIVE,False,2026-09-12T10:48:58.716337+00:00,0.0,False,,728.7692044833333,True,47.75,2026-09-12 21:41:10.383687+00:00,78.82693855000001,DraftKings,CFBD,2.0,outputs/prospective/2026/close_captures/close_20260912T214110Z_run34720634862_a1_8fb8347b4dbb.csv,8fb8347b4dbb95e869bdf2e88b7d5159b72f7d9cd359ae02df827056d804f68e,24.0,28.0,52.0,47.5,4.5,False,win,,,0.25,1.0,NOT QUALIFIER,
board_snapshot,2026-09-12 10:51:13.847731+00:00,2026.5,6896b9770568baf57f8d4375019ad98ddc2fe7b2f1a2dabc8374b28193757625,schedule,17 6 * * 6,34689406780,1,766914e46cc9c978a03e71667edd8384625dcfc4,True,120,3.5,56.0,7.5,56.0,NO PLAY,Model edge is below the 3.5-point production threshold.,,FBS,GENERAL HGB,2026,2,401864575,2026-09-12 23:00:00+00:00,False,South Alabama,Tulane,Yulman Stadium,New Orleans,LA,29.944616,-90.116692,False,49.5,DraftKings,CFBD,2.0,0.0,49.5,0.0,,50.29578576727431,0.7957857672743083,0.7957857672743083,over,85.0,75.0,72.0,4.603116368,6.904674552,19.0,0.6900000000000001,0.0,Measurable precipitation forecast,ok,LIX,American Athletic,Sun Belt,fbs,fbs,True,3,outputs/prospective/2026/snapshots/board_20260912T105113Z_run34689406780_a1_b8e8b2fb19d9.csv,b8e8b2fb19d90eadd0ccd0e16a1363510e544ba49dea7907f9e74832c4c8aad8,LIVE,False,2026-09-12T10:48:58.716337+00:00,0.0,False,,728.7692044833333,True,48.25,2026-09-12 21:41:10.383687+00:00,78.82693855000001,DraftKings,CFBD,2.0,outputs/prospective/2026/close_captures/close_20260912T214110Z_run34720634862_a1_8fb8347b4dbb.csv,8fb8347b4dbb95e869bdf2e88b7d5159b72f7d9cd359ae02df827056d804f68e,28.0,24.0,52.0,49.5,2.5,False,win,,,-1.25,0.0,NOT QUALIFIER,
board_snapshot,2026-09-12 10:51:13.847731+00:00,2026.5,6896b9770568baf57f8d4375019ad98ddc2fe7b2f1a2dabc8374b28193757625,schedule,17 6 * * 6,34689406780,1,766914e46cc9c978a03e71667edd8384625dcfc4,True,120,3.5,56.0,7.5,56.0,NO PLAY,FCS-only model points over; the FCS research track has not validated an over production strategy.,5.0+ model edge; FCS-only HGB,FCS,FCS-only HGB,2026,2,401867856,2026-09-12 23:00:00+00:00,False,Indiana State,Eastern Illinois,O'Brien Stadium,Charleston,IL,39.4804965,-88.1811618,False,49.5,DraftKings,CFBD,1.0,0.0,49.5,0.0,,55.18996326899696,5.689963268996958,5.689963268996958,over,86.0,67.0,53.0,3.452337276,5.75389546,0.0,0.0,0.0,No meaningful precipitation signal,ok,ILX,OVC,MVFC,fcs,fcs,False,3,outputs/prospective/2026/snapshots/board_20260912T105113Z_run34689406780_a1_b8e8b2fb19d9.csv,b8e8b2fb19d90eadd0ccd0e16a1363510e544ba49dea7907f9e74832c4c8aad8,LIVE,False,2026-09-12T10:48:58.716337+00:00,0.0,False,,728.7692044833333,True,49.5,2026-09-12 21:41:10.383687+00:00,78.82693855000001,DraftKings,CFBD,1.0,outputs/prospective/2026/close_captures/close_20260912T214110Z_run34720634862_a1_8fb8347b4dbb.csv,8fb8347b4dbb95e869bdf2e88b7d5159b72f7d9cd359ae02df827056d804f68e,35.0,42.0,77.0,49.5,27.5,False,win,,,0.0,0.0,NOT QUALIFIER,
board_snapshot,2026-09-12 10:51:13.847731+00:00,2026.5,6896b9770568baf57f8d4375019ad98ddc2fe7b2f1a2dabc8374b28193757625,schedule,17 6 * * 6,34689406780,1,766914e46cc9c978a03e71667edd8384625dcfc4,True,120,3.5,56.0,7.5,56.0,NO PLAY,FCS-only model does not meet the conservative under-edge screen.,FCS-only HGB,FCS,FCS-only HGB,2026,2,401867867,2026-09-12 23:00:00+00:00,False,Valparaiso,Murray State,Roy Stewart Stadium,Murray,KY,36.6215165,-88.3175531,False,51.5,DraftKings,CFBD,1.0,0.0,51.5,0.0,,54.97753816270543,3.47753816270543,3.47753816270543,over,84.0,73.0,70.0,2.301558184,5.75389546,0.0,0.0,0.0,No meaningful precipitation signal,ok,PAH,MVFC,Pioneer,fcs,fcs,False,3,outputs/prospective/2026/snapshots/board_20260912T105113Z_run34689406780_a1_b8e8b2fb19d9.csv,b8e8b2fb19d90eadd0ccd0e16a1363510e544ba49dea7907f9e74832c4c8aad8,LIVE,False,2026-09-12T10:48:58.716337+00:00,0.0,False,,728.7692044833333,True,48.5,2026-09-12 21:41:10.383687+00:00,78.82693855000001,DraftKings,CFBD,1.0,outputs/prospective/2026/close_captures/close_20260912T214110Z_run34720634862_a1_8fb8347b4dbb.csv,8fb8347b4dbb95e869bdf2e88b7d5159b72f7d9cd359ae02df827056d804f68e,27.0,18.0,45.0,51.5,-6.5,False,loss,,,-3.0,0.0,NOT QUALIFIER,
board_snapshot,2026-09-12 10:51:13.847731+00:00,2026.5,6896b9770568baf57f8d4375019ad98ddc2fe7b2f1a2dabc8374b28193757625,schedule,17 6 * * 6,34689406780,1,766914e46cc9c978a03e71667edd8384625dcfc4,True,120,3.5,56.0,7.5,56.0,NO PLAY,FCS-only model does not meet the conservative under-edge screen.,FCS-only HGB,FCS,FCS-only HGB,2026,2,401867890,2026-09-12 23:00:00+00:00,False,Southeast Missouri State,Southern Illinois,Saluki Stadium,Carbondale,IL,37.708637,-89.216212,False,53.5,DraftKings,CFBD,1.0,0.0,53.5,0.0,,57.41778594434126,3.91778594434126,3.91778594434126,over,87.0,71.0,59.0,1.150779092,3.452337276,0.0,0.0,0.0,No meaningful precipitation signal,ok,PAH,MVFC,OVC,fcs,fcs,False,3,outputs/prospective/2026/snapshots/board_20260912T105113Z_run34689406780_a1_b8e8b2fb19d9.csv,b8e8b2fb19d90eadd0ccd0e16a1363510e544ba49dea7907f9e74832c4c8aad8,LIVE,False,2026-09-12T10:48:58.716337+00:00,0.0,False,,728.7692044833333,True,53.5,2026-09-12 21:41:10.383687+00:00,78.82693855000001,DraftKings,CFBD,1.0,outputs/prospective/2026/close_captures/close_20260912T214110Z_run34720634862_a1_8fb8347b4dbb.csv,8fb8347b4dbb95e869bdf2e88b7d5159b72f7d9cd359ae02df827056d804f68e,34.0,20.0,54.0,53.5,0.5,False,win,,,0.0,0.0,NOT QUALIFIER,
board_snapshot,2026-09-12 10:51:13.847731+00:00,2026.5,6896b9770568baf57f8d4375019ad98ddc2fe7b2f1a2dabc8374b28193757625,schedule,17 6 * * 6,34689406780,1,766914e46cc9c978a03e71667edd8384625dcfc4,True,120,3.5,56.0,7.5,56.0,NO LINE,No current market total is available.,,OTHER,GENERAL HGB,2026,2,401868072,2026-09-12 23:00:00+00:00,False,Central Oklahoma,Central Arkansas,Estes Stadium,Conway,AR,35.0802599,-92.460045,False,,missing,,,,,,,,,,over,,,,,,,,,,,,UAC,Mid America,fcs,ii,False,4,outputs/prospective/2026/snapshots/board_20260912T105113Z_run34689406780_a1_b8e8b2fb19d9.csv,b8e8b2fb19d90eadd0ccd0e16a1363510e544ba49dea7907f9e74832c4c8aad8,NO LINE,False,,,False,,728.7692044833333,True,,,,,,,,,59.0,20.0,79.0,,,False,,,,,,NOT QUALIFIER,
board_snapshot,2026-09-12 10:51:13.847731+00:00,2026.5,6896b9770568baf57f8d4375019ad98ddc2fe7b2f1a2dabc8374b28193757625,schedule,17 6 * * 6,34689406780,1,766914e46cc9c978a03e71667edd8384625dcfc4,True,120,3.5,56.0,7.5,56.0,NO PLAY,FCS-only model does not meet the conservative under-edge screen.,FCS-only HGB,FCS,FCS-only HGB,2026,2,401868150,2026-09-12 23:00:00+00:00,False,North Alabama,SE Louisiana,Strawberry Stadium,Hammond,LA,30.5110264,-90.4685792,False,49.5,DraftKings,CFBD,1.0,0.0,49.5,0.0,,48.77526213419984,-0.7247378658001596,0.7247378658001596,under,85.0,75.0,72.0,3.452337276,5.75389546,13.0,0.02,0.0,Measurable precipitation forecast,ok,LIX,Southland,UAC,fcs,fcs,False,3,outputs/prospective/2026/snapshots/board_20260912T105113Z_run34689406780_a1_b8e8b2fb19d9.csv,b8e8b2fb19d90eadd0ccd0e16a1363510e544ba49dea7907f9e74832c4c8aad8,LIVE,False,2026-09-12T10:48:58.716337+00:00,0.0,False,,728.7692044833333,True,51.5,2026-09-12 21:41:10.383687+00:00,78.82693855000001,DraftKings,CFBD,1.0,outputs/prospective/2026/close_captures/close_20260912T214110Z_run34720634862_a1_8fb8347b4dbb.csv,8fb8347b4dbb95e869bdf2e88b7d5159b72f7d9cd359ae02df827056d804f68e,30.0,25.0,55.0,49.5,5.5,False,loss,,,-2.0,0.0,NOT QUALIFIER,
board_snapshot,2026-09-12 10:51:13.847731+00:00,2026.5,6896b9770568baf57f8d4375019ad98ddc2fe7b2f1a2dabc8374b28193757625,schedule,17 6 * * 6,34689406780,1,766914e46cc9c978a03e71667edd8384625dcfc4,True,120,3.5,56.0,7.5,56.0,NO PLAY,FCS-only model does not meet the conservative under-edge screen.,FCS-only HGB,FCS,FCS-only HGB,2026,2,401868195,2026-09-12 23:00:00+00:00,False,Tennessee State,Alabama A&M,Louis Crews Stadium,Huntsville,AL,34.7835363,-86.5784132,False,49.5,DraftKings,CFBD,1.0,0.0,49.5,0.0,,49.94569815966465,0.4456981596646549,0.4456981596646549,over,84.0,74.0,72.0,2.301558184,6.904674552,61.0,0.23,0.0,Measurable precipitation forecast,ok,HUN,SWAC,OVC,fcs,fcs,False,3,outputs/prospective/2026/snapshots/board_20260912T105113Z_run34689406780_a1_b8e8b2fb19d9.csv,b8e8b2fb19d90eadd0ccd0e16a1363510e544ba49dea7907f9e74832c4c8aad8,LIVE,False,2026-09-12T10:48:58.716337+00:00,0.0,False,,728.7692044833333,True,49.5,2026-09-12 21:41:10.383687+00:00,78.82693855000001,DraftKings,CFBD,1.0,outputs/prospective/2026/close_captures/close_20260912T214110Z_run34720634862_a1_8fb8347b4dbb.csv,8fb8347b4dbb95e869bdf2e88b7d5159b72f7d9cd359ae02df827056d804f68e,30.0,3.0,33.0,49.5,-16.5,False,loss,,,0.0,0.0,NOT QUALIFIER,
board_snapshot,2026-09-12 10:51:13.847731+00:00,2026.5,6896b9770568baf57f8d4375019ad98ddc2fe7b2f1a2dabc8374b28193757625,schedule,17 6 * * 6,34689406780,1,766914e46cc9c978a03e71667edd8384625dcfc4,True,120,3.5,56.0,7.5,56.0,NO PLAY,FCS-only model does not meet the conservative under-edge screen.,FCS-only HGB; FCS 56+ total,FCS,FCS-only HGB,2026,2,401868236,2026-09-12 23:00:00+00:00,False,Tarleton State,McNeese,Cowboy Stadium,Lake Charles,LA,30.1804575,-93.2178729,False,56.5,DraftKings,CFBD,1.0,0.0,56.5,0.0,,58.364886072414095,1.8648860724140943,1.8648860724140943,over,89.0,76.0,66.0,6.904674552,11.50779092,17.0,0.09,0.0,Measurable precipitation forecast,ok,LCH,Southland,UAC,fcs,fcs,False,3,outputs/prospective/2026/snapshots/board_20260912T105113Z_run34689406780_a1_b8e8b2fb19d9.csv,b8e8b2fb19d90eadd0ccd0e16a1363510e544ba49dea7907f9e74832c4c8aad8,LIVE,False,2026-09-12T10:48:58.716337+00:00,0.0,False,,728.7692044833333,True,56.5,2026-09-12 21:41:10.383687+00:00,78.82693855000001,DraftKings,CFBD,1.0,outputs/prospective/2026/close_captures/close_20260912T214110Z_run34720634862_a1_8fb8347b4dbb.csv,8fb8347b4dbb95e869bdf2e88b7d5159b72f7d9cd359ae02df827056d804f68e,24.0,27.0,51.0,56.5,-5.5,False,loss,,,0.0,0.0,NOT QUALIFIER,
board_snapshot,2026-09-12 10:51:13.847731+00:00,2026.5,6896b9770568baf57f8d4375019ad98ddc2fe7b2f1a2dabc8374b28193757625,schedule,17 6 * * 6,34689406780,1,766914e46cc9c978a03e71667edd8384625dcfc4,True,120,3.5,56.0,7.5,56.0,NO PLAY,Model edge is below the 3.5-point production threshold.,,OTHER,GENERAL HGB,2026,2,401868241,2026-09-12 23:00:00+00:00,False,West Georgia,Arkansas State,Centennial Bank Stadium,Jonesboro,AR,35.8488977,-90.6677436,False,56.5,DraftKings,CFBD,2.0,0.0,56.5,0.0,,57.67010520166109,1.1701052016610862,1.1701052016610862,over,91.0,68.0,47.0,3.452337276,3.452337276,0.0,0.0,0.0,No meaningful precipitation signal,ok,MEG,Sun Belt,UAC,fbs,fcs,False,3,outputs/prospective/2026/snapshots/board_20260912T105113Z_run34689406780_a1_b8e8b2fb19d9.csv,b8e8b2fb19d90eadd0ccd0e16a1363510e544ba49dea7907f9e74832c4c8aad8,LIVE,False,2026-09-12T10:48:58.716337+00:00,0.0,False,,728.7692044833333,True,56.25,2026-09-12 21:41:10.383687+00:00,78.82693855000001,DraftKings,CFBD,2.0,outputs/prospective/2026/close_captures/close_20260912T214110Z_run34720634862_a1_8fb8347b4dbb.csv,8fb8347b4dbb95e869bdf2e88b7d5159b72f7d9cd359ae02df827056d804f68e,52.0,7.0,59.0,56.5,2.5,False,win,,,-0.25,0.0,NOT QUALIFIER,
board_snapshot,2026-09-12 10:51:13.847731+00:00,2026.5,6896b9770568baf57f8d4375019ad98ddc2fe7b2f1a2dabc8374b28193757625,schedule,17 6 * * 6,34689406780,1,766914e46cc9c978a03e71667edd8384625dcfc4,True,120,3.5,56.0,7.5,56.0,NO PLAY,FCS-only model does not meet the conservative under-edge screen.,FCS-only HGB,FCS,FCS-only HGB,2026,2,401868246,2026-09-12 23:00:00+00:00,False,UT Rio Grande Valley,Nicholls,Manning Field at John L. Guidry Stadium,Thibodaux,LA,29.7867254,-90.80455,False,50.5,DraftKings,CFBD,1.0,0.0,50.5,0.0,,53.50374944897717,3.003749448977167,3.003749448977167,over,85.0,76.0,75.0,2.301558184,3.452337276,23.0,0.23,0.0,Measurable precipitation forecast,ok,LIX,Southland,Southland,fcs,fcs,False,3,outputs/prospective/2026/snapshots/board_20260912T105113Z_run34689406780_a1_b8e8b2fb19d9.csv,b8e8b2fb19d90eadd0ccd0e16a1363510e544ba49dea7907f9e74832c4c8aad8,LIVE,False,2026-09-12T10:48:58.716337+00:00,0.0,False,,728.7692044833333,True,50.5,2026-09-12 21:41:10.383687+00:00,78.82693855000001,DraftKings,CFBD,1.0,outputs/prospective/2026/close_captures/close_20260912T214110Z_run34720634862_a1_8fb8347b4dbb.csv,8fb8347b4dbb95e869bdf2e88b7d5159b72f7d9cd359ae02df827056d804f68e,31.0,28.0,59.0,50.5,8.5,False,win,,,0.0,0.0,NOT QUALIFIER,
board_snapshot,2026-09-12 10:51:13.847731+00:00,2026.5,6896b9770568baf57f8d4375019ad98ddc2fe7b2f1a2dabc8374b28193757625,schedule,17 6 * * 6,34689406780,1,766914e46cc9c978a03e71667edd8384625dcfc4,True,120,3.5,56.0,7.5,56.0,NO PLAY,FCS-only model does not meet the conservative under-edge screen.,FCS-only HGB,FCS,FCS-only HGB,2026,2,401868355,2026-09-12 23:00:00+00:00,False,Arkansas-Pine Bluff,Alcorn State,Simmons Bank Liberty Stadium,Memphis,TN,35.1209429,-89.977147,False,49.5,DraftKings,CFBD,1.0,0.0,49.5,0.0,,47.6378694999893,-1.862130500010701,1.862130500010701,under,91.0,71.0,52.0,3.452337276,6.904674552,0.0,0.0,0.0,No meaningful precipitation signal,ok,MEG,SWAC,SWAC,fcs,fcs,False,3,outputs/prospective/2026/snapshots/board_20260912T105113Z_run34689406780_a1_b8e8b2fb19d9.csv,b8e8b2fb19d90eadd0ccd0e16a1363510e544ba49dea7907f9e74832c4c8aad8,LIVE,False,2026-09-12T10:48:58.716337+00:00,0.0,False,,728.7692044833333,True,49.5,2026-09-12 21:41:10.383687+00:00,78.82693855000001,DraftKings,CFBD,1.0,outputs/prospective/2026/close_captures/close_20260912T214110Z_run34720634862_a1_8fb8347b4dbb.csv,8fb8347b4dbb95e869bdf2e88b7d5159b72f7d9cd359ae02df827056d804f68e,53.0,51.0,104.0,49.5,54.5,False,loss,,,0.0,0.0,NOT QUALIFIER,
board_snapshot,2026-09-12 10:51:13.847731+00:00,2026.5,6896b9770568baf57f8d4375019ad98ddc2fe7b2f1a2dabc8374b28193757625,schedule,17 6 * * 6,34689406780,1,766914e46cc9c978a03e71667edd8384625dcfc4,True,120,3.5,56.0,7.5,56.0,NO PLAY,FCS-only model does not meet the conservative under-edge screen.,5.0+ model edge; FCS-only HGB,FCS,FCS-only HGB,2026,2,401868386,2026-09-12 23:00:00+00:00,False,Samford,Tennessee Tech,Tucker Stadium,Cookeville,TN,36.1780555,-85.506183,False,48.5,DraftKings,CFBD,1.0,0.0,48.5,0.0,,42.79313841898461,-5.7068615810153895,5.7068615810153895,under,79.0,74.0,85.0,2.301558184,8.055453644,27.0,0.03,0.0,Measurable precipitation forecast,ok,OHX,Southern,Southern,fcs,fcs,False,3,outputs/prospective/2026/snapshots/board_20260912T105113Z_run34689406780_a1_b8e8b2fb19d9.csv,b8e8b2fb19d90eadd0ccd0e16a1363510e544ba49dea7907f9e74832c4c8aad8,LIVE,False,2026-09-12T10:48:58.716337+00:00,0.0,False,,728.7692044833333,True,48.5,2026-09-12 21:41:10.383687+00:00,78.82693855000001,DraftKings,CFBD,1.0,outputs/prospective/2026/close_captures/close_20260912T214110Z_run34720634862_a1_8fb8347b4dbb.csv,8fb8347b4dbb95e869bdf2e88b7d5159b72f7d9cd359ae02df827056d804f68e,45.0,19.0,64.0,48.5,15.5,False,loss,,,0.0,0.0,NOT QUALIFIER,
board_snapshot,2026-09-12 10:51:13.847731+00:00,2026.5,6896b9770568baf57f8d4375019ad98ddc2fe7b2f1a2dabc8374b28193757625,schedule,17 6 * * 6,34689406780,1,766914e46cc9c978a03e71667edd8384625dcfc4,True,120,3.5,56.0,7.5,56.0,NO PLAY,FCS-only model does not meet the conservative under-edge screen.,FCS-only HGB,FCS,FCS-only HGB,2026,2,401869130,2026-09-12 23:00:00+00:00,False,Northwestern State,East Texas A&M,Memorial Stadium (Commerce TX),Commerce,TX,33.2442615,-95.9006353,False,51.5,DraftKings,CFBD,1.0,0.0,51.5,0.0,,47.740601393849886,-3.759398606150112,3.759398606150112,under,97.0,67.0,38.0,8.055453644,13.809349104,12.0,0.0,0.0,No meaningful precipitation signal,ok,FWD,Southland,Southland,fcs,fcs,False,3,outputs/prospective/2026/snapshots/board_20260912T105113Z_run34689406780_a1_b8e8b2fb19d9.csv,b8e8b2fb19d90eadd0ccd0e16a1363510e544ba49dea7907f9e74832c4c8aad8,LIVE,False,2026-09-12T10:48:58.716337+00:00,0.0,False,,728.7692044833333,True,53.5,2026-09-12 21:41:10.383687+00:00,78.82693855000001,DraftKings,CFBD,1.0,outputs/prospective/2026/close_captures/close_20260912T214110Z_run34720634862_a1_8fb8347b4dbb.csv,8fb8347b4dbb95e869bdf2e88b7d5159b72f7d9cd359ae02df827056d804f68e,38.0,14.0,52.0,51.5,0.5,False,loss,,,-2.0,0.0,NOT QUALIFIER,
board_snapshot,2026-09-12 10:51:13.847731+00:00,2026.5,6896b9770568baf57f8d4375019ad98ddc2fe7b2f1a2dabc8374b28193757625,schedule,17 6 * * 6,34689406780,1,766914e46cc9c978a03e71667edd8384625dcfc4,True,120,3.5,56.0,7.5,56.0,NO LINE,No current market total is available.,,OTHER,GENERAL HGB,2026,2,401869150,2026-09-12 23:00:00+00:00,False,Arkansas Baptist,Houston Christian,Husky Stadium,Houston,TX,29.6949025,-95.5167353,False,,missing,,,,,,,,,,over,,,,,,,,,,,,Southland,missing,fcs,,False,4,outputs/prospective/2026/snapshots/board_20260912T105113Z_run34689406780_a1_b8e8b2fb19d9.csv,b8e8b2fb19d90eadd0ccd0e16a1363510e544ba49dea7907f9e74832c4c8aad8,NO LINE,False,,,False,,728.7692044833333,True,,,,,,,,,88.0,0.0,88.0,,,False,,,,,,NOT QUALIFIER,
board_snapshot,2026-09-12 10:51:13.847731+00:00,2026.5,6896b9770568baf57f8d4375019ad98ddc2fe7b2f1a2dabc8374b28193757625,schedule,17 6 * * 6,34689406780,1,766914e46cc9c978a03e71667edd8384625dcfc4,True,120,3.5,56.0,7.5,56.0,NO PLAY,Model edge is below the 3.5-point production threshold.,,FBS,GENERAL HGB,2026,2,401869955,2026-09-12 23:00:00+00:00,False,Georgia State,Kennesaw State,Fifth Third Stadium,Kennesaw,GA,34.0289318,-84.5676234,False,54.5,DraftKings,CFBD,2.0,0.0,54.5,0.0,,55.0640715289461,0.564071528946101,0.564071528946101,over,80.0,74.0,82.0,3.452337276,8.055453644,38.0,0.09,0.0,Measurable precipitation forecast,ok,FFC,Conference USA,Sun Belt,fbs,fbs,True,3,outputs/prospective/2026/snapshots/board_20260912T105113Z_run34689406780_a1_b8e8b2fb19d9.csv,b8e8b2fb19d90eadd0ccd0e16a1363510e544ba49dea7907f9e74832c4c8aad8,LIVE,False,2026-09-12T10:48:58.716337+00:00,0.0,False,,728.7692044833333,True,55.5,2026-09-12 21:41:10.383687+00:00,78.82693855000001,DraftKings,CFBD,2.0,outputs/prospective/2026/close_captures/close_20260912T214110Z_run34720634862_a1_8fb8347b4dbb.csv,8fb8347b4dbb95e869bdf2e88b7d5159b72f7d9cd359ae02df827056d804f68e,17.0,31.0,48.0,54.5,-6.5,False,loss,,,1.0,1.0,NOT QUALIFIER,
board_snapshot,2026-09-12 10:51:13.847731+00:00,2026.5,6896b9770568baf57f8d4375019ad98ddc2fe7b2f1a2dabc8374b28193757625,schedule,17 6 * * 6,34689406780,1,766914e46cc9c978a03e71667edd8384625dcfc4,True,120,3.5,56.0,7.5,56.0,NO PLAY,Model edge is below the 3.5-point production threshold.,,FBS,GENERAL HGB,2026,2,401871045,2026-09-12 23:00:00+00:00,False,Middle Tennessee,Marshall,Joan C. Edwards Stadium,Huntington,WV,38.4247042,-82.4214412,False,56.5,DraftKings,CFBD,2.0,0.5,56.75,-0.25,,55.95617141178584,-0.5438285882141601,0.5438285882141601,under,80.0,75.0,84.0,2.301558184,8.055453644,77.0,0.03,0.0,Measurable precipitation forecast,ok,RLX,Sun Belt,Conference USA,fbs,fbs,True,3,outputs/prospective/2026/snapshots/board_20260912T105113Z_run34689406780_a1_b8e8b2fb19d9.csv,b8e8b2fb19d90eadd0ccd0e16a1363510e544ba49dea7907f9e74832c4c8aad8,LIVE,False,2026-09-12T10:48:58.716337+00:00,0.0,False,,728.7692044833333,True,55.75,2026-09-12 21:41:10.383687+00:00,78.82693855000001,DraftKings,CFBD,2.0,outputs/prospective/2026/close_captures/close_20260912T214110Z_run34720634862_a1_8fb8347b4dbb.csv,8fb8347b4dbb95e869bdf2e88b7d5159b72f7d9cd359ae02df827056d804f68e,28.0,26.0,54.0,56.5,-2.5,False,win,,,0.75,1.0,NOT QUALIFIER,
board_snapshot,2026-09-12 10:51:13.847731+00:00,2026.5,6896b9770568baf57f8d4375019ad98ddc2fe7b2f1a2dabc8374b28193757625,schedule,17 6 * * 6,34689406780,1,766914e46cc9c978a03e71667edd8384625dcfc4,True,120,3.5,56.0,7.5,56.0,NO PLAY,Model edge is below the 3.5-point production threshold.,,OTHER,GENERAL HGB,2026,2,401871046,2026-09-12 23:00:00+00:00,False,Lindenwood,Missouri State,Plaster Sports Complex,Springfield,MO,37.1976229,-93.2798119,False,52.5,DraftKings,CFBD,2.0,0.0,52.5,0.0,,53.42073803709691,0.9207380370969104,0.9207380370969104,over,91.0,71.0,52.0,2.301558184,5.75389546,1.0,0.0,0.0,No meaningful precipitation signal,ok,SGF,Conference USA,OVC,fbs,fcs,False,3,outputs/prospective/2026/snapshots/board_20260912T105113Z_run34689406780_a1_b8e8b2fb19d9.csv,b8e8b2fb19d90eadd0ccd0e16a1363510e544ba49dea7907f9e74832c4c8aad8,LIVE,False,2026-09-12T10:48:58.716337+00:00,0.0,False,,728.7692044833333,True,52.5,2026-09-12 21:41:10.383687+00:00,78.82693855000001,DraftKings,CFBD,2.0,outputs/prospective/2026/close_captures/close_20260912T214110Z_run34720634862_a1_8fb8347b4dbb.csv,8fb8347b4dbb95e869bdf2e88b7d5159b72f7d9cd359ae02df827056d804f68e,48.0,14.0,62.0,52.5,9.5,False,win,,,0.0,0.0,NOT QUALIFIER,
board_snapshot,2026-09-12 10:51:13.847731+00:00,2026.5,6896b9770568baf57f8d4375019ad98ddc2fe7b2f1a2dabc8374b28193757625,schedule,17 6 * * 6,34689406780,1,766914e46cc9c978a03e71667edd8384625dcfc4,True,120,3.5,56.0,7.5,56.0,NO PLAY,FCS-only model does not meet the conservative under-edge screen.,FCS-only HGB; FCS 56+ total,FCS,FCS-only HGB,2026,2,401872616,2026-09-12 23:00:00+00:00,False,New Haven,South Dakota State,Dana J. Dykhouse Stadium,Brookings,SD,44.3210182,-96.7801386,False,56.5,DraftKings,CFBD,1.0,0.0,56.5,0.0,,54.53432720718408,-1.965672792815914,1.965672792815914,under,69.0,44.0,41.0,8.055453644,13.809349104,1.0,0.0,0.0,No meaningful precipitation signal,ok,FSD,MVFC,NEC,fcs,fcs,False,3,outputs/prospective/2026/snapshots/board_20260912T105113Z_run34689406780_a1_b8e8b2fb19d9.csv,b8e8b2fb19d90eadd0ccd0e16a1363510e544ba49dea7907f9e74832c4c8aad8,LIVE,False,2026-09-12T10:48:58.716337+00:00,0.0,False,,728.7692044833333,True,55.5,2026-09-12 21:41:10.383687+00:00,78.82693855000001,DraftKings,CFBD,1.0,outputs/prospective/2026/close_captures/close_20260912T214110Z_run34720634862_a1_8fb8347b4dbb.csv,8fb8347b4dbb95e869bdf2e88b7d5159b72f7d9cd359ae02df827056d804f68e,57.0,14.0,71.0,56.5,14.5,False,loss,,,1.0,1.0,NOT QUALIFIER,
board_snapshot,2026-09-12 10:51:13.847731+00:00,2026.5,6896b9770568baf57f8d4375019ad98ddc2fe7b2f1a2dabc8374b28193757625,schedule,17 6 * * 6,34689406780,1,766914e46cc9c978a03e71667edd8384625dcfc4,True,120,3.5,56.0,7.5,56.0,NO PLAY,Model edge is below the 3.5-point production threshold.,,FBS,GENERAL HGB,2026,2,401858443,2026-09-12 23:15:00+00:00,False,San Diego State,UCLA,Rose Bowl,Pasadena,CA,34.1613284,-118.1676462,False,54.5,DraftKings,CFBD,2.0,0.5,54.25,0.25,,55.26840703970648,0.7684070397064783,0.7684070397064783,over,91.0,63.0,39.0,6.904674552,6.904674552,0.0,0.0,0.0,No meaningful precipitation signal,ok,LOX,Big Ten,Pac-12,fbs,fbs,True,3,outputs/prospective/2026/snapshots/board_20260912T105113Z_run34689406780_a1_b8e8b2fb19d9.csv,b8e8b2fb19d90eadd0ccd0e16a1363510e544ba49dea7907f9e74832c4c8aad8,LIVE,False,2026-09-12T10:48:58.716337+00:00,0.0,False,,743.7692044833333,True,,,,,,,,,28.0,10.0,38.0,54.5,-16.5,False,loss,,,,,NOT QUALIFIER,
board_snapshot,2026-09-12 10:51:13.847731+00:00,2026.5,6896b9770568baf57f8d4375019ad98ddc2fe7b2f1a2dabc8374b28193757625,schedule,17 6 * * 6,34689406780,1,766914e46cc9c978a03e71667edd8384625dcfc4,True,120,3.5,56.0,7.5,56.0,NO PLAY,Model edge is below the 3.5-point production threshold.,,OTHER,GENERAL HGB,2026,2,401858447,2026-09-12 23:15:00+00:00,False,Western Illinois,Wisconsin,Camp Randall Stadium,Madison,WI,43.06994,-89.4126943,False,49.5,DraftKings,CFBD,2.0,0.5,49.75,-0.25,,50.56348561800027,1.0634856180002688,1.0634856180002688,over,76.0,60.0,58.0,8.055453644,12.658570012,2.0,0.0,0.0,No meaningful precipitation signal,ok,MKX,Big Ten,OVC,fbs,fcs,False,3,outputs/prospective/2026/snapshots/board_20260912T105113Z_run34689406780_a1_b8e8b2fb19d9.csv,b8e8b2fb19d90eadd0ccd0e16a1363510e544ba49dea7907f9e74832c4c8aad8,LIVE,False,2026-09-12T10:48:58.716337+00:00,0.0,False,,743.7692044833333,True,,,,,,,,,36.0,9.0,45.0,49.5,-4.5,False,loss,,,,,NOT QUALIFIER,
board_snapshot,2026-09-12 10:51:13.847731+00:00,2026.5,6896b9770568baf57f8d4375019ad98ddc2fe7b2f1a2dabc8374b28193757625,schedule,17 6 * * 6,34689406780,1,766914e46cc9c978a03e71667edd8384625dcfc4,True,120,3.5,56.0,7.5,56.0,NO PLAY,Model edge is below the 3.5-point production threshold.,,FBS,GENERAL HGB,2026,2,401856682,2026-09-12 23:30:00+00:00,False,Ohio State,Texas,DKR-Texas Memorial Stadium,Austin,TX,30.2836813,-97.7325345,False,49.5,DraftKings,CFBD,2.0,0.5,49.75,-0.25,,50.42745728388064,0.9274572838806344,0.9274572838806344,over,101.0,67.0,33.0,8.055453644,17.26168638,2.0,0.0,0.0,No meaningful precipitation signal,ok,EWX,SEC,Big Ten,fbs,fbs,True,3,outputs/prospective/2026/snapshots/board_20260912T105113Z_run34689406780_a1_b8e8b2fb19d9.csv,b8e8b2fb19d90eadd0ccd0e16a1363510e544ba49dea7907f9e74832c4c8aad8,LIVE,False,2026-09-12T10:48:58.716337+00:00,0.0,False,,758.7692044833333,True,50.75,2026-09-12 23:25:30.065075+00:00,4.498915416666667,DraftKings,CFBD,2.0,outputs/prospective/2026/close_captures/close_20260912T232530Z_run34725356113_a1_1caadce6dcaf.csv,1caadce6dcaf0449f0d0c4b927b515ac123b8c68bb75a67ff8b47e3c68db84bd,24.0,23.0,47.0,49.5,-2.5,False,loss,,,1.25,1.0,NOT QUALIFIER,
board_snapshot,2026-09-12 10:51:13.847731+00:00,2026.5,6896b9770568baf57f8d4375019ad98ddc2fe7b2f1a2dabc8374b28193757625,schedule,17 6 * * 6,34689406780,1,766914e46cc9c978a03e71667edd8384625dcfc4,True,120,3.5,56.0,7.5,56.0,NO PLAY,Model edge is below the 3.5-point production threshold.,,FBS,GENERAL HGB,2026,2,401856783,2026-09-12 23:30:00+00:00,False,Texas Tech,Oregon State,Reser Stadium,Corvallis,OR,44.5594559,-123.2814341,False,52.5,DraftKings,CFBD,2.0,1.0,53.0,-0.5,,52.49565814933041,-0.0043418506695924,0.0043418506695924,under,63.0,53.0,70.0,5.75389546,12.658570012,38.0,0.0,0.0,Low precipitation chance,ok,PQR,Pac-12,Big 12,fbs,fbs,True,3,outputs/prospective/2026/snapshots/board_20260912T105113Z_run34689406780_a1_b8e8b2fb19d9.csv,b8e8b2fb19d90eadd0ccd0e16a1363510e544ba49dea7907f9e74832c4c8aad8,LIVE,False,2026-09-12T10:48:58.716337+00:00,0.0,False,,758.7692044833333,True,52.5,2026-09-12 23:25:30.065075+00:00,4.498915416666667,DraftKings,CFBD,2.0,outputs/prospective/2026/close_captures/close_20260912T232530Z_run34725356113_a1_1caadce6dcaf.csv,1caadce6dcaf0449f0d0c4b927b515ac123b8c68bb75a67ff8b47e3c68db84bd,24.0,35.0,59.0,52.5,6.5,False,loss,,,0.0,0.0,NOT QUALIFIER,
board_snapshot,2026-09-12 10:51:13.847731+00:00,2026.5,6896b9770568baf57f8d4375019ad98ddc2fe7b2f1a2dabc8374b28193757625,schedule,17 6 * * 6,34689406780,1,766914e46cc9c978a03e71667edd8384625dcfc4,True,120,3.5,56.0,7.5,56.0,NO PLAY,Model edge is below the 3.5-point production threshold.,,FBS,GENERAL HGB,2026,2,401856788,2026-09-12 23:30:00+00:00,False,Iowa State,Iowa,Kinnick Stadium,Iowa City,IA,41.6586045,-91.5510829,False,41.5,DraftKings,CFBD,2.0,0.0,41.5,0.0,,42.29578576727431,0.7957857672743083,0.7957857672743083,over,78.0,60.0,54.0,8.055453644,13.809349104,1.0,0.0,0.0,No meaningful precipitation signal,ok,DVN,Big Ten,Big 12,fbs,fbs,True,3,outputs/prospective/2026/snapshots/board_20260912T105113Z_run34689406780_a1_b8e8b2fb19d9.csv,b8e8b2fb19d90eadd0ccd0e16a1363510e544ba49dea7907f9e74832c4c8aad8,LIVE,False,2026-09-12T10:48:58.716337+00:00,0.0,False,,758.7692044833333,True,42.5,2026-09-12 23:25:30.065075+00:00,4.498915416666667,DraftKings,CFBD,2.0,outputs/prospective/2026/close_captures/close_20260912T232530Z_run34725356113_a1_1caadce6dcaf.csv,1caadce6dcaf0449f0d0c4b927b515ac123b8c68bb75a67ff8b47e3c68db84bd,16.0,13.0,29.0,41.5,-12.5,False,loss,,,1.0,1.0,NOT QUALIFIER,
board_snapshot,2026-09-12 10:51:13.847731+00:00,2026.5,6896b9770568baf57f8d4375019ad98ddc2fe7b2f1a2dabc8374b28193757625,schedule,17 6 * * 6,34689406780,1,766914e46cc9c978a03e71667edd8384625dcfc4,True,120,3.5,56.0,7.5,56.0,NO PLAY,Model edge is below the 3.5-point production threshold.,,FBS,GENERAL HGB,2026,2,401858219,2026-09-12 23:30:00+00:00,False,Georgia Southern,Clemson,"Memorial Stadium (Clemson, SC)",Clemson,SC,34.6787737,-82.8432428,False,55.5,DraftKings,CFBD,2.0,0.5,55.25,0.25,,55.561240591262695,0.0612405912626962,0.0612405912626962,over,78.0,76.0,91.0,1.150779092,6.904674552,40.0,0.22,0.0,Measurable precipitation forecast,ok,GSP,ACC,Sun Belt,fbs,fbs,True,3,outputs/prospective/2026/snapshots/board_20260912T105113Z_run34689406780_a1_b8e8b2fb19d9.csv,b8e8b2fb19d90eadd0ccd0e16a1363510e544ba49dea7907f9e74832c4c8aad8,LIVE,False,2026-09-12T10:48:58.716337+00:00,0.0,False,,758.7692044833333,True,54.5,2026-09-12 23:25:30.065075+00:00,4.498915416666667,DraftKings,CFBD,2.0,outputs/prospective/2026/close_captures/close_20260912T232530Z_run34725356113_a1_1caadce6dcaf.csv,1caadce6dcaf0449f0d0c4b927b515ac123b8c68bb75a67ff8b47e3c68db84bd,22.0,7.0,29.0,55.5,-26.5,False,loss,,,-1.0,0.0,NOT QUALIFIER,
board_snapshot,2026-09-12 10:51:13.847731+00:00,2026.5,6896b9770568baf57f8d4375019ad98ddc2fe7b2f1a2dabc8374b28193757625,schedule,17 6 * * 6,34689406780,1,766914e46cc9c978a03e71667edd8384625dcfc4,True,120,3.5,56.0,7.5,56.0,NO PLAY,Model edge is below the 3.5-point production threshold.,,FBS,GENERAL HGB,2026,2,401862703,2026-09-12 23:30:00+00:00,False,Navy,Florida Atlantic,FAU Stadium,Boca Raton,FL,26.3763763,-80.1015759,False,58.5,DraftKings,CFBD,2.0,0.5,58.75,-0.25,,59.06571176897411,0.5657117689741145,0.5657117689741145,over,83.0,77.0,82.0,5.75389546,8.055453644,38.0,0.16,0.0,Measurable precipitation forecast,ok,MFL,American Athletic,American Athletic,fbs,fbs,True,3,outputs/prospective/2026/snapshots/board_20260912T105113Z_run34689406780_a1_b8e8b2fb19d9.csv,b8e8b2fb19d90eadd0ccd0e16a1363510e544ba49dea7907f9e74832c4c8aad8,LIVE,False,2026-09-12T10:48:58.716337+00:00,0.0,False,,758.7692044833333,True,59.5,2026-09-12 23:25:30.065075+00:00,4.498915416666667,DraftKings,CFBD,2.0,outputs/prospective/2026/close_captures/close_20260912T232530Z_run34725356113_a1_1caadce6dcaf.csv,1caadce6dcaf0449f0d0c4b927b515ac123b8c68bb75a67ff8b47e3c68db84bd,38.0,30.0,68.0,58.5,9.5,False,win,,,1.0,1.0,NOT QUALIFIER,
board_snapshot,2026-09-12 10:51:13.847731+00:00,2026.5,6896b9770568baf57f8d4375019ad98ddc2fe7b2f1a2dabc8374b28193757625,schedule,17 6 * * 6,34689406780,1,766914e46cc9c978a03e71667edd8384625dcfc4,True,120,3.5,56.0,7.5,56.0,NO PLAY,Model edge is below the 3.5-point production threshold.,,FBS,GENERAL HGB,2026,2,401867796,2026-09-12 23:30:00+00:00,False,Louisiana Tech,LSU,Tiger Stadium (LA),Baton Rouge,LA,30.412035,-91.1838163,False,55.5,DraftKings,CFBD,2.0,0.5,55.75,-0.25,,56.223198368485605,0.723198368485608,0.723198368485608,over,86.0,74.0,68.0,4.603116368,6.904674552,15.0,0.05,0.0,Measurable precipitation forecast,ok,LIX,SEC,Sun Belt,fbs,fbs,True,3,outputs/prospective/2026/snapshots/board_20260912T105113Z_run34689406780_a1_b8e8b2fb19d9.csv,b8e8b2fb19d90eadd0ccd0e16a1363510e544ba49dea7907f9e74832c4c8aad8,LIVE,False,2026-09-12T10:48:58.716337+00:00,0.0,False,,758.7692044833333,True,55.25,2026-09-12 23:25:30.065075+00:00,4.498915416666667,DraftKings,CFBD,2.0,outputs/prospective/2026/close_captures/close_20260912T232530Z_run34725356113_a1_1caadce6dcaf.csv,1caadce6dcaf0449f0d0c4b927b515ac123b8c68bb75a67ff8b47e3c68db84bd,45.0,14.0,59.0,55.5,3.5,False,win,,,-0.25,0.0,NOT QUALIFIER,
board_snapshot,2026-09-12 10:51:13.847731+00:00,2026.5,6896b9770568baf57f8d4375019ad98ddc2fe7b2f1a2dabc8374b28193757625,schedule,17 6 * * 6,34689406780,1,766914e46cc9c978a03e71667edd8384625dcfc4,True,120,3.5,56.0,7.5,56.0,NO PLAY,Model edge is below the 3.5-point production threshold.,,OTHER,GENERAL HGB,2026,2,401868008,2026-09-12 23:30:00+00:00,False,Fordham,Coastal Carolina,Brooks Stadium (SC),Conway,SC,33.7928506,-79.0166946,False,53.5,DraftKings,CFBD,2.0,0.5,53.25,0.25,,54.026712917970926,0.5267129179709246,0.5267129179709246,over,81.0,78.0,90.0,5.75389546,10.357011828,21.0,0.11,0.0,Measurable precipitation forecast,ok,ILM,Sun Belt,Patriot,fbs,fcs,False,3,outputs/prospective/2026/snapshots/board_20260912T105113Z_run34689406780_a1_b8e8b2fb19d9.csv,b8e8b2fb19d90eadd0ccd0e16a1363510e544ba49dea7907f9e74832c4c8aad8,LIVE,False,2026-09-12T10:48:58.716337+00:00,0.0,False,,758.7692044833333,True,54.5,2026-09-12 23:25:30.065075+00:00,4.498915416666667,DraftKings,CFBD,2.0,outputs/prospective/2026/close_captures/close_20260912T232530Z_run34725356113_a1_1caadce6dcaf.csv,1caadce6dcaf0449f0d0c4b927b515ac123b8c68bb75a67ff8b47e3c68db84bd,45.0,7.0,52.0,53.5,-1.5,False,loss,,,1.0,1.0,NOT QUALIFIER,
board_snapshot,2026-09-12 10:51:13.847731+00:00,2026.5,6896b9770568baf57f8d4375019ad98ddc2fe7b2f1a2dabc8374b28193757625,schedule,17 6 * * 6,34689406780,1,766914e46cc9c978a03e71667edd8384625dcfc4,True,120,3.5,56.0,7.5,56.0,NO PLAY,Model edge is below the 3.5-point production threshold.,,FBS,GENERAL HGB,2026,2,401856671,2026-09-12 23:45:00+00:00,False,Southern Miss,Auburn,Jordan-Hare Stadium,Auburn,AL,32.6025532,-85.4897479,False,56.5,DraftKings,CFBD,2.0,0.5,56.75,-0.25,,57.25165979900554,0.7516597990055465,0.7516597990055465,over,83.0,75.0,77.0,3.452337276,8.055453644,55.0,0.02,0.0,Measurable precipitation forecast,ok,BMX,SEC,Sun Belt,fbs,fbs,True,3,outputs/prospective/2026/snapshots/board_20260912T105113Z_run34689406780_a1_b8e8b2fb19d9.csv,b8e8b2fb19d90eadd0ccd0e16a1363510e544ba49dea7907f9e74832c4c8aad8,LIVE,False,2026-09-12T10:48:58.716337+00:00,0.0,False,,773.7692044833333,True,56.75,2026-09-12 23:25:30.065075+00:00,19.498915416666666,DraftKings,CFBD,2.0,outputs/prospective/2026/close_captures/close_20260912T232530Z_run34725356113_a1_1caadce6dcaf.csv,1caadce6dcaf0449f0d0c4b927b515ac123b8c68bb75a67ff8b47e3c68db84bd,43.0,8.0,51.0,56.5,-5.5,False,loss,,,0.25,1.0,NOT QUALIFIER,
board_snapshot,2026-09-12 10:51:13.847731+00:00,2026.5,6896b9770568baf57f8d4375019ad98ddc2fe7b2f1a2dabc8374b28193757625,schedule,17 6 * * 6,34689406780,1,766914e46cc9c978a03e71667edd8384625dcfc4,True,120,3.5,56.0,7.5,56.0,NO PLAY,Model edge is below the 3.5-point production threshold.,,FBS,GENERAL HGB,2026,2,401856676,2026-09-12 23:45:00+00:00,False,Charlotte,Ole Miss,Vaught-Hemingway Stadium,Oxford,MS,34.3619837,-89.5342076,False,59.5,DraftKings,CFBD,2.0,0.0,59.5,0.0,,59.90207466141919,0.4020746614191888,0.4020746614191888,over,89.0,70.0,54.0,2.301558184,6.904674552,1.0,0.0,0.0,No meaningful precipitation signal,ok,MEG,SEC,American Athletic,fbs,fbs,True,3,outputs/prospective/2026/snapshots/board_20260912T105113Z_run34689406780_a1_b8e8b2fb19d9.csv,b8e8b2fb19d90eadd0ccd0e16a1363510e544ba49dea7907f9e74832c4c8aad8,LIVE,False,2026-09-12T10:48:58.716337+00:00,0.0,False,,773.7692044833333,True,59.5,2026-09-12 23:25:30.065075+00:00,19.498915416666666,DraftKings,CFBD,2.0,outputs/prospective/2026/close_captures/close_20260912T232530Z_run34725356113_a1_1caadce6dcaf.csv,1caadce6dcaf0449f0d0c4b927b515ac123b8c68bb75a67ff8b47e3c68db84bd,41.0,9.0,50.0,59.5,-9.5,False,loss,,,0.0,0.0,NOT QUALIFIER,
board_snapshot,2026-09-12 10:51:13.847731+00:00,2026.5,6896b9770568baf57f8d4375019ad98ddc2fe7b2f1a2dabc8374b28193757625,schedule,17 6 * * 6,34689406780,1,766914e46cc9c978a03e71667edd8384625dcfc4,True,120,3.5,56.0,7.5,56.0,NO PLAY,Model edge is below the 3.5-point production threshold.,,OTHER,GENERAL HGB,2026,2,401856789,2026-09-13 00:00:00+00:00,False,Grambling,TCU,Amon G. Carter Stadium,Fort Worth,TX,32.7096604,-97.3680835,False,55.5,DraftKings,CFBD,2.0,0.0,55.5,0.0,,56.17677714547576,0.6767771454757576,0.6767771454757576,over,99.0,66.0,34.0,9.206232736,14.960128196,0.0,0.0,0.0,No meaningful precipitation signal,ok,FWD,Big 12,SWAC,fbs,fcs,False,3,outputs/prospective/2026/snapshots/board_20260912T105113Z_run34689406780_a1_b8e8b2fb19d9.csv,b8e8b2fb19d90eadd0ccd0e16a1363510e544ba49dea7907f9e74832c4c8aad8,LIVE,False,2026-09-12T10:48:58.716337+00:00,0.0,False,,788.7692044833333,True,56.5,2026-09-12 23:25:30.065075+00:00,34.49891541666667,DraftKings,CFBD,2.0,outputs/prospective/2026/close_captures/close_20260912T232530Z_run34725356113_a1_1caadce6dcaf.csv,1caadce6dcaf0449f0d0c4b927b515ac123b8c68bb75a67ff8b47e3c68db84bd,63.0,7.0,70.0,55.5,14.5,False,win,,,1.0,1.0,NOT QUALIFIER,
board_snapshot,2026-09-12 10:51:13.847731+00:00,2026.5,6896b9770568baf57f8d4375019ad98ddc2fe7b2f1a2dabc8374b28193757625,schedule,17 6 * * 6,34689406780,1,766914e46cc9c978a03e71667edd8384625dcfc4,True,120,3.5,56.0,7.5,56.0,NO PLAY,FCS-only model does not meet the conservative under-edge screen.,FCS-only HGB,FCS,FCS-only HGB,2026,2,401868050,2026-09-13 00:00:00+00:00,False,Stephen F. Austin,Abilene Christian,Wildcat Stadium (TX),Abilene,TX,32.472275,-99.710464,False,50.5,DraftKings,CFBD,1.0,0.0,50.5,0.0,,51.24794122732275,0.7479412273227452,0.7479412273227452,over,101.0,58.0,24.0,12.658570012,19.563244564,0.0,0.0,0.0,No meaningful precipitation signal,ok,SJT,UAC,Southland,fcs,fcs,False,3,outputs/prospective/2026/snapshots/board_20260912T105113Z_run34689406780_a1_b8e8b2fb19d9.csv,b8e8b2fb19d90eadd0ccd0e16a1363510e544ba49dea7907f9e74832c4c8aad8,LIVE,False,2026-09-12T10:48:58.716337+00:00,0.0,False,,788.7692044833333,True,50.5,2026-09-12 23:25:30.065075+00:00,34.49891541666667,DraftKings,CFBD,1.0,outputs/prospective/2026/close_captures/close_20260912T232530Z_run34725356113_a1_1caadce6dcaf.csv,1caadce6dcaf0449f0d0c4b927b515ac123b8c68bb75a67ff8b47e3c68db84bd,7.0,26.0,33.0,50.5,-17.5,False,loss,,,0.0,0.0,NOT QUALIFIER,
board_snapshot,2026-09-12 10:51:13.847731+00:00,2026.5,6896b9770568baf57f8d4375019ad98ddc2fe7b2f1a2dabc8374b28193757625,schedule,17 6 * * 6,34689406780,1,766914e46cc9c978a03e71667edd8384625dcfc4,True,120,3.5,56.0,7.5,56.0,NO PLAY,Model edge is below the 3.5-point production threshold.,,OTHER,GENERAL HGB,2026,2,401856784,2026-09-13 00:08:00+00:00,False,Prairie View A&M,Baylor,McLane Stadium,Waco,TX,31.5582015,-97.1156702,False,55.5,DraftKings,CFBD,2.0,0.0,55.5,0.0,,56.14235275549024,0.6423527554902378,0.6423527554902378,over,98.0,67.0,37.0,9.206232736,14.960128196,0.0,0.0,0.0,No meaningful precipitation signal,ok,FWD,Big 12,SWAC,fbs,fcs,False,3,outputs/prospective/2026/snapshots/board_20260912T105113Z_run34689406780_a1_b8e8b2fb19d9.csv,b8e8b2fb19d90eadd0ccd0e16a1363510e544ba49dea7907f9e74832c4c8aad8,LIVE,False,2026-09-12T10:48:58.716337+00:00,0.0,False,,796.7692044833333,True,55.5,2026-09-12 23:25:30.065075+00:00,42.49891541666667,DraftKings,CFBD,2.0,outputs/prospective/2026/close_captures/close_20260912T232530Z_run34725356113_a1_1caadce6dcaf.csv,1caadce6dcaf0449f0d0c4b927b515ac123b8c68bb75a67ff8b47e3c68db84bd,44.0,3.0,47.0,55.5,-8.5,False,loss,,,0.0,0.0,NOT QUALIFIER,
board_snapshot,2026-09-12 10:51:13.847731+00:00,2026.5,6896b9770568baf57f8d4375019ad98ddc2fe7b2f1a2dabc8374b28193757625,schedule,17 6 * * 6,34689406780,1,766914e46cc9c978a03e71667edd8384625dcfc4,True,120,3.5,56.0,7.5,56.0,NO PLAY,Model edge is below the 3.5-point production threshold.,,OTHER,GENERAL HGB,2026,2,401864504,2026-09-13 01:00:00+00:00,False,Cal Poly,San José State,CEFCU Stadium,San Jose,CA,37.3196675,-121.8682962,False,56.5,DraftKings,CFBD,2.0,0.0,56.5,0.0,,56.806552106753394,0.3065521067533904,0.3065521067533904,over,74.0,58.0,57.0,13.809349104,23.01558184,1.0,0.0,0.0,No meaningful precipitation signal,ok,MTR,Mountain West,Big Sky,fbs,fcs,False,3,outputs/prospective/2026/snapshots/board_20260912T105113Z_run34689406780_a1_b8e8b2fb19d9.csv,b8e8b2fb19d90eadd0ccd0e16a1363510e544ba49dea7907f9e74832c4c8aad8,LIVE,False,2026-09-12T10:48:58.716337+00:00,0.0,False,,848.7692044833333,True,,,,,,,,,30.0,20.0,50.0,56.5,-6.5,False,loss,,,,,NOT QUALIFIER,
board_snapshot,2026-09-12 10:51:13.847731+00:00,2026.5,6896b9770568baf57f8d4375019ad98ddc2fe7b2f1a2dabc8374b28193757625,schedule,17 6 * * 6,34689406780,1,766914e46cc9c978a03e71667edd8384625dcfc4,True,120,3.5,56.0,7.5,56.0,NO PLAY,Model edge is below the 3.5-point production threshold.,,OTHER,GENERAL HGB,2026,2,401864505,2026-09-13 01:00:00+00:00,False,Texas Southern,UTEP,Sun Bowl,El Paso,TX,31.7733353,-106.507957,False,52.5,DraftKings,CFBD,2.0,0.5,52.75,-0.25,,54.12521222150004,1.625212221500043,1.625212221500043,over,90.0,49.0,25.0,2.301558184,5.75389546,3.0,0.0,0.0,No meaningful precipitation signal,ok,EPZ,Mountain West,SWAC,fbs,fcs,False,3,outputs/prospective/2026/snapshots/board_20260912T105113Z_run34689406780_a1_b8e8b2fb19d9.csv,b8e8b2fb19d90eadd0ccd0e16a1363510e544ba49dea7907f9e74832c4c8aad8,LIVE,False,2026-09-12T10:48:58.716337+00:00,0.0,False,,848.7692044833333,True,,,,,,,,,51.0,10.0,61.0,52.5,8.5,False,win,,,,,NOT QUALIFIER,
board_snapshot,2026-09-12 10:51:13.847731+00:00,2026.5,6896b9770568baf57f8d4375019ad98ddc2fe7b2f1a2dabc8374b28193757625,schedule,17 6 * * 6,34689406780,1,766914e46cc9c978a03e71667edd8384625dcfc4,True,120,3.5,56.0,7.5,56.0,NO PLAY,Model edge is below the 3.5-point production threshold.,,FBS,GENERAL HGB,2026,2,401864502,2026-09-13 02:00:00+00:00,False,North Dakota State,Air Force,Falcon Stadium,Colorado Springs,CO,38.9969701,-104.8436165,False,47.5,DraftKings,CFBD,2.0,0.5,47.25,0.25,,47.77774489000569,0.2777448900056957,0.2777448900056957,over,66.0,51.0,58.0,13.809349104,24.166360932000003,3.0,0.0,0.0,No meaningful precipitation signal,ok,PUB,Mountain West,Mountain West,fbs,fbs,True,3,outputs/prospective/2026/snapshots/board_20260912T105113Z_run34689406780_a1_b8e8b2fb19d9.csv,b8e8b2fb19d90eadd0ccd0e16a1363510e544ba49dea7907f9e74832c4c8aad8,LIVE,False,2026-09-12T10:48:58.716337+00:00,0.0,False,,908.7692044833333,True,48.0,2026-09-13 01:26:12.847886+00:00,33.785868566666664,DraftKings,CFBD,2.0,outputs/prospective/2026/close_captures/close_20260913T012612Z_run34730500286_a1_8c28c5307260.csv,8c28c5307260b1da2ea510edfe7f7f0ae1397ec013f8fcf4a80c136849c10036,32.0,38.0,70.0,47.5,22.5,False,win,,,0.5,1.0,NOT QUALIFIER,
board_snapshot,2026-09-12 10:51:13.847731+00:00,2026.5,6896b9770568baf57f8d4375019ad98ddc2fe7b2f1a2dabc8374b28193757625,schedule,17 6 * * 6,34689406780,1,766914e46cc9c978a03e71667edd8384625dcfc4,True,120,3.5,56.0,7.5,56.0,NO PLAY,FCS-only model points over; the FCS research track has not validated an over production strategy.,5.0+ model edge; FCS-only HGB; FCS 56+ total,FCS,FCS-only HGB,2026,2,401867876,2026-09-13 02:00:00+00:00,False,North Dakota,Portland State,Hillsboro Stadium,Portland,OR,45.554597,-122.90694,False,60.5,DraftKings,CFBD,1.0,0.0,60.5,0.0,,67.79045750484117,7.290457504841167,7.290457504841167,over,62.0,54.0,75.0,2.301558184,4.603116368,51.0,0.06,0.0,Measurable precipitation forecast,ok,PQR,Big Sky,MVFC,fcs,fcs,False,3,outputs/prospective/2026/snapshots/board_20260912T105113Z_run34689406780_a1_b8e8b2fb19d9.csv,b8e8b2fb19d90eadd0ccd0e16a1363510e544ba49dea7907f9e74832c4c8aad8,LIVE,False,2026-09-12T10:48:58.716337+00:00,0.0,False,,908.7692044833333,True,60.5,2026-09-13 01:26:12.847886+00:00,33.785868566666664,DraftKings,CFBD,1.0,outputs/prospective/2026/close_captures/close_20260913T012612Z_run34730500286_a1_8c28c5307260.csv,8c28c5307260b1da2ea510edfe7f7f0ae1397ec013f8fcf4a80c136849c10036,23.0,47.0,70.0,60.5,9.5,False,win,,,0.0,0.0,NOT QUALIFIER,
board_snapshot,2026-09-12 10:51:13.847731+00:00,2026.5,6896b9770568baf57f8d4375019ad98ddc2fe7b2f1a2dabc8374b28193757625,schedule,17 6 * * 6,34689406780,1,766914e46cc9c978a03e71667edd8384625dcfc4,True,120,3.5,56.0,7.5,56.0,NO PLAY,Model edge is below the 3.5-point production threshold.,,FBS,GENERAL HGB,2026,2,401856670,2026-09-13 02:15:00+00:00,False,Arkansas,Utah,Rice-Eccles Stadium,Salt Lake City,UT,40.7599724,-111.8488255,False,55.5,DraftKings,CFBD,2.0,0.0,55.5,0.0,,56.8681577244696,1.3681577244696048,1.3681577244696048,over,85.0,47.0,27.0,5.75389546,12.658570012,1.0,0.0,0.0,No meaningful precipitation signal,ok,SLC,Big 12,SEC,fbs,fbs,True,3,outputs/prospective/2026/snapshots/board_20260912T105113Z_run34689406780_a1_b8e8b2fb19d9.csv,b8e8b2fb19d90eadd0ccd0e16a1363510e544ba49dea7907f9e74832c4c8aad8,LIVE,False,2026-09-12T10:48:58.716337+00:00,0.0,False,,923.7692044833333,True,55.5,2026-09-13 01:26:12.847886+00:00,48.785868566666664,DraftKings,CFBD,2.0,outputs/prospective/2026/close_captures/close_20260913T012612Z_run34730500286_a1_8c28c5307260.csv,8c28c5307260b1da2ea510edfe7f7f0ae1397ec013f8fcf4a80c136849c10036,43.0,10.0,53.0,55.5,-2.5,False,loss,,,0.0,0.0,NOT QUALIFIER,
board_snapshot,2026-09-12 10:51:13.847731+00:00,2026.5,6896b9770568baf57f8d4375019ad98ddc2fe7b2f1a2dabc8374b28193757625,schedule,17 6 * * 6,34689406780,1,766914e46cc9c978a03e71667edd8384625dcfc4,True,120,3.5,56.0,7.5,56.0,NO PLAY,Model edge is below the 3.5-point production threshold.,,FBS,GENERAL HGB,2026,2,401860883,2026-09-13 02:30:00+00:00,False,Sacramento State,Fresno State,Valley Children's Stadium,Fresno,CA,36.8143527,-119.7580092,False,44.5,DraftKings,CFBD,2.0,0.5,44.75,-0.25,,44.49474554947485,-0.0052544505251489,0.0052544505251489,under,92.0,51.0,25.0,8.055453644,18.412465472,0.0,0.0,0.0,No meaningful precipitation signal,ok,HNX,Pac-12,Mid-American,fbs,fbs,True,3,outputs/prospective/2026/snapshots/board_20260912T105113Z_run34689406780_a1_b8e8b2fb19d9.csv,b8e8b2fb19d90eadd0ccd0e16a1363510e544ba49dea7907f9e74832c4c8aad8,LIVE,False,2026-09-12T10:48:58.716337+00:00,0.0,False,,938.7692044833333,True,44.5,2026-09-13 01:26:12.847886+00:00,63.785868566666664,DraftKings,CFBD,2.0,outputs/prospective/2026/close_captures/close_20260913T012612Z_run34730500286_a1_8c28c5307260.csv,8c28c5307260b1da2ea510edfe7f7f0ae1397ec013f8fcf4a80c136849c10036,49.0,3.0,52.0,44.5,7.5,False,loss,,,0.0,0.0,NOT QUALIFIER,
board_snapshot,2026-09-12 10:51:13.847731+00:00,2026.5,6896b9770568baf57f8d4375019ad98ddc2fe7b2f1a2dabc8374b28193757625,schedule,17 6 * * 6,34689406780,1,766914e46cc9c978a03e71667edd8384625dcfc4,True,120,3.5,56.0,7.5,56.0,NO PLAY,Model edge is below the 3.5-point production threshold.,,OTHER,GENERAL HGB,2026,2,401864500,2026-09-13 02:30:00+00:00,False,Montana State,Nevada,Mackay Stadium,Reno,NV,39.5469459,-119.8175435,False,49.5,DraftKings,CFBD,2.0,0.0,49.5,0.0,,49.86017598782745,0.3601759878274533,0.3601759878274533,over,73.0,37.0,27.0,24.166360932000003,39.126489128,1.0,0.0,0.0,No meaningful precipitation signal,ok,REV,Mountain West,Big Sky,fbs,fcs,False,3,outputs/prospective/2026/snapshots/board_20260912T105113Z_run34689406780_a1_b8e8b2fb19d9.csv,b8e8b2fb19d90eadd0ccd0e16a1363510e544ba49dea7907f9e74832c4c8aad8,LIVE,False,2026-09-12T10:48:58.716337+00:00,0.0,False,,938.7692044833333,True,51.5,2026-09-13 01:26:12.847886+00:00,63.785868566666664,DraftKings,CFBD,2.0,outputs/prospective/2026/close_captures/close_20260913T012612Z_run34730500286_a1_8c28c5307260.csv,8c28c5307260b1da2ea510edfe7f7f0ae1397ec013f8fcf4a80c136849c10036,7.0,20.0,27.0,49.5,-22.5,False,loss,,,2.0,1.0,NOT QUALIFIER,
board_snapshot,2026-09-12 10:51:13.847731+00:00,2026.5,6896b9770568baf57f8d4375019ad98ddc2fe7b2f1a2dabc8374b28193757625,schedule,17 6 * * 6,34689406780,1,766914e46cc9c978a03e71667edd8384625dcfc4,True,120,3.5,56.0,7.5,56.0,NO PLAY,Model edge is below the 3.5-point production threshold.,,FBS,GENERAL HGB,2026,2,401858445,2026-09-13 03:00:00+00:00,False,Louisiana,USC,Los Angeles Memorial Coliseum,Los Angeles,CA,34.014167,-118.287778,False,59.5,DraftKings,CFBD,2.0,0.0,59.5,0.0,,59.84362528389544,0.3436252838954381,0.3436252838954381,over,73.0,63.0,72.0,5.75389546,5.75389546,0.0,0.0,0.0,No meaningful precipitation signal,ok,LOX,Big Ten,Sun Belt,fbs,fbs,True,3,outputs/prospective/2026/snapshots/board_20260912T105113Z_run34689406780_a1_b8e8b2fb19d9.csv,b8e8b2fb19d90eadd0ccd0e16a1363510e544ba49dea7907f9e74832c4c8aad8,LIVE,False,2026-09-12T10:48:58.716337+00:00,0.0,False,,968.7692044833333,True,,,,,,,,,49.0,30.0,79.0,59.5,19.5,False,win,,,,,NOT QUALIFIER,
board_snapshot,2026-09-12 10:51:13.847731+00:00,2026.5,6896b9770568baf57f8d4375019ad98ddc2fe7b2f1a2dabc8374b28193757625,schedule,17 6 * * 6,34689406780,1,766914e46cc9c978a03e71667edd8384625dcfc4,True,120,3.5,56.0,7.5,56.0,NO PLAY,Model edge is below the 3.5-point production threshold.,,FBS,GENERAL HGB,2026,2,401864578,2026-09-13 03:59:00+00:00,False,New Mexico State,Hawai'i,Clarence T.C. Ching Athletics Complex,Honolulu,HI,21.294294,-157.819338,False,50.5,DraftKings,CFBD,2.0,0.5,50.25,0.25,,51.38211965210555,0.8821196521055518,0.8821196521055518,over,82.0,68.0,63.0,10.357011828,13.809349104,5.0,0.0,0.0,No meaningful precipitation signal,ok,HFO,Mountain West,Conference USA,fbs,fbs,True,3,outputs/prospective/2026/snapshots/board_20260912T105113Z_run34689406780_a1_b8e8b2fb19d9.csv,b8e8b2fb19d90eadd0ccd0e16a1363510e544ba49dea7907f9e74832c4c8aad8,LIVE,False,2026-09-12T10:48:58.716337+00:00,0.0,False,,1027.7692044833334,True,,,,,,,,,29.0,19.0,48.0,50.5,-2.5,False,loss,,,,,NOT QUALIFIER,
board_snapshot,2026-09-17 17:42:15.305484+00:00,2026.5,6896b9770568baf57f8d4375019ad98ddc2fe7b2f1a2dabc8374b28193757625,schedule,"17 13 * * 4,5",35254023515,1,ee01217928951b86fb620d8e86e764ccab9debd0,True,120,3.5,56.0,7.5,56.0,NO PLAY,Model edge is below the 3.5-point production threshold.,,FBS,GENERAL HGB,2026,3,401858225,2026-09-17 23:30:00+00:00,False,Syracuse,Pittsburgh,Acrisure Stadium,Pittsburgh,PA,40.4467648,-80.0157603,False,51.5,DraftKings,CFBD,2.0,0.0,51.5,0.0,,52.514872152521214,1.0148721525212143,1.0148721525212143,over,78.0,74.0,87.0,5.75389546,11.50779092,21.0,0.0,0.0,No meaningful precipitation signal,ok,PBZ,ACC,ACC,fbs,fbs,True,3,outputs/prospective/2026/snapshots/board_20260917T174215Z_run35254023515_a1_b261b298d890.csv,b261b298d890a836121a4af2b5d18ab63a27cf24d2bbd7a9c3ee63466a409f3e,LIVE,False,2026-09-17T17:39:48.450078+00:00,0.0,False,,347.7449086,True,,,,,,,,,27.0,13.0,40.0,51.5,-11.5,False,loss,,,,,NOT QUALIFIER,
board_snapshot,2026-09-18 17:09:28.547000+00:00,2026.5,6896b9770568baf57f8d4375019ad98ddc2fe7b2f1a2dabc8374b28193757625,schedule,"17 13 * * 4,5",35372383370,1,a687af5cb864ea3863f4425153bb6d2d0a79d274,True,120,3.5,56.0,7.5,56.0,NO PLAY,Model edge is below the 3.5-point production threshold.,,FBS,GENERAL HGB,2026,3,401858226,2026-09-18 23:30:00+00:00,False,Miami,Wake Forest,Allegacy Federal Credit Union Stadium,Winston-Salem,NC,36.1305507,-80.2545851,False,55.5,DraftKings,CFBD,2.0,0.0,55.5,0.0,,55.16687689736381,-0.333123102636186,0.333123102636186,under,81.0,71.0,72.0,3.452337276,6.904674552,48.0,0.1699999999999999,0.0,Measurable precipitation forecast,ok,RAH,ACC,ACC,fbs,fbs,True,3,outputs/prospective/2026/snapshots/board_20260918T170928Z_run35372383370_a1_b51642539e92.csv,b51642539e920bd0f7d049d368403e1f5ee04ccff79219e88191c85442374244,LIVE,False,2026-09-18T17:07:15.506585+00:00,0.0,False,,380.5242166666667,True,55.5,2026-09-18 22:35:17.331689+00:00,54.711138516666665,DraftKings,CFBD,2.0,outputs/prospective/2026/close_captures/close_20260918T223517Z_run35402166934_a1_146c40828472.csv,146c40828472a963097d72f8d739df6f4b8218e12dfe2f46eb84381e831475d3,20.0,33.0,53.0,55.5,-2.5,False,win,,,0.0,0.0,NOT QUALIFIER,
board_snapshot,2026-09-18 17:09:28.547000+00:00,2026.5,6896b9770568baf57f8d4375019ad98ddc2fe7b2f1a2dabc8374b28193757625,schedule,"17 13 * * 4,5",35372383370,1,a687af5cb864ea3863f4425153bb6d2d0a79d274,True,120,3.5,56.0,7.5,56.0,NO PLAY,Model edge is below the 3.5-point production threshold.,,FBS,GENERAL HGB,2026,3,401856811,2026-09-19 00:00:00+00:00,False,Houston,Texas Tech,Jones AT&T Stadium,Lubbock,TX,33.5910518,-101.8728824,False,52.5,DraftKings,CFBD,2.0,0.0,52.5,0.0,,53.29578576727431,0.7957857672743083,0.7957857672743083,over,91.0,57.0,32.0,10.357011828,16.110907288,1.0,0.0,0.0,No meaningful precipitation signal,ok,LUB,Big 12,Big 12,fbs,fbs,True,3,outputs/prospective/2026/snapshots/board_20260918T170928Z_run35372383370_a1_b51642539e92.csv,b51642539e920bd0f7d049d368403e1f5ee04ccff79219e88191c85442374244,LIVE,False,2026-09-18T17:07:15.506585+00:00,0.0,False,,410.5242166666667,True,52.25,2026-09-18 22:35:17.331689+00:00,84.71113851666668,DraftKings,CFBD,2.0,outputs/prospective/2026/close_captures/close_20260918T223517Z_run35402166934_a1_146c40828472.csv,146c40828472a963097d72f8d739df6f4b8218e12dfe2f46eb84381e831475d3,28.0,26.0,54.0,52.5,1.5,False,win,,,-0.25,0.0,NOT QUALIFIER,
board_snapshot,2026-09-18 17:09:28.547000+00:00,2026.5,6896b9770568baf57f8d4375019ad98ddc2fe7b2f1a2dabc8374b28193757625,schedule,"17 13 * * 4,5",35372383370,1,a687af5cb864ea3863f4425153bb6d2d0a79d274,True,120,3.5,56.0,7.5,56.0,NO PLAY,Model edge is below the 3.5-point production threshold.,,OTHER,GENERAL HGB,2026,3,401858455,2026-09-19 02:30:00+00:00,False,Portland State,Oregon,Autzen Stadium,Eugene,OR,44.0582712,-123.0684883,False,69.5,DraftKings,CFBD,2.0,0.5,69.75,-0.25,,69.64869039030168,0.1486903903016763,0.1486903903016763,over,72.0,55.0,56.0,1.150779092,4.603116368,0.0,0.0,0.0,No meaningful precipitation signal,ok,PQR,Big Ten,Big Sky,fbs,fcs,False,3,outputs/prospective/2026/snapshots/board_20260918T170928Z_run35372383370_a1_b51642539e92.csv,b51642539e920bd0f7d049d368403e1f5ee04ccff79219e88191c85442374244,LIVE,False,2026-09-18T17:07:15.506585+00:00,0.0,False,,560.5242166666667,True,,,,,,,,,84.0,0.0,84.0,69.5,14.5,False,win,,,,,NOT QUALIFIER,
board_snapshot,2026-09-19 11:03:49.431337+00:00,2026.5,6896b9770568baf57f8d4375019ad98ddc2fe7b2f1a2dabc8374b28193757625,schedule,17 6 * * 6,35438908575,1,72e09a910563c9b756a66e86eb744c4e8a1f1329,True,120,3.5,56.0,7.5,56.0,NO PLAY,Model edge is below the 3.5-point production threshold.,,FBS,GENERAL HGB,2026,3,401869940,2026-09-19 15:30:00+00:00,False,Coastal Carolina,Delaware,Delaware Stadium,Newark,DE,39.6617428,-75.7488224,False,56.5,DraftKings,CFBD,2.0,0.0,56.5,0.0,,57.63136377454603,1.1313637745460323,1.1313637745460323,over,72.0,57.0,59.0,6.904674552,11.50779092,0.0,0.0,0.0,No meaningful precipitation signal,ok,PHI,Conference USA,Sun Belt,fbs,fbs,True,3,outputs/prospective/2026/snapshots/board_20260919T110349Z_run35438908575_a1_c03e6c9808b3.csv,c03e6c9808b3e7901453a1456c328538696c6364b77c4173747a7236a0b74fa8,LIVE,False,2026-09-19T11:00:52.035524+00:00,0.0,False,,266.17614438333334,True,,,,,,,,,22.0,14.0,36.0,56.5,-20.5,False,loss,,,,,NOT QUALIFIER,
board_snapshot,2026-09-19 11:03:49.431337+00:00,2026.5,6896b9770568baf57f8d4375019ad98ddc2fe7b2f1a2dabc8374b28193757625,schedule,17 6 * * 6,35438908575,1,72e09a910563c9b756a66e86eb744c4e8a1f1329,True,120,3.5,56.0,7.5,56.0,NO PLAY,Model edge is below the 3.5-point production threshold.,,FBS,GENERAL HGB,2026,3,401856686,2026-09-19 16:00:00+00:00,False,Georgia,Arkansas,Razorback Stadium,Fayetteville,AR,36.0680662,-94.1789534,False,54.5,DraftKings,CFBD,2.0,0.5,54.75,-0.25,,55.045964510638974,0.5459645106389721,0.5459645106389721,over,89.0,63.0,42.0,10.357011828,17.26168638,0.0,0.0,0.0,No meaningful precipitation signal,ok,TSA,SEC,SEC,fbs,fbs,True,3,outputs/prospective/2026/snapshots/board_20260919T110349Z_run35438908575_a1_c03e6c9808b3.csv,c03e6c9808b3e7901453a1456c328538696c6364b77c4173747a7236a0b74fa8,LIVE,False,2026-09-19T11:00:52.035524+00:00,0.0,False,,296.1761443833333,True,,,,,,,,,17.0,45.0,62.0,54.5,7.5,False,win,,,,,NOT QUALIFIER,
board_snapshot,2026-09-19 11:03:49.431337+00:00,2026.5,6896b9770568baf57f8d4375019ad98ddc2fe7b2f1a2dabc8374b28193757625,schedule,17 6 * * 6,35438908575,1,72e09a910563c9b756a66e86eb744c4e8a1f1329,True,120,3.5,56.0,7.5,56.0,NO PLAY,Model edge is below the 3.5-point production threshold.,,FBS,GENERAL HGB,2026,3,401856792,2026-09-19 16:00:00+00:00,False,Tulane,Kansas State,Bill Snyder Family Stadium,Manhattan,KS,39.2020096,-96.5938395,False,49.5,DraftKings,CFBD,2.0,0.0,49.5,0.0,,50.07039220092602,0.5703922009260222,0.5703922009260222,over,85.0,66.0,52.0,10.357011828,20.714023656,4.0,0.0,0.0,No meaningful precipitation signal,ok,TOP,Big 12,American Athletic,fbs,fbs,True,3,outputs/prospective/2026/snapshots/board_20260919T110349Z_run35438908575_a1_c03e6c9808b3.csv,c03e6c9808b3e7901453a1456c328538696c6364b77c4173747a7236a0b74fa8,LIVE,False,2026-09-19T11:00:52.035524+00:00,0.0,False,,296.1761443833333,True,,,,,,,,,31.0,20.0,51.0,49.5,1.5,False,win,,,,,NOT QUALIFIER,
board_snapshot,2026-09-19 11:03:49.431337+00:00,2026.5,6896b9770568baf57f8d4375019ad98ddc2fe7b2f1a2dabc8374b28193757625,schedule,17 6 * * 6,35438908575,1,72e09a910563c9b756a66e86eb744c4e8a1f1329,True,120,3.5,56.0,7.5,56.0,NO PLAY,Model edge is below the 3.5-point production threshold.,,FBS,GENERAL HGB,2026,3,401856798,2026-09-19 16:00:00+00:00,False,Bowling Green,Iowa State,Jack Trice Stadium,Ames,IA,42.0139977,-93.6357716,False,43.5,DraftKings,CFBD,2.0,0.0,43.5,0.0,,43.90958118633923,0.4095811863392324,0.4095811863392324,over,75.0,72.0,90.0,6.904674552,11.50779092,30.0,0.01,0.0,Low precipitation chance,ok,DMX,Big 12,Mid-American,fbs,fbs,True,3,outputs/prospective/2026/snapshots/board_20260919T110349Z_run35438908575_a1_c03e6c9808b3.csv,c03e6c9808b3e7901453a1456c328538696c6364b77c4173747a7236a0b74fa8,LIVE,False,2026-09-19T11:00:52.035524+00:00,0.0,False,,296.1761443833333,True,,,,,,,,,55.0,7.0,62.0,43.5,18.5,False,win,,,,,NOT QUALIFIER,
board_snapshot,2026-09-19 11:03:49.431337+00:00,2026.5,6896b9770568baf57f8d4375019ad98ddc2fe7b2f1a2dabc8374b28193757625,schedule,17 6 * * 6,35438908575,1,72e09a910563c9b756a66e86eb744c4e8a1f1329,True,120,3.5,56.0,7.5,56.0,WATCH,Outdoor game does not yet have a usable NWS kickoff forecast.,,FBS,GENERAL HGB,2026,3,401856812,2026-09-19 16:00:00+00:00,False,Arizona State,Kansas,Wembley Stadium,London,,51.5556,-0.2794,False,50.5,DraftKings,CFBD,2.0,0.0,50.5,0.0,,50.49311977004853,-0.0068802299514692,0.0068802299514692,under,,,,,,,,,NWS forecast unavailable: HTTPError,error,,Big 12,Big 12,fbs,fbs,True,2,outputs/prospective/2026/snapshots/board_20260919T110349Z_run35438908575_a1_c03e6c9808b3.csv,c03e6c9808b3e7901453a1456c328538696c6364b77c4173747a7236a0b74fa8,LIVE,False,2026-09-19T11:00:52.035524+00:00,0.0,False,,296.1761443833333,True,,,,,,,,,17.0,24.0,41.0,50.5,-9.5,False,win,,,,,NOT QUALIFIER,
board_snapshot,2026-09-19 11:03:49.431337+00:00,2026.5,6896b9770568baf57f8d4375019ad98ddc2fe7b2f1a2dabc8374b28193757625,schedule,17 6 * * 6,35438908575,1,72e09a910563c9b756a66e86eb744c4e8a1f1329,True,120,3.5,56.0,7.5,56.0,NO PLAY,Model edge is below the 3.5-point production threshold.,,OTHER,GENERAL HGB,2026,3,401858228,2026-09-19 16:00:00+00:00,False,Mercer,Georgia Tech,Bobby Dodd Stadium,Atlanta,GA,33.7724449,-84.3928054,False,59.5,DraftKings,CFBD,2.0,0.5,59.25,0.25,,60.01451996111714,0.5145199611171407,0.5145199611171407,over,89.0,71.0,57.0,3.452337276,5.75389546,2.0,0.0,0.0,No meaningful precipitation signal,ok,FFC,ACC,Southern,fbs,fcs,False,3,outputs/prospective/2026/snapshots/board_20260919T110349Z_run35438908575_a1_c03e6c9808b3.csv,c03e6c9808b3e7901453a1456c328538696c6364b77c4173747a7236a0b74fa8,LIVE,False,2026-09-19T11:00:52.035524+00:00,0.0,False,,296.1761443833333,True,,,,,,,,,44.0,11.0,55.0,59.5,-4.5,False,loss,,,,,NOT QUALIFIER,
board_snapshot,2026-09-19 11:03:49.431337+00:00,2026.5,6896b9770568baf57f8d4375019ad98ddc2fe7b2f1a2dabc8374b28193757625,schedule,17 6 * * 6,35438908575,1,72e09a910563c9b756a66e86eb744c4e8a1f1329,True,120,3.5,56.0,7.5,56.0,NO PLAY,Model edge is below the 3.5-point production threshold.,,FBS,GENERAL HGB,2026,3,401858229,2026-09-19 16:00:00+00:00,False,North Carolina,Clemson,"Memorial Stadium (Clemson, SC)",Clemson,SC,34.6787737,-82.8432428,False,44.5,DraftKings,CFBD,2.0,0.0,44.5,0.0,,45.14235275549024,0.6423527554902378,0.6423527554902378,over,86.0,74.0,68.0,4.603116368,8.055453644,3.0,0.0,0.0,No meaningful precipitation signal,ok,GSP,ACC,ACC,fbs,fbs,True,3,outputs/prospective/2026/snapshots/board_20260919T110349Z_run35438908575_a1_c03e6c9808b3.csv,c03e6c9808b3e7901453a1456c328538696c6364b77c4173747a7236a0b74fa8,LIVE,False,2026-09-19T11:00:52.035524+00:00,0.0,False,,296.1761443833333,True,,,,,,,,,28.0,20.0,48.0,44.5,3.5,False,win,,,,,NOT QUALIFIER,
board_snapshot,2026-09-19 11:03:49.431337+00:00,2026.5,6896b9770568baf57f8d4375019ad98ddc2fe7b2f1a2dabc8374b28193757625,schedule,17 6 * * 6,35438908575,1,72e09a910563c9b756a66e86eb744c4e8a1f1329,True,120,3.5,56.0,7.5,56.0,NO PLAY,Model edge is below the 3.5-point production threshold.,,FBS,GENERAL HGB,2026,3,401858451,2026-09-19 16:00:00+00:00,False,Akron,Minnesota,Huntington Bank Stadium,Minneapolis,MN,44.976525,-93.2245462,False,49.5,DraftKings,CFBD,2.0,0.5,49.25,0.25,,49.95065774951202,0.4506577495120215,0.4506577495120215,over,60.0,58.0,93.0,8.055453644,13.809349104,17.0,0.02,0.0,Measurable precipitation forecast,ok,MPX,Big Ten,Mid-American,fbs,fbs,True,3,outputs/prospective/2026/snapshots/board_20260919T110349Z_run35438908575_a1_c03e6c9808b3.csv,c03e6c9808b3e7901453a1456c328538696c6364b77c4173747a7236a0b74fa8,LIVE,False,2026-09-19T11:00:52.035524+00:00,0.0,False,,296.1761443833333,True,,,,,,,,,41.0,7.0,48.0,49.5,-1.5,False,loss,,,,,NOT QUALIFIER,
board_snapshot,2026-09-19 11:03:49.431337+00:00,2026.5,6896b9770568baf57f8d4375019ad98ddc2fe7b2f1a2dabc8374b28193757625,schedule,17 6 * * 6,35438908575,1,72e09a910563c9b756a66e86eb744c4e8a1f1329,True,120,3.5,56.0,7.5,56.0,NO PLAY,Model edge is below the 3.5-point production threshold.,selected total above market median,FBS,GENERAL HGB,2026,3,401858454,2026-09-19 16:00:00+00:00,False,Kent State,Ohio State,Ohio Stadium,Columbus,OH,40.0016447,-83.0197266,False,59.5,DraftKings,CFBD,2.0,1.0,59.0,0.5,,59.91556560234025,0.4155656023402538,0.4155656023402538,over,74.0,63.0,67.0,4.603116368,8.055453644,3.0,0.0,0.0,No meaningful precipitation signal,ok,ILN,Big Ten,Mid-American,fbs,fbs,True,3,outputs/prospective/2026/snapshots/board_20260919T110349Z_run35438908575_a1_c03e6c9808b3.csv,c03e6c9808b3e7901453a1456c328538696c6364b77c4173747a7236a0b74fa8,LIVE,False,2026-09-19T11:00:52.035524+00:00,0.0,False,,296.1761443833333,True,,,,,,,,,59.0,3.0,62.0,59.5,2.5,False,win,,,,,NOT QUALIFIER,
board_snapshot,2026-09-19 11:03:49.431337+00:00,2026.5,6896b9770568baf57f8d4375019ad98ddc2fe7b2f1a2dabc8374b28193757625,schedule,17 6 * * 6,35438908575,1,72e09a910563c9b756a66e86eb744c4e8a1f1329,True,120,3.5,56.0,7.5,56.0,NO PLAY,Model edge is below the 3.5-point production threshold.,,FBS,GENERAL HGB,2026,3,401858456,2026-09-19 16:00:00+00:00,False,Buffalo,Penn State,Beaver Stadium,University Park,PA,40.8121958,-77.8561023,False,49.5,DraftKings,CFBD,2.0,0.0,49.5,0.0,,50.16665079261448,0.6666507926144751,0.6666507926144751,over,65.0,52.0,63.0,2.301558184,6.904674552,1.0,0.0,0.0,No meaningful precipitation signal,ok,CTP,Big Ten,Mid-American,fbs,fbs,True,3,outputs/prospective/2026/snapshots/board_20260919T110349Z_run35438908575_a1_c03e6c9808b3.csv,c03e6c9808b3e7901453a1456c328538696c6364b77c4173747a7236a0b74fa8,LIVE,False,2026-09-19T11:00:52.035524+00:00,0.0,False,,296.1761443833333,True,,,,,,,,,55.0,13.0,68.0,49.5,18.5,False,win,,,,,NOT QUALIFIER,
board_snapshot,2026-09-19 11:03:49.431337+00:00,2026.5,6896b9770568baf57f8d4375019ad98ddc2fe7b2f1a2dabc8374b28193757625,schedule,17 6 * * 6,35438908575,1,72e09a910563c9b756a66e86eb744c4e8a1f1329,True,120,3.5,56.0,7.5,56.0,NO PLAY,Model edge is below the 3.5-point production threshold.,,FBS,GENERAL HGB,2026,3,401860889,2026-09-19 16:00:00+00:00,False,North Texas,Texas State,Bobcat Stadium (TX),San Marcos,TX,29.8910008,-97.9255735,False,62.5,DraftKings,CFBD,2.0,0.0,62.5,0.0,,63.50493475071645,1.004934750716442,1.004934750716442,over,86.0,73.0,65.0,3.452337276,6.904674552,0.0,0.0,0.0,No meaningful precipitation signal,ok,EWX,Pac-12,American Athletic,fbs,fbs,True,3,outputs/prospective/2026/snapshots/board_20260919T110349Z_run35438908575_a1_c03e6c9808b3.csv,c03e6c9808b3e7901453a1456c328538696c6364b77c4173747a7236a0b74fa8,LIVE,False,2026-09-19T11:00:52.035524+00:00,0.0,False,,296.1761443833333,True,,,,,,,,,49.0,35.0,84.0,62.5,21.5,False,win,,,,,NOT QUALIFIER,
board_snapshot,2026-09-19 11:03:49.431337+00:00,2026.5,6896b9770568baf57f8d4375019ad98ddc2fe7b2f1a2dabc8374b28193757625,schedule,17 6 * * 6,35438908575,1,72e09a910563c9b756a66e86eb744c4e8a1f1329,True,120,3.5,56.0,7.5,56.0,NO PLAY,FCS-only model does not meet the conservative under-edge screen.,FCS-only HGB,FCS,FCS-only HGB,2026,3,401867805,2026-09-19 16:00:00+00:00,False,Brown,New Haven,Ralph F. DellaCamera Stadium,West Haven,CT,41.2706527,-72.9470471,False,50.5,DraftKings,CFBD,1.0,0.0,50.5,0.0,,49.56185441575032,-0.9381455842496824,0.9381455842496824,under,66.0,47.0,50.0,8.055453644,10.357011828,0.0,0.0,0.0,No meaningful precipitation signal,ok,OKX,NEC,Ivy,fcs,fcs,False,3,outputs/prospective/2026/snapshots/board_20260919T110349Z_run35438908575_a1_c03e6c9808b3.csv,c03e6c9808b3e7901453a1456c328538696c6364b77c4173747a7236a0b74fa8,LIVE,False,2026-09-19T11:00:52.035524+00:00,0.0,False,,296.1761443833333,True,,,,,,,,,10.0,17.0,27.0,50.5,-23.5,False,win,,,,,NOT QUALIFIER,
board_snapshot,2026-09-19 11:03:49.431337+00:00,2026.5,6896b9770568baf57f8d4375019ad98ddc2fe7b2f1a2dabc8374b28193757625,schedule,17 6 * * 6,35438908575,1,72e09a910563c9b756a66e86eb744c4e8a1f1329,True,120,3.5,56.0,7.5,56.0,NO PLAY,FCS-only model does not meet the conservative under-edge screen.,FCS-only HGB,FCS,FCS-only HGB,2026,3,401867817,2026-09-19 16:00:00+00:00,False,Lafayette,Columbia,Lawrence A. Wien Stadium,Manhattan,NY,40.8732697,-73.9164594,False,47.5,DraftKings,CFBD,1.0,0.0,47.5,0.0,,44.0862156480142,-3.4137843519858,3.4137843519858,under,68.0,46.0,45.0,8.055453644,10.357011828,0.0,0.0,0.0,No meaningful precipitation signal,ok,OKX,Ivy,Patriot,fcs,fcs,False,3,outputs/prospective/2026/snapshots/board_20260919T110349Z_run35438908575_a1_c03e6c9808b3.csv,c03e6c9808b3e7901453a1456c328538696c6364b77c4173747a7236a0b74fa8,LIVE,False,2026-09-19T11:00:52.035524+00:00,0.0,False,,296.1761443833333,True,,,,,,,,,40.0,34.0,74.0,47.5,26.5,False,loss,,,,,NOT QUALIFIER,
board_snapshot,2026-09-19 11:03:49.431337+00:00,2026.5,6896b9770568baf57f8d4375019ad98ddc2fe7b2f1a2dabc8374b28193757625,schedule,17 6 * * 6,35438908575,1,72e09a910563c9b756a66e86eb744c4e8a1f1329,True,120,3.5,56.0,7.5,56.0,NO PLAY,FCS-only model does not meet the conservative under-edge screen.,FCS-only HGB,FCS,FCS-only HGB,2026,3,401867834,2026-09-19 16:00:00+00:00,False,Dartmouth,Lehigh,Goodman Stadium,Bethlehem,PA,40.5890837,-75.3553874,False,50.5,DraftKings,CFBD,1.0,0.0,50.5,0.0,,50.320517018719286,-0.179482981280714,0.179482981280714,under,70.0,51.0,51.0,5.75389546,9.206232736,0.0,0.0,0.0,No meaningful precipitation signal,ok,PHI,Patriot,Ivy,fcs,fcs,False,3,outputs/prospective/2026/snapshots/board_20260919T110349Z_run35438908575_a1_c03e6c9808b3.csv,c03e6c9808b3e7901453a1456c328538696c6364b77c4173747a7236a0b74fa8,LIVE,False,2026-09-19T11:00:52.035524+00:00,0.0,False,,296.1761443833333,True,,,,,,,,,24.0,20.0,44.0,50.5,-6.5,False,win,,,,,NOT QUALIFIER,
board_snapshot,2026-09-19 11:03:49.431337+00:00,2026.5,6896b9770568baf57f8d4375019ad98ddc2fe7b2f1a2dabc8374b28193757625,schedule,17 6 * * 6,35438908575,1,72e09a910563c9b756a66e86eb744c4e8a1f1329,True,120,3.5,56.0,7.5,56.0,NO PLAY,FCS-only model does not meet the conservative under-edge screen.,FCS-only HGB,FCS,FCS-only HGB,2026,3,401867908,2026-09-19 16:00:00+00:00,False,Villanova,Long Island University,Shark Stadium,Brookville,NY,40.816284,-73.589546,False,45.5,DraftKings,CFBD,1.0,0.0,45.5,0.0,,49.25821199824824,3.758211998248241,3.758211998248241,over,68.0,49.0,51.0,9.206232736,16.110907288,0.0,0.0,0.0,No meaningful precipitation signal,ok,OKX,NEC,Patriot,fcs,fcs,False,3,outputs/prospective/2026/snapshots/board_20260919T110349Z_run35438908575_a1_c03e6c9808b3.csv,c03e6c9808b3e7901453a1456c328538696c6364b77c4173747a7236a0b74fa8,LIVE,False,2026-09-19T11:00:52.035524+00:00,0.0,False,,296.1761443833333,True,,,,,,,,,16.0,20.0,36.0,45.5,-9.5,False,loss,,,,,NOT QUALIFIER,
board_snapshot,2026-09-19 11:03:49.431337+00:00,2026.5,6896b9770568baf57f8d4375019ad98ddc2fe7b2f1a2dabc8374b28193757625,schedule,17 6 * * 6,35438908575,1,72e09a910563c9b756a66e86eb744c4e8a1f1329,True,120,3.5,56.0,7.5,56.0,NO PLAY,FCS-only model does not meet the conservative under-edge screen.,FCS-only HGB,FCS,FCS-only HGB,2026,3,401868242,2026-09-19 16:00:00+00:00,False,West Georgia,East Tennessee State,William B. Greene Jr. Stadium,Johnson City,TN,36.299084,-82.374117,False,53.5,DraftKings,CFBD,1.0,0.0,53.5,0.0,,49.49784425556593,-4.002155744434072,4.002155744434072,under,82.0,72.0,72.0,1.150779092,4.603116368,5.0,0.0,0.0,No meaningful precipitation signal,ok,MRX,Southern,UAC,fcs,fcs,False,3,outputs/prospective/2026/snapshots/board_20260919T110349Z_run35438908575_a1_c03e6c9808b3.csv,c03e6c9808b3e7901453a1456c328538696c6364b77c4173747a7236a0b74fa8,LIVE,False,2026-09-19T11:00:52.035524+00:00,0.0,False,,296.1761443833333,True,,,,,,,,,35.0,27.0,62.0,53.5,8.5,False,loss,,,,,NOT QUALIFIER,
board_snapshot,2026-09-19 11:03:49.431337+00:00,2026.5,6896b9770568baf57f8d4375019ad98ddc2fe7b2f1a2dabc8374b28193757625,schedule,17 6 * * 6,35438908575,1,72e09a910563c9b756a66e86eb744c4e8a1f1329,True,120,3.5,56.0,7.5,56.0,NO PLAY,Model edge is below the 3.5-point production threshold.,,FBS,GENERAL HGB,2026,3,401858460,2026-09-19 16:30:00+00:00,False,Eastern Michigan,Wisconsin,Camp Randall Stadium,Madison,WI,43.06994,-89.4126943,False,44.5,DraftKings,CFBD,2.0,0.5,44.75,-0.25,,44.67837232289439,0.1783723228943883,0.1783723228943883,over,66.0,66.0,100.0,5.75389546,12.658570012,66.0,0.29,0.0,Measurable precipitation forecast,ok,MKX,Big Ten,Mid-American,fbs,fbs,True,3,outputs/prospective/2026/snapshots/board_20260919T110349Z_run35438908575_a1_c03e6c9808b3.csv,c03e6c9808b3e7901453a1456c328538696c6364b77c4173747a7236a0b74fa8,LIVE,False,2026-09-19T11:00:52.035524+00:00,0.0,False,,326.1761443833333,True,,,,,,,,,54.0,10.0,64.0,44.5,19.5,False,win,,,,,NOT QUALIFIER,
board_snapshot,2026-09-19 11:03:49.431337+00:00,2026.5,6896b9770568baf57f8d4375019ad98ddc2fe7b2f1a2dabc8374b28193757625,schedule,17 6 * * 6,35438908575,1,72e09a910563c9b756a66e86eb744c4e8a1f1329,True,120,3.5,56.0,7.5,56.0,NO PLAY,Model edge is below the 3.5-point production threshold.,,FBS,GENERAL HGB,2026,3,401856695,2026-09-19 16:45:00+00:00,False,NC State,Vanderbilt,FirstBank Stadium,Nashville,TN,36.1440455,-86.8088942,False,50.5,DraftKings,CFBD,2.0,0.0,50.5,0.0,,51.045964510638974,0.5459645106389721,0.5459645106389721,over,95.0,71.0,46.0,1.150779092,4.603116368,2.0,0.0,0.0,No meaningful precipitation signal,ok,OHX,SEC,ACC,fbs,fbs,True,3,outputs/prospective/2026/snapshots/board_20260919T110349Z_run35438908575_a1_c03e6c9808b3.csv,c03e6c9808b3e7901453a1456c328538696c6364b77c4173747a7236a0b74fa8,LIVE,False,2026-09-19T11:00:52.035524+00:00,0.0,False,,341.1761443833333,True,,,,,,,,,35.0,31.0,66.0,50.5,15.5,False,win,,,,,NOT QUALIFIER,
board_snapshot,2026-09-19 11:03:49.431337+00:00,2026.5,6896b9770568baf57f8d4375019ad98ddc2fe7b2f1a2dabc8374b28193757625,schedule,17 6 * * 6,35438908575,1,72e09a910563c9b756a66e86eb744c4e8a1f1329,True,120,3.5,56.0,7.5,56.0,NO PLAY,Model edge is below the 3.5-point production threshold.,,FBS,GENERAL HGB,2026,3,401864508,2026-09-19 17:00:00+00:00,False,Wyoming,Central Michigan,Kelly/Shorts Stadium,Mount Pleasant,MI,43.5777313,-84.7709904,False,38.5,DraftKings,CFBD,2.0,0.5,38.75,-0.25,,38.561240591262695,0.0612405912626962,0.0612405912626962,over,58.0,55.0,90.0,6.904674552,14.960128196,57.0,0.22,0.0,Measurable precipitation forecast,ok,GRR,Mid-American,Mountain West,fbs,fbs,True,3,outputs/prospective/2026/snapshots/board_20260919T110349Z_run35438908575_a1_c03e6c9808b3.csv,c03e6c9808b3e7901453a1456c328538696c6364b77c4173747a7236a0b74fa8,LIVE,False,2026-09-19T11:00:52.035524+00:00,0.0,False,,356.1761443833333,True,,,,,,,,,24.0,10.0,34.0,38.5,-4.5,False,loss,,,,,NOT QUALIFIER,
board_snapshot,2026-09-19 11:03:49.431337+00:00,2026.5,6896b9770568baf57f8d4375019ad98ddc2fe7b2f1a2dabc8374b28193757625,schedule,17 6 * * 6,35438908575,1,72e09a910563c9b756a66e86eb744c4e8a1f1329,True,120,3.5,56.0,7.5,56.0,NO PLAY,FCS-only model does not meet the conservative under-edge screen.,FCS-only HGB,FCS,FCS-only HGB,2026,3,401866638,2026-09-19 17:00:00+00:00,False,Princeton,Bryant,Bulldog Stadium,Smithfield,RI,41.924206,-71.5385124,False,44.5,DraftKings,CFBD,1.0,0.0,44.5,0.0,,45.2653983384376,0.7653983384375971,0.7653983384375971,over,64.0,43.0,46.0,3.452337276,8.055453644,0.0,0.0,0.0,No meaningful precipitation signal,ok,BOX,Coastal Athletic,Ivy,fcs,fcs,False,3,outputs/prospective/2026/snapshots/board_20260919T110349Z_run35438908575_a1_c03e6c9808b3.csv,c03e6c9808b3e7901453a1456c328538696c6364b77c4173747a7236a0b74fa8,LIVE,False,2026-09-19T11:00:52.035524+00:00,0.0,False,,356.1761443833333,True,,,,,,,,,21.0,14.0,35.0,44.5,-9.5,False,loss,,,,,NOT QUALIFIER,
board_snapshot,2026-09-19 11:03:49.431337+00:00,2026.5,6896b9770568baf57f8d4375019ad98ddc2fe7b2f1a2dabc8374b28193757625,schedule,17 6 * * 6,35438908575,1,72e09a910563c9b756a66e86eb744c4e8a1f1329,True,120,3.5,56.0,7.5,56.0,NO PLAY,FCS-only model does not meet the conservative under-edge screen.,5.0+ model edge; FCS-only HGB,FCS,FCS-only HGB,2026,3,401866639,2026-09-19 17:00:00+00:00,False,Harvard,New Hampshire,Wildcat Stadium,Durham,NH,43.1386231,-70.9393077,False,52.5,DraftKings,CFBD,1.0,0.0,52.5,0.0,,47.05678598444501,-5.443214015554988,5.443214015554988,under,64.0,42.0,45.0,1.150779092,2.301558184,0.0,0.0,0.0,No meaningful precipitation signal,ok,GYX,Coastal Athletic,Ivy,fcs,fcs,False,3,outputs/prospective/2026/snapshots/board_20260919T110349Z_run35438908575_a1_c03e6c9808b3.csv,c03e6c9808b3e7901453a1456c328538696c6364b77c4173747a7236a0b74fa8,LIVE,False,2026-09-19T11:00:52.035524+00:00,0.0,False,,356.1761443833333,True,,,,,,,,,7.0,31.0,38.0,52.5,-14.5,False,win,,,,,NOT QUALIFIER,
board_snapshot,2026-09-19 11:03:49.431337+00:00,2026.5,6896b9770568baf57f8d4375019ad98ddc2fe7b2f1a2dabc8374b28193757625,schedule,17 6 * * 6,35438908575,1,72e09a910563c9b756a66e86eb744c4e8a1f1329,True,120,3.5,56.0,7.5,56.0,NO PLAY,FCS-only model points over; the FCS research track has not validated an over production strategy.,5.0+ model edge; FCS-only HGB,FCS,FCS-only HGB,2026,3,401867686,2026-09-19 17:00:00+00:00,False,Chicago State,Butler,Butler Bowl,Indianapolis,IN,39.8444694,-86.1659242,False,54.5,DraftKings,CFBD,1.0,0.0,54.5,0.0,,59.79970470910419,5.299704709104187,5.299704709104187,over,83.0,73.0,72.0,6.904674552,11.50779092,38.0,0.06,0.0,Measurable precipitation forecast,ok,IND,Pioneer,FCS Independents,fcs,fcs,False,3,outputs/prospective/2026/snapshots/board_20260919T110349Z_run35438908575_a1_c03e6c9808b3.csv,c03e6c9808b3e7901453a1456c328538696c6364b77c4173747a7236a0b74fa8,LIVE,False,2026-09-19T11:00:52.035524+00:00,0.0,False,,356.1761443833333,True,,,,,,,,,47.0,20.0,67.0,54.5,12.5,False,win,,,,,NOT QUALIFIER,
board_snapshot,2026-09-19 11:03:49.431337+00:00,2026.5,6896b9770568baf57f8d4375019ad98ddc2fe7b2f1a2dabc8374b28193757625,schedule,17 6 * * 6,35438908575,1,72e09a910563c9b756a66e86eb744c4e8a1f1329,True,120,3.5,56.0,7.5,56.0,NO PLAY,FCS-only model does not meet the conservative under-edge screen.,5.0+ model edge; FCS-only HGB,FCS,FCS-only HGB,2026,3,401867826,2026-09-19 17:00:00+00:00,False,Cornell,Colgate,Andy Kerr Stadium,Hamilton,NY,42.8168991,-75.5452721,False,50.5,DraftKings,CFBD,1.0,0.0,50.5,0.0,,45.17409987335104,-5.325900126648959,5.325900126648959,under,64.0,43.0,46.0,3.452337276,5.75389546,0.0,0.0,0.0,No meaningful precipitation signal,ok,BGM,Patriot,Ivy,fcs,fcs,False,3,outputs/prospective/2026/snapshots/board_20260919T110349Z_run35438908575_a1_c03e6c9808b3.csv,c03e6c9808b3e7901453a1456c328538696c6364b77c4173747a7236a0b74fa8,LIVE,False,2026-09-19T11:00:52.035524+00:00,0.0,False,,356.1761443833333,True,,,,,,,,,20.0,7.0,27.0,50.5,-23.5,False,win,,,,,NOT QUALIFIER,
board_snapshot,2026-09-19 11:03:49.431337+00:00,2026.5,6896b9770568baf57f8d4375019ad98ddc2fe7b2f1a2dabc8374b28193757625,schedule,17 6 * * 6,35438908575,1,72e09a910563c9b756a66e86eb744c4e8a1f1329,True,120,3.5,56.0,7.5,56.0,NO PLAY,FCS-only model does not meet the conservative under-edge screen.,FCS-only HGB,FCS,FCS-only HGB,2026,3,401867857,2026-09-19 17:00:00+00:00,False,Valparaiso,Indiana State,Memorial Stadium,Terre Haute,IN,39.4746858,-87.3669599,False,55.5,DraftKings,CFBD,1.0,0.0,55.5,0.0,,53.08224244627079,-2.417757553729212,2.417757553729212,under,87.0,73.0,63.0,5.75389546,11.50779092,22.0,0.0,0.0,No meaningful precipitation signal,ok,IND,MVFC,Pioneer,fcs,fcs,False,3,outputs/prospective/2026/snapshots/board_20260919T110349Z_run35438908575_a1_c03e6c9808b3.csv,c03e6c9808b3e7901453a1456c328538696c6364b77c4173747a7236a0b74fa8,LIVE,False,2026-09-19T11:00:52.035524+00:00,0.0,False,,356.1761443833333,True,,,,,,,,,39.0,16.0,55.0,55.5,-0.5,False,win,,,,,NOT QUALIFIER,
board_snapshot,2026-09-19 11:03:49.431337+00:00,2026.5,6896b9770568baf57f8d4375019ad98ddc2fe7b2f1a2dabc8374b28193757625,schedule,17 6 * * 6,35438908575,1,72e09a910563c9b756a66e86eb744c4e8a1f1329,True,120,3.5,56.0,7.5,56.0,NO PLAY,FCS-only model does not meet the conservative under-edge screen.,5.0+ model edge; FCS-only HGB,FCS,FCS-only HGB,2026,3,401868397,2026-09-19 17:00:00+00:00,False,VMI,Davidson,Richardson Stadium,Davidson,NC,35.4995744,-80.8428419,False,42.5,DraftKings,CFBD,1.0,0.0,42.5,0.0,,36.422115455688186,-6.077884544311814,6.077884544311814,under,84.0,75.0,74.0,5.75389546,10.357011828,19.0,0.04,0.0,Measurable precipitation forecast,ok,GSP,Pioneer,Southern,fcs,fcs,False,3,outputs/prospective/2026/snapshots/board_20260919T110349Z_run35438908575_a1_c03e6c9808b3.csv,c03e6c9808b3e7901453a1456c328538696c6364b77c4173747a7236a0b74fa8,LIVE,False,2026-09-19T11:00:52.035524+00:00,0.0,False,,356.1761443833333,True,,,,,,,,,27.0,24.0,51.0,42.5,8.5,False,loss,,,,,NOT QUALIFIER,
board_snapshot,2026-09-19 11:03:49.431337+00:00,2026.5,6896b9770568baf57f8d4375019ad98ddc2fe7b2f1a2dabc8374b28193757625,schedule,17 6 * * 6,35438908575,1,72e09a910563c9b756a66e86eb744c4e8a1f1329,True,120,3.5,56.0,7.5,56.0,NO LINE,No current market total is available.,,OTHER,GENERAL HGB,2026,3,401873620,2026-09-19 17:00:00+00:00,False,Glenville State,Mercyhurst,Saxon Stadium,Erie,PA,42.1294712,-80.0852695,False,,missing,,,,,,,,,,over,,,,,,,,,,,,NEC,Mountain East,fcs,ii,False,4,outputs/prospective/2026/snapshots/board_20260919T110349Z_run35438908575_a1_c03e6c9808b3.csv,c03e6c9808b3e7901453a1456c328538696c6364b77c4173747a7236a0b74fa8,NO LINE,False,,,False,,356.1761443833333,True,,,,,,,,,49.0,20.0,69.0,,,False,,,,,,NOT QUALIFIER,
board_snapshot,2026-09-19 11:03:49.431337+00:00,2026.5,6896b9770568baf57f8d4375019ad98ddc2fe7b2f1a2dabc8374b28193757625,schedule,17 6 * * 6,35438908575,1,72e09a910563c9b756a66e86eb744c4e8a1f1329,True,120,3.5,56.0,7.5,56.0,NO PLAY,Model edge is below the 3.5-point production threshold.,,OTHER,GENERAL HGB,2026,3,401858227,2026-09-19 18:00:00+00:00,False,Maine,Boston College,"Alumni Stadium (Chestnut Hill, MA)",Chestnut Hill,MA,42.335104,-71.1664413,False,54.5,DraftKings,CFBD,2.0,0.5,54.25,0.25,,55.104836827030944,0.6048368270309419,0.6048368270309419,over,64.0,43.0,46.0,5.75389546,9.206232736,0.0,0.0,0.0,No meaningful precipitation signal,ok,BOX,ACC,Coastal Athletic,fbs,fcs,False,3,outputs/prospective/2026/snapshots/board_20260919T110349Z_run35438908575_a1_c03e6c9808b3.csv,c03e6c9808b3e7901453a1456c328538696c6364b77c4173747a7236a0b74fa8,LIVE,False,2026-09-19T11:00:52.035524+00:00,0.0,False,,416.1761443833333,True,54.5,2026-09-19 17:17:48.693003+00:00,42.18844995,DraftKings,CFBD,2.0,outputs/prospective/2026/close_captures/close_20260919T171748Z_run35457620962_a1_7cea7a4787e0.csv,7cea7a4787e095293078ec8e360215ca5682e5c8858f3e3d483b3916707d7e9b,22.0,16.0,38.0,54.5,-16.5,False,loss,,,0.0,0.0,NOT QUALIFIER,
board_snapshot,2026-09-19 11:03:49.431337+00:00,2026.5,6896b9770568baf57f8d4375019ad98ddc2fe7b2f1a2dabc8374b28193757625,schedule,17 6 * * 6,35438908575,1,72e09a910563c9b756a66e86eb744c4e8a1f1329,True,120,3.5,56.0,7.5,56.0,NO PLAY,Model edge is below the 3.5-point production threshold.,,OTHER,GENERAL HGB,2026,3,401858448,2026-09-19 18:00:00+00:00,False,Southern Illinois,Illinois,"Memorial Stadium (Champaign, IL)",Champaign,IL,40.0993268,-88.2359569,False,55.5,DraftKings,CFBD,2.0,0.5,55.25,0.25,,56.29578576727431,0.7957857672743083,0.7957857672743083,over,83.0,75.0,77.0,5.75389546,9.206232736,17.0,0.01,0.0,No meaningful precipitation signal,ok,ILX,Big Ten,MVFC,fbs,fcs,False,3,outputs/prospective/2026/snapshots/board_20260919T110349Z_run35438908575_a1_c03e6c9808b3.csv,c03e6c9808b3e7901453a1456c328538696c6364b77c4173747a7236a0b74fa8,LIVE,False,2026-09-19T11:00:52.035524+00:00,0.0,False,,416.1761443833333,True,55.5,2026-09-19 17:17:48.693003+00:00,42.18844995,DraftKings,CFBD,2.0,outputs/prospective/2026/close_captures/close_20260919T171748Z_run35457620962_a1_7cea7a4787e0.csv,7cea7a4787e095293078ec8e360215ca5682e5c8858f3e3d483b3916707d7e9b,48.0,10.0,58.0,55.5,2.5,False,win,,,0.0,0.0,NOT QUALIFIER,
board_snapshot,2026-09-19 11:03:49.431337+00:00,2026.5,6896b9770568baf57f8d4375019ad98ddc2fe7b2f1a2dabc8374b28193757625,schedule,17 6 * * 6,35438908575,1,72e09a910563c9b756a66e86eb744c4e8a1f1329,True,120,3.5,56.0,7.5,56.0,LEAN,"FCS-only HGB has a strong under edge, but the market total is below the preferred 56+ qualifying screen.",5.0+ model edge; FCS-only HGB; FCS 7.5+ under edge,FCS,FCS-only HGB,2026,3,401868023,2026-09-19 18:00:00+00:00,False,Yale,Holy Cross,Fitton Field,Worcester,MA,42.2403564,-71.8111424,False,50.5,DraftKings,CFBD,1.0,0.0,50.5,0.0,,41.78380447389051,-8.716195526109491,8.716195526109491,under,66.0,41.0,40.0,2.301558184,5.75389546,0.0,0.0,0.0,No meaningful precipitation signal,ok,BOX,Patriot,Ivy,fcs,fcs,False,1,outputs/prospective/2026/snapshots/board_20260919T110349Z_run35438908575_a1_c03e6c9808b3.csv,c03e6c9808b3e7901453a1456c328538696c6364b77c4173747a7236a0b74fa8,LIVE,False,2026-09-19T11:00:52.035524+00:00,0.0,False,,416.1761443833333,True,50.5,2026-09-19 17:17:48.693003+00:00,42.18844995,DraftKings,CFBD,1.0,outputs/prospective/2026/close_captures/close_20260919T171748Z_run35457620962_a1_7cea7a4787e0.csv,7cea7a4787e095293078ec8e360215ca5682e5c8858f3e3d483b3916707d7e9b,28.0,38.0,66.0,50.5,15.5,False,loss,,,0.0,0.0,NOT QUALIFIER,
board_snapshot,2026-09-19 11:03:49.431337+00:00,2026.5,6896b9770568baf57f8d4375019ad98ddc2fe7b2f1a2dabc8374b28193757625,schedule,17 6 * * 6,35438908575,1,72e09a910563c9b756a66e86eb744c4e8a1f1329,True,120,3.5,56.0,7.5,56.0,LEAN,"FCS-only HGB points under with a 5.0+ edge and 56+ total, but it does not meet the 7.5-point qualifying edge.",5.0+ model edge; FCS-only HGB; FCS 56+ total,FCS,FCS-only HGB,2026,3,401868159,2026-09-19 18:00:00+00:00,False,Southern Utah,St. Thomas (MN),O'Shaughnessy Stadium,Saint Paul,MN,44.9497487,-93.0931028,False,57.5,DraftKings,CFBD,1.0,0.0,57.5,0.0,,51.38064958347704,-6.119350416522956,6.119350416522956,under,61.0,58.0,91.0,6.904674552,13.809349104,17.0,0.0,0.0,No meaningful precipitation signal,ok,MPX,Pioneer,Big Sky,fcs,fcs,False,1,outputs/prospective/2026/snapshots/board_20260919T110349Z_run35438908575_a1_c03e6c9808b3.csv,c03e6c9808b3e7901453a1456c328538696c6364b77c4173747a7236a0b74fa8,LIVE,False,2026-09-19T11:00:52.035524+00:00,0.0,False,,416.1761443833333,True,62.5,2026-09-19 17:17:48.693003+00:00,42.18844995,DraftKings,CFBD,1.0,outputs/prospective/2026/close_captures/close_20260919T171748Z_run35457620962_a1_7cea7a4787e0.csv,7cea7a4787e095293078ec8e360215ca5682e5c8858f3e3d483b3916707d7e9b,28.0,26.0,54.0,57.5,-3.5,False,win,,,-5.0,0.0,NOT QUALIFIER,
board_snapshot,2026-09-19 11:03:49.431337+00:00,2026.5,6896b9770568baf57f8d4375019ad98ddc2fe7b2f1a2dabc8374b28193757625,schedule,17 6 * * 6,35438908575,1,72e09a910563c9b756a66e86eb744c4e8a1f1329,True,120,3.5,56.0,7.5,56.0,NO PLAY,FCS-only model does not meet the conservative under-edge screen.,FCS-only HGB,FCS,FCS-only HGB,2026,3,401866634,2026-09-19 18:30:00+00:00,False,Rhode Island,Stony Brook,Kenneth P. LaValle Stadium,Stony Brook,NY,40.9188829,-73.1242966,False,52.5,DraftKings,CFBD,1.0,0.0,52.5,0.0,,50.03776177448185,-2.4622382255181487,2.4622382255181487,under,68.0,48.0,49.0,9.206232736,16.110907288,0.0,0.0,0.0,No meaningful precipitation signal,ok,OKX,Coastal Athletic,Coastal Athletic,fcs,fcs,False,3,outputs/prospective/2026/snapshots/board_20260919T110349Z_run35438908575_a1_c03e6c9808b3.csv,c03e6c9808b3e7901453a1456c328538696c6364b77c4173747a7236a0b74fa8,LIVE,False,2026-09-19T11:00:52.035524+00:00,0.0,False,,446.1761443833333,True,51.5,2026-09-19 17:17:48.693003+00:00,72.18844994999999,DraftKings,CFBD,1.0,outputs/prospective/2026/close_captures/close_20260919T171748Z_run35457620962_a1_7cea7a4787e0.csv,7cea7a4787e095293078ec8e360215ca5682e5c8858f3e3d483b3916707d7e9b,56.0,24.0,80.0,52.5,27.5,False,loss,,,1.0,1.0,NOT QUALIFIER,
board_snapshot,2026-09-19 11:03:49.431337+00:00,2026.5,6896b9770568baf57f8d4375019ad98ddc2fe7b2f1a2dabc8374b28193757625,schedule,17 6 * * 6,35438908575,1,72e09a910563c9b756a66e86eb744c4e8a1f1329,True,120,3.5,56.0,7.5,56.0,NO PLAY,FCS-only model does not meet the conservative under-edge screen.,FCS-only HGB; FCS 56+ total,FCS,FCS-only HGB,2026,3,401868275,2026-09-19 18:30:00+00:00,False,Presbyterian,Western Carolina,E. J. Whitmire Stadium,Cullowhee,NC,35.3048352,-83.1818148,False,66.5,DraftKings,CFBD,1.0,0.0,66.5,0.0,,64.89948760935211,-1.6005123906478886,1.6005123906478886,under,86.0,68.0,56.0,0.0,4.603116368,57.0,0.22,0.0,Measurable precipitation forecast,ok,GSP,Southern,Pioneer,fcs,fcs,False,3,outputs/prospective/2026/snapshots/board_20260919T110349Z_run35438908575_a1_c03e6c9808b3.csv,c03e6c9808b3e7901453a1456c328538696c6364b77c4173747a7236a0b74fa8,LIVE,False,2026-09-19T11:00:52.035524+00:00,0.0,False,,446.1761443833333,True,66.5,2026-09-19 17:17:48.693003+00:00,72.18844994999999,DraftKings,CFBD,1.0,outputs/prospective/2026/close_captures/close_20260919T171748Z_run35457620962_a1_7cea7a4787e0.csv,7cea7a4787e095293078ec8e360215ca5682e5c8858f3e3d483b3916707d7e9b,58.0,14.0,72.0,66.5,5.5,False,loss,,,0.0,0.0,NOT QUALIFIER,
board_snapshot,2026-09-19 11:03:49.431337+00:00,2026.5,6896b9770568baf57f8d4375019ad98ddc2fe7b2f1a2dabc8374b28193757625,schedule,17 6 * * 6,35438908575,1,72e09a910563c9b756a66e86eb744c4e8a1f1329,True,120,3.5,56.0,7.5,56.0,NO PLAY,Model edge is below the 3.5-point production threshold.,,FBS,GENERAL HGB,2026,3,401862774,2026-09-19 19:00:00+00:00,False,Temple,Toledo,Glass Bowl,Toledo,OH,41.6574777,-83.6135652,False,48.5,DraftKings,CFBD,2.0,0.0,48.5,0.0,,49.66808643836795,1.1680864383679512,1.1680864383679512,over,69.0,62.0,80.0,5.75389546,12.658570012,65.0,0.14,0.0,Measurable precipitation forecast,ok,CLE,Mid-American,American Athletic,fbs,fbs,True,3,outputs/prospective/2026/snapshots/board_20260919T110349Z_run35438908575_a1_c03e6c9808b3.csv,c03e6c9808b3e7901453a1456c328538696c6364b77c4173747a7236a0b74fa8,LIVE,False,2026-09-19T11:00:52.035524+00:00,0.0,False,,476.1761443833333,True,,,,,,,,,49.0,48.0,97.0,48.5,48.5,False,win,,,,,NOT QUALIFIER,
board_snapshot,2026-09-19 11:03:49.431337+00:00,2026.5,6896b9770568baf57f8d4375019ad98ddc2fe7b2f1a2dabc8374b28193757625,schedule,17 6 * * 6,35438908575,1,72e09a910563c9b756a66e86eb744c4e8a1f1329,True,120,3.5,56.0,7.5,56.0,NO PLAY,FCS-only model does not meet the conservative under-edge screen.,FCS-only HGB,FCS,FCS-only HGB,2026,3,401867846,2026-09-19 19:00:00+00:00,False,Eastern Illinois,Illinois State,Hancock Stadium,Normal,IL,40.5125091,-88.9967177,False,53.5,DraftKings,CFBD,1.0,0.0,53.5,0.0,,56.27575793725496,2.7757579372549603,2.7757579372549603,over,83.0,75.0,77.0,8.055453644,11.50779092,4.0,0.0,0.0,No meaningful precipitation signal,ok,ILX,MVFC,OVC,fcs,fcs,False,3,outputs/prospective/2026/snapshots/board_20260919T110349Z_run35438908575_a1_c03e6c9808b3.csv,c03e6c9808b3e7901453a1456c328538696c6364b77c4173747a7236a0b74fa8,LIVE,False,2026-09-19T11:00:52.035524+00:00,0.0,False,,476.1761443833333,True,,,,,,,,,49.0,13.0,62.0,53.5,8.5,False,win,,,,,NOT QUALIFIER,
board_snapshot,2026-09-19 11:03:49.431337+00:00,2026.5,6896b9770568baf57f8d4375019ad98ddc2fe7b2f1a2dabc8374b28193757625,schedule,17 6 * * 6,35438908575,1,72e09a910563c9b756a66e86eb744c4e8a1f1329,True,120,3.5,56.0,7.5,56.0,NO PLAY,FCS-only model does not meet the conservative under-edge screen.,FCS-only HGB; FCS 56+ total,FCS,FCS-only HGB,2026,3,401867898,2026-09-19 19:00:00+00:00,False,Central Connecticut,Montana State,Bobcat Stadium,Bozeman,MT,45.659048,-111.049547,False,59.5,DraftKings,CFBD,1.0,0.0,59.5,0.0,,62.49051292333468,2.990512923334677,2.990512923334677,over,53.0,53.0,100.0,4.603116368,9.206232736,87.0,0.12,0.0,Measurable precipitation forecast,ok,TFX,Big Sky,NEC,fcs,fcs,False,3,outputs/prospective/2026/snapshots/board_20260919T110349Z_run35438908575_a1_c03e6c9808b3.csv,c03e6c9808b3e7901453a1456c328538696c6364b77c4173747a7236a0b74fa8,LIVE,False,2026-09-19T11:00:52.035524+00:00,0.0,False,,476.1761443833333,True,,,,,,,,,35.0,30.0,65.0,59.5,5.5,False,win,,,,,NOT QUALIFIER,
board_snapshot,2026-09-19 11:03:49.431337+00:00,2026.5,6896b9770568baf57f8d4375019ad98ddc2fe7b2f1a2dabc8374b28193757625,schedule,17 6 * * 6,35438908575,1,72e09a910563c9b756a66e86eb744c4e8a1f1329,True,120,3.5,56.0,7.5,56.0,NO PLAY,FCS-only model does not meet the conservative under-edge screen.,FCS-only HGB,FCS,FCS-only HGB,2026,3,401867991,2026-09-19 19:00:00+00:00,False,Pennsylvania,Bucknell,Christy Mathewson-Memorial Stadium,Lewisburg,PA,40.9519411,-76.884752,False,48.5,DraftKings,CFBD,1.0,0.0,48.5,0.0,,45.72770960461332,-2.7722903953866807,2.7722903953866807,under,70.0,53.0,55.0,1.150779092,5.75389546,1.0,0.0,0.0,No meaningful precipitation signal,ok,CTP,Patriot,Ivy,fcs,fcs,False,3,outputs/prospective/2026/snapshots/board_20260919T110349Z_run35438908575_a1_c03e6c9808b3.csv,c03e6c9808b3e7901453a1456c328538696c6364b77c4173747a7236a0b74fa8,LIVE,False,2026-09-19T11:00:52.035524+00:00,0.0,False,,476.1761443833333,True,,,,,,,,,7.0,20.0,27.0,48.5,-21.5,False,win,,,,,NOT QUALIFIER,
board_snapshot,2026-09-19 11:03:49.431337+00:00,2026.5,6896b9770568baf57f8d4375019ad98ddc2fe7b2f1a2dabc8374b28193757625,schedule,17 6 * * 6,35438908575,1,72e09a910563c9b756a66e86eb744c4e8a1f1329,True,120,3.5,56.0,7.5,56.0,NO PLAY,Model edge is below the 3.5-point production threshold.,,FBS,GENERAL HGB,2026,3,401856685,2026-09-19 19:30:00+00:00,False,Florida State,Alabama,Bryant-Denny Stadium,Tuscaloosa,AL,33.2082752,-87.5503836,False,49.5,DraftKings,CFBD,2.0,0.5,49.75,-0.25,,50.16665079261448,0.6666507926144751,0.6666507926144751,over,100.0,70.0,38.0,2.301558184,5.75389546,14.0,0.01,0.0,No meaningful precipitation signal,ok,BMX,SEC,ACC,fbs,fbs,True,3,outputs/prospective/2026/snapshots/board_20260919T110349Z_run35438908575_a1_c03e6c9808b3.csv,c03e6c9808b3e7901453a1456c328538696c6364b77c4173747a7236a0b74fa8,LIVE,False,2026-09-19T11:00:52.035524+00:00,0.0,False,,506.1761443833333,True,,,,,,,,,50.0,36.0,86.0,49.5,36.5,False,win,,,,,NOT QUALIFIER,
board_snapshot,2026-09-19 11:03:49.431337+00:00,2026.5,6896b9770568baf57f8d4375019ad98ddc2fe7b2f1a2dabc8374b28193757625,schedule,17 6 * * 6,35438908575,1,72e09a910563c9b756a66e86eb744c4e8a1f1329,True,120,3.5,56.0,7.5,56.0,NO PLAY,Model edge is below the 3.5-point production threshold.,,FBS,GENERAL HGB,2026,3,401856694,2026-09-19 19:30:00+00:00,False,Kentucky,Texas A&M,Kyle Field,College Station,TX,30.6098891,-96.3403828,False,49.5,DraftKings,CFBD,2.0,0.0,49.5,0.0,,50.56000059029607,1.060000590296072,1.060000590296072,over,94.0,68.0,43.0,4.603116368,10.357011828,0.0,0.0,0.0,No meaningful precipitation signal,ok,HGX,SEC,SEC,fbs,fbs,True,3,outputs/prospective/2026/snapshots/board_20260919T110349Z_run35438908575_a1_c03e6c9808b3.csv,c03e6c9808b3e7901453a1456c328538696c6364b77c4173747a7236a0b74fa8,LIVE,False,2026-09-19T11:00:52.035524+00:00,0.0,False,,506.1761443833333,True,,,,,,,,,21.0,31.0,52.0,49.5,2.5,False,win,,,,,NOT QUALIFIER,
board_snapshot,2026-09-19 11:03:49.431337+00:00,2026.5,6896b9770568baf57f8d4375019ad98ddc2fe7b2f1a2dabc8374b28193757625,schedule,17 6 * * 6,35438908575,1,72e09a910563c9b756a66e86eb744c4e8a1f1329,True,120,3.5,56.0,7.5,56.0,NO PLAY,Model edge is below the 3.5-point production threshold.,,FBS,GENERAL HGB,2026,3,401856797,2026-09-19 19:30:00+00:00,False,Miami (OH),Cincinnati,TQL Stadium,Cincinnati,OH,39.11139,-84.52222,False,49.5,DraftKings,CFBD,2.0,0.0,49.5,0.0,,50.09471047416966,0.5947104741696594,0.5947104741696594,over,88.0,72.0,59.0,4.603116368,9.206232736,18.0,0.41,0.0,Measurable precipitation forecast,ok,ILN,Big 12,Mid-American,fbs,fbs,True,3,outputs/prospective/2026/snapshots/board_20260919T110349Z_run35438908575_a1_c03e6c9808b3.csv,c03e6c9808b3e7901453a1456c328538696c6364b77c4173747a7236a0b74fa8,LIVE,False,2026-09-19T11:00:52.035524+00:00,0.0,False,,506.1761443833333,True,,,,,,,,,35.0,31.0,66.0,49.5,16.5,False,win,,,,,NOT QUALIFIER,
board_snapshot,2026-09-19 11:03:49.431337+00:00,2026.5,6896b9770568baf57f8d4375019ad98ddc2fe7b2f1a2dabc8374b28193757625,schedule,17 6 * * 6,35438908575,1,72e09a910563c9b756a66e86eb744c4e8a1f1329,True,120,3.5,56.0,7.5,56.0,NO PLAY,Model edge is below the 3.5-point production threshold.,,FBS,GENERAL HGB,2026,3,401856801,2026-09-19 19:30:00+00:00,False,Utah State,Utah,Rice-Eccles Stadium,Salt Lake City,UT,40.7599724,-111.8488255,False,56.5,DraftKings,CFBD,2.0,0.0,56.5,0.0,,57.156760946330095,0.6567609463300981,0.6567609463300981,over,67.0,48.0,51.0,3.452337276,10.357011828,16.0,0.0,0.0,No meaningful precipitation signal,ok,SLC,Big 12,Pac-12,fbs,fbs,True,3,outputs/prospective/2026/snapshots/board_20260919T110349Z_run35438908575_a1_c03e6c9808b3.csv,c03e6c9808b3e7901453a1456c328538696c6364b77c4173747a7236a0b74fa8,LIVE,False,2026-09-19T11:00:52.035524+00:00,0.0,False,,506.1761443833333,True,,,,,,,,,33.0,0.0,33.0,56.5,-23.5,False,loss,,,,,NOT QUALIFIER,
board_snapshot,2026-09-19 11:03:49.431337+00:00,2026.5,6896b9770568baf57f8d4375019ad98ddc2fe7b2f1a2dabc8374b28193757625,schedule,17 6 * * 6,35438908575,1,72e09a910563c9b756a66e86eb744c4e8a1f1329,True,120,3.5,56.0,7.5,56.0,NO PLAY,Model edge is below the 3.5-point production threshold.,,FBS,GENERAL HGB,2026,3,401858230,2026-09-19 19:30:00+00:00,False,SMU,Louisville,L&N Federal Credit Union Stadium,Louisville,KY,38.2057621,-85.7588141,False,58.5,DraftKings,CFBD,2.0,0.0,58.5,0.0,,58.870273860557965,0.3702738605579667,0.3702738605579667,over,93.0,73.0,52.0,4.603116368,8.055453644,13.0,0.1,0.0,Measurable precipitation forecast,ok,LMK,ACC,ACC,fbs,fbs,True,3,outputs/prospective/2026/snapshots/board_20260919T110349Z_run35438908575_a1_c03e6c9808b3.csv,c03e6c9808b3e7901453a1456c328538696c6364b77c4173747a7236a0b74fa8,LIVE,False,2026-09-19T11:00:52.035524+00:00,0.0,False,,506.1761443833333,True,,,,,,,,,41.0,31.0,72.0,58.5,13.5,False,win,,,,,NOT QUALIFIER,
board_snapshot,2026-09-19 11:03:49.431337+00:00,2026.5,6896b9770568baf57f8d4375019ad98ddc2fe7b2f1a2dabc8374b28193757625,schedule,17 6 * * 6,35438908575,1,72e09a910563c9b756a66e86eb744c4e8a1f1329,True,120,3.5,56.0,7.5,56.0,NO PLAY,Model edge is below the 3.5-point production threshold.,,OTHER,GENERAL HGB,2026,3,401858233,2026-09-19 19:30:00+00:00,False,Wagner,California,California Memorial Stadium,Berkeley,CA,37.8710434,-122.2507729,False,65.5,DraftKings,CFBD,1.0,0.0,65.5,0.0,,65.64869039030168,0.1486903903016763,0.1486903903016763,over,69.0,61.0,74.0,5.75389546,9.206232736,0.0,0.0,0.0,No meaningful precipitation signal,ok,MTR,ACC,NEC,fbs,fcs,False,3,outputs/prospective/2026/snapshots/board_20260919T110349Z_run35438908575_a1_c03e6c9808b3.csv,c03e6c9808b3e7901453a1456c328538696c6364b77c4173747a7236a0b74fa8,LIVE,False,2026-09-19T11:00:52.035524+00:00,0.0,False,,506.1761443833333,True,,,,,,,,,49.0,7.0,56.0,65.5,-9.5,False,loss,,,,,NOT QUALIFIER,
board_snapshot,2026-09-19 11:03:49.431337+00:00,2026.5,6896b9770568baf57f8d4375019ad98ddc2fe7b2f1a2dabc8374b28193757625,schedule,17 6 * * 6,35438908575,1,72e09a910563c9b756a66e86eb744c4e8a1f1329,True,120,3.5,56.0,7.5,56.0,NO PLAY,Model edge is below the 3.5-point production threshold.,,FBS,GENERAL HGB,2026,3,401858450,2026-09-19 19:30:00+00:00,False,UTEP,Michigan,Michigan Stadium,Ann Arbor,MI,42.2658365,-83.7486956,False,48.5,DraftKings,CFBD,2.0,0.0,48.5,0.0,,48.90958118633923,0.4095811863392324,0.4095811863392324,over,65.0,64.0,97.0,9.206232736,17.26168638,48.0,0.13,0.0,Measurable precipitation forecast,ok,DTX,Big Ten,Mountain West,fbs,fbs,True,3,outputs/prospective/2026/snapshots/board_20260919T110349Z_run35438908575_a1_c03e6c9808b3.csv,c03e6c9808b3e7901453a1456c328538696c6364b77c4173747a7236a0b74fa8,LIVE,False,2026-09-19T11:00:52.035524+00:00,0.0,False,,506.1761443833333,True,,,,,,,,,52.0,17.0,69.0,48.5,20.5,False,win,,,,,NOT QUALIFIER,
board_snapshot,2026-09-19 11:03:49.431337+00:00,2026.5,6896b9770568baf57f8d4375019ad98ddc2fe7b2f1a2dabc8374b28193757625,schedule,17 6 * * 6,35438908575,1,72e09a910563c9b756a66e86eb744c4e8a1f1329,True,120,3.5,56.0,7.5,56.0,NO PLAY,Model edge is below the 3.5-point production threshold.,,FBS,GENERAL HGB,2026,3,401858457,2026-09-19 19:30:00+00:00,False,USC,Rutgers,SHI Stadium,Piscataway,NJ,40.513611,-74.465278,False,57.5,DraftKings,CFBD,2.0,1.0,58.0,-0.5,,58.11790482908379,0.6179048290837879,0.6179048290837879,over,73.0,55.0,53.0,4.603116368,11.50779092,0.0,0.0,0.0,No meaningful precipitation signal,ok,PHI,Big Ten,Big Ten,fbs,fbs,True,3,outputs/prospective/2026/snapshots/board_20260919T110349Z_run35438908575_a1_c03e6c9808b3.csv,c03e6c9808b3e7901453a1456c328538696c6364b77c4173747a7236a0b74fa8,LIVE,False,2026-09-19T11:00:52.035524+00:00,0.0,False,,506.1761443833333,True,,,,,,,,,35.0,42.0,77.0,57.5,19.5,False,win,,,,,NOT QUALIFIER,
board_snapshot,2026-09-19 11:03:49.431337+00:00,2026.5,6896b9770568baf57f8d4375019ad98ddc2fe7b2f1a2dabc8374b28193757625,schedule,17 6 * * 6,35438908575,1,72e09a910563c9b756a66e86eb744c4e8a1f1329,True,120,3.5,56.0,7.5,56.0,NO PLAY,Model edge is below the 3.5-point production threshold.,,OTHER,GENERAL HGB,2026,3,401860890,2026-09-19 19:30:00+00:00,False,Duquesne,Washington State,Gesa Field,Pullman,WA,46.731831,-117.1604991,False,53.5,DraftKings,CFBD,2.0,0.5,53.75,-0.25,,54.29578576727431,0.7957857672743083,0.7957857672743083,over,69.0,48.0,47.0,2.301558184,5.75389546,1.0,0.0,0.0,No meaningful precipitation signal,ok,OTX,Pac-12,NEC,fbs,fcs,False,3,outputs/prospective/2026/snapshots/board_20260919T110349Z_run35438908575_a1_c03e6c9808b3.csv,c03e6c9808b3e7901453a1456c328538696c6364b77c4173747a7236a0b74fa8,LIVE,False,2026-09-19T11:00:52.035524+00:00,0.0,False,,506.1761443833333,True,,,,,,,,,48.0,7.0,55.0,53.5,1.5,False,win,,,,,NOT QUALIFIER,
board_snapshot,2026-09-19 11:03:49.431337+00:00,2026.5,6896b9770568baf57f8d4375019ad98ddc2fe7b2f1a2dabc8374b28193757625,schedule,17 6 * * 6,35438908575,1,72e09a910563c9b756a66e86eb744c4e8a1f1329,True,120,3.5,56.0,7.5,56.0,NO PLAY,Model edge is below the 3.5-point production threshold.,,OTHER,GENERAL HGB,2026,3,401866424,2026-09-19 19:30:00+00:00,False,Stonehill,Massachusetts,Warren McGuirk Alumni Stadium,Hadley,MA,42.3773244,-72.5360595,False,49.5,DraftKings,CFBD,2.0,0.5,49.75,-0.25,,50.486131424687855,0.9861314246878544,0.9861314246878544,over,68.0,41.0,37.0,2.301558184,4.603116368,0.0,0.0,0.0,No meaningful precipitation signal,ok,BOX,Mid-American,NEC,fbs,fcs,False,3,outputs/prospective/2026/snapshots/board_20260919T110349Z_run35438908575_a1_c03e6c9808b3.csv,c03e6c9808b3e7901453a1456c328538696c6364b77c4173747a7236a0b74fa8,LIVE,False,2026-09-19T11:00:52.035524+00:00,0.0,False,,506.1761443833333,True,,,,,,,,,36.0,14.0,50.0,49.5,0.5,False,win,,,,,NOT QUALIFIER,
board_snapshot,2026-09-19 11:03:49.431337+00:00,2026.5,6896b9770568baf57f8d4375019ad98ddc2fe7b2f1a2dabc8374b28193757625,schedule,17 6 * * 6,35438908575,1,72e09a910563c9b756a66e86eb744c4e8a1f1329,True,120,3.5,56.0,7.5,56.0,NO PLAY,FCS-only model does not meet the conservative under-edge screen.,5.0+ model edge; FCS-only HGB,FCS,FCS-only HGB,2026,3,401866635,2026-09-19 19:30:00+00:00,False,Monmouth,UAlbany,Bob Ford Field,Albany,NY,42.6808062,-73.8272841,False,51.5,DraftKings,CFBD,1.0,0.0,51.5,0.0,,45.99958061967134,-5.500419380328657,5.500419380328657,under,66.0,43.0,43.0,2.301558184,3.452337276,0.0,0.0,0.0,No meaningful precipitation signal,ok,ALY,Coastal Athletic,Coastal Athletic,fcs,fcs,False,3,outputs/prospective/2026/snapshots/board_20260919T110349Z_run35438908575_a1_c03e6c9808b3.csv,c03e6c9808b3e7901453a1456c328538696c6364b77c4173747a7236a0b74fa8,LIVE,False,2026-09-19T11:00:52.035524+00:00,0.0,False,,506.1761443833333,True,,,,,,,,,20.0,28.0,48.0,51.5,-3.5,False,win,,,,,NOT QUALIFIER,
board_snapshot,2026-09-19 11:03:49.431337+00:00,2026.5,6896b9770568baf57f8d4375019ad98ddc2fe7b2f1a2dabc8374b28193757625,schedule,17 6 * * 6,35438908575,1,72e09a910563c9b756a66e86eb744c4e8a1f1329,True,120,3.5,56.0,7.5,56.0,NO PLAY,FCS-only model points over; the FCS research track has not validated an over production strategy.,5.0+ model edge; FCS-only HGB,FCS,FCS-only HGB,2026,3,401868018,2026-09-19 19:30:00+00:00,False,Georgetown,Richmond,E. Claiborne Robins Stadium,Richmond,VA,37.5807765,-77.5372211,False,47.5,DraftKings,CFBD,1.0,0.0,47.5,0.0,,53.55063226413422,6.050632264134222,6.050632264134222,over,80.0,66.0,62.0,5.75389546,9.206232736,5.0,0.0,0.0,No meaningful precipitation signal,ok,AKQ,Patriot,Patriot,fcs,fcs,False,3,outputs/prospective/2026/snapshots/board_20260919T110349Z_run35438908575_a1_c03e6c9808b3.csv,c03e6c9808b3e7901453a1456c328538696c6364b77c4173747a7236a0b74fa8,LIVE,False,2026-09-19T11:00:52.035524+00:00,0.0,False,,506.1761443833333,True,,,,,,,,,24.0,21.0,45.0,47.5,-2.5,False,loss,,,,,NOT QUALIFIER,
board_snapshot,2026-09-19 11:03:49.431337+00:00,2026.5,6896b9770568baf57f8d4375019ad98ddc2fe7b2f1a2dabc8374b28193757625,schedule,17 6 * * 6,35438908575,1,72e09a910563c9b756a66e86eb744c4e8a1f1329,True,120,3.5,56.0,7.5,56.0,NO PLAY,Model edge is below the 3.5-point production threshold.,,FBS,GENERAL HGB,2026,3,401858231,2026-09-19 20:00:00+00:00,False,Stanford,Duke,Wallace Wade Stadium,Durham,NC,35.9953688,-78.9417564,False,50.5,DraftKings,CFBD,2.0,0.5,50.75,-0.25,,51.21429307393505,0.7142930739350536,0.7142930739350536,over,83.0,68.0,61.0,6.904674552,11.50779092,10.0,0.0,0.0,No meaningful precipitation signal,ok,RAH,ACC,ACC,fbs,fbs,True,3,outputs/prospective/2026/snapshots/board_20260919T110349Z_run35438908575_a1_c03e6c9808b3.csv,c03e6c9808b3e7901453a1456c328538696c6364b77c4173747a7236a0b74fa8,LIVE,False,2026-09-19T11:00:52.035524+00:00,0.0,False,,536.1761443833333,True,51.25,2026-09-19 19:36:26.995881+00:00,23.55006865,DraftKings,CFBD,2.0,outputs/prospective/2026/close_captures/close_20260919T193626Z_run35464842199_a1_f51d633bca35.csv,f51d633bca352bb380c6e995048100bcd5e6624ddc9a60795dd4679e6a64059c,35.0,7.0,42.0,50.5,-8.5,False,loss,,,0.75,1.0,NOT QUALIFIER,
board_snapshot,2026-09-19 11:03:49.431337+00:00,2026.5,6896b9770568baf57f8d4375019ad98ddc2fe7b2f1a2dabc8374b28193757625,schedule,17 6 * * 6,35438908575,1,72e09a910563c9b756a66e86eb744c4e8a1f1329,True,120,3.5,56.0,7.5,56.0,NO PLAY,Model edge is below the 3.5-point production threshold.,,FBS,GENERAL HGB,2026,3,401858449,2026-09-19 20:00:00+00:00,False,Western Kentucky,Indiana,"Memorial Stadium (Bloomington, IN)",Bloomington,IN,39.1808959,-86.5256217,False,60.5,DraftKings,CFBD,2.0,0.5,60.75,-0.25,,60.64380843481918,0.1438084348191761,0.1438084348191761,over,88.0,73.0,61.0,4.603116368,9.206232736,43.0,0.14,0.0,Measurable precipitation forecast,ok,IND,Big Ten,Conference USA,fbs,fbs,True,3,outputs/prospective/2026/snapshots/board_20260919T110349Z_run35438908575_a1_c03e6c9808b3.csv,c03e6c9808b3e7901453a1456c328538696c6364b77c4173747a7236a0b74fa8,LIVE,False,2026-09-19T11:00:52.035524+00:00,0.0,False,,536.1761443833333,True,60.0,2026-09-19 19:36:26.995881+00:00,23.55006865,DraftKings,CFBD,2.0,outputs/prospective/2026/close_captures/close_20260919T193626Z_run35464842199_a1_f51d633bca35.csv,f51d633bca352bb380c6e995048100bcd5e6624ddc9a60795dd4679e6a64059c,38.0,0.0,38.0,60.5,-22.5,False,loss,,,-0.5,0.0,NOT QUALIFIER,
board_snapshot,2026-09-19 11:03:49.431337+00:00,2026.5,6896b9770568baf57f8d4375019ad98ddc2fe7b2f1a2dabc8374b28193757625,schedule,17 6 * * 6,35438908575,1,72e09a910563c9b756a66e86eb744c4e8a1f1329,True,120,3.5,56.0,7.5,56.0,NO PLAY,Model edge is below the 3.5-point production threshold.,,OTHER,GENERAL HGB,2026,3,401858471,2026-09-19 20:00:00+00:00,False,Northern Iowa,Iowa,Kinnick Stadium,Iowa City,IA,41.6586045,-91.5510829,False,49.5,DraftKings,CFBD,2.0,0.5,49.25,0.25,,50.29578576727431,0.7957857672743083,0.7957857672743083,over,81.0,74.0,79.0,10.357011828,16.110907288,39.0,0.01,0.0,Low precipitation chance,ok,DVN,Big Ten,MVFC,fbs,fcs,False,3,outputs/prospective/2026/snapshots/board_20260919T110349Z_run35438908575_a1_c03e6c9808b3.csv,c03e6c9808b3e7901453a1456c328538696c6364b77c4173747a7236a0b74fa8,LIVE,False,2026-09-19T11:00:52.035524+00:00,0.0,False,,536.1761443833333,True,48.75,2026-09-19 19:36:26.995881+00:00,23.55006865,DraftKings,CFBD,2.0,outputs/prospective/2026/close_captures/close_20260919T193626Z_run35464842199_a1_f51d633bca35.csv,f51d633bca352bb380c6e995048100bcd5e6624ddc9a60795dd4679e6a64059c,55.0,0.0,55.0,49.5,5.5,False,win,,,-0.75,0.0,NOT QUALIFIER,
board_snapshot,2026-09-19 11:03:49.431337+00:00,2026.5,6896b9770568baf57f8d4375019ad98ddc2fe7b2f1a2dabc8374b28193757625,schedule,17 6 * * 6,35438908575,1,72e09a910563c9b756a66e86eb744c4e8a1f1329,True,120,3.5,56.0,7.5,56.0,NO PLAY,Model edge is below the 3.5-point production threshold.,,FBS,GENERAL HGB,2026,3,401866422,2026-09-19 20:00:00+00:00,False,Ball State,Liberty,Williams Stadium (VA),Lynchburg,VA,37.3544305,-79.1750239,False,49.5,DraftKings,CFBD,2.0,0.0,49.5,0.0,,50.16517801874276,0.6651780187427584,0.6651780187427584,over,77.0,65.0,66.0,5.75389546,9.206232736,6.0,0.0,0.0,No meaningful precipitation signal,ok,RNK,Conference USA,Mid-American,fbs,fbs,True,3,outputs/prospective/2026/snapshots/board_20260919T110349Z_run35438908575_a1_c03e6c9808b3.csv,c03e6c9808b3e7901453a1456c328538696c6364b77c4173747a7236a0b74fa8,LIVE,False,2026-09-19T11:00:52.035524+00:00,0.0,False,,536.1761443833333,True,49.25,2026-09-19 19:36:26.995881+00:00,23.55006865,DraftKings,CFBD,2.0,outputs/prospective/2026/close_captures/close_20260919T193626Z_run35464842199_a1_f51d633bca35.csv,f51d633bca352bb380c6e995048100bcd5e6624ddc9a60795dd4679e6a64059c,51.0,15.0,66.0,49.5,16.5,False,win,,,-0.25,0.0,NOT QUALIFIER,
board_snapshot,2026-09-19 11:03:49.431337+00:00,2026.5,6896b9770568baf57f8d4375019ad98ddc2fe7b2f1a2dabc8374b28193757625,schedule,17 6 * * 6,35438908575,1,72e09a910563c9b756a66e86eb744c4e8a1f1329,True,120,3.5,56.0,7.5,56.0,NO PLAY,FCS-only model does not meet the conservative under-edge screen.,FCS-only HGB,FCS,FCS-only HGB,2026,3,401866641,2026-09-19 20:00:00+00:00,False,Hampton,Norfolk State,"William Dick"""" Price Stadium""""",Norfolk,VA,36.8469442,-76.2600839,False,50.5,DraftKings,CFBD,1.0,0.0,50.5,0.0,,52.78491716000833,2.284917160008324,2.284917160008324,over,79.0,67.0,67.0,11.50779092,18.412465472,3.0,0.0,0.0,No meaningful precipitation signal,ok,AKQ,MEAC,Coastal Athletic,fcs,fcs,False,3,outputs/prospective/2026/snapshots/board_20260919T110349Z_run35438908575_a1_c03e6c9808b3.csv,c03e6c9808b3e7901453a1456c328538696c6364b77c4173747a7236a0b74fa8,LIVE,False,2026-09-19T11:00:52.035524+00:00,0.0,False,,536.1761443833333,True,49.5,2026-09-19 19:36:26.995881+00:00,23.55006865,DraftKings,CFBD,1.0,outputs/prospective/2026/close_captures/close_20260919T193626Z_run35464842199_a1_f51d633bca35.csv,f51d633bca352bb380c6e995048100bcd5e6624ddc9a60795dd4679e6a64059c,42.0,21.0,63.0,50.5,12.5,False,win,,,-1.0,0.0,NOT QUALIFIER,
board_snapshot,2026-09-19 11:03:49.431337+00:00,2026.5,6896b9770568baf57f8d4375019ad98ddc2fe7b2f1a2dabc8374b28193757625,schedule,17 6 * * 6,35438908575,1,72e09a910563c9b756a66e86eb744c4e8a1f1329,True,120,3.5,56.0,7.5,56.0,NO PLAY,Model edge is below the 3.5-point production threshold.,,FBS,GENERAL HGB,2026,3,401867804,2026-09-19 20:00:00+00:00,False,Louisiana Tech,Baylor,McLane Stadium,Waco,TX,31.5582015,-97.1156702,False,49.5,DraftKings,CFBD,2.0,0.0,49.5,0.0,,51.159767454172254,1.6597674541722505,1.6597674541722505,over,98.0,64.0,33.0,9.206232736,13.809349104,0.0,0.0,0.0,No meaningful precipitation signal,ok,FWD,Big 12,Sun Belt,fbs,fbs,True,3,outputs/prospective/2026/snapshots/board_20260919T110349Z_run35438908575_a1_c03e6c9808b3.csv,c03e6c9808b3e7901453a1456c328538696c6364b77c4173747a7236a0b74fa8,LIVE,False,2026-09-19T11:00:52.035524+00:00,0.0,False,,536.1761443833333,True,50.25,2026-09-19 19:36:26.995881+00:00,23.55006865,DraftKings,CFBD,2.0,outputs/prospective/2026/close_captures/close_20260919T193626Z_run35464842199_a1_f51d633bca35.csv,f51d633bca352bb380c6e995048100bcd5e6624ddc9a60795dd4679e6a64059c,36.0,19.0,55.0,49.5,5.5,False,win,,,0.75,1.0,NOT QUALIFIER,
board_snapshot,2026-09-19 11:03:49.431337+00:00,2026.5,6896b9770568baf57f8d4375019ad98ddc2fe7b2f1a2dabc8374b28193757625,schedule,17 6 * * 6,35438908575,1,72e09a910563c9b756a66e86eb744c4e8a1f1329,True,120,3.5,56.0,7.5,56.0,NO PLAY,FCS-only model points over; the FCS research track has not validated an over production strategy.,5.0+ model edge; FCS-only HGB,FCS,FCS-only HGB,2026,3,401868051,2026-09-19 20:00:00+00:00,False,Abilene Christian,Idaho,Kibbie Dome,Moscow,ID,46.7262921,-117.0173713,True,54.5,DraftKings,CFBD,1.0,0.0,54.5,0.0,,60.35865389921677,5.858653899216768,5.858653899216768,over,,,,,,,,,Indoor/dome game,indoor,,Big Sky,UAC,fcs,fcs,False,3,outputs/prospective/2026/snapshots/board_20260919T110349Z_run35438908575_a1_c03e6c9808b3.csv,c03e6c9808b3e7901453a1456c328538696c6364b77c4173747a7236a0b74fa8,LIVE,False,2026-09-19T11:00:52.035524+00:00,0.0,False,,536.1761443833333,True,55.5,2026-09-19 19:36:26.995881+00:00,23.55006865,DraftKings,CFBD,1.0,outputs/prospective/2026/close_captures/close_20260919T193626Z_run35464842199_a1_f51d633bca35.csv,f51d633bca352bb380c6e995048100bcd5e6624ddc9a60795dd4679e6a64059c,39.0,41.0,80.0,54.5,25.5,False,win,,,1.0,1.0,NOT QUALIFIER,
board_snapshot,2026-09-19 11:03:49.431337+00:00,2026.5,6896b9770568baf57f8d4375019ad98ddc2fe7b2f1a2dabc8374b28193757625,schedule,17 6 * * 6,35438908575,1,72e09a910563c9b756a66e86eb744c4e8a1f1329,True,120,3.5,56.0,7.5,56.0,NO LINE,No current market total is available.,,OTHER,GENERAL HGB,2026,3,401868942,2026-09-19 20:00:00+00:00,False,Virginia Lynchburg,Bethune-Cookman,Municipal Stadium,Daytona Beach,FL,29.173466,-81.117511,False,,missing,,,,,,,,,,over,,,,,,,,,,,,SWAC,missing,fcs,,False,4,outputs/prospective/2026/snapshots/board_20260919T110349Z_run35438908575_a1_c03e6c9808b3.csv,c03e6c9808b3e7901453a1456c328538696c6364b77c4173747a7236a0b74fa8,NO LINE,False,,,False,,536.1761443833333,True,,,,,,,,,62.0,3.0,65.0,,,False,,,,,,NOT QUALIFIER,
board_snapshot,2026-09-19 11:03:49.431337+00:00,2026.5,6896b9770568baf57f8d4375019ad98ddc2fe7b2f1a2dabc8374b28193757625,schedule,17 6 * * 6,35438908575,1,72e09a910563c9b756a66e86eb744c4e8a1f1329,True,120,3.5,56.0,7.5,56.0,NO PLAY,Model edge is below the 3.5-point production threshold.,,FBS,GENERAL HGB,2026,3,401856691,2026-09-19 20:15:00+00:00,False,Mississippi State,South Carolina,Williams-Brice Stadium,Columbia,SC,33.9730239,-81.0191726,False,58.5,DraftKings,CFBD,2.0,0.5,58.75,-0.25,,59.01056290020596,0.5105629002059625,0.5105629002059625,over,91.0,73.0,56.0,4.603116368,9.206232736,12.0,0.0,0.0,No meaningful precipitation signal,ok,CAE,SEC,SEC,fbs,fbs,True,3,outputs/prospective/2026/snapshots/board_20260919T110349Z_run35438908575_a1_c03e6c9808b3.csv,c03e6c9808b3e7901453a1456c328538696c6364b77c4173747a7236a0b74fa8,LIVE,False,2026-09-19T11:00:52.035524+00:00,0.0,False,,551.1761443833333,True,59.25,2026-09-19 19:36:26.995881+00:00,38.55006865,DraftKings,CFBD,2.0,outputs/prospective/2026/close_captures/close_20260919T193626Z_run35464842199_a1_f51d633bca35.csv,f51d633bca352bb380c6e995048100bcd5e6624ddc9a60795dd4679e6a64059c,34.0,41.0,75.0,58.5,16.5,False,win,,,0.75,1.0,NOT QUALIFIER,
board_snapshot,2026-09-19 11:03:49.431337+00:00,2026.5,6896b9770568baf57f8d4375019ad98ddc2fe7b2f1a2dabc8374b28193757625,schedule,17 6 * * 6,35438908575,1,72e09a910563c9b756a66e86eb744c4e8a1f1329,True,120,3.5,56.0,7.5,56.0,NO PLAY,Model edge is below the 3.5-point production threshold.,,OTHER,GENERAL HGB,2026,3,401868317,2026-09-19 20:30:00+00:00,False,SE Louisiana,UL Monroe,Malone Stadium,Monroe,LA,32.5308089,-92.0660602,False,48.5,DraftKings,CFBD,2.0,0.5,48.25,0.25,,49.29795515819379,0.7979551581937877,0.7979551581937877,over,99.0,64.0,32.0,5.75389546,6.904674552,1.0,0.0,0.0,No meaningful precipitation signal,ok,SHV,Sun Belt,Southland,fbs,fcs,False,3,outputs/prospective/2026/snapshots/board_20260919T110349Z_run35438908575_a1_c03e6c9808b3.csv,c03e6c9808b3e7901453a1456c328538696c6364b77c4173747a7236a0b74fa8,LIVE,False,2026-09-19T11:00:52.035524+00:00,0.0,False,,566.1761443833333,True,48.25,2026-09-19 19:36:26.995881+00:00,53.55006865,DraftKings,CFBD,2.0,outputs/prospective/2026/close_captures/close_20260919T193626Z_run35464842199_a1_f51d633bca35.csv,f51d633bca352bb380c6e995048100bcd5e6624ddc9a60795dd4679e6a64059c,35.0,38.0,73.0,48.5,24.5,False,win,,,-0.25,0.0,NOT QUALIFIER,
board_snapshot,2026-09-19 11:03:49.431337+00:00,2026.5,6896b9770568baf57f8d4375019ad98ddc2fe7b2f1a2dabc8374b28193757625,schedule,17 6 * * 6,35438908575,1,72e09a910563c9b756a66e86eb744c4e8a1f1329,True,120,3.5,56.0,7.5,56.0,NO PLAY,Model edge is below the 3.5-point production threshold.,,FBS,GENERAL HGB,2026,3,401862710,2026-09-19 22:00:00+00:00,False,East Carolina,Old Dominion,S.B. Ballard Stadium,Norfolk,VA,36.8889533,-76.3049175,False,49.5,DraftKings,CFBD,2.0,0.5,49.25,0.25,,51.18296180908638,1.682961809086379,1.682961809086379,over,77.0,67.0,71.0,11.50779092,17.26168638,2.0,0.0,0.0,No meaningful precipitation signal,ok,AKQ,Sun Belt,American Athletic,fbs,fbs,True,3,outputs/prospective/2026/snapshots/board_20260919T110349Z_run35438908575_a1_c03e6c9808b3.csv,c03e6c9808b3e7901453a1456c328538696c6364b77c4173747a7236a0b74fa8,LIVE,False,2026-09-19T11:00:52.035524+00:00,0.0,False,,656.1761443833333,True,48.75,2026-09-19 21:46:47.405551+00:00,13.209907483333334,DraftKings,CFBD,2.0,outputs/prospective/2026/close_captures/close_20260919T214647Z_run35471407387_a1_72c5a67c9a0d.csv,72c5a67c9a0dbe6274a117484e7acc3ab0814bc4686b3edc257d584b80ff17a4,17.0,20.0,37.0,49.5,-12.5,False,loss,,,-0.75,0.0,NOT QUALIFIER,
board_snapshot,2026-09-19 11:03:49.431337+00:00,2026.5,6896b9770568baf57f8d4375019ad98ddc2fe7b2f1a2dabc8374b28193757625,schedule,17 6 * * 6,35438908575,1,72e09a910563c9b756a66e86eb744c4e8a1f1329,True,120,3.5,56.0,7.5,56.0,NO PLAY,Model edge is below the 3.5-point production threshold.,,FBS,GENERAL HGB,2026,3,401862771,2026-09-19 22:00:00+00:00,False,Florida International,Florida Atlantic,FAU Stadium,Boca Raton,FL,26.3763763,-80.1015759,False,62.5,DraftKings,CFBD,2.0,0.5,62.25,0.25,,62.94787518627903,0.4478751862790243,0.4478751862790243,over,84.0,75.0,74.0,4.603116368,8.055453644,58.0,0.22,0.0,Measurable precipitation forecast,ok,MFL,American Athletic,Conference USA,fbs,fbs,True,3,outputs/prospective/2026/snapshots/board_20260919T110349Z_run35438908575_a1_c03e6c9808b3.csv,c03e6c9808b3e7901453a1456c328538696c6364b77c4173747a7236a0b74fa8,LIVE,False,2026-09-19T11:00:52.035524+00:00,0.0,False,,656.1761443833333,True,62.25,2026-09-19 21:46:47.405551+00:00,13.209907483333334,DraftKings,CFBD,2.0,outputs/prospective/2026/close_captures/close_20260919T214647Z_run35471407387_a1_72c5a67c9a0d.csv,72c5a67c9a0dbe6274a117484e7acc3ab0814bc4686b3edc257d584b80ff17a4,16.0,10.0,26.0,62.5,-36.5,False,loss,,,-0.25,0.0,NOT QUALIFIER,
board_snapshot,2026-09-19 11:03:49.431337+00:00,2026.5,6896b9770568baf57f8d4375019ad98ddc2fe7b2f1a2dabc8374b28193757625,schedule,17 6 * * 6,35438908575,1,72e09a910563c9b756a66e86eb744c4e8a1f1329,True,120,3.5,56.0,7.5,56.0,NO PLAY,Model edge is below the 3.5-point production threshold.,,FBS,GENERAL HGB,2026,3,401864574,2026-09-19 22:00:00+00:00,False,Charlotte,App State,Kidd Brewer Stadium,Boone,NC,36.2114267,-81.6854278,False,52.5,DraftKings,CFBD,2.0,0.5,52.75,-0.25,,53.66656343053072,1.1665634305307162,1.1665634305307162,over,74.0,66.0,76.0,3.452337276,5.75389546,29.0,0.2,0.0,Measurable precipitation forecast,ok,RNK,Sun Belt,American Athletic,fbs,fbs,True,3,outputs/prospective/2026/snapshots/board_20260919T110349Z_run35438908575_a1_c03e6c9808b3.csv,c03e6c9808b3e7901453a1456c328538696c6364b77c4173747a7236a0b74fa8,LIVE,False,2026-09-19T11:00:52.035524+00:00,0.0,False,,656.1761443833333,True,52.5,2026-09-19 21:46:47.405551+00:00,13.209907483333334,DraftKings,CFBD,2.0,outputs/prospective/2026/close_captures/close_20260919T214647Z_run35471407387_a1_72c5a67c9a0d.csv,72c5a67c9a0dbe6274a117484e7acc3ab0814bc4686b3edc257d584b80ff17a4,26.0,21.0,47.0,52.5,-5.5,False,loss,,,0.0,0.0,NOT QUALIFIER,
board_snapshot,2026-09-19 11:03:49.431337+00:00,2026.5,6896b9770568baf57f8d4375019ad98ddc2fe7b2f1a2dabc8374b28193757625,schedule,17 6 * * 6,35438908575,1,72e09a910563c9b756a66e86eb744c4e8a1f1329,True,120,3.5,56.0,7.5,56.0,NO PLAY,FCS-only model does not meet the conservative under-edge screen.,FCS-only HGB; FCS 56+ total,FCS,FCS-only HGB,2026,3,401866636,2026-09-19 22:00:00+00:00,False,North Carolina A&T,Campbell,Barker-Lane Stadium,Buies Creek,NC,35.4047689,-78.7424842,False,56.5,DraftKings,CFBD,1.0,0.0,56.5,0.0,,55.93226483840681,-0.567735161593188,0.567735161593188,under,82.0,71.0,69.0,6.904674552,11.50779092,5.0,0.0,0.0,No meaningful precipitation signal,ok,RAH,Coastal Athletic,Coastal Athletic,fcs,fcs,False,3,outputs/prospective/2026/snapshots/board_20260919T110349Z_run35438908575_a1_c03e6c9808b3.csv,c03e6c9808b3e7901453a1456c328538696c6364b77c4173747a7236a0b74fa8,LIVE,False,2026-09-19T11:00:52.035524+00:00,0.0,False,,656.1761443833333,True,56.5,2026-09-19 21:46:47.405551+00:00,13.209907483333334,DraftKings,CFBD,1.0,outputs/prospective/2026/close_captures/close_20260919T214647Z_run35471407387_a1_72c5a67c9a0d.csv,72c5a67c9a0dbe6274a117484e7acc3ab0814bc4686b3edc257d584b80ff17a4,42.0,14.0,56.0,56.5,-0.5,False,win,,,0.0,0.0,NOT QUALIFIER,
board_snapshot,2026-09-19 11:03:49.431337+00:00,2026.5,6896b9770568baf57f8d4375019ad98ddc2fe7b2f1a2dabc8374b28193757625,schedule,17 6 * * 6,35438908575,1,72e09a910563c9b756a66e86eb744c4e8a1f1329,True,120,3.5,56.0,7.5,56.0,NO PLAY,FCS-only model does not meet the conservative under-edge screen.,FCS-only HGB,FCS,FCS-only HGB,2026,3,401866637,2026-09-19 22:00:00+00:00,False,Sacred Heart,Elon,Rhodes Stadium,Elon,NC,36.1101269,-79.5079979,False,49.5,DraftKings,CFBD,1.0,0.0,49.5,0.0,,48.37324246495256,-1.126757535047437,1.126757535047437,under,80.0,69.0,69.0,5.75389546,10.357011828,4.0,0.0,0.0,No meaningful precipitation signal,ok,RAH,Coastal Athletic,Coastal Athletic,fcs,fcs,False,3,outputs/prospective/2026/snapshots/board_20260919T110349Z_run35438908575_a1_c03e6c9808b3.csv,c03e6c9808b3e7901453a1456c328538696c6364b77c4173747a7236a0b74fa8,LIVE,False,2026-09-19T11:00:52.035524+00:00,0.0,False,,656.1761443833333,True,46.5,2026-09-19 21:46:47.405551+00:00,13.209907483333334,DraftKings,CFBD,1.0,outputs/prospective/2026/close_captures/close_20260919T214647Z_run35471407387_a1_72c5a67c9a0d.csv,72c5a67c9a0dbe6274a117484e7acc3ab0814bc4686b3edc257d584b80ff17a4,24.0,21.0,45.0,49.5,-4.5,False,win,,,3.0,1.0,NOT QUALIFIER,
board_snapshot,2026-09-19 11:03:49.431337+00:00,2026.5,6896b9770568baf57f8d4375019ad98ddc2fe7b2f1a2dabc8374b28193757625,schedule,17 6 * * 6,35438908575,1,72e09a910563c9b756a66e86eb744c4e8a1f1329,True,120,3.5,56.0,7.5,56.0,NO PLAY,FCS-only model points over; the FCS research track has not validated an over production strategy.,5.0+ model edge; FCS-only HGB,FCS,FCS-only HGB,2026,3,401866640,2026-09-19 22:00:00+00:00,False,Morgan State,Towson,Johnny Unitas Stadium,Towson,MD,39.3885683,-76.6159716,False,44.5,DraftKings,CFBD,1.0,0.0,44.5,0.0,,50.92902949784807,6.429029497848073,6.429029497848073,over,76.0,61.0,60.0,6.904674552,11.50779092,6.0,0.0,0.0,No meaningful precipitation signal,ok,LWX,Coastal Athletic,MEAC,fcs,fcs,False,3,outputs/prospective/2026/snapshots/board_20260919T110349Z_run35438908575_a1_c03e6c9808b3.csv,c03e6c9808b3e7901453a1456c328538696c6364b77c4173747a7236a0b74fa8,LIVE,False,2026-09-19T11:00:52.035524+00:00,0.0,False,,656.1761443833333,True,44.5,2026-09-19 21:46:47.405551+00:00,13.209907483333334,DraftKings,CFBD,1.0,outputs/prospective/2026/close_captures/close_20260919T214647Z_run35471407387_a1_72c5a67c9a0d.csv,72c5a67c9a0dbe6274a117484e7acc3ab0814bc4686b3edc257d584b80ff17a4,26.0,41.0,67.0,44.5,22.5,False,win,,,0.0,0.0,NOT QUALIFIER,
board_snapshot,2026-09-19 11:03:49.431337+00:00,2026.5,6896b9770568baf57f8d4375019ad98ddc2fe7b2f1a2dabc8374b28193757625,schedule,17 6 * * 6,35438908575,1,72e09a910563c9b756a66e86eb744c4e8a1f1329,True,120,3.5,56.0,7.5,56.0,NO PLAY,FCS-only model does not meet the conservative under-edge screen.,FCS-only HGB,FCS,FCS-only HGB,2026,3,401867979,2026-09-19 22:00:00+00:00,False,North Carolina Central,Gardner-Webb,Ernest W. Spangler Stadium,Boiling Springs,NC,35.2457593,-81.6739887,False,51.5,DraftKings,CFBD,1.0,0.0,51.5,0.0,,51.58209672089335,0.0820967208933448,0.0820967208933448,over,83.0,70.0,65.0,3.452337276,9.206232736,23.0,0.03,0.0,Measurable precipitation forecast,ok,GSP,OVC,MEAC,fcs,fcs,False,3,outputs/prospective/2026/snapshots/board_20260919T110349Z_run35438908575_a1_c03e6c9808b3.csv,c03e6c9808b3e7901453a1456c328538696c6364b77c4173747a7236a0b74fa8,LIVE,False,2026-09-19T11:00:52.035524+00:00,0.0,False,,656.1761443833333,True,53.5,2026-09-19 21:46:47.405551+00:00,13.209907483333334,DraftKings,CFBD,1.0,outputs/prospective/2026/close_captures/close_20260919T214647Z_run35471407387_a1_72c5a67c9a0d.csv,72c5a67c9a0dbe6274a117484e7acc3ab0814bc4686b3edc257d584b80ff17a4,44.0,20.0,64.0,51.5,12.5,False,win,,,2.0,1.0,NOT QUALIFIER,
board_snapshot,2026-09-19 11:03:49.431337+00:00,2026.5,6896b9770568baf57f8d4375019ad98ddc2fe7b2f1a2dabc8374b28193757625,schedule,17 6 * * 6,35438908575,1,72e09a910563c9b756a66e86eb744c4e8a1f1329,True,120,3.5,56.0,7.5,56.0,NO PLAY,FCS-only model points over; the FCS research track has not validated an over production strategy.,5.0+ model edge; FCS-only HGB,FCS,FCS-only HGB,2026,3,401868009,2026-09-19 22:00:00+00:00,False,Fordham,William & Mary,Zable Stadium,Williamsburg,VA,37.2730996,-76.7137202,False,51.5,DraftKings,CFBD,1.0,0.0,51.5,0.0,,59.17625421901979,7.676254219019786,7.676254219019786,over,78.0,67.0,69.0,8.055453644,12.658570012,2.0,0.0,0.0,No meaningful precipitation signal,ok,AKQ,Patriot,Patriot,fcs,fcs,False,3,outputs/prospective/2026/snapshots/board_20260919T110349Z_run35438908575_a1_c03e6c9808b3.csv,c03e6c9808b3e7901453a1456c328538696c6364b77c4173747a7236a0b74fa8,LIVE,False,2026-09-19T11:00:52.035524+00:00,0.0,False,,656.1761443833333,True,51.5,2026-09-19 21:46:47.405551+00:00,13.209907483333334,DraftKings,CFBD,1.0,outputs/prospective/2026/close_captures/close_20260919T214647Z_run35471407387_a1_72c5a67c9a0d.csv,72c5a67c9a0dbe6274a117484e7acc3ab0814bc4686b3edc257d584b80ff17a4,27.0,52.0,79.0,51.5,27.5,False,win,,,0.0,0.0,NOT QUALIFIER,
board_snapshot,2026-09-19 11:03:49.431337+00:00,2026.5,6896b9770568baf57f8d4375019ad98ddc2fe7b2f1a2dabc8374b28193757625,schedule,17 6 * * 6,35438908575,1,72e09a910563c9b756a66e86eb744c4e8a1f1329,True,120,3.5,56.0,7.5,56.0,NO PLAY,FCS-only model points over; the FCS research track has not validated an over production strategy.,5.0+ model edge; FCS-only HGB,FCS,FCS-only HGB,2026,3,401868142,2026-09-19 22:00:00+00:00,False,Dayton,Eastern Kentucky,Roy Kidd Stadium,Richmond,KY,37.7344109,-84.2972854,False,46.5,DraftKings,CFBD,1.0,0.0,46.5,0.0,,52.474580894171,5.974580894170998,5.974580894170998,over,88.0,72.0,59.0,3.452337276,5.75389546,26.0,0.0,0.0,Low precipitation chance,ok,LMK,UAC,Pioneer,fcs,fcs,False,3,outputs/prospective/2026/snapshots/board_20260919T110349Z_run35438908575_a1_c03e6c9808b3.csv,c03e6c9808b3e7901453a1456c328538696c6364b77c4173747a7236a0b74fa8,LIVE,False,2026-09-19T11:00:52.035524+00:00,0.0,False,,656.1761443833333,True,46.5,2026-09-19 21:46:47.405551+00:00,13.209907483333334,DraftKings,CFBD,1.0,outputs/prospective/2026/close_captures/close_20260919T214647Z_run35471407387_a1_72c5a67c9a0d.csv,72c5a67c9a0dbe6274a117484e7acc3ab0814bc4686b3edc257d584b80ff17a4,14.0,17.0,31.0,46.5,-15.5,False,loss,,,0.0,0.0,NOT QUALIFIER,
board_snapshot,2026-09-19 11:03:49.431337+00:00,2026.5,6896b9770568baf57f8d4375019ad98ddc2fe7b2f1a2dabc8374b28193757625,schedule,17 6 * * 6,35438908575,1,72e09a910563c9b756a66e86eb744c4e8a1f1329,True,120,3.5,56.0,7.5,56.0,NO LINE,No current market total is available.,,OTHER,GENERAL HGB,2026,3,401868172,2026-09-19 22:00:00+00:00,False,Point University,Charleston Southern,Buccaneer Field,North Charleston,SC,32.9810239,-80.0659664,False,,missing,,,,,,,,,,over,,,,,,,,,,,,OVC,missing,fcs,,False,4,outputs/prospective/2026/snapshots/board_20260919T110349Z_run35438908575_a1_c03e6c9808b3.csv,c03e6c9808b3e7901453a1456c328538696c6364b77c4173747a7236a0b74fa8,NO LINE,False,,,False,,656.1761443833333,True,,,,,,,,,65.0,0.0,65.0,,,False,,,,,,NOT QUALIFIER,
board_snapshot,2026-09-19 11:03:49.431337+00:00,2026.5,6896b9770568baf57f8d4375019ad98ddc2fe7b2f1a2dabc8374b28193757625,schedule,17 6 * * 6,35438908575,1,72e09a910563c9b756a66e86eb744c4e8a1f1329,True,120,3.5,56.0,7.5,56.0,NO PLAY,FCS-only model does not meet the conservative under-edge screen.,FCS-only HGB,FCS,FCS-only HGB,2026,3,401868337,2026-09-19 22:00:00+00:00,False,Wofford,Chattanooga,Finley Stadium,Chattanooga,TN,35.0363792,-85.3158835,False,43.5,DraftKings,CFBD,1.0,0.0,43.5,0.0,,40.46934683754086,-3.0306531624591355,3.0306531624591355,under,93.0,71.0,49.0,2.301558184,6.904674552,33.0,0.03,0.0,Measurable precipitation forecast,ok,MRX,Southern,Southern,fcs,fcs,False,3,outputs/prospective/2026/snapshots/board_20260919T110349Z_run35438908575_a1_c03e6c9808b3.csv,c03e6c9808b3e7901453a1456c328538696c6364b77c4173747a7236a0b74fa8,LIVE,False,2026-09-19T11:00:52.035524+00:00,0.0,False,,656.1761443833333,True,43.5,2026-09-19 21:46:47.405551+00:00,13.209907483333334,DraftKings,CFBD,1.0,outputs/prospective/2026/close_captures/close_20260919T214647Z_run35471407387_a1_72c5a67c9a0d.csv,72c5a67c9a0dbe6274a117484e7acc3ab0814bc4686b3edc257d584b80ff17a4,41.0,7.0,48.0,43.5,4.5,False,loss,,,0.0,0.0,NOT QUALIFIER,
board_snapshot,2026-09-19 11:03:49.431337+00:00,2026.5,6896b9770568baf57f8d4375019ad98ddc2fe7b2f1a2dabc8374b28193757625,schedule,17 6 * * 6,35438908575,1,72e09a910563c9b756a66e86eb744c4e8a1f1329,True,120,3.5,56.0,7.5,56.0,NO LINE,No current market total is available.,,OTHER,GENERAL HGB,2026,3,401868935,2026-09-19 22:00:00+00:00,False,Central State,Arkansas-Pine Bluff,Golden Lion Stadium,Pine Bluff,AR,34.253327,-92.0214031,False,,missing,,,,,,,,,,over,,,,,,,,,,,,SWAC,SIAC,fcs,ii,False,4,outputs/prospective/2026/snapshots/board_20260919T110349Z_run35438908575_a1_c03e6c9808b3.csv,c03e6c9808b3e7901453a1456c328538696c6364b77c4173747a7236a0b74fa8,NO LINE,False,,,False,,656.1761443833333,True,,,,,,,,,41.0,35.0,76.0,,,False,,,,,,NOT QUALIFIER,
board_snapshot,2026-09-19 11:03:49.431337+00:00,2026.5,6896b9770568baf57f8d4375019ad98ddc2fe7b2f1a2dabc8374b28193757625,schedule,17 6 * * 6,35438908575,1,72e09a910563c9b756a66e86eb744c4e8a1f1329,True,120,3.5,56.0,7.5,56.0,NO PLAY,Model edge is below the 3.5-point production threshold.,,FBS,GENERAL HGB,2026,3,401871047,2026-09-19 22:30:00+00:00,False,Marshall,Missouri State,Plaster Sports Complex,Springfield,MO,37.1976229,-93.2798119,False,53.5,DraftKings,CFBD,2.0,0.5,53.25,0.25,,54.42073803709691,0.9207380370969104,0.9207380370969104,over,96.0,63.0,34.0,9.206232736,14.960128196,0.0,0.0,0.0,No meaningful precipitation signal,ok,SGF,Conference USA,Sun Belt,fbs,fbs,True,3,outputs/prospective/2026/snapshots/board_20260919T110349Z_run35438908575_a1_c03e6c9808b3.csv,c03e6c9808b3e7901453a1456c328538696c6364b77c4173747a7236a0b74fa8,LIVE,False,2026-09-19T11:00:52.035524+00:00,0.0,False,,686.1761443833333,True,52.5,2026-09-19 21:46:47.405551+00:00,43.20990748333334,DraftKings,CFBD,2.0,outputs/prospective/2026/close_captures/close_20260919T214647Z_run35471407387_a1_72c5a67c9a0d.csv,72c5a67c9a0dbe6274a117484e7acc3ab0814bc4686b3edc257d584b80ff17a4,24.0,30.0,54.0,53.5,0.5,False,win,,,-1.0,0.0,NOT QUALIFIER,
board_snapshot,2026-09-19 11:03:49.431337+00:00,2026.5,6896b9770568baf57f8d4375019ad98ddc2fe7b2f1a2dabc8374b28193757625,schedule,17 6 * * 6,35438908575,1,72e09a910563c9b756a66e86eb744c4e8a1f1329,True,120,3.5,56.0,7.5,56.0,NO PLAY,Model edge is below the 3.5-point production threshold.,,FBS,GENERAL HGB,2026,3,401856687,2026-09-19 23:00:00+00:00,False,Florida,Auburn,Jordan-Hare Stadium,Auburn,AL,32.6025532,-85.4897479,False,53.5,DraftKings,CFBD,2.0,0.5,53.25,0.25,,54.3915367684285,0.8915367684285012,0.8915367684285012,over,86.0,72.0,63.0,2.301558184,6.904674552,34.0,0.04,0.0,Measurable precipitation forecast,ok,BMX,SEC,SEC,fbs,fbs,True,3,outputs/prospective/2026/snapshots/board_20260919T110349Z_run35438908575_a1_c03e6c9808b3.csv,c03e6c9808b3e7901453a1456c328538696c6364b77c4173747a7236a0b74fa8,LIVE,False,2026-09-19T11:00:52.035524+00:00,0.0,False,,716.1761443833333,True,52.75,2026-09-19 21:46:47.405551+00:00,73.20990748333334,DraftKings,CFBD,2.0,outputs/prospective/2026/close_captures/close_20260919T214647Z_run35471407387_a1_72c5a67c9a0d.csv,72c5a67c9a0dbe6274a117484e7acc3ab0814bc4686b3edc257d584b80ff17a4,39.0,44.0,83.0,53.5,29.5,False,win,,,-0.75,0.0,NOT QUALIFIER,
board_snapshot,2026-09-19 11:03:49.431337+00:00,2026.5,6896b9770568baf57f8d4375019ad98ddc2fe7b2f1a2dabc8374b28193757625,schedule,17 6 * * 6,35438908575,1,72e09a910563c9b756a66e86eb744c4e8a1f1329,True,120,3.5,56.0,7.5,56.0,NO PLAY,Model edge is below the 3.5-point production threshold.,,FBS,GENERAL HGB,2026,3,401856689,2026-09-19 23:00:00+00:00,False,Troy,Missouri,Memorial Stadium,Columbia,MO,38.9358491,-92.3332009,False,50.5,DraftKings,CFBD,2.0,0.0,50.5,0.0,,50.91066307601794,0.4106630760179376,0.4106630760179376,over,92.0,68.0,46.0,4.603116368,9.206232736,2.0,0.0,0.0,No meaningful precipitation signal,ok,LSX,SEC,Sun Belt,fbs,fbs,True,3,outputs/prospective/2026/snapshots/board_20260919T110349Z_run35438908575_a1_c03e6c9808b3.csv,c03e6c9808b3e7901453a1456c328538696c6364b77c4173747a7236a0b74fa8,LIVE,False,2026-09-19T11:00:52.035524+00:00,0.0,False,,716.1761443833333,True,49.75,2026-09-19 21:46:47.405551+00:00,73.20990748333334,DraftKings,CFBD,2.0,outputs/prospective/2026/close_captures/close_20260919T214647Z_run35471407387_a1_72c5a67c9a0d.csv,72c5a67c9a0dbe6274a117484e7acc3ab0814bc4686b3edc257d584b80ff17a4,27.0,17.0,44.0,50.5,-6.5,False,loss,,,-0.75,0.0,NOT QUALIFIER,
board_snapshot,2026-09-19 11:03:49.431337+00:00,2026.5,6896b9770568baf57f8d4375019ad98ddc2fe7b2f1a2dabc8374b28193757625,schedule,17 6 * * 6,35438908575,1,72e09a910563c9b756a66e86eb744c4e8a1f1329,True,120,3.5,56.0,7.5,56.0,NO PLAY,Model edge is below the 3.5-point production threshold.,,FBS,GENERAL HGB,2026,3,401856800,2026-09-19 23:00:00+00:00,False,Georgia State,UCF,FBC Mortgage Stadium,Orlando,FL,28.6079765,-81.1927233,False,50.5,DraftKings,CFBD,2.0,0.5,50.25,0.25,,50.37332769093433,-0.126672309065666,0.126672309065666,under,78.0,74.0,88.0,5.75389546,9.206232736,18.0,0.21,0.0,Measurable precipitation forecast,ok,MLB,Big 12,Sun Belt,fbs,fbs,True,3,outputs/prospective/2026/snapshots/board_20260919T110349Z_run35438908575_a1_c03e6c9808b3.csv,c03e6c9808b3e7901453a1456c328538696c6364b77c4173747a7236a0b74fa8,LIVE,False,2026-09-19T11:00:52.035524+00:00,0.0,False,,716.1761443833333,True,50.25,2026-09-19 21:46:47.405551+00:00,73.20990748333334,DraftKings,CFBD,2.0,outputs/prospective/2026/close_captures/close_20260919T214647Z_run35471407387_a1_72c5a67c9a0d.csv,72c5a67c9a0dbe6274a117484e7acc3ab0814bc4686b3edc257d584b80ff17a4,44.0,30.0,74.0,50.5,23.5,False,loss,,,0.25,1.0,NOT QUALIFIER,
board_snapshot,2026-09-19 11:03:49.431337+00:00,2026.5,6896b9770568baf57f8d4375019ad98ddc2fe7b2f1a2dabc8374b28193757625,schedule,17 6 * * 6,35438908575,1,72e09a910563c9b756a66e86eb744c4e8a1f1329,True,120,3.5,56.0,7.5,56.0,NO PLAY,Model edge is below the 3.5-point production threshold.,refinement: total≥60 + wind≥10,OTHER,GENERAL HGB,2026,3,401856803,2026-09-19 23:00:00+00:00,False,Murray State,Oklahoma State,Boone Pickens Stadium,Stillwater,OK,36.125673,-97.066513,False,70.5,DraftKings,CFBD,2.0,0.0,70.5,0.0,,69.9448735636956,-0.5551264363044008,0.5551264363044008,under,97.0,65.0,35.0,10.357011828,16.110907288,8.0,0.0,0.0,No meaningful precipitation signal,ok,OUN,Big 12,MVFC,fbs,fcs,False,3,outputs/prospective/2026/snapshots/board_20260919T110349Z_run35438908575_a1_c03e6c9808b3.csv,c03e6c9808b3e7901453a1456c328538696c6364b77c4173747a7236a0b74fa8,LIVE,False,2026-09-19T11:00:52.035524+00:00,0.0,False,,716.1761443833333,True,70.5,2026-09-19 21:46:47.405551+00:00,73.20990748333334,DraftKings,CFBD,2.0,outputs/prospective/2026/close_captures/close_20260919T214647Z_run35471407387_a1_72c5a67c9a0d.csv,72c5a67c9a0dbe6274a117484e7acc3ab0814bc4686b3edc257d584b80ff17a4,59.0,0.0,59.0,70.5,-11.5,False,win,,,0.0,0.0,NOT QUALIFIER,
board_snapshot,2026-09-19 11:03:49.431337+00:00,2026.5,6896b9770568baf57f8d4375019ad98ddc2fe7b2f1a2dabc8374b28193757625,schedule,17 6 * * 6,35438908575,1,72e09a910563c9b756a66e86eb744c4e8a1f1329,True,120,3.5,56.0,7.5,56.0,NO PLAY,Model edge is below the 3.5-point production threshold.,,FBS,GENERAL HGB,2026,3,401861963,2026-09-19 23:00:00+00:00,False,UConn,Southern Miss,M. M. Roberts Stadium,Hattiesburg,MS,31.3289321,-89.3318118,False,54.5,DraftKings,CFBD,2.0,0.0,54.5,0.0,,55.76253526769029,1.2625352676902877,1.2625352676902877,over,93.0,69.0,46.0,2.301558184,5.75389546,1.0,0.0,0.0,No meaningful precipitation signal,ok,JAN,Sun Belt,FBS Independents,fbs,fbs,True,3,outputs/prospective/2026/snapshots/board_20260919T110349Z_run35438908575_a1_c03e6c9808b3.csv,c03e6c9808b3e7901453a1456c328538696c6364b77c4173747a7236a0b74fa8,LIVE,False,2026-09-19T11:00:52.035524+00:00,0.0,False,,716.1761443833333,True,54.5,2026-09-19 21:46:47.405551+00:00,73.20990748333334,DraftKings,CFBD,2.0,outputs/prospective/2026/close_captures/close_20260919T214647Z_run35471407387_a1_72c5a67c9a0d.csv,72c5a67c9a0dbe6274a117484e7acc3ab0814bc4686b3edc257d584b80ff17a4,20.0,48.0,68.0,54.5,13.5,False,win,,,0.0,0.0,NOT QUALIFIER,
board_snapshot,2026-09-19 11:03:49.431337+00:00,2026.5,6896b9770568baf57f8d4375019ad98ddc2fe7b2f1a2dabc8374b28193757625,schedule,17 6 * * 6,35438908575,1,72e09a910563c9b756a66e86eb744c4e8a1f1329,True,120,3.5,56.0,7.5,56.0,NO PLAY,Model edge is below the 3.5-point production threshold.,,OTHER,GENERAL HGB,2026,3,401862772,2026-09-19 23:00:00+00:00,False,UT Martin,Memphis,Simmons Bank Liberty Stadium,Memphis,TN,35.1209429,-89.977147,False,56.5,DraftKings,CFBD,2.0,0.5,56.75,-0.25,,57.29578576727431,0.7957857672743083,0.7957857672743083,over,97.0,63.0,33.0,4.603116368,8.055453644,0.0,0.0,0.0,No meaningful precipitation signal,ok,MEG,American Athletic,OVC,fbs,fcs,False,3,outputs/prospective/2026/snapshots/board_20260919T110349Z_run35438908575_a1_c03e6c9808b3.csv,c03e6c9808b3e7901453a1456c328538696c6364b77c4173747a7236a0b74fa8,LIVE,False,2026-09-19T11:00:52.035524+00:00,0.0,False,,716.1761443833333,True,57.25,2026-09-19 21:46:47.405551+00:00,73.20990748333334,DraftKings,CFBD,2.0,outputs/prospective/2026/close_captures/close_20260919T214647Z_run35471407387_a1_72c5a67c9a0d.csv,72c5a67c9a0dbe6274a117484e7acc3ab0814bc4686b3edc257d584b80ff17a4,45.0,21.0,66.0,56.5,9.5,False,win,,,0.75,1.0,NOT QUALIFIER,
board_snapshot,2026-09-19 11:03:49.431337+00:00,2026.5,6896b9770568baf57f8d4375019ad98ddc2fe7b2f1a2dabc8374b28193757625,schedule,17 6 * * 6,35438908575,1,72e09a910563c9b756a66e86eb744c4e8a1f1329,True,120,3.5,56.0,7.5,56.0,NO PLAY,Model edge is below the 3.5-point production threshold.,,FBS,GENERAL HGB,2026,3,401862773,2026-09-19 23:00:00+00:00,False,Western Michigan,Rice,Rice Stadium,Houston,TX,29.7163297,-95.4093261,False,43.5,DraftKings,CFBD,2.0,0.0,43.5,0.0,,44.89299205727767,1.3929920572776635,1.3929920572776635,over,91.0,69.0,49.0,9.206232736,14.960128196,0.0,0.0,0.0,No meaningful precipitation signal,ok,HGX,American Athletic,Mid-American,fbs,fbs,True,3,outputs/prospective/2026/snapshots/board_20260919T110349Z_run35438908575_a1_c03e6c9808b3.csv,c03e6c9808b3e7901453a1456c328538696c6364b77c4173747a7236a0b74fa8,LIVE,False,2026-09-19T11:00:52.035524+00:00,0.0,False,,716.1761443833333,True,43.5,2026-09-19 21:46:47.405551+00:00,73.20990748333334,DraftKings,CFBD,2.0,outputs/prospective/2026/close_captures/close_20260919T214647Z_run35471407387_a1_72c5a67c9a0d.csv,72c5a67c9a0dbe6274a117484e7acc3ab0814bc4686b3edc257d584b80ff17a4,21.0,28.0,49.0,43.5,5.5,False,win,,,0.0,0.0,NOT QUALIFIER,
board_snapshot,2026-09-19 11:03:49.431337+00:00,2026.5,6896b9770568baf57f8d4375019ad98ddc2fe7b2f1a2dabc8374b28193757625,schedule,17 6 * * 6,35438908575,1,72e09a910563c9b756a66e86eb744c4e8a1f1329,True,120,3.5,56.0,7.5,56.0,NO PLAY,Model edge is below the 3.5-point production threshold.,refinement: total≥60 + RH≥80%,OTHER,GENERAL HGB,2026,3,401862777,2026-09-19 23:00:00+00:00,False,Delaware State,South Florida,Raymond James Stadium,Tampa,FL,27.9758691,-82.5033344,False,61.5,DraftKings,CFBD,2.0,0.5,61.25,0.25,,62.51363769849563,1.0136376984956277,1.0136376984956277,over,79.0,72.0,80.0,3.452337276,8.055453644,49.0,0.13,0.0,Measurable precipitation forecast,ok,TBW,American Athletic,MEAC,fbs,fcs,False,3,outputs/prospective/2026/snapshots/board_20260919T110349Z_run35438908575_a1_c03e6c9808b3.csv,c03e6c9808b3e7901453a1456c328538696c6364b77c4173747a7236a0b74fa8,LIVE,False,2026-09-19T11:00:52.035524+00:00,0.0,False,,716.1761443833333,True,61.25,2026-09-19 21:46:47.405551+00:00,73.20990748333334,DraftKings,CFBD,2.0,outputs/prospective/2026/close_captures/close_20260919T214647Z_run35471407387_a1_72c5a67c9a0d.csv,72c5a67c9a0dbe6274a117484e7acc3ab0814bc4686b3edc257d584b80ff17a4,59.0,17.0,76.0,61.5,14.5,False,win,,,-0.25,0.0,NOT QUALIFIER,
board_snapshot,2026-09-19 11:03:49.431337+00:00,2026.5,6896b9770568baf57f8d4375019ad98ddc2fe7b2f1a2dabc8374b28193757625,schedule,17 6 * * 6,35438908575,1,72e09a910563c9b756a66e86eb744c4e8a1f1329,True,120,3.5,56.0,7.5,56.0,NO PLAY,Model edge is below the 3.5-point production threshold.,,FBS,GENERAL HGB,2026,3,401864443,2026-09-19 23:00:00+00:00,False,Nevada,Middle Tennessee,"Johnny ""Red"" Floyd Stadium",Murfreesboro,TN,35.8511463,-86.3681649,False,50.5,DraftKings,CFBD,2.0,0.0,50.5,0.0,,51.104836827030944,0.6048368270309419,0.6048368270309419,over,94.0,68.0,43.0,4.603116368,6.904674552,11.0,0.03,0.0,Measurable precipitation forecast,ok,OHX,Conference USA,Mountain West,fbs,fbs,True,3,outputs/prospective/2026/snapshots/board_20260919T110349Z_run35438908575_a1_c03e6c9808b3.csv,c03e6c9808b3e7901453a1456c328538696c6364b77c4173747a7236a0b74fa8,LIVE,False,2026-09-19T11:00:52.035524+00:00,0.0,False,,716.1761443833333,True,50.25,2026-09-19 21:46:47.405551+00:00,73.20990748333334,DraftKings,CFBD,2.0,outputs/prospective/2026/close_captures/close_20260919T214647Z_run35471407387_a1_72c5a67c9a0d.csv,72c5a67c9a0dbe6274a117484e7acc3ab0814bc4686b3edc257d584b80ff17a4,27.0,20.0,47.0,50.5,-3.5,False,loss,,,-0.25,0.0,NOT QUALIFIER,
board_snapshot,2026-09-19 11:03:49.431337+00:00,2026.5,6896b9770568baf57f8d4375019ad98ddc2fe7b2f1a2dabc8374b28193757625,schedule,17 6 * * 6,35438908575,1,72e09a910563c9b756a66e86eb744c4e8a1f1329,True,120,3.5,56.0,7.5,56.0,NO PLAY,Model edge is below the 3.5-point production threshold.,,FBS,GENERAL HGB,2026,3,401866423,2026-09-19 23:00:00+00:00,False,Ohio,South Alabama,Hancock Whitney Stadium,Mobile,AL,30.696904,-88.192013,False,48.5,DraftKings,CFBD,2.0,0.0,48.5,0.0,,49.68997602687951,1.189976026879514,1.189976026879514,over,90.0,71.0,54.0,4.603116368,6.904674552,2.0,0.0,0.0,No meaningful precipitation signal,ok,MOB,Sun Belt,Mid-American,fbs,fbs,True,3,outputs/prospective/2026/snapshots/board_20260919T110349Z_run35438908575_a1_c03e6c9808b3.csv,c03e6c9808b3e7901453a1456c328538696c6364b77c4173747a7236a0b74fa8,LIVE,False,2026-09-19T11:00:52.035524+00:00,0.0,False,,716.1761443833333,True,48.75,2026-09-19 21:46:47.405551+00:00,73.20990748333334,DraftKings,CFBD,2.0,outputs/prospective/2026/close_captures/close_20260919T214647Z_run35471407387_a1_72c5a67c9a0d.csv,72c5a67c9a0dbe6274a117484e7acc3ab0814bc4686b3edc257d584b80ff17a4,41.0,36.0,77.0,48.5,28.5,False,win,,,0.25,1.0,NOT QUALIFIER,
board_snapshot,2026-09-19 11:03:49.431337+00:00,2026.5,6896b9770568baf57f8d4375019ad98ddc2fe7b2f1a2dabc8374b28193757625,schedule,17 6 * * 6,35438908575,1,72e09a910563c9b756a66e86eb744c4e8a1f1329,True,120,3.5,56.0,7.5,56.0,NO PLAY,FCS-only model does not meet the conservative under-edge screen.,FCS-only HGB; FCS 56+ total,FCS,FCS-only HGB,2026,3,401867896,2026-09-19 23:00:00+00:00,False,Youngstown State,South Dakota State,Dana J. Dykhouse Stadium,Brookings,SD,44.3210182,-96.7801386,False,59.5,DraftKings,CFBD,1.0,0.0,59.5,0.0,,56.546741741206944,-2.953258258793057,2.953258258793057,under,61.0,60.0,97.0,11.50779092,18.412465472,7.0,0.0,0.0,No meaningful precipitation signal,ok,FSD,MVFC,MVFC,fcs,fcs,False,3,outputs/prospective/2026/snapshots/board_20260919T110349Z_run35438908575_a1_c03e6c9808b3.csv,c03e6c9808b3e7901453a1456c328538696c6364b77c4173747a7236a0b74fa8,LIVE,False,2026-09-19T11:00:52.035524+00:00,0.0,False,,716.1761443833333,True,59.5,2026-09-19 21:46:47.405551+00:00,73.20990748333334,DraftKings,CFBD,1.0,outputs/prospective/2026/close_captures/close_20260919T214647Z_run35471407387_a1_72c5a67c9a0d.csv,72c5a67c9a0dbe6274a117484e7acc3ab0814bc4686b3edc257d584b80ff17a4,27.0,20.0,47.0,59.5,-12.5,False,win,,,0.0,0.0,NOT QUALIFIER,
board_snapshot,2026-09-19 11:03:49.431337+00:00,2026.5,6896b9770568baf57f8d4375019ad98ddc2fe7b2f1a2dabc8374b28193757625,schedule,17 6 * * 6,35438908575,1,72e09a910563c9b756a66e86eb744c4e8a1f1329,True,120,3.5,56.0,7.5,56.0,NO PLAY,FCS-only model does not meet the conservative under-edge screen.,FCS-only HGB,FCS,FCS-only HGB,2026,3,401867984,2026-09-19 23:00:00+00:00,False,South Carolina State,Furman,Paladin Stadium,Greenville,SC,34.920192,-82.4370917,False,46.5,DraftKings,CFBD,1.0,0.0,46.5,0.0,,49.60623572070448,3.106235720704474,3.106235720704474,over,79.0,74.0,86.0,5.75389546,8.055453644,47.0,0.13,0.0,Measurable precipitation forecast,ok,GSP,Southern,MEAC,fcs,fcs,False,3,outputs/prospective/2026/snapshots/board_20260919T110349Z_run35438908575_a1_c03e6c9808b3.csv,c03e6c9808b3e7901453a1456c328538696c6364b77c4173747a7236a0b74fa8,LIVE,False,2026-09-19T11:00:52.035524+00:00,0.0,False,,716.1761443833333,True,46.5,2026-09-19 21:46:47.405551+00:00,73.20990748333334,DraftKings,CFBD,1.0,outputs/prospective/2026/close_captures/close_20260919T214647Z_run35471407387_a1_72c5a67c9a0d.csv,72c5a67c9a0dbe6274a117484e7acc3ab0814bc4686b3edc257d584b80ff17a4,17.0,20.0,37.0,46.5,-9.5,False,loss,,,0.0,0.0,NOT QUALIFIER,
board_snapshot,2026-09-19 11:03:49.431337+00:00,2026.5,6896b9770568baf57f8d4375019ad98ddc2fe7b2f1a2dabc8374b28193757625,schedule,17 6 * * 6,35438908575,1,72e09a910563c9b756a66e86eb744c4e8a1f1329,True,120,3.5,56.0,7.5,56.0,NO PLAY,FCS-only model does not meet the conservative under-edge screen.,FCS-only HGB,FCS,FCS-only HGB,2026,3,401868062,2026-09-19 23:00:00+00:00,False,Austin Peay,West Florida,Pen-Air Field,Pensacola,FL,30.547231,-87.222001,False,55.5,DraftKings,CFBD,1.0,0.0,55.5,0.0,,56.89971668085788,1.399716680857881,1.399716680857881,over,89.0,71.0,56.0,4.603116368,9.206232736,4.0,0.0,0.0,No meaningful precipitation signal,ok,MOB,UAC,UAC,fcs,fcs,False,3,outputs/prospective/2026/snapshots/board_20260919T110349Z_run35438908575_a1_c03e6c9808b3.csv,c03e6c9808b3e7901453a1456c328538696c6364b77c4173747a7236a0b74fa8,LIVE,False,2026-09-19T11:00:52.035524+00:00,0.0,False,,716.1761443833333,True,55.25,2026-09-19 21:46:47.405551+00:00,73.20990748333334,DraftKings,CFBD,2.0,outputs/prospective/2026/close_captures/close_20260919T214647Z_run35471407387_a1_72c5a67c9a0d.csv,72c5a67c9a0dbe6274a117484e7acc3ab0814bc4686b3edc257d584b80ff17a4,16.0,38.0,54.0,55.5,-1.5,False,loss,,,-0.25,0.0,NOT QUALIFIER,
board_snapshot,2026-09-19 11:03:49.431337+00:00,2026.5,6896b9770568baf57f8d4375019ad98ddc2fe7b2f1a2dabc8374b28193757625,schedule,17 6 * * 6,35438908575,1,72e09a910563c9b756a66e86eb744c4e8a1f1329,True,120,3.5,56.0,7.5,56.0,NO PLAY,FCS-only model points over; the FCS research track has not validated an over production strategy.,5.0+ model edge; FCS-only HGB,FCS,FCS-only HGB,2026,3,401868133,2026-09-19 23:00:00+00:00,False,Central Arkansas,Southeast Missouri State,Houck Field,Cape Girardeau,MO,37.3034933,-89.5230357,False,54.5,DraftKings,CFBD,1.0,0.0,54.5,0.0,,71.44561843350128,16.945618433501277,16.945618433501277,over,94.0,64.0,37.0,3.452337276,6.904674552,0.0,0.0,0.0,No meaningful precipitation signal,ok,PAH,OVC,UAC,fcs,fcs,False,3,outputs/prospective/2026/snapshots/board_20260919T110349Z_run35438908575_a1_c03e6c9808b3.csv,c03e6c9808b3e7901453a1456c328538696c6364b77c4173747a7236a0b74fa8,LIVE,False,2026-09-19T11:00:52.035524+00:00,0.0,False,,716.1761443833333,True,54.5,2026-09-19 21:46:47.405551+00:00,73.20990748333334,DraftKings,CFBD,1.0,outputs/prospective/2026/close_captures/close_20260919T214647Z_run35471407387_a1_72c5a67c9a0d.csv,72c5a67c9a0dbe6274a117484e7acc3ab0814bc4686b3edc257d584b80ff17a4,27.0,9.0,36.0,54.5,-18.5,False,loss,,,0.0,0.0,NOT QUALIFIER,
board_snapshot,2026-09-19 11:03:49.431337+00:00,2026.5,6896b9770568baf57f8d4375019ad98ddc2fe7b2f1a2dabc8374b28193757625,schedule,17 6 * * 6,35438908575,1,72e09a910563c9b756a66e86eb744c4e8a1f1329,True,120,3.5,56.0,7.5,56.0,NO PLAY,FCS-only model does not meet the conservative under-edge screen.,FCS-only HGB,FCS,FCS-only HGB,2026,3,401868151,2026-09-19 23:00:00+00:00,False,Alcorn State,North Alabama,Braly Municipal Stadium,Florence,AL,34.810914,-87.670587,False,52.5,DraftKings,CFBD,1.0,0.0,52.5,0.0,,52.72789902169471,0.2278990216947126,0.2278990216947126,over,95.0,67.0,40.0,1.150779092,4.603116368,17.0,0.0,0.0,No meaningful precipitation signal,ok,HUN,UAC,SWAC,fcs,fcs,False,3,outputs/prospective/2026/snapshots/board_20260919T110349Z_run35438908575_a1_c03e6c9808b3.csv,c03e6c9808b3e7901453a1456c328538696c6364b77c4173747a7236a0b74fa8,LIVE,False,2026-09-19T11:00:52.035524+00:00,0.0,False,,716.1761443833333,True,52.5,2026-09-19 21:46:47.405551+00:00,73.20990748333334,DraftKings,CFBD,1.0,outputs/prospective/2026/close_captures/close_20260919T214647Z_run35471407387_a1_72c5a67c9a0d.csv,72c5a67c9a0dbe6274a117484e7acc3ab0814bc4686b3edc257d584b80ff17a4,38.0,20.0,58.0,52.5,5.5,False,win,,,0.0,0.0,NOT QUALIFIER,
board_snapshot,2026-09-19 11:03:49.431337+00:00,2026.5,6896b9770568baf57f8d4375019ad98ddc2fe7b2f1a2dabc8374b28193757625,schedule,17 6 * * 6,35438908575,1,72e09a910563c9b756a66e86eb744c4e8a1f1329,True,120,3.5,56.0,7.5,56.0,NO PLAY,FCS-only model does not meet the conservative under-edge screen.,FCS-only HGB,FCS,FCS-only HGB,2026,3,401868196,2026-09-19 23:00:00+00:00,False,Tennessee State,Florida A&M,Bragg Memorial Stadium,Tallahassee,FL,30.4261632,-84.2923095,False,47.5,DraftKings,CFBD,1.0,0.0,47.5,0.0,,44.45745984251066,-3.042540157489341,3.042540157489341,under,88.0,70.0,55.0,2.301558184,8.055453644,25.0,0.03,0.0,Measurable precipitation forecast,ok,TAE,SWAC,OVC,fcs,fcs,False,3,outputs/prospective/2026/snapshots/board_20260919T110349Z_run35438908575_a1_c03e6c9808b3.csv,c03e6c9808b3e7901453a1456c328538696c6364b77c4173747a7236a0b74fa8,LIVE,False,2026-09-19T11:00:52.035524+00:00,0.0,False,,716.1761443833333,True,47.5,2026-09-19 21:46:47.405551+00:00,73.20990748333334,DraftKings,CFBD,1.0,outputs/prospective/2026/close_captures/close_20260919T214647Z_run35471407387_a1_72c5a67c9a0d.csv,72c5a67c9a0dbe6274a117484e7acc3ab0814bc4686b3edc257d584b80ff17a4,26.0,29.0,55.0,47.5,7.5,False,loss,,,0.0,0.0,NOT QUALIFIER,
board_snapshot,2026-09-19 11:03:49.431337+00:00,2026.5,6896b9770568baf57f8d4375019ad98ddc2fe7b2f1a2dabc8374b28193757625,schedule,17 6 * * 6,35438908575,1,72e09a910563c9b756a66e86eb744c4e8a1f1329,True,120,3.5,56.0,7.5,56.0,QUALIFIES,FCS-only HGB under edge ≥7.5 with a 56+ total; this screen was positive in each 2023-2025 walk-forward test season.,5.0+ model edge; FCS-only HGB; FCS 7.5+ under edge; FCS 56+ total,FCS,FCS-only HGB,2026,3,401868205,2026-09-19 23:00:00+00:00,False,Morehead State,Western Illinois,Hanson Field,Macomb,IL,40.4683928,-90.6841248,False,59.5,DraftKings,CFBD,1.0,0.0,59.5,0.0,,50.91177785068457,-8.58822214931543,8.58822214931543,under,85.0,74.0,70.0,5.75389546,9.206232736,4.0,0.0,0.0,No meaningful precipitation signal,ok,DVN,OVC,Pioneer,fcs,fcs,False,0,outputs/prospective/2026/snapshots/board_20260919T110349Z_run35438908575_a1_c03e6c9808b3.csv,c03e6c9808b3e7901453a1456c328538696c6364b77c4173747a7236a0b74fa8,LIVE,False,2026-09-19T11:00:52.035524+00:00,0.0,False,,716.1761443833333,True,61.5,2026-09-19 21:46:47.405551+00:00,73.20990748333334,DraftKings,CFBD,1.0,outputs/prospective/2026/close_captures/close_20260919T214647Z_run35471407387_a1_72c5a67c9a0d.csv,72c5a67c9a0dbe6274a117484e7acc3ab0814bc4686b3edc257d584b80ff17a4,59.0,2.0,61.0,59.5,1.5,True,loss,loss,-1.0,-2.0,0.0,SETTLED,
board_snapshot,2026-09-19 11:03:49.431337+00:00,2026.5,6896b9770568baf57f8d4375019ad98ddc2fe7b2f1a2dabc8374b28193757625,schedule,17 6 * * 6,35438908575,1,72e09a910563c9b756a66e86eb744c4e8a1f1329,True,120,3.5,56.0,7.5,56.0,NO PLAY,FCS-only model does not meet the conservative under-edge screen.,FCS-only HGB; FCS 56+ total,FCS,FCS-only HGB,2026,3,401868237,2026-09-19 23:00:00+00:00,False,Merrimack,Tarleton State,"Memorial Stadium (Stephenville, TX)",Stephenville,TX,32.2191836,-98.2130634,False,58.5,DraftKings,CFBD,1.0,0.0,58.5,0.0,,60.93421935279297,2.4342193527929736,2.4342193527929736,over,94.0,62.0,35.0,10.357011828,16.110907288,0.0,0.0,0.0,No meaningful precipitation signal,ok,FWD,UAC,FCS Independents,fcs,fcs,False,3,outputs/prospective/2026/snapshots/board_20260919T110349Z_run35438908575_a1_c03e6c9808b3.csv,c03e6c9808b3e7901453a1456c328538696c6364b77c4173747a7236a0b74fa8,LIVE,False,2026-09-19T11:00:52.035524+00:00,0.0,False,,716.1761443833333,True,54.5,2026-09-19 21:46:47.405551+00:00,73.20990748333334,DraftKings,CFBD,1.0,outputs/prospective/2026/close_captures/close_20260919T214647Z_run35471407387_a1_72c5a67c9a0d.csv,72c5a67c9a0dbe6274a117484e7acc3ab0814bc4686b3edc257d584b80ff17a4,45.0,20.0,65.0,58.5,6.5,False,win,,,-4.0,0.0,NOT QUALIFIER,
board_snapshot,2026-09-19 11:03:49.431337+00:00,2026.5,6896b9770568baf57f8d4375019ad98ddc2fe7b2f1a2dabc8374b28193757625,schedule,17 6 * * 6,35438908575,1,72e09a910563c9b756a66e86eb744c4e8a1f1329,True,120,3.5,56.0,7.5,56.0,NO LINE,No current market total is available.,,OTHER,GENERAL HGB,2026,3,401868298,2026-09-19 23:00:00+00:00,False,Bowie State,Alabama A&M,Louis Crews Stadium,Huntsville,AL,34.7835363,-86.5784132,False,,missing,,,,,,,,,,over,,,,,,,,,,,,SWAC,CIAA,fcs,ii,False,4,outputs/prospective/2026/snapshots/board_20260919T110349Z_run35438908575_a1_c03e6c9808b3.csv,c03e6c9808b3e7901453a1456c328538696c6364b77c4173747a7236a0b74fa8,NO LINE,False,,,False,,716.1761443833333,True,,,,,,,,,45.0,3.0,48.0,,,False,,,,,,NOT QUALIFIER,
board_snapshot,2026-09-19 11:03:49.431337+00:00,2026.5,6896b9770568baf57f8d4375019ad98ddc2fe7b2f1a2dabc8374b28193757625,schedule,17 6 * * 6,35438908575,1,72e09a910563c9b756a66e86eb744c4e8a1f1329,True,120,3.5,56.0,7.5,56.0,NO LINE,No current market total is available.,,OTHER,GENERAL HGB,2026,3,401868959,2026-09-19 23:00:00+00:00,False,Tuskegee,Jackson State,Mississippi Veterans Memorial Stadium,Jackson,MS,32.3300053,-90.1795578,False,,missing,,,,,,,,,,over,,,,,,,,,,,,SWAC,SIAC,fcs,ii,False,4,outputs/prospective/2026/snapshots/board_20260919T110349Z_run35438908575_a1_c03e6c9808b3.csv,c03e6c9808b3e7901453a1456c328538696c6364b77c4173747a7236a0b74fa8,NO LINE,False,,,False,,716.1761443833333,True,,,,,,,,,41.0,7.0,48.0,,,False,,,,,,NOT QUALIFIER,
board_snapshot,2026-09-19 11:03:49.431337+00:00,2026.5,6896b9770568baf57f8d4375019ad98ddc2fe7b2f1a2dabc8374b28193757625,schedule,17 6 * * 6,35438908575,1,72e09a910563c9b756a66e86eb744c4e8a1f1329,True,120,3.5,56.0,7.5,56.0,NO LINE,No current market total is available.,,OTHER,GENERAL HGB,2026,3,401868964,2026-09-19 23:00:00+00:00,False,Delta State,Mississippi Valley State,Rice-Totten Field,Itta Bena,MS,33.5118304,-90.3397718,False,,missing,,,,,,,,,,over,,,,,,,,,,,,SWAC,Gulf South,fcs,ii,False,4,outputs/prospective/2026/snapshots/board_20260919T110349Z_run35438908575_a1_c03e6c9808b3.csv,c03e6c9808b3e7901453a1456c328538696c6364b77c4173747a7236a0b74fa8,NO LINE,False,,,False,,716.1761443833333,True,,,,,,,,,6.0,21.0,27.0,,,False,,,,,,NOT QUALIFIER,
board_snapshot,2026-09-19 11:03:49.431337+00:00,2026.5,6896b9770568baf57f8d4375019ad98ddc2fe7b2f1a2dabc8374b28193757625,schedule,17 6 * * 6,35438908575,1,72e09a910563c9b756a66e86eb744c4e8a1f1329,True,120,3.5,56.0,7.5,56.0,NO LINE,No current market total is available.,,OTHER,GENERAL HGB,2026,3,401868971,2026-09-19 23:00:00+00:00,False,Louisiana Christian,Southern,Ace W. Mumford Stadium,Baton Rouge,LA,30.5221461,-91.1896087,False,,missing,,,,,,,,,,over,,,,,,,,,,,,SWAC,missing,fcs,,False,4,outputs/prospective/2026/snapshots/board_20260919T110349Z_run35438908575_a1_c03e6c9808b3.csv,c03e6c9808b3e7901453a1456c328538696c6364b77c4173747a7236a0b74fa8,NO LINE,False,,,False,,716.1761443833333,True,,,,,,,,,50.0,31.0,81.0,,,False,,,,,,NOT QUALIFIER,
board_snapshot,2026-09-19 11:03:49.431337+00:00,2026.5,6896b9770568baf57f8d4375019ad98ddc2fe7b2f1a2dabc8374b28193757625,schedule,17 6 * * 6,35438908575,1,72e09a910563c9b756a66e86eb744c4e8a1f1329,True,120,3.5,56.0,7.5,56.0,LEAN,"FCS-only HGB has a strong under edge, but the market total is below the preferred 56+ qualifying screen.",5.0+ model edge; FCS-only HGB; FCS 7.5+ under edge,FCS,FCS-only HGB,2026,3,401869147,2026-09-19 23:00:00+00:00,False,Houston Christian,Incarnate Word,Gayle and Tom Benson Stadium,San Antonio,TX,29.4674787,-98.470014,False,50.5,DraftKings,CFBD,1.0,0.0,50.5,0.0,,38.54318228111138,-11.956817718888624,11.956817718888624,under,96.0,67.0,39.0,5.75389546,10.357011828,0.0,0.0,0.0,No meaningful precipitation signal,ok,EWX,Southland,Southland,fcs,fcs,False,1,outputs/prospective/2026/snapshots/board_20260919T110349Z_run35438908575_a1_c03e6c9808b3.csv,c03e6c9808b3e7901453a1456c328538696c6364b77c4173747a7236a0b74fa8,LIVE,False,2026-09-19T11:00:52.035524+00:00,0.0,False,,716.1761443833333,True,50.5,2026-09-19 21:46:47.405551+00:00,73.20990748333334,DraftKings,CFBD,1.0,outputs/prospective/2026/close_captures/close_20260919T214647Z_run35471407387_a1_72c5a67c9a0d.csv,72c5a67c9a0dbe6274a117484e7acc3ab0814bc4686b3edc257d584b80ff17a4,30.0,23.0,53.0,50.5,2.5,False,loss,,,0.0,0.0,NOT QUALIFIER,
board_snapshot,2026-09-19 11:03:49.431337+00:00,2026.5,6896b9770568baf57f8d4375019ad98ddc2fe7b2f1a2dabc8374b28193757625,schedule,17 6 * * 6,35438908575,1,72e09a910563c9b756a66e86eb744c4e8a1f1329,True,120,3.5,56.0,7.5,56.0,NO PLAY,Model edge is below the 3.5-point production threshold.,,FBS,GENERAL HGB,2026,3,401869948,2026-09-19 23:00:00+00:00,False,Georgia Southern,Jacksonville State,AmFirst Stadium,Jacksonville,AL,33.8201052,-85.76647,False,52.5,DraftKings,CFBD,2.0,0.0,52.5,0.0,,53.08461487995813,0.5846148799581253,0.5846148799581253,over,91.0,70.0,50.0,2.301558184,5.75389546,17.0,0.01,0.0,No meaningful precipitation signal,ok,BMX,Conference USA,Sun Belt,fbs,fbs,True,3,outputs/prospective/2026/snapshots/board_20260919T110349Z_run35438908575_a1_c03e6c9808b3.csv,c03e6c9808b3e7901453a1456c328538696c6364b77c4173747a7236a0b74fa8,LIVE,False,2026-09-19T11:00:52.035524+00:00,0.0,False,,716.1761443833333,True,52.5,2026-09-19 21:46:47.405551+00:00,73.20990748333334,DraftKings,CFBD,2.0,outputs/prospective/2026/close_captures/close_20260919T214647Z_run35471407387_a1_72c5a67c9a0d.csv,72c5a67c9a0dbe6274a117484e7acc3ab0814bc4686b3edc257d584b80ff17a4,31.0,27.0,58.0,52.5,5.5,False,win,,,0.0,0.0,NOT QUALIFIER,
board_snapshot,2026-09-19 11:03:49.431337+00:00,2026.5,6896b9770568baf57f8d4375019ad98ddc2fe7b2f1a2dabc8374b28193757625,schedule,17 6 * * 6,35438908575,1,72e09a910563c9b756a66e86eb744c4e8a1f1329,True,120,3.5,56.0,7.5,56.0,NO PLAY,Model edge is below the 3.5-point production threshold.,,OTHER,GENERAL HGB,2026,3,401870764,2026-09-19 23:00:00+00:00,False,Nicholls,Sam Houston,Elliott T. Bowers Stadium,Huntsville,TX,30.713926,-95.5419802,False,49.5,DraftKings,CFBD,2.0,1.0,50.0,-0.5,,50.29795515819379,0.7979551581937877,0.7979551581937877,over,93.0,66.0,41.0,5.75389546,12.658570012,0.0,0.0,0.0,No meaningful precipitation signal,ok,HGX,Conference USA,Southland,fbs,fcs,False,3,outputs/prospective/2026/snapshots/board_20260919T110349Z_run35438908575_a1_c03e6c9808b3.csv,c03e6c9808b3e7901453a1456c328538696c6364b77c4173747a7236a0b74fa8,LIVE,False,2026-09-19T11:00:52.035524+00:00,0.0,False,,716.1761443833333,True,51.0,2026-09-19 21:46:47.405551+00:00,73.20990748333334,DraftKings,CFBD,2.0,outputs/prospective/2026/close_captures/close_20260919T214647Z_run35471407387_a1_72c5a67c9a0d.csv,72c5a67c9a0dbe6274a117484e7acc3ab0814bc4686b3edc257d584b80ff17a4,59.0,0.0,59.0,49.5,9.5,False,win,,,1.5,1.0,NOT QUALIFIER,
board_snapshot,2026-09-19 11:03:49.431337+00:00,2026.5,6896b9770568baf57f8d4375019ad98ddc2fe7b2f1a2dabc8374b28193757625,schedule,17 6 * * 6,35438908575,1,72e09a910563c9b756a66e86eb744c4e8a1f1329,True,120,3.5,56.0,7.5,56.0,NO PLAY,Model edge is below the 3.5-point production threshold.,,OTHER,GENERAL HGB,2026,3,401858452,2026-09-19 23:15:00+00:00,False,North Dakota,Nebraska,"Memorial Stadium (Lincoln, NE)",Lincoln,NE,40.820682,-96.705594,False,52.5,DraftKings,CFBD,2.0,0.5,52.75,-0.25,,53.26276433685991,0.7627643368599065,0.7627643368599065,over,77.0,71.0,82.0,10.357011828,18.412465472,9.0,0.0,0.0,No meaningful precipitation signal,ok,OAX,Big Ten,MVFC,fbs,fcs,False,3,outputs/prospective/2026/snapshots/board_20260919T110349Z_run35438908575_a1_c03e6c9808b3.csv,c03e6c9808b3e7901453a1456c328538696c6364b77c4173747a7236a0b74fa8,LIVE,False,2026-09-19T11:00:52.035524+00:00,0.0,False,,731.1761443833333,True,55.75,2026-09-19 21:46:47.405551+00:00,88.20990748333334,DraftKings,CFBD,2.0,outputs/prospective/2026/close_captures/close_20260919T214647Z_run35471407387_a1_72c5a67c9a0d.csv,72c5a67c9a0dbe6274a117484e7acc3ab0814bc4686b3edc257d584b80ff17a4,34.0,7.0,41.0,52.5,-11.5,False,loss,,,3.25,1.0,NOT QUALIFIER,
board_snapshot,2026-09-19 11:03:49.431337+00:00,2026.5,6896b9770568baf57f8d4375019ad98ddc2fe7b2f1a2dabc8374b28193757625,schedule,17 6 * * 6,35438908575,1,72e09a910563c9b756a66e86eb744c4e8a1f1329,True,120,3.5,56.0,7.5,56.0,NO PLAY,Model edge is below the 3.5-point production threshold.,,OTHER,GENERAL HGB,2026,3,401858459,2026-09-19 23:15:00+00:00,False,Eastern Washington,Washington,Husky Stadium,Seattle,WA,47.6503235,-122.3015746,False,57.5,DraftKings,CFBD,2.0,0.5,57.75,-0.25,,58.17677714547576,0.6767771454757576,0.6767771454757576,over,72.0,57.0,60.0,2.301558184,3.452337276,0.0,0.0,0.0,No meaningful precipitation signal,ok,SEW,Big Ten,Big Sky,fbs,fcs,False,3,outputs/prospective/2026/snapshots/board_20260919T110349Z_run35438908575_a1_c03e6c9808b3.csv,c03e6c9808b3e7901453a1456c328538696c6364b77c4173747a7236a0b74fa8,LIVE,False,2026-09-19T11:00:52.035524+00:00,0.0,False,,731.1761443833333,True,58.5,2026-09-19 21:46:47.405551+00:00,88.20990748333334,DraftKings,CFBD,2.0,outputs/prospective/2026/close_captures/close_20260919T214647Z_run35471407387_a1_72c5a67c9a0d.csv,72c5a67c9a0dbe6274a117484e7acc3ab0814bc4686b3edc257d584b80ff17a4,48.0,16.0,64.0,57.5,6.5,False,win,,,1.0,1.0,NOT QUALIFIER,
board_snapshot,2026-09-19 11:03:49.431337+00:00,2026.5,6896b9770568baf57f8d4375019ad98ddc2fe7b2f1a2dabc8374b28193757625,schedule,17 6 * * 6,35438908575,1,72e09a910563c9b756a66e86eb744c4e8a1f1329,True,120,3.5,56.0,7.5,56.0,NO PLAY,Model edge is below the 3.5-point production threshold.,,FBS,GENERAL HGB,2026,3,401856688,2026-09-19 23:30:00+00:00,False,LSU,Ole Miss,Vaught-Hemingway Stadium,Oxford,MS,34.3619837,-89.5342076,False,58.5,DraftKings,CFBD,2.0,0.0,58.5,0.0,,59.08270517309911,0.5827051730991042,0.5827051730991042,over,96.0,64.0,35.0,0.0,4.603116368,1.0,0.0,0.0,No meaningful precipitation signal,ok,MEG,SEC,SEC,fbs,fbs,True,3,outputs/prospective/2026/snapshots/board_20260919T110349Z_run35438908575_a1_c03e6c9808b3.csv,c03e6c9808b3e7901453a1456c328538696c6364b77c4173747a7236a0b74fa8,LIVE,False,2026-09-19T11:00:52.035524+00:00,0.0,False,,746.1761443833333,True,,,,,,,,,32.0,24.0,56.0,58.5,-2.5,False,loss,,,,,NOT QUALIFIER,
board_snapshot,2026-09-19 11:03:49.431337+00:00,2026.5,6896b9770568baf57f8d4375019ad98ddc2fe7b2f1a2dabc8374b28193757625,schedule,17 6 * * 6,35438908575,1,72e09a910563c9b756a66e86eb744c4e8a1f1329,True,120,3.5,56.0,7.5,56.0,NO PLAY,Model edge is below the 3.5-point production threshold.,,FBS,GENERAL HGB,2026,3,401856690,2026-09-19 23:30:00+00:00,False,New Mexico,Oklahoma,"Memorial Stadium (Norman, OK)",Norman,OK,35.2058537,-97.4423145,False,45.5,DraftKings,CFBD,2.0,0.0,45.5,0.0,,46.56348561800027,1.0634856180002688,1.0634856180002688,over,96.0,63.0,34.0,11.50779092,17.26168638,0.0,0.0,0.0,No meaningful precipitation signal,ok,OUN,SEC,Mountain West,fbs,fbs,True,3,outputs/prospective/2026/snapshots/board_20260919T110349Z_run35438908575_a1_c03e6c9808b3.csv,c03e6c9808b3e7901453a1456c328538696c6364b77c4173747a7236a0b74fa8,LIVE,False,2026-09-19T11:00:52.035524+00:00,0.0,False,,746.1761443833333,True,,,,,,,,,14.0,6.0,20.0,45.5,-25.5,False,loss,,,,,NOT QUALIFIER,
board_snapshot,2026-09-19 11:03:49.431337+00:00,2026.5,6896b9770568baf57f8d4375019ad98ddc2fe7b2f1a2dabc8374b28193757625,schedule,17 6 * * 6,35438908575,1,72e09a910563c9b756a66e86eb744c4e8a1f1329,True,120,3.5,56.0,7.5,56.0,NO PLAY,Model edge is below the 3.5-point production threshold.,,FBS,GENERAL HGB,2026,3,401856795,2026-09-19 23:30:00+00:00,False,BYU,Colorado State,Canvas Stadium,Fort Collins,CO,40.570015,-105.088435,False,52.5,DraftKings,CFBD,2.0,0.0,52.5,0.0,,53.22733047653369,0.7273304765336892,0.7273304765336892,over,70.0,53.0,55.0,5.75389546,9.206232736,57.0,0.07,0.0,Measurable precipitation forecast,ok,BOU,Pac-12,Big 12,fbs,fbs,True,3,outputs/prospective/2026/snapshots/board_20260919T110349Z_run35438908575_a1_c03e6c9808b3.csv,c03e6c9808b3e7901453a1456c328538696c6364b77c4173747a7236a0b74fa8,LIVE,False,2026-09-19T11:00:52.035524+00:00,0.0,False,,746.1761443833333,True,,,,,,,,,23.0,41.0,64.0,52.5,11.5,False,win,,,,,NOT QUALIFIER,
board_snapshot,2026-09-19 11:03:49.431337+00:00,2026.5,6896b9770568baf57f8d4375019ad98ddc2fe7b2f1a2dabc8374b28193757625,schedule,17 6 * * 6,35438908575,1,72e09a910563c9b756a66e86eb744c4e8a1f1329,True,120,3.5,56.0,7.5,56.0,NO PLAY,Model edge is below the 3.5-point production threshold.,,FBS,GENERAL HGB,2026,3,401856796,2026-09-19 23:30:00+00:00,False,Colorado,Northwestern,Lanny and Sharon Martin Stadium,Evanston,IL,42.058246,-87.670876,False,47.5,DraftKings,CFBD,2.0,0.5,47.75,-0.25,,48.03231113058198,0.532311130581978,0.532311130581978,over,68.0,68.0,100.0,6.904674552,9.206232736,63.0,0.12,0.0,Measurable precipitation forecast,ok,LOT,Big Ten,Big 12,fbs,fbs,True,3,outputs/prospective/2026/snapshots/board_20260919T110349Z_run35438908575_a1_c03e6c9808b3.csv,c03e6c9808b3e7901453a1456c328538696c6364b77c4173747a7236a0b74fa8,LIVE,False,2026-09-19T11:00:52.035524+00:00,0.0,False,,746.1761443833333,True,,,,,,,,,41.0,7.0,48.0,47.5,0.5,False,win,,,,,NOT QUALIFIER,
board_snapshot,2026-09-19 11:03:49.431337+00:00,2026.5,6896b9770568baf57f8d4375019ad98ddc2fe7b2f1a2dabc8374b28193757625,schedule,17 6 * * 6,35438908575,1,72e09a910563c9b756a66e86eb744c4e8a1f1329,True,120,3.5,56.0,7.5,56.0,NO PLAY,Model edge is below the 3.5-point production threshold.,,FBS,GENERAL HGB,2026,3,401856802,2026-09-19 23:30:00+00:00,False,West Virginia,Virginia,Bank of America Stadium,Charlotte,NC,35.225833,-80.852778,False,53.5,DraftKings,CFBD,2.0,0.0,53.5,0.0,,54.76870265161465,1.2687026516146505,1.2687026516146505,over,81.0,73.0,77.0,5.75389546,12.658570012,16.0,0.0,0.0,No meaningful precipitation signal,ok,GSP,ACC,Big 12,fbs,fbs,True,3,outputs/prospective/2026/snapshots/board_20260919T110349Z_run35438908575_a1_c03e6c9808b3.csv,c03e6c9808b3e7901453a1456c328538696c6364b77c4173747a7236a0b74fa8,LIVE,False,2026-09-19T11:00:52.035524+00:00,0.0,False,,746.1761443833333,True,,,,,,,,,27.0,38.0,65.0,53.5,11.5,False,win,,,,,NOT QUALIFIER,
board_snapshot,2026-09-19 11:03:49.431337+00:00,2026.5,6896b9770568baf57f8d4375019ad98ddc2fe7b2f1a2dabc8374b28193757625,schedule,17 6 * * 6,35438908575,1,72e09a910563c9b756a66e86eb744c4e8a1f1329,True,120,3.5,56.0,7.5,56.0,NO PLAY,Model edge is below the 3.5-point production threshold.,,FBS,GENERAL HGB,2026,3,401858232,2026-09-19 23:30:00+00:00,False,Virginia Tech,Maryland,SECU Stadium,College Park,MD,38.9903332,-76.9473792,False,53.5,DraftKings,CFBD,2.0,0.5,53.25,0.25,,54.41855080876057,0.9185508087605724,0.9185508087605724,over,76.0,65.0,69.0,6.904674552,11.50779092,4.0,0.0,0.0,No meaningful precipitation signal,ok,LWX,Big Ten,ACC,fbs,fbs,True,3,outputs/prospective/2026/snapshots/board_20260919T110349Z_run35438908575_a1_c03e6c9808b3.csv,c03e6c9808b3e7901453a1456c328538696c6364b77c4173747a7236a0b74fa8,LIVE,False,2026-09-19T11:00:52.035524+00:00,0.0,False,,746.1761443833333,True,,,,,,,,,26.0,35.0,61.0,53.5,7.5,False,win,,,,,NOT QUALIFIER,
board_snapshot,2026-09-19 11:03:49.431337+00:00,2026.5,6896b9770568baf57f8d4375019ad98ddc2fe7b2f1a2dabc8374b28193757625,schedule,17 6 * * 6,35438908575,1,72e09a910563c9b756a66e86eb744c4e8a1f1329,True,120,3.5,56.0,7.5,56.0,NO PLAY,Model edge is below the 3.5-point production threshold.,,FBS,GENERAL HGB,2026,3,401858453,2026-09-19 23:30:00+00:00,False,Michigan State,Notre Dame,Notre Dame Stadium,Notre Dame,IN,41.698378,-86.2339425,False,51.5,DraftKings,CFBD,2.0,0.5,51.75,-0.25,,51.47833933947379,-0.0216606605262114,0.0216606605262114,under,73.0,70.0,92.0,4.603116368,10.357011828,41.0,0.01,0.0,Low precipitation chance,ok,IWX,FBS Independents,Big Ten,fbs,fbs,True,3,outputs/prospective/2026/snapshots/board_20260919T110349Z_run35438908575_a1_c03e6c9808b3.csv,c03e6c9808b3e7901453a1456c328538696c6364b77c4173747a7236a0b74fa8,LIVE,False,2026-09-19T11:00:52.035524+00:00,0.0,False,,746.1761443833333,True,,,,,,,,,27.0,10.0,37.0,51.5,-14.5,False,win,,,,,NOT QUALIFIER,
board_snapshot,2026-09-19 11:03:49.431337+00:00,2026.5,6896b9770568baf57f8d4375019ad98ddc2fe7b2f1a2dabc8374b28193757625,schedule,17 6 * * 6,35438908575,1,72e09a910563c9b756a66e86eb744c4e8a1f1329,True,120,3.5,56.0,7.5,56.0,NO PLAY,Model edge is below the 3.5-point production threshold.,,FBS,GENERAL HGB,2026,3,401856692,2026-09-19 23:45:00+00:00,False,Kennesaw State,Tennessee,Neyland Stadium,Knoxville,TN,35.9550131,-83.9250128,False,60.5,DraftKings,CFBD,2.0,0.5,60.25,0.25,,60.34777342312709,-0.152226576872908,0.152226576872908,under,88.0,72.0,59.0,2.301558184,5.75389546,16.0,0.0,0.0,No meaningful precipitation signal,ok,MRX,SEC,Conference USA,fbs,fbs,True,3,outputs/prospective/2026/snapshots/board_20260919T110349Z_run35438908575_a1_c03e6c9808b3.csv,c03e6c9808b3e7901453a1456c328538696c6364b77c4173747a7236a0b74fa8,LIVE,False,2026-09-19T11:00:52.035524+00:00,0.0,False,,761.1761443833333,True,,,,,,,,,42.0,9.0,51.0,60.5,-9.5,False,win,,,,,NOT QUALIFIER,
board_snapshot,2026-09-19 11:03:49.431337+00:00,2026.5,6896b9770568baf57f8d4375019ad98ddc2fe7b2f1a2dabc8374b28193757625,schedule,17 6 * * 6,35438908575,1,72e09a910563c9b756a66e86eb744c4e8a1f1329,True,120,3.5,56.0,7.5,56.0,NO PLAY,Model edge is below the 3.5-point production threshold.,,FBS,GENERAL HGB,2026,3,401856693,2026-09-20 00:00:00+00:00,False,UTSA,Texas,DKR-Texas Memorial Stadium,Austin,TX,30.2836813,-97.7325345,False,58.5,DraftKings,CFBD,2.0,0.5,58.25,0.25,,59.37326539944057,0.8732653994405724,0.8732653994405724,over,94.0,64.0,37.0,5.75389546,13.809349104,0.0,0.0,0.0,No meaningful precipitation signal,ok,EWX,SEC,American Athletic,fbs,fbs,True,3,outputs/prospective/2026/snapshots/board_20260919T110349Z_run35438908575_a1_c03e6c9808b3.csv,c03e6c9808b3e7901453a1456c328538696c6364b77c4173747a7236a0b74fa8,LIVE,False,2026-09-19T11:00:52.035524+00:00,0.0,False,,776.1761443833333,True,,,,,,,,,30.0,6.0,36.0,58.5,-22.5,False,loss,,,,,NOT QUALIFIER,
board_snapshot,2026-09-19 11:03:49.431337+00:00,2026.5,6896b9770568baf57f8d4375019ad98ddc2fe7b2f1a2dabc8374b28193757625,schedule,17 6 * * 6,35438908575,1,72e09a910563c9b756a66e86eb744c4e8a1f1329,True,120,3.5,56.0,7.5,56.0,NO PLAY,Model edge is below the 3.5-point production threshold.,,FBS,GENERAL HGB,2026,3,401856799,2026-09-20 00:00:00+00:00,False,Arkansas State,TCU,Amon G. Carter Stadium,Fort Worth,TX,32.7096604,-97.3680835,False,56.5,DraftKings,CFBD,2.0,0.5,56.25,0.25,,56.75866745503525,0.2586674550352499,0.2586674550352499,over,93.0,62.0,36.0,10.357011828,14.960128196,0.0,0.0,0.0,No meaningful precipitation signal,ok,FWD,Big 12,Sun Belt,fbs,fbs,True,3,outputs/prospective/2026/snapshots/board_20260919T110349Z_run35438908575_a1_c03e6c9808b3.csv,c03e6c9808b3e7901453a1456c328538696c6364b77c4173747a7236a0b74fa8,LIVE,False,2026-09-19T11:00:52.035524+00:00,0.0,False,,776.1761443833333,True,,,,,,,,,31.0,7.0,38.0,56.5,-18.5,False,loss,,,,,NOT QUALIFIER,
board_snapshot,2026-09-19 11:03:49.431337+00:00,2026.5,6896b9770568baf57f8d4375019ad98ddc2fe7b2f1a2dabc8374b28193757625,schedule,17 6 * * 6,35438908575,1,72e09a910563c9b756a66e86eb744c4e8a1f1329,True,120,3.5,56.0,7.5,56.0,NO PLAY,Model edge is below the 3.5-point production threshold.,,OTHER,GENERAL HGB,2026,3,401862775,2026-09-20 00:00:00+00:00,False,East Texas A&M,Tulsa,Chapman Stadium,Tulsa,OK,36.1489175,-95.9437853,False,56.5,DraftKings,CFBD,2.0,0.5,56.25,0.25,,57.32149160979674,0.8214916097967372,0.8214916097967372,over,94.0,65.0,39.0,9.206232736,16.110907288,0.0,0.0,0.0,No meaningful precipitation signal,ok,TSA,American Athletic,Southland,fbs,fcs,False,3,outputs/prospective/2026/snapshots/board_20260919T110349Z_run35438908575_a1_c03e6c9808b3.csv,c03e6c9808b3e7901453a1456c328538696c6364b77c4173747a7236a0b74fa8,LIVE,False,2026-09-19T11:00:52.035524+00:00,0.0,False,,776.1761443833333,True,,,,,,,,,42.0,0.0,42.0,56.5,-14.5,False,loss,,,,,NOT QUALIFIER,
board_snapshot,2026-09-19 11:03:49.431337+00:00,2026.5,6896b9770568baf57f8d4375019ad98ddc2fe7b2f1a2dabc8374b28193757625,schedule,17 6 * * 6,35438908575,1,72e09a910563c9b756a66e86eb744c4e8a1f1329,True,120,3.5,56.0,7.5,56.0,NO PLAY,Model edge is below the 3.5-point production threshold.,,FBS,GENERAL HGB,2026,3,401862776,2026-09-20 00:00:00+00:00,False,UAB,Louisiana,Cajun Field,Lafayette,LA,30.2158434,-92.0417371,False,55.5,DraftKings,CFBD,2.0,0.5,55.25,0.25,,55.80981064760303,0.3098106476030328,0.3098106476030328,over,90.0,71.0,54.0,3.452337276,9.206232736,1.0,0.0,0.0,No meaningful precipitation signal,ok,LCH,Sun Belt,American Athletic,fbs,fbs,True,3,outputs/prospective/2026/snapshots/board_20260919T110349Z_run35438908575_a1_c03e6c9808b3.csv,c03e6c9808b3e7901453a1456c328538696c6364b77c4173747a7236a0b74fa8,LIVE,False,2026-09-19T11:00:52.035524+00:00,0.0,False,,776.1761443833333,True,,,,,,,,,21.0,14.0,35.0,55.5,-20.5,False,loss,,,,,NOT QUALIFIER,
board_snapshot,2026-09-19 11:03:49.431337+00:00,2026.5,6896b9770568baf57f8d4375019ad98ddc2fe7b2f1a2dabc8374b28193757625,schedule,17 6 * * 6,35438908575,1,72e09a910563c9b756a66e86eb744c4e8a1f1329,True,120,3.5,56.0,7.5,56.0,NO PLAY,FCS-only model does not meet the conservative under-edge screen.,FCS-only HGB; FCS 56+ total,FCS,FCS-only HGB,2026,3,401868075,2026-09-20 00:00:00+00:00,False,San Diego,Cal Poly,Alex G. Spanos Stadium,San Luis Obispo,CA,35.2984123,-120.6650005,False,58.5,DraftKings,CFBD,1.0,0.0,58.5,0.0,,60.917468818550645,2.417468818550648,2.417468818550648,over,68.0,53.0,61.0,6.904674552,9.206232736,0.0,0.0,0.0,No meaningful precipitation signal,ok,LOX,Big Sky,Pioneer,fcs,fcs,False,3,outputs/prospective/2026/snapshots/board_20260919T110349Z_run35438908575_a1_c03e6c9808b3.csv,c03e6c9808b3e7901453a1456c328538696c6364b77c4173747a7236a0b74fa8,LIVE,False,2026-09-19T11:00:52.035524+00:00,0.0,False,,776.1761443833333,True,,,,,,,,,35.0,38.0,73.0,58.5,14.5,False,win,,,,,NOT QUALIFIER,
board_snapshot,2026-09-19 11:03:49.431337+00:00,2026.5,6896b9770568baf57f8d4375019ad98ddc2fe7b2f1a2dabc8374b28193757625,schedule,17 6 * * 6,35438908575,1,72e09a910563c9b756a66e86eb744c4e8a1f1329,True,120,3.5,56.0,7.5,56.0,NO PLAY,FCS-only model does not meet the conservative under-edge screen.,FCS-only HGB,FCS,FCS-only HGB,2026,3,401868124,2026-09-20 00:00:00+00:00,False,Northern Arizona,Utah Tech,Greater Zion Stadium,Saint George,UT,37.1098868,-113.5674494,False,53.5,DraftKings,CFBD,1.0,0.0,53.5,0.0,,50.88371248038423,-2.6162875196157644,2.6162875196157644,under,87.0,30.0,13.0,5.75389546,16.110907288,0.0,0.0,0.0,No meaningful precipitation signal,ok,SLC,Big Sky,Big Sky,fcs,fcs,False,3,outputs/prospective/2026/snapshots/board_20260919T110349Z_run35438908575_a1_c03e6c9808b3.csv,c03e6c9808b3e7901453a1456c328538696c6364b77c4173747a7236a0b74fa8,LIVE,False,2026-09-19T11:00:52.035524+00:00,0.0,False,,776.1761443833333,True,,,,,,,,,23.0,35.0,58.0,53.5,4.5,False,loss,,,,,NOT QUALIFIER,
board_snapshot,2026-09-19 11:03:49.431337+00:00,2026.5,6896b9770568baf57f8d4375019ad98ddc2fe7b2f1a2dabc8374b28193757625,schedule,17 6 * * 6,35438908575,1,72e09a910563c9b756a66e86eb744c4e8a1f1329,True,120,3.5,56.0,7.5,56.0,NO LINE,No current market total is available.,,OTHER,GENERAL HGB,2026,3,401868130,2026-09-20 00:00:00+00:00,False,Northeastern State,Northern Colorado,Nottingham Field,Greeley,CO,40.403493,-104.705139,False,,missing,,,,,,,,,,over,,,,,,,,,,,,Big Sky,Independent DII,fcs,ii,False,4,outputs/prospective/2026/snapshots/board_20260919T110349Z_run35438908575_a1_c03e6c9808b3.csv,c03e6c9808b3e7901453a1456c328538696c6364b77c4173747a7236a0b74fa8,NO LINE,False,,,False,,776.1761443833333,True,,,,,,,,,23.0,17.0,40.0,,,False,,,,,,NOT QUALIFIER,
board_snapshot,2026-09-19 11:03:49.431337+00:00,2026.5,6896b9770568baf57f8d4375019ad98ddc2fe7b2f1a2dabc8374b28193757625,schedule,17 6 * * 6,35438908575,1,72e09a910563c9b756a66e86eb744c4e8a1f1329,True,120,3.5,56.0,7.5,56.0,NO PLAY,FCS-only model does not meet the conservative under-edge screen.,FCS-only HGB,FCS,FCS-only HGB,2026,3,401868168,2026-09-20 00:00:00+00:00,False,Northwestern State,Weber State,Stewart Stadium,Ogden,UT,41.1918741,-111.9401391,False,54.5,DraftKings,CFBD,1.0,0.0,54.5,0.0,,55.15671210036597,0.6567121003659737,0.6567121003659737,over,67.0,45.0,45.0,2.301558184,9.206232736,4.0,0.0,0.0,No meaningful precipitation signal,ok,SLC,Big Sky,Southland,fcs,fcs,False,3,outputs/prospective/2026/snapshots/board_20260919T110349Z_run35438908575_a1_c03e6c9808b3.csv,c03e6c9808b3e7901453a1456c328538696c6364b77c4173747a7236a0b74fa8,LIVE,False,2026-09-19T11:00:52.035524+00:00,0.0,False,,776.1761443833333,True,,,,,,,,,49.0,20.0,69.0,54.5,14.5,False,win,,,,,NOT QUALIFIER,
board_snapshot,2026-09-19 11:03:49.431337+00:00,2026.5,6896b9770568baf57f8d4375019ad98ddc2fe7b2f1a2dabc8374b28193757625,schedule,17 6 * * 6,35438908575,1,72e09a910563c9b756a66e86eb744c4e8a1f1329,True,120,3.5,56.0,7.5,56.0,LEAN,"FCS-only HGB has a strong under edge, but the market total is below the preferred 56+ qualifying screen.",5.0+ model edge; FCS-only HGB; FCS 7.5+ under edge,FCS,FCS-only HGB,2026,3,401868247,2026-09-20 00:00:00+00:00,False,McNeese,UT Rio Grande Valley,Robert and Janet Vackar Stadium,Edinburg,TX,26.2826,-98.1352,False,52.5,DraftKings,CFBD,1.0,0.0,52.5,0.0,,43.568503508441566,-8.931496491558434,8.931496491558434,under,89.0,73.0,59.0,11.50779092,20.714023656,1.0,0.0,0.0,No meaningful precipitation signal,ok,BRO,Southland,Southland,fcs,fcs,False,1,outputs/prospective/2026/snapshots/board_20260919T110349Z_run35438908575_a1_c03e6c9808b3.csv,c03e6c9808b3e7901453a1456c328538696c6364b77c4173747a7236a0b74fa8,LIVE,False,2026-09-19T11:00:52.035524+00:00,0.0,False,,776.1761443833333,True,,,,,,,,,27.0,10.0,37.0,52.5,-15.5,False,win,,,,,NOT QUALIFIER,
board_snapshot,2026-09-19 11:03:49.431337+00:00,2026.5,6896b9770568baf57f8d4375019ad98ddc2fe7b2f1a2dabc8374b28193757625,schedule,17 6 * * 6,35438908575,1,72e09a910563c9b756a66e86eb744c4e8a1f1329,True,120,3.5,56.0,7.5,56.0,NO PLAY,FCS-only model does not meet the conservative under-edge screen.,5.0+ model edge; FCS-only HGB,FCS,FCS-only HGB,2026,3,401868307,2026-09-20 00:00:00+00:00,False,Stephen F. Austin,Prairie View A&M,Panther Stadium,Prairie View,TX,30.0937874,-95.9960913,False,50.5,DraftKings,CFBD,1.0,0.0,50.5,0.0,,45.14198239454564,-5.358017605454368,5.358017605454368,under,90.0,66.0,45.0,8.055453644,14.960128196,0.0,0.0,0.0,No meaningful precipitation signal,ok,HGX,SWAC,Southland,fcs,fcs,False,3,outputs/prospective/2026/snapshots/board_20260919T110349Z_run35438908575_a1_c03e6c9808b3.csv,c03e6c9808b3e7901453a1456c328538696c6364b77c4173747a7236a0b74fa8,LIVE,False,2026-09-19T11:00:52.035524+00:00,0.0,False,,776.1761443833333,True,,,,,,,,,10.0,31.0,41.0,50.5,-9.5,False,win,,,,,NOT QUALIFIER,
board_snapshot,2026-09-19 11:03:49.431337+00:00,2026.5,6896b9770568baf57f8d4375019ad98ddc2fe7b2f1a2dabc8374b28193757625,schedule,17 6 * * 6,35438908575,1,72e09a910563c9b756a66e86eb744c4e8a1f1329,True,120,3.5,56.0,7.5,56.0,NO PLAY,Model edge is below the 3.5-point production threshold.,,OTHER,GENERAL HGB,2026,3,401860885,2026-09-20 02:00:00+00:00,False,South Dakota,Boise State,Albertsons Stadium,Boise,ID,43.6028839,-116.1958882,False,56.5,DraftKings,CFBD,2.0,0.5,56.75,-0.25,,57.961323934423,1.461323934423001,1.461323934423001,over,72.0,47.0,41.0,3.452337276,6.904674552,3.0,0.0,0.0,No meaningful precipitation signal,ok,BOI,Pac-12,MVFC,fbs,fcs,False,3,outputs/prospective/2026/snapshots/board_20260919T110349Z_run35438908575_a1_c03e6c9808b3.csv,c03e6c9808b3e7901453a1456c328538696c6364b77c4173747a7236a0b74fa8,LIVE,False,2026-09-19T11:00:52.035524+00:00,0.0,False,,896.1761443833333,True,,,,,,,,,38.0,24.0,62.0,56.5,5.5,False,win,,,,,NOT QUALIFIER,
board_snapshot,2026-09-19 11:03:49.431337+00:00,2026.5,6896b9770568baf57f8d4375019ad98ddc2fe7b2f1a2dabc8374b28193757625,schedule,17 6 * * 6,35438908575,1,72e09a910563c9b756a66e86eb744c4e8a1f1329,True,120,3.5,56.0,7.5,56.0,NO PLAY,Model edge is below the 3.5-point production threshold.,,FBS,GENERAL HGB,2026,3,401860887,2026-09-20 02:00:00+00:00,False,James Madison,San Diego State,Snapdragon Stadium,San Diego,CA,32.784444,-117.122833,False,46.5,DraftKings,CFBD,2.0,0.0,46.5,0.0,,47.26933615787569,0.7693361578756955,0.7693361578756955,over,71.0,64.0,80.0,4.603116368,10.357011828,0.0,0.0,0.0,No meaningful precipitation signal,ok,SGX,Pac-12,Sun Belt,fbs,fbs,True,3,outputs/prospective/2026/snapshots/board_20260919T110349Z_run35438908575_a1_c03e6c9808b3.csv,c03e6c9808b3e7901453a1456c328538696c6364b77c4173747a7236a0b74fa8,LIVE,False,2026-09-19T11:00:52.035524+00:00,0.0,False,,896.1761443833333,True,,,,,,,,,13.0,26.0,39.0,46.5,-7.5,False,loss,,,,,NOT QUALIFIER,
board_snapshot,2026-09-19 11:03:49.431337+00:00,2026.5,6896b9770568baf57f8d4375019ad98ddc2fe7b2f1a2dabc8374b28193757625,schedule,17 6 * * 6,35438908575,1,72e09a910563c9b756a66e86eb744c4e8a1f1329,True,120,3.5,56.0,7.5,56.0,NO PLAY,FCS-only model does not meet the conservative under-edge screen.,FCS-only HGB; FCS 56+ total,FCS,FCS-only HGB,2026,3,401868164,2026-09-20 02:00:00+00:00,False,Stetson,UC Davis,Aggie Stadium,Davis,CA,38.5365266,-121.7627936,False,65.5,DraftKings,CFBD,1.0,0.0,65.5,0.0,,70.12666104380044,4.626661043800443,4.626661043800443,over,85.0,56.0,37.0,4.603116368,10.357011828,0.0,0.0,0.0,No meaningful precipitation signal,ok,STO,Big Sky,Pioneer,fcs,fcs,False,3,outputs/prospective/2026/snapshots/board_20260919T110349Z_run35438908575_a1_c03e6c9808b3.csv,c03e6c9808b3e7901453a1456c328538696c6364b77c4173747a7236a0b74fa8,LIVE,False,2026-09-19T11:00:52.035524+00:00,0.0,False,,896.1761443833333,True,,,,,,,,,45.0,7.0,52.0,65.5,-13.5,False,loss,,,,,NOT QUALIFIER,
board_snapshot,2026-09-19 11:03:49.431337+00:00,2026.5,6896b9770568baf57f8d4375019ad98ddc2fe7b2f1a2dabc8374b28193757625,schedule,17 6 * * 6,35438908575,1,72e09a910563c9b756a66e86eb744c4e8a1f1329,True,120,3.5,56.0,7.5,56.0,NO PLAY,Model edge is below the 3.5-point production threshold.,,FBS,GENERAL HGB,2026,3,401856793,2026-09-20 02:30:00+00:00,False,Northern Illinois,Arizona,Arizona Stadium,Tucson,AZ,32.2288054,-110.9488677,False,50.5,DraftKings,CFBD,2.0,0.5,50.25,0.25,,50.49474554947485,-0.0052544505251489,0.0052544505251489,under,86.0,52.0,31.0,4.603116368,9.206232736,1.0,0.0,0.0,No meaningful precipitation signal,ok,TWC,Big 12,Mountain West,fbs,fbs,True,3,outputs/prospective/2026/snapshots/board_20260919T110349Z_run35438908575_a1_c03e6c9808b3.csv,c03e6c9808b3e7901453a1456c328538696c6364b77c4173747a7236a0b74fa8,LIVE,False,2026-09-19T11:00:52.035524+00:00,0.0,False,,926.1761443833333,True,,,,,,,,,42.0,17.0,59.0,50.5,8.5,False,loss,,,,,NOT QUALIFIER,
board_snapshot,2026-09-19 11:03:49.431337+00:00,2026.5,6896b9770568baf57f8d4375019ad98ddc2fe7b2f1a2dabc8374b28193757625,schedule,17 6 * * 6,35438908575,1,72e09a910563c9b756a66e86eb744c4e8a1f1329,True,120,3.5,56.0,7.5,56.0,NO PLAY,Model edge is below the 3.5-point production threshold.,,FBS,GENERAL HGB,2026,3,401864507,2026-09-20 02:30:00+00:00,False,North Dakota State,Sacramento State,Hornet Stadium,Sacramento,CA,38.5556718,-121.4229607,False,50.5,DraftKings,CFBD,2.0,0.0,50.5,0.0,,51.17677714547576,0.6767771454757576,0.6767771454757576,over,85.0,54.0,35.0,4.603116368,9.206232736,0.0,0.0,0.0,No meaningful precipitation signal,ok,STO,Mid-American,Mountain West,fbs,fbs,True,3,outputs/prospective/2026/snapshots/board_20260919T110349Z_run35438908575_a1_c03e6c9808b3.csv,c03e6c9808b3e7901453a1456c328538696c6364b77c4173747a7236a0b74fa8,LIVE,False,2026-09-19T11:00:52.035524+00:00,0.0,False,,926.1761443833333,True,,,,,,,,,10.0,31.0,41.0,50.5,-9.5,False,loss,,,,,NOT QUALIFIER,
board_snapshot,2026-09-19 11:03:49.431337+00:00,2026.5,6896b9770568baf57f8d4375019ad98ddc2fe7b2f1a2dabc8374b28193757625,schedule,17 6 * * 6,35438908575,1,72e09a910563c9b756a66e86eb744c4e8a1f1329,True,120,3.5,56.0,7.5,56.0,NO PLAY,Model edge is below the 3.5-point production threshold.,,FBS,GENERAL HGB,2026,3,401858458,2026-09-20 03:00:00+00:00,False,Purdue,UCLA,Rose Bowl,Pasadena,CA,34.1613284,-118.1676462,False,52.5,DraftKings,CFBD,2.0,0.0,52.5,0.0,,53.26690721468327,0.7669072146832703,0.7669072146832703,over,73.0,60.0,69.0,3.452337276,4.603116368,0.0,0.0,0.0,No meaningful precipitation signal,ok,LOX,Big Ten,Big Ten,fbs,fbs,True,3,outputs/prospective/2026/snapshots/board_20260919T110349Z_run35438908575_a1_c03e6c9808b3.csv,c03e6c9808b3e7901453a1456c328538696c6364b77c4173747a7236a0b74fa8,LIVE,False,2026-09-19T11:00:52.035524+00:00,0.0,False,,956.1761443833333,True,,,,,,,,,52.0,38.0,90.0,52.5,37.5,False,win,,,,,NOT QUALIFIER,
board_snapshot,2026-09-19 11:03:49.431337+00:00,2026.5,6896b9770568baf57f8d4375019ad98ddc2fe7b2f1a2dabc8374b28193757625,schedule,17 6 * * 6,35438908575,1,72e09a910563c9b756a66e86eb744c4e8a1f1329,True,120,3.5,56.0,7.5,56.0,NO PLAY,Model edge is below the 3.5-point production threshold.,,OTHER,GENERAL HGB,2026,3,401860886,2026-09-20 03:00:00+00:00,False,Montana,Oregon State,Reser Stadium,Corvallis,OR,44.5594559,-123.2814341,False,53.5,DraftKings,CFBD,2.0,1.0,54.0,-0.5,,54.56348561800027,1.0634856180002688,1.0634856180002688,over,67.0,58.0,73.0,2.301558184,4.603116368,0.0,0.0,0.0,No meaningful precipitation signal,ok,PQR,Pac-12,Big Sky,fbs,fcs,False,3,outputs/prospective/2026/snapshots/board_20260919T110349Z_run35438908575_a1_c03e6c9808b3.csv,c03e6c9808b3e7901453a1456c328538696c6364b77c4173747a7236a0b74fa8,LIVE,False,2026-09-19T11:00:52.035524+00:00,0.0,False,,956.1761443833333,True,,,,,,,,,52.0,17.0,69.0,53.5,15.5,False,win,,,,,NOT QUALIFIER,
board_snapshot,2026-09-19 11:03:49.431337+00:00,2026.5,6896b9770568baf57f8d4375019ad98ddc2fe7b2f1a2dabc8374b28193757625,schedule,17 6 * * 6,35438908575,1,72e09a910563c9b756a66e86eb744c4e8a1f1329,True,120,3.5,56.0,7.5,56.0,NO PLAY,Model edge is below the 3.5-point production threshold.,,FBS,GENERAL HGB,2026,3,401860888,2026-09-20 03:00:00+00:00,False,Fresno State,San José State,CEFCU Stadium,San Jose,CA,37.3196675,-121.8682962,False,49.5,DraftKings,CFBD,2.0,0.5,49.75,-0.25,,50.09323770029794,0.5932377002979426,0.5932377002979426,over,69.0,58.0,69.0,3.452337276,6.904674552,0.0,0.0,0.0,No meaningful precipitation signal,ok,MTR,Mountain West,Pac-12,fbs,fbs,True,3,outputs/prospective/2026/snapshots/board_20260919T110349Z_run35438908575_a1_c03e6c9808b3.csv,c03e6c9808b3e7901453a1456c328538696c6364b77c4173747a7236a0b74fa8,LIVE,False,2026-09-19T11:00:52.035524+00:00,0.0,False,,956.1761443833333,True,,,,,,,,,10.0,26.0,36.0,49.5,-13.5,False,loss,,,,,NOT QUALIFIER,
board_snapshot,2026-09-24 17:55:10.847972+00:00,2026.6,31e56b010c97f2b28e355236952dac28e3fa11e1c2a9f9e9a9937d4e3f876c98,schedule,"17 13 * * 4,5",36037332148,1,293c654ac45aface04ef150e8391b4e9c52b19f5,True,120,4.0,56.0,7.5,56.0,NO PLAY,Model edge is below the 3.5-point lean threshold and 4.0-point production threshold.,,FBS,GENERAL HGB,2026,4,401869941,2026-09-24 23:30:00+00:00,False,Liberty,Coastal Carolina,Brooks Stadium (SC),Conway,SC,33.7928506,-79.0166946,False,50.5,DraftKings,CFBD,2.0,0.5,50.25,0.25,,52.33008843034122,1.8300884303412168,1.8300884303412168,over,67.0,62.0,83.0,13.809349104,27.618698208,29.0,0.03,0.0,Measurable precipitation forecast,ok,ILM,Sun Belt,Conference USA,fbs,fbs,True,3,outputs/prospective/2026/snapshots/board_20260924T175510Z_run36037332148_a1_03c235e78ed8.csv,03c235e78ed84fbc7fac301570895112e747957957daa7a07222ff715b4668dd,LIVE,False,2026-09-24T17:53:08.772367+00:00,0.0,False,,334.8192004666667,True,,,,,,,,,17.0,34.0,51.0,50.5,0.5,False,win,,,,,NOT QUALIFIER,
board_snapshot,2026-09-25 15:20:01.403510+00:00,2026.6,31e56b010c97f2b28e355236952dac28e3fa11e1c2a9f9e9a9937d4e3f876c98,schedule,"17 10 * * 4,5",36153107585,1,a4ecef7fc8656a9e3ac538c21e2cb920f9e7e5fa,True,120,4.0,56.0,7.5,56.0,NO PLAY,Model edge is below the 3.5-point lean threshold and 4.0-point production threshold.,,FBS,GENERAL HGB,2026,4,401862779,2026-09-25 20:00:00+00:00,False,Army,Temple,Lincoln Financial Field,Philadelphia,PA,39.9007995,-75.1675414,False,47.5,DraftKings,CFBD,2.0,0.5,47.75,-0.25,,47.313833199007625,-0.1861668009923737,0.1861668009923737,under,72.0,43.0,35.0,18.412465472,28.7694773,2.0,0.0,0.0,No meaningful precipitation signal,ok,PHI,American Athletic,American Athletic,fbs,fbs,True,3,outputs/prospective/2026/snapshots/board_20260925T152001Z_run36153107585_a1_93ecf55d7f3e.csv,93ecf55d7f3e4e24ed652ec4b5b4ee632407606cb223e6a5f4b47a2982fbec34,LIVE,False,2026-09-25T15:17:40.467817+00:00,0.0,False,,279.97660816666667,True,,,,,,,,,,,,47.5,,False,,,,,,NOT QUALIFIER,
board_snapshot,2026-09-25 18:01:39.913187+00:00,2026.6,31e56b010c97f2b28e355236952dac28e3fa11e1c2a9f9e9a9937d4e3f876c98,schedule,"17 13 * * 4,5",36170490171,1,3e56c14d10aeeb2af6ff3a9df7c055744cb8a3c9,True,120,4.0,56.0,7.5,56.0,NO PLAY,Model edge is below the 3.5-point lean threshold and 4.0-point production threshold.,,OTHER,GENERAL HGB,2026,4,401858468,2026-09-25 23:00:00+00:00,False,Howard,Rutgers,SHI Stadium,Piscataway,NJ,40.513611,-74.465278,False,57.5,DraftKings,CFBD,2.0,0.5,57.25,0.25,,55.90125645933302,-1.5987435406669834,1.5987435406669834,under,67.0,46.0,47.0,16.110907288,29.920256392,10.0,0.0,0.0,No meaningful precipitation signal,ok,PHI,Big Ten,MEAC,fbs,fcs,False,3,outputs/prospective/2026/snapshots/board_20260925T180139Z_run36170490171_a1_66ba0bf4eab2.csv,66ba0bf4eab29fb6f9d28eb7cb9f4142255020cb6c45ca211ed127c48abb5aac,LIVE,False,2026-09-25T17:59:17.122296+00:00,0.0,False,,298.3347802166667,True,,,,,,,,,,,,57.5,,False,,,,,,NOT QUALIFIER,
board_snapshot,2026-09-25 18:01:39.913187+00:00,2026.6,31e56b010c97f2b28e355236952dac28e3fa11e1c2a9f9e9a9937d4e3f876c98,schedule,"17 13 * * 4,5",36170490171,1,3e56c14d10aeeb2af6ff3a9df7c055744cb8a3c9,True,120,4.0,56.0,7.5,56.0,NO PLAY,Model edge is below the 3.5-point lean threshold and 4.0-point production threshold.,,FBS,GENERAL HGB,2026,4,401862778,2026-09-25 23:00:00+00:00,False,Navy,UAB,Protective Stadium,Birmingham,AL,33.5206824,-86.8024326,False,51.5,DraftKings,CFBD,2.0,0.5,51.25,0.25,,53.009480597323744,1.5094805973237435,1.5094805973237435,over,76.0,65.0,68.0,4.603116368,9.206232736,0.0,0.0,0.0,No meaningful precipitation signal,ok,BMX,American Athletic,American Athletic,fbs,fbs,True,3,outputs/prospective/2026/snapshots/board_20260925T180139Z_run36170490171_a1_66ba0bf4eab2.csv,66ba0bf4eab29fb6f9d28eb7cb9f4142255020cb6c45ca211ed127c48abb5aac,LIVE,False,2026-09-25T17:59:17.122296+00:00,0.0,False,,298.3347802166667,True,,,,,,,,,,,,51.5,,False,,,,,,NOT QUALIFIER,
board_snapshot,2026-09-25 18:01:39.913187+00:00,2026.6,31e56b010c97f2b28e355236952dac28e3fa11e1c2a9f9e9a9937d4e3f876c98,schedule,"17 13 * * 4,5",36170490171,1,3e56c14d10aeeb2af6ff3a9df7c055744cb8a3c9,True,120,4.0,56.0,7.5,56.0,NO PLAY,FCS-only model does not meet the conservative under-edge screen.,FCS-only HGB,FCS,FCS-only HGB,2026,4,401867806,2026-09-25 23:00:00+00:00,False,Harvard,Brown,Brown Stadium,Providence,RI,41.842114,-71.3939416,False,42.5,DraftKings,CFBD,1.0,0.0,42.5,0.0,,43.995383274106175,1.495383274106173,1.495383274106173,over,62.0,50.0,65.0,19.563244564,36.824930944,45.0,0.01,0.0,Low precipitation chance,ok,BOX,Ivy,Ivy,fcs,fcs,False,3,outputs/prospective/2026/snapshots/board_20260925T180139Z_run36170490171_a1_66ba0bf4eab2.csv,66ba0bf4eab29fb6f9d28eb7cb9f4142255020cb6c45ca211ed127c48abb5aac,LIVE,False,2026-09-25T17:59:17.122296+00:00,0.0,False,,298.3347802166667,True,,,,,,,,,,,,42.5,,False,,,,,,NOT QUALIFIER,
board_snapshot,2026-09-25 18:01:39.913187+00:00,2026.6,31e56b010c97f2b28e355236952dac28e3fa11e1c2a9f9e9a9937d4e3f876c98,schedule,"17 13 * * 4,5",36170490171,1,3e56c14d10aeeb2af6ff3a9df7c055744cb8a3c9,True,120,4.0,56.0,7.5,56.0,NO PLAY,Model edge is below the 3.5-point lean threshold and 4.0-point production threshold.,,FBS,GENERAL HGB,2026,4,401858461,2026-09-26 00:00:00+00:00,False,Northwestern,Indiana,"Memorial Stadium (Bloomington, IN)",Bloomington,IN,39.1808959,-86.5256217,False,49.5,DraftKings,CFBD,2.0,0.5,49.75,-0.25,,49.964474656632,0.4644746566320021,0.4644746566320021,over,67.0,48.0,50.0,4.603116368,9.206232736,2.0,0.0,0.0,No meaningful precipitation signal,ok,IND,Big Ten,Big Ten,fbs,fbs,True,3,outputs/prospective/2026/snapshots/board_20260925T180139Z_run36170490171_a1_66ba0bf4eab2.csv,66ba0bf4eab29fb6f9d28eb7cb9f4142255020cb6c45ca211ed127c48abb5aac,LIVE,False,2026-09-25T17:59:17.122296+00:00,0.0,False,,358.3347802166667,True,,,,,,,,,,,,49.5,,False,,,,,,NOT QUALIFIER,
board_snapshot,2026-09-25 18:01:39.913187+00:00,2026.6,31e56b010c97f2b28e355236952dac28e3fa11e1c2a9f9e9a9937d4e3f876c98,schedule,"17 13 * * 4,5",36170490171,1,3e56c14d10aeeb2af6ff3a9df7c055744cb8a3c9,True,120,4.0,56.0,7.5,56.0,NO PLAY,Model edge is below the 3.5-point lean threshold and 4.0-point production threshold.,,FBS,GENERAL HGB,2026,4,401858234,2026-09-26 02:30:00+00:00,False,Clemson,California,California Memorial Stadium,Berkeley,CA,37.8710434,-122.2507729,False,51.5,DraftKings,CFBD,2.0,0.5,51.25,0.25,,52.682802354020666,1.1828023540206651,1.1828023540206651,over,63.0,53.0,70.0,2.301558184,6.904674552,0.0,0.0,0.0,No meaningful precipitation signal,ok,MTR,ACC,ACC,fbs,fbs,True,3,outputs/prospective/2026/snapshots/board_20260925T180139Z_run36170490171_a1_66ba0bf4eab2.csv,66ba0bf4eab29fb6f9d28eb7cb9f4142255020cb6c45ca211ed127c48abb5aac,LIVE,False,2026-09-25T17:59:17.122296+00:00,0.0,False,,508.3347802166667,True,,,,,,,,,,,,51.5,,False,,,,,,NOT QUALIFIER,
board_snapshot,2026-09-25 18:01:39.913187+00:00,2026.6,31e56b010c97f2b28e355236952dac28e3fa11e1c2a9f9e9a9937d4e3f876c98,schedule,"17 13 * * 4,5",36170490171,1,3e56c14d10aeeb2af6ff3a9df7c055744cb8a3c9,True,120,4.0,56.0,7.5,56.0,NO PLAY,Model edge is below the 3.5-point lean threshold and 4.0-point production threshold.,,FBS,GENERAL HGB,2026,4,401856704,2026-09-26 16:00:00+00:00,False,Texas,Tennessee,Neyland Stadium,Knoxville,TN,35.9550131,-83.9250128,False,54.5,DraftKings,CFBD,2.0,0.5,54.75,-0.25,,57.05771309055302,2.55771309055302,2.55771309055302,over,66.0,53.0,63.0,3.452337276,8.055453644,0.0,0.0,0.0,No meaningful precipitation signal,ok,MRX,SEC,SEC,fbs,fbs,True,3,outputs/prospective/2026/snapshots/board_20260925T180139Z_run36170490171_a1_66ba0bf4eab2.csv,66ba0bf4eab29fb6f9d28eb7cb9f4142255020cb6c45ca211ed127c48abb5aac,LIVE,False,2026-09-25T17:59:17.122296+00:00,0.0,False,,1318.3347802166668,True,,,,,,,,,,,,54.5,,False,,,,,,NOT QUALIFIER,
board_snapshot,2026-09-25 18:01:39.913187+00:00,2026.6,31e56b010c97f2b28e355236952dac28e3fa11e1c2a9f9e9a9937d4e3f876c98,schedule,"17 13 * * 4,5",36170490171,1,3e56c14d10aeeb2af6ff3a9df7c055744cb8a3c9,True,120,4.0,56.0,7.5,56.0,NO PLAY,Model edge is below the 3.5-point lean threshold and 4.0-point production threshold.,,FBS,GENERAL HGB,2026,4,401856805,2026-09-26 16:00:00+00:00,False,Sam Houston,Texas Tech,Jones AT&T Stadium,Lubbock,TX,33.5910518,-101.8728824,False,55.5,DraftKings,CFBD,2.0,0.5,55.75,-0.25,,56.51142958595901,1.0114295859590057,1.0114295859590057,over,75.0,65.0,71.0,10.357011828,16.110907288,0.0,0.0,0.0,No meaningful precipitation signal,ok,LUB,Big 12,Conference USA,fbs,fbs,True,3,outputs/prospective/2026/snapshots/board_20260925T180139Z_run36170490171_a1_66ba0bf4eab2.csv,66ba0bf4eab29fb6f9d28eb7cb9f4142255020cb6c45ca211ed127c48abb5aac,LIVE,False,2026-09-25T17:59:17.122296+00:00,0.0,False,,1318.3347802166668,True,,,,,,,,,,,,55.5,,False,,,,,,NOT QUALIFIER,
board_snapshot,2026-09-25 18:01:39.913187+00:00,2026.6,31e56b010c97f2b28e355236952dac28e3fa11e1c2a9f9e9a9937d4e3f876c98,schedule,"17 13 * * 4,5",36170490171,1,3e56c14d10aeeb2af6ff3a9df7c055744cb8a3c9,True,120,4.0,56.0,7.5,56.0,NO PLAY,Model edge is below the 3.5-point lean threshold and 4.0-point production threshold.,,FBS,GENERAL HGB,2026,4,401856813,2026-09-26 16:00:00+00:00,False,Colorado,Baylor,McLane Stadium,Waco,TX,31.5582015,-97.1156702,False,55.5,DraftKings,CFBD,2.0,0.0,55.5,0.0,,56.39314248930126,0.8931424893012598,0.8931424893012598,over,86.0,68.0,56.0,4.603116368,8.055453644,1.0,0.0,0.0,No meaningful precipitation signal,ok,FWD,Big 12,Big 12,fbs,fbs,True,3,outputs/prospective/2026/snapshots/board_20260925T180139Z_run36170490171_a1_66ba0bf4eab2.csv,66ba0bf4eab29fb6f9d28eb7cb9f4142255020cb6c45ca211ed127c48abb5aac,LIVE,False,2026-09-25T17:59:17.122296+00:00,0.0,False,,1318.3347802166668,True,,,,,,,,,,,,55.5,,False,,,,,,NOT QUALIFIER,
board_snapshot,2026-09-25 18:01:39.913187+00:00,2026.6,31e56b010c97f2b28e355236952dac28e3fa11e1c2a9f9e9a9937d4e3f876c98,schedule,"17 13 * * 4,5",36170490171,1,3e56c14d10aeeb2af6ff3a9df7c055744cb8a3c9,True,120,4.0,56.0,7.5,56.0,NO PLAY,Model edge is below the 3.5-point lean threshold and 4.0-point production threshold.,,OTHER,GENERAL HGB,2026,4,401858236,2026-09-26 16:00:00+00:00,False,Bucknell,Pittsburgh,Acrisure Stadium,Pittsburgh,PA,40.4467648,-80.0157603,False,63.5,DraftKings,CFBD,1.0,0.0,63.5,0.0,,63.90651303885141,0.4065130388514094,0.4065130388514094,over,65.0,54.0,67.0,8.055453644,13.809349104,0.0,0.0,0.0,No meaningful precipitation signal,ok,PBZ,ACC,Patriot,fbs,fcs,False,3,outputs/prospective/2026/snapshots/board_20260925T180139Z_run36170490171_a1_66ba0bf4eab2.csv,66ba0bf4eab29fb6f9d28eb7cb9f4142255020cb6c45ca211ed127c48abb5aac,LIVE,False,2026-09-25T17:59:17.122296+00:00,0.0,False,,1318.3347802166668,True,,,,,,,,,,,,63.5,,False,,,,,,NOT QUALIFIER,
board_snapshot,2026-09-25 18:01:39.913187+00:00,2026.6,31e56b010c97f2b28e355236952dac28e3fa11e1c2a9f9e9a9937d4e3f876c98,schedule,"17 13 * * 4,5",36170490171,1,3e56c14d10aeeb2af6ff3a9df7c055744cb8a3c9,True,120,4.0,56.0,7.5,56.0,NO PLAY,Model edge is below the 3.5-point lean threshold and 4.0-point production threshold.,,FBS,GENERAL HGB,2026,4,401858242,2026-09-26 16:00:00+00:00,False,Virginia Tech,Boston College,"Alumni Stadium (Chestnut Hill, MA)",Chestnut Hill,MA,42.335104,-71.1664413,False,47.5,DraftKings,CFBD,2.0,0.5,47.25,0.25,,47.40792520379696,-0.0920747962030338,0.0920747962030338,under,56.0,52.0,86.0,24.166360932000003,48.33272186400001,74.0,0.1,0.0,Measurable precipitation forecast,ok,BOX,ACC,ACC,fbs,fbs,True,3,outputs/prospective/2026/snapshots/board_20260925T180139Z_run36170490171_a1_66ba0bf4eab2.csv,66ba0bf4eab29fb6f9d28eb7cb9f4142255020cb6c45ca211ed127c48abb5aac,LIVE,False,2026-09-25T17:59:17.122296+00:00,0.0,False,,1318.3347802166668,True,,,,,,,,,,,,47.5,,False,,,,,,NOT QUALIFIER,
board_snapshot,2026-09-25 18:01:39.913187+00:00,2026.6,31e56b010c97f2b28e355236952dac28e3fa11e1c2a9f9e9a9937d4e3f876c98,schedule,"17 13 * * 4,5",36170490171,1,3e56c14d10aeeb2af6ff3a9df7c055744cb8a3c9,True,120,4.0,56.0,7.5,56.0,NO PLAY,Model edge is below the 3.5-point lean threshold and 4.0-point production threshold.,,FBS,GENERAL HGB,2026,4,401858243,2026-09-26 16:00:00+00:00,False,Wake Forest,Louisville,L&N Federal Credit Union Stadium,Louisville,KY,38.2057621,-85.7588141,False,57.5,DraftKings,CFBD,2.0,0.5,57.25,0.25,,55.93612412137099,-1.5638758786290108,1.5638758786290108,under,65.0,46.0,50.0,5.75389546,9.206232736,0.0,0.0,0.0,No meaningful precipitation signal,ok,LMK,ACC,ACC,fbs,fbs,True,3,outputs/prospective/2026/snapshots/board_20260925T180139Z_run36170490171_a1_66ba0bf4eab2.csv,66ba0bf4eab29fb6f9d28eb7cb9f4142255020cb6c45ca211ed127c48abb5aac,LIVE,False,2026-09-25T17:59:17.122296+00:00,0.0,False,,1318.3347802166668,True,,,,,,,,,,,,57.5,,False,,,,,,NOT QUALIFIER,
board_snapshot,2026-09-25 18:01:39.913187+00:00,2026.6,31e56b010c97f2b28e355236952dac28e3fa11e1c2a9f9e9a9937d4e3f876c98,schedule,"17 13 * * 4,5",36170490171,1,3e56c14d10aeeb2af6ff3a9df7c055744cb8a3c9,True,120,4.0,56.0,7.5,56.0,NO PLAY,Model edge is below the 3.5-point lean threshold and 4.0-point production threshold.,,FBS,GENERAL HGB,2026,4,401858465,2026-09-26 16:00:00+00:00,False,Illinois,Ohio State,Ohio Stadium,Columbus,OH,40.0016447,-83.0197266,False,53.5,DraftKings,CFBD,2.0,0.5,53.75,-0.25,,54.2311756636386,0.7311756636386022,0.7311756636386022,over,64.0,55.0,73.0,6.904674552,12.658570012,0.0,0.0,0.0,No meaningful precipitation signal,ok,ILN,Big Ten,Big Ten,fbs,fbs,True,3,outputs/prospective/2026/snapshots/board_20260925T180139Z_run36170490171_a1_66ba0bf4eab2.csv,66ba0bf4eab29fb6f9d28eb7cb9f4142255020cb6c45ca211ed127c48abb5aac,LIVE,False,2026-09-25T17:59:17.122296+00:00,0.0,False,,1318.3347802166668,True,,,,,,,,,,,,53.5,,False,,,,,,NOT QUALIFIER,
board_snapshot,2026-09-25 18:01:39.913187+00:00,2026.6,31e56b010c97f2b28e355236952dac28e3fa11e1c2a9f9e9a9937d4e3f876c98,schedule,"17 13 * * 4,5",36170490171,1,3e56c14d10aeeb2af6ff3a9df7c055744cb8a3c9,True,120,4.0,56.0,7.5,56.0,NO PLAY,Model edge is below the 3.5-point lean threshold and 4.0-point production threshold.,,FBS,GENERAL HGB,2026,4,401860893,2026-09-26 16:00:00+00:00,False,San Diego State,Toledo,Glass Bowl,Toledo,OH,41.6574777,-83.6135652,False,51.5,DraftKings,CFBD,2.0,0.0,51.5,0.0,,50.47640313843696,-1.0235968615630344,1.0235968615630344,under,63.0,50.0,62.0,5.75389546,11.50779092,0.0,0.0,0.0,No meaningful precipitation signal,ok,CLE,Mid-American,Pac-12,fbs,fbs,True,3,outputs/prospective/2026/snapshots/board_20260925T180139Z_run36170490171_a1_66ba0bf4eab2.csv,66ba0bf4eab29fb6f9d28eb7cb9f4142255020cb6c45ca211ed127c48abb5aac,LIVE,False,2026-09-25T17:59:17.122296+00:00,0.0,False,,1318.3347802166668,True,,,,,,,,,,,,51.5,,False,,,,,,NOT QUALIFIER,
board_snapshot,2026-09-25 18:01:39.913187+00:00,2026.6,31e56b010c97f2b28e355236952dac28e3fa11e1c2a9f9e9a9937d4e3f876c98,schedule,"17 13 * * 4,5",36170490171,1,3e56c14d10aeeb2af6ff3a9df7c055744cb8a3c9,True,120,4.0,56.0,7.5,56.0,NO PLAY,Model edge is below the 3.5-point lean threshold and 4.0-point production threshold.,,FBS,GENERAL HGB,2026,4,401860896,2026-09-26 16:00:00+00:00,False,Colorado State,UTSA,Alamodome,San Antonio,TX,29.4169834,-98.4788143,True,56.5,DraftKings,CFBD,2.0,0.0,56.5,0.0,,57.14983139514184,0.649831395141841,0.649831395141841,over,,,,,,,,,Indoor/dome game,indoor,,American Athletic,Pac-12,fbs,fbs,True,3,outputs/prospective/2026/snapshots/board_20260925T180139Z_run36170490171_a1_66ba0bf4eab2.csv,66ba0bf4eab29fb6f9d28eb7cb9f4142255020cb6c45ca211ed127c48abb5aac,LIVE,False,2026-09-25T17:59:17.122296+00:00,0.0,False,,1318.3347802166668,True,,,,,,,,,,,,56.5,,False,,,,,,NOT QUALIFIER,
board_snapshot,2026-09-25 18:01:39.913187+00:00,2026.6,31e56b010c97f2b28e355236952dac28e3fa11e1c2a9f9e9a9937d4e3f876c98,schedule,"17 13 * * 4,5",36170490171,1,3e56c14d10aeeb2af6ff3a9df7c055744cb8a3c9,True,120,4.0,56.0,7.5,56.0,NO PLAY,Model edge is below the 3.5-point lean threshold and 4.0-point production threshold.,,FBS,GENERAL HGB,2026,4,401864512,2026-09-26 16:00:00+00:00,False,UNLV,Akron,InfoCision Stadium,Akron,OH,41.0725534,-81.5083408,False,52.5,DraftKings,CFBD,2.0,0.5,52.75,-0.25,,55.2750641174621,2.775064117462101,2.775064117462101,over,64.0,53.0,65.0,8.055453644,14.960128196,0.0,0.0,0.0,No meaningful precipitation signal,ok,CLE,Mid-American,Mountain West,fbs,fbs,True,3,outputs/prospective/2026/snapshots/board_20260925T180139Z_run36170490171_a1_66ba0bf4eab2.csv,66ba0bf4eab29fb6f9d28eb7cb9f4142255020cb6c45ca211ed127c48abb5aac,LIVE,False,2026-09-25T17:59:17.122296+00:00,0.0,False,,1318.3347802166668,True,,,,,,,,,,,,52.5,,False,,,,,,NOT QUALIFIER,
board_snapshot,2026-09-25 18:01:39.913187+00:00,2026.6,31e56b010c97f2b28e355236952dac28e3fa11e1c2a9f9e9a9937d4e3f876c98,schedule,"17 13 * * 4,5",36170490171,1,3e56c14d10aeeb2af6ff3a9df7c055744cb8a3c9,True,120,4.0,56.0,7.5,56.0,NO PLAY,Model edge is below the 3.5-point lean threshold and 4.0-point production threshold.,,FBS,GENERAL HGB,2026,4,401866425,2026-09-26 16:00:00+00:00,False,Ball State,Kent State,Dix Stadium,Kent,OH,41.1390935,-81.31346,False,50.5,DraftKings,CFBD,2.0,0.5,50.75,-0.25,,52.20890124297805,1.7089012429780426,1.7089012429780426,over,66.0,53.0,64.0,8.055453644,14.960128196,0.0,0.0,0.0,No meaningful precipitation signal,ok,CLE,Mid-American,Mid-American,fbs,fbs,True,3,outputs/prospective/2026/snapshots/board_20260925T180139Z_run36170490171_a1_66ba0bf4eab2.csv,66ba0bf4eab29fb6f9d28eb7cb9f4142255020cb6c45ca211ed127c48abb5aac,LIVE,False,2026-09-25T17:59:17.122296+00:00,0.0,False,,1318.3347802166668,True,,,,,,,,,,,,50.5,,False,,,,,,NOT QUALIFIER,
board_snapshot,2026-09-25 18:01:39.913187+00:00,2026.6,31e56b010c97f2b28e355236952dac28e3fa11e1c2a9f9e9a9937d4e3f876c98,schedule,"17 13 * * 4,5",36170490171,1,3e56c14d10aeeb2af6ff3a9df7c055744cb8a3c9,True,120,4.0,56.0,7.5,56.0,NO PLAY,FCS-only model does not meet the conservative under-edge screen.,FCS-only HGB,FCS,FCS-only HGB,2026,4,401866642,2026-09-26 16:00:00+00:00,False,New Hampshire,Sacred Heart,Campus Field,Fairfield,CT,41.2212488,-73.2417431,False,45.5,DraftKings,CFBD,1.0,0.0,45.5,0.0,,48.79290174807319,3.292901748073193,3.292901748073193,over,59.0,55.0,87.0,23.01558184,42.578826404,73.0,0.1699999999999999,0.0,Measurable precipitation forecast,ok,OKX,Coastal Athletic,Coastal Athletic,fcs,fcs,False,3,outputs/prospective/2026/snapshots/board_20260925T180139Z_run36170490171_a1_66ba0bf4eab2.csv,66ba0bf4eab29fb6f9d28eb7cb9f4142255020cb6c45ca211ed127c48abb5aac,LIVE,False,2026-09-25T17:59:17.122296+00:00,0.0,False,,1318.3347802166668,True,,,,,,,,,,,,45.5,,False,,,,,,NOT QUALIFIER,
board_snapshot,2026-09-25 18:01:39.913187+00:00,2026.6,31e56b010c97f2b28e355236952dac28e3fa11e1c2a9f9e9a9937d4e3f876c98,schedule,"17 13 * * 4,5",36170490171,1,3e56c14d10aeeb2af6ff3a9df7c055744cb8a3c9,True,120,4.0,56.0,7.5,56.0,NO PLAY,FCS-only model does not meet the conservative under-edge screen.,FCS-only HGB,FCS,FCS-only HGB,2026,4,401868263,2026-09-26 16:00:00+00:00,False,Presbyterian,Marist,Leonidoff Field,Poughkeepsie,NY,41.7191409,-73.9329549,False,46.5,DraftKings,CFBD,1.0,0.0,46.5,0.0,,51.40440459975272,4.904404599752723,4.904404599752723,over,61.0,55.0,81.0,16.110907288,34.52337276,66.0,0.1699999999999999,0.0,Measurable precipitation forecast,ok,ALY,Pioneer,Pioneer,fcs,fcs,False,3,outputs/prospective/2026/snapshots/board_20260925T180139Z_run36170490171_a1_66ba0bf4eab2.csv,66ba0bf4eab29fb6f9d28eb7cb9f4142255020cb6c45ca211ed127c48abb5aac,LIVE,False,2026-09-25T17:59:17.122296+00:00,0.0,False,,1318.3347802166668,True,,,,,,,,,,,,46.5,,False,,,,,,NOT QUALIFIER,
board_snapshot,2026-09-25 18:01:39.913187+00:00,2026.6,31e56b010c97f2b28e355236952dac28e3fa11e1c2a9f9e9a9937d4e3f876c98,schedule,"17 13 * * 4,5",36170490171,1,3e56c14d10aeeb2af6ff3a9df7c055744cb8a3c9,True,120,4.0,56.0,7.5,56.0,NO LINE,No current market total is available.,,OTHER,GENERAL HGB,2026,4,401870839,2026-09-26 16:00:00+00:00,False,University of Rio Grande,Duquesne,Arthur J. Rooney Athletic Field,Pittsburgh,PA,40.4355808,-79.9900263,False,,missing,,,,,,,,,,over,,,,,,,,,,,,NEC,missing,fcs,,False,4,outputs/prospective/2026/snapshots/board_20260925T180139Z_run36170490171_a1_66ba0bf4eab2.csv,66ba0bf4eab29fb6f9d28eb7cb9f4142255020cb6c45ca211ed127c48abb5aac,NO LINE,False,,,False,,1318.3347802166668,True,,,,,,,,,,,,,,False,,,,,,NOT QUALIFIER,
board_snapshot,2026-09-25 18:01:39.913187+00:00,2026.6,31e56b010c97f2b28e355236952dac28e3fa11e1c2a9f9e9a9937d4e3f876c98,schedule,"17 13 * * 4,5",36170490171,1,3e56c14d10aeeb2af6ff3a9df7c055744cb8a3c9,True,120,4.0,56.0,7.5,56.0,NO PLAY,FCS-only model does not meet the conservative under-edge screen.,FCS-only HGB,FCS,FCS-only HGB,2026,4,401867818,2026-09-26 16:30:00+00:00,False,Columbia,Georgetown,Cooper Field,Washington,DC,38.9080248,-77.0753144,False,51.5,DraftKings,CFBD,1.0,0.0,51.5,0.0,,55.63878519802914,4.138785198029141,4.138785198029141,over,66.0,51.0,58.0,18.412465472,25.317140024,23.0,0.04,0.0,Measurable precipitation forecast,ok,LWX,Patriot,Ivy,fcs,fcs,False,3,outputs/prospective/2026/snapshots/board_20260925T180139Z_run36170490171_a1_66ba0bf4eab2.csv,66ba0bf4eab29fb6f9d28eb7cb9f4142255020cb6c45ca211ed127c48abb5aac,LIVE,False,2026-09-25T17:59:17.122296+00:00,0.0,False,,1348.3347802166668,True,,,,,,,,,,,,51.5,,False,,,,,,NOT QUALIFIER,
board_snapshot,2026-09-25 18:01:39.913187+00:00,2026.6,31e56b010c97f2b28e355236952dac28e3fa11e1c2a9f9e9a9937d4e3f876c98,schedule,"17 13 * * 4,5",36170490171,1,3e56c14d10aeeb2af6ff3a9df7c055744cb8a3c9,True,120,4.0,56.0,7.5,56.0,NO PLAY,FCS-only model does not meet the conservative under-edge screen.,FCS-only HGB,FCS,FCS-only HGB,2026,4,401868024,2026-09-26 16:30:00+00:00,False,Holy Cross,Lafayette,Fisher Field,Easton,PA,40.7009796,-75.2106499,False,50.5,DraftKings,CFBD,1.0,0.0,50.5,0.0,,54.52645015447739,4.026450154477386,4.026450154477386,over,63.0,54.0,72.0,19.563244564,32.221814576,64.0,0.13,0.0,Measurable precipitation forecast,ok,PHI,Patriot,Patriot,fcs,fcs,False,3,outputs/prospective/2026/snapshots/board_20260925T180139Z_run36170490171_a1_66ba0bf4eab2.csv,66ba0bf4eab29fb6f9d28eb7cb9f4142255020cb6c45ca211ed127c48abb5aac,LIVE,False,2026-09-25T17:59:17.122296+00:00,0.0,False,,1348.3347802166668,True,,,,,,,,,,,,50.5,,False,,,,,,NOT QUALIFIER,
board_snapshot,2026-09-25 18:01:39.913187+00:00,2026.6,31e56b010c97f2b28e355236952dac28e3fa11e1c2a9f9e9a9937d4e3f876c98,schedule,"17 13 * * 4,5",36170490171,1,3e56c14d10aeeb2af6ff3a9df7c055744cb8a3c9,True,120,4.0,56.0,7.5,56.0,NO PLAY,Model edge is below the 3.5-point lean threshold and 4.0-point production threshold.,,FBS,GENERAL HGB,2026,4,401864576,2026-09-26 16:45:00+00:00,False,South Alabama,Kentucky,Kroger Field,Lexington,KY,38.0220905,-84.5053408,False,54.5,DraftKings,CFBD,2.0,0.0,54.5,0.0,,54.96491428030552,0.4649142803055157,0.4649142803055157,over,63.0,46.0,54.0,5.75389546,11.50779092,0.0,0.0,0.0,No meaningful precipitation signal,ok,LMK,SEC,Sun Belt,fbs,fbs,True,3,outputs/prospective/2026/snapshots/board_20260925T180139Z_run36170490171_a1_66ba0bf4eab2.csv,66ba0bf4eab29fb6f9d28eb7cb9f4142255020cb6c45ca211ed127c48abb5aac,LIVE,False,2026-09-25T17:59:17.122296+00:00,0.0,False,,1363.3347802166668,True,,,,,,,,,,,,54.5,,False,,,,,,NOT QUALIFIER,
board_snapshot,2026-09-25 18:01:39.913187+00:00,2026.6,31e56b010c97f2b28e355236952dac28e3fa11e1c2a9f9e9a9937d4e3f876c98,schedule,"17 13 * * 4,5",36170490171,1,3e56c14d10aeeb2af6ff3a9df7c055744cb8a3c9,True,120,4.0,56.0,7.5,56.0,NO PLAY,Model edge is below the 3.5-point lean threshold and 4.0-point production threshold.,,OTHER,GENERAL HGB,2026,4,401866427,2026-09-26 17:00:00+00:00,False,Lindenwood,Eastern Michigan,Rynearson Stadium,Ypsilanti,MI,42.256126,-83.647285,False,50.5,DraftKings,CFBD,1.0,0.0,50.5,0.0,,49.95126465450981,-0.5487353454901851,0.5487353454901851,under,66.0,51.0,58.0,5.75389546,11.50779092,0.0,0.0,0.0,No meaningful precipitation signal,ok,DTX,Mid-American,OVC,fbs,fcs,False,3,outputs/prospective/2026/snapshots/board_20260925T180139Z_run36170490171_a1_66ba0bf4eab2.csv,66ba0bf4eab29fb6f9d28eb7cb9f4142255020cb6c45ca211ed127c48abb5aac,LIVE,False,2026-09-25T17:59:17.122296+00:00,0.0,False,,1378.3347802166668,True,,,,,,,,,,,,50.5,,False,,,,,,NOT QUALIFIER,
board_snapshot,2026-09-25 18:01:39.913187+00:00,2026.6,31e56b010c97f2b28e355236952dac28e3fa11e1c2a9f9e9a9937d4e3f876c98,schedule,"17 13 * * 4,5",36170490171,1,3e56c14d10aeeb2af6ff3a9df7c055744cb8a3c9,True,120,4.0,56.0,7.5,56.0,NO PLAY,FCS-only model points over; the FCS research track has not validated an over production strategy.,5.0+ model edge; FCS-only HGB,FCS,FCS-only HGB,2026,4,401866647,2026-09-26 17:00:00+00:00,False,Monmouth,Dartmouth,Memorial Field,Hanover,NH,43.701302,-72.2842781,False,53.5,DraftKings,CFBD,1.0,0.0,53.5,0.0,,63.91860602197751,10.418606021977508,10.418606021977508,over,62.0,50.0,65.0,5.75389546,16.110907288,35.0,0.05,0.0,Measurable precipitation forecast,ok,GYX,Ivy,Coastal Athletic,fcs,fcs,False,3,outputs/prospective/2026/snapshots/board_20260925T180139Z_run36170490171_a1_66ba0bf4eab2.csv,66ba0bf4eab29fb6f9d28eb7cb9f4142255020cb6c45ca211ed127c48abb5aac,LIVE,False,2026-09-25T17:59:17.122296+00:00,0.0,False,,1378.3347802166668,True,,,,,,,,,,,,53.5,,False,,,,,,NOT QUALIFIER,
board_snapshot,2026-09-25 18:01:39.913187+00:00,2026.6,31e56b010c97f2b28e355236952dac28e3fa11e1c2a9f9e9a9937d4e3f876c98,schedule,"17 13 * * 4,5",36170490171,1,3e56c14d10aeeb2af6ff3a9df7c055744cb8a3c9,True,120,4.0,56.0,7.5,56.0,NO PLAY,FCS-only model does not meet the conservative under-edge screen.,FCS-only HGB; FCS 56+ total,FCS,FCS-only HGB,2026,4,401866648,2026-09-26 17:00:00+00:00,False,Stony Brook,Fordham,Jack Coffey Field,Bronx,NY,40.8466508,-73.8785937,False,56.5,DraftKings,CFBD,1.0,0.0,56.5,0.0,,60.00711403237223,3.5071140323722325,3.5071140323722325,over,62.0,54.0,75.0,21.864802748,44.880384588,85.0,0.27,0.0,Measurable precipitation forecast,ok,OKX,Patriot,Coastal Athletic,fcs,fcs,False,3,outputs/prospective/2026/snapshots/board_20260925T180139Z_run36170490171_a1_66ba0bf4eab2.csv,66ba0bf4eab29fb6f9d28eb7cb9f4142255020cb6c45ca211ed127c48abb5aac,LIVE,False,2026-09-25T17:59:17.122296+00:00,0.0,False,,1378.3347802166668,True,,,,,,,,,,,,56.5,,False,,,,,,NOT QUALIFIER,
board_snapshot,2026-09-25 18:01:39.913187+00:00,2026.6,31e56b010c97f2b28e355236952dac28e3fa11e1c2a9f9e9a9937d4e3f876c98,schedule,"17 13 * * 4,5",36170490171,1,3e56c14d10aeeb2af6ff3a9df7c055744cb8a3c9,True,120,4.0,56.0,7.5,56.0,NO PLAY,FCS-only model does not meet the conservative under-edge screen.,5.0+ model edge; FCS-only HGB,FCS,FCS-only HGB,2026,4,401867827,2026-09-26 17:00:00+00:00,False,Yale,Cornell,Schoellkopf Field,Ithaca,NY,42.4439016,-76.4785398,False,49.5,DraftKings,CFBD,1.0,0.0,49.5,0.0,,43.28316297987583,-6.216837020124178,6.216837020124178,under,65.0,56.0,73.0,10.357011828,21.864802748,0.0,0.0,0.0,No meaningful precipitation signal,ok,BGM,Ivy,Ivy,fcs,fcs,False,3,outputs/prospective/2026/snapshots/board_20260925T180139Z_run36170490171_a1_66ba0bf4eab2.csv,66ba0bf4eab29fb6f9d28eb7cb9f4142255020cb6c45ca211ed127c48abb5aac,LIVE,False,2026-09-25T17:59:17.122296+00:00,0.0,False,,1378.3347802166668,True,,,,,,,,,,,,49.5,,False,,,,,,NOT QUALIFIER,
board_snapshot,2026-09-25 18:01:39.913187+00:00,2026.6,31e56b010c97f2b28e355236952dac28e3fa11e1c2a9f9e9a9937d4e3f876c98,schedule,"17 13 * * 4,5",36170490171,1,3e56c14d10aeeb2af6ff3a9df7c055744cb8a3c9,True,120,4.0,56.0,7.5,56.0,NO PLAY,FCS-only model points over; the FCS research track has not validated an over production strategy.,5.0+ model edge; FCS-only HGB; FCS 56+ total,FCS,FCS-only HGB,2026,4,401867858,2026-09-26 17:00:00+00:00,False,North Dakota,Indiana State,Memorial Stadium,Terre Haute,IN,39.4746858,-87.3669599,False,57.5,DraftKings,CFBD,1.0,0.0,57.5,0.0,,63.77050849319744,6.270508493197443,6.270508493197443,over,67.0,50.0,54.0,3.452337276,6.904674552,0.0,0.0,0.0,No meaningful precipitation signal,ok,IND,MVFC,MVFC,fcs,fcs,False,3,outputs/prospective/2026/snapshots/board_20260925T180139Z_run36170490171_a1_66ba0bf4eab2.csv,66ba0bf4eab29fb6f9d28eb7cb9f4142255020cb6c45ca211ed127c48abb5aac,LIVE,False,2026-09-25T17:59:17.122296+00:00,0.0,False,,1378.3347802166668,True,,,,,,,,,,,,57.5,,False,,,,,,NOT QUALIFIER,
board_snapshot,2026-09-25 18:01:39.913187+00:00,2026.6,31e56b010c97f2b28e355236952dac28e3fa11e1c2a9f9e9a9937d4e3f876c98,schedule,"17 13 * * 4,5",36170490171,1,3e56c14d10aeeb2af6ff3a9df7c055744cb8a3c9,True,120,4.0,56.0,7.5,56.0,NO PLAY,FCS-only model does not meet the conservative under-edge screen.,FCS-only HGB,FCS,FCS-only HGB,2026,4,401868034,2026-09-26 17:00:00+00:00,False,Lehigh,Pennsylvania,Franklin Field,Philadelphia,PA,39.9501475,-75.1901043,False,48.5,DraftKings,CFBD,1.0,0.0,48.5,0.0,,47.61377381069879,-0.8862261893012091,0.8862261893012091,under,63.0,55.0,75.0,20.714023656,40.27726822,78.0,0.36,0.0,Measurable precipitation forecast,ok,PHI,Ivy,Patriot,fcs,fcs,False,3,outputs/prospective/2026/snapshots/board_20260925T180139Z_run36170490171_a1_66ba0bf4eab2.csv,66ba0bf4eab29fb6f9d28eb7cb9f4142255020cb6c45ca211ed127c48abb5aac,LIVE,False,2026-09-25T17:59:17.122296+00:00,0.0,False,,1378.3347802166668,True,,,,,,,,,,,,48.5,,False,,,,,,NOT QUALIFIER,
board_snapshot,2026-09-25 18:01:39.913187+00:00,2026.6,31e56b010c97f2b28e355236952dac28e3fa11e1c2a9f9e9a9937d4e3f876c98,schedule,"17 13 * * 4,5",36170490171,1,3e56c14d10aeeb2af6ff3a9df7c055744cb8a3c9,True,120,4.0,56.0,7.5,56.0,NO PLAY,FCS-only model points over; the FCS research track has not validated an over production strategy.,5.0+ model edge; FCS-only HGB,FCS,FCS-only HGB,2026,4,401868219,2026-09-26 17:00:00+00:00,False,Drake,Davidson,Richardson Stadium,Davidson,NC,35.4995744,-80.8428419,False,53.5,DraftKings,CFBD,1.0,0.0,53.5,0.0,,59.73255910704586,6.23255910704586,6.23255910704586,over,77.0,48.0,36.0,4.603116368,11.50779092,0.0,0.0,0.0,No meaningful precipitation signal,ok,GSP,Pioneer,Pioneer,fcs,fcs,False,3,outputs/prospective/2026/snapshots/board_20260925T180139Z_run36170490171_a1_66ba0bf4eab2.csv,66ba0bf4eab29fb6f9d28eb7cb9f4142255020cb6c45ca211ed127c48abb5aac,LIVE,False,2026-09-25T17:59:17.122296+00:00,0.0,False,,1378.3347802166668,True,,,,,,,,,,,,53.5,,False,,,,,,NOT QUALIFIER,
board_snapshot,2026-09-25 18:01:39.913187+00:00,2026.6,31e56b010c97f2b28e355236952dac28e3fa11e1c2a9f9e9a9937d4e3f876c98,schedule,"17 13 * * 4,5",36170490171,1,3e56c14d10aeeb2af6ff3a9df7c055744cb8a3c9,True,120,4.0,56.0,7.5,56.0,NO PLAY,FCS-only model does not meet the conservative under-edge screen.,FCS-only HGB,FCS,FCS-only HGB,2026,4,401872618,2026-09-26 17:00:00+00:00,False,New Haven,Merrimack,Duane Stadium,North Andover,MA,42.6839894,-71.1127065,False,46.5,DraftKings,CFBD,1.0,0.0,46.5,0.0,,46.66196998322338,0.1619699832233818,0.1619699832233818,over,59.0,51.0,75.0,20.714023656,43.729605496000005,72.0,0.11,0.0,Measurable precipitation forecast,ok,BOX,FCS Independents,NEC,fcs,fcs,False,3,outputs/prospective/2026/snapshots/board_20260925T180139Z_run36170490171_a1_66ba0bf4eab2.csv,66ba0bf4eab29fb6f9d28eb7cb9f4142255020cb6c45ca211ed127c48abb5aac,LIVE,False,2026-09-25T17:59:17.122296+00:00,0.0,False,,1378.3347802166668,True,,,,,,,,,,,,46.5,,False,,,,,,NOT QUALIFIER,
board_snapshot,2026-09-25 18:01:39.913187+00:00,2026.6,31e56b010c97f2b28e355236952dac28e3fa11e1c2a9f9e9a9937d4e3f876c98,schedule,"17 13 * * 4,5",36170490171,1,3e56c14d10aeeb2af6ff3a9df7c055744cb8a3c9,True,120,4.0,56.0,7.5,56.0,NO PLAY,Model edge is below the 3.5-point lean threshold and 4.0-point production threshold.,,FBS,GENERAL HGB,2026,4,401858462,2026-09-26 17:30:00+00:00,False,UCLA,Maryland,SECU Stadium,College Park,MD,38.9903332,-76.9473792,False,56.5,DraftKings,CFBD,2.0,0.0,56.5,0.0,,55.56726838510004,-0.9327316148999648,0.9327316148999648,under,66.0,51.0,58.0,18.412465472,25.317140024,25.0,0.03,0.0,Measurable precipitation forecast,ok,LWX,Big Ten,Big Ten,fbs,fbs,True,3,outputs/prospective/2026/snapshots/board_20260925T180139Z_run36170490171_a1_66ba0bf4eab2.csv,66ba0bf4eab29fb6f9d28eb7cb9f4142255020cb6c45ca211ed127c48abb5aac,LIVE,False,2026-09-25T17:59:17.122296+00:00,0.0,False,,1408.3347802166668,True,,,,,,,,,,,,56.5,,False,,,,,,NOT QUALIFIER,
board_snapshot,2026-09-25 18:01:39.913187+00:00,2026.6,31e56b010c97f2b28e355236952dac28e3fa11e1c2a9f9e9a9937d4e3f876c98,schedule,"17 13 * * 4,5",36170490171,1,3e56c14d10aeeb2af6ff3a9df7c055744cb8a3c9,True,120,4.0,56.0,7.5,56.0,NO PLAY,FCS-only model does not meet the conservative under-edge screen.,FCS-only HGB,FCS,FCS-only HGB,2026,4,401868390,2026-09-26 17:30:00+00:00,False,Tennessee Tech,Wofford,Gibbs Stadium,Spartanburg,SC,34.9618606,-81.9328915,False,45.5,DraftKings,CFBD,1.0,0.0,45.5,0.0,,41.74995416712611,-3.7500458328738873,3.7500458328738873,under,74.0,50.0,42.0,2.301558184,6.904674552,0.0,0.0,0.0,No meaningful precipitation signal,ok,GSP,Southern,Southern,fcs,fcs,False,3,outputs/prospective/2026/snapshots/board_20260925T180139Z_run36170490171_a1_66ba0bf4eab2.csv,66ba0bf4eab29fb6f9d28eb7cb9f4142255020cb6c45ca211ed127c48abb5aac,LIVE,False,2026-09-25T17:59:17.122296+00:00,0.0,False,,1408.3347802166668,True,,,,,,,,,,,,45.5,,False,,,,,,NOT QUALIFIER,
board_snapshot,2026-09-25 18:01:39.913187+00:00,2026.6,31e56b010c97f2b28e355236952dac28e3fa11e1c2a9f9e9a9937d4e3f876c98,schedule,"17 13 * * 4,5",36170490171,1,3e56c14d10aeeb2af6ff3a9df7c055744cb8a3c9,True,120,4.0,56.0,7.5,56.0,LEAN,"HGB points under by at least 3.5, but the edge is below the 4.0-point production threshold.",,FBS,GENERAL HGB,2026,4,401858467,2026-09-26 18:00:00+00:00,False,Notre Dame,Purdue,Ross-Ade Stadium,West Lafayette,IN,40.4352253,-86.9186843,False,58.5,DraftKings,CFBD,2.0,0.5,58.25,0.25,,54.537970457104734,-3.9620295428952654,3.9620295428952654,under,69.0,47.0,45.0,3.452337276,8.055453644,0.0,0.0,0.0,No meaningful precipitation signal,ok,IND,Big Ten,FBS Independents,fbs,fbs,True,1,outputs/prospective/2026/snapshots/board_20260925T180139Z_run36170490171_a1_66ba0bf4eab2.csv,66ba0bf4eab29fb6f9d28eb7cb9f4142255020cb6c45ca211ed127c48abb5aac,LIVE,False,2026-09-25T17:59:17.122296+00:00,0.0,False,,1438.3347802166668,True,,,,,,,,,,,,58.5,,False,,,,,,NOT QUALIFIER,
board_snapshot,2026-09-25 18:01:39.913187+00:00,2026.6,31e56b010c97f2b28e355236952dac28e3fa11e1c2a9f9e9a9937d4e3f876c98,schedule,"17 13 * * 4,5",36170490171,1,3e56c14d10aeeb2af6ff3a9df7c055744cb8a3c9,True,120,4.0,56.0,7.5,56.0,NO PLAY,Model edge is below the 3.5-point lean threshold and 4.0-point production threshold.,,FBS,GENERAL HGB,2026,4,401864511,2026-09-26 18:00:00+00:00,False,Northern Illinois,Georgia State,Center Parc Stadium,Atlanta,GA,33.735267,-84.389949,False,56.5,DraftKings,CFBD,2.0,0.0,56.5,0.0,,56.82447090962927,0.3244709096292721,0.3244709096292721,over,77.0,52.0,42.0,4.603116368,9.206232736,0.0,0.0,0.0,No meaningful precipitation signal,ok,FFC,Sun Belt,Mountain West,fbs,fbs,True,3,outputs/prospective/2026/snapshots/board_20260925T180139Z_run36170490171_a1_66ba0bf4eab2.csv,66ba0bf4eab29fb6f9d28eb7cb9f4142255020cb6c45ca211ed127c48abb5aac,LIVE,False,2026-09-25T17:59:17.122296+00:00,0.0,False,,1438.3347802166668,True,,,,,,,,,,,,56.5,,False,,,,,,NOT QUALIFIER,
board_snapshot,2026-09-25 18:01:39.913187+00:00,2026.6,31e56b010c97f2b28e355236952dac28e3fa11e1c2a9f9e9a9937d4e3f876c98,schedule,"17 13 * * 4,5",36170490171,1,3e56c14d10aeeb2af6ff3a9df7c055744cb8a3c9,True,120,4.0,56.0,7.5,56.0,NO PLAY,FCS-only model does not meet the conservative under-edge screen.,FCS-only HGB,FCS,FCS-only HGB,2026,4,401866643,2026-09-26 18:00:00+00:00,False,Maine,Elon,Rhodes Stadium,Elon,NC,36.1101269,-79.5079979,False,44.5,DraftKings,CFBD,1.0,0.0,44.5,0.0,,49.41987234567421,4.919872345674208,4.919872345674208,over,74.0,42.0,32.0,10.357011828,17.26168638,0.0,0.0,0.0,No meaningful precipitation signal,ok,RAH,Coastal Athletic,Coastal Athletic,fcs,fcs,False,3,outputs/prospective/2026/snapshots/board_20260925T180139Z_run36170490171_a1_66ba0bf4eab2.csv,66ba0bf4eab29fb6f9d28eb7cb9f4142255020cb6c45ca211ed127c48abb5aac,LIVE,False,2026-09-25T17:59:17.122296+00:00,0.0,False,,1438.3347802166668,True,,,,,,,,,,,,44.5,,False,,,,,,NOT QUALIFIER,
board_snapshot,2026-09-25 18:01:39.913187+00:00,2026.6,31e56b010c97f2b28e355236952dac28e3fa11e1c2a9f9e9a9937d4e3f876c98,schedule,"17 13 * * 4,5",36170490171,1,3e56c14d10aeeb2af6ff3a9df7c055744cb8a3c9,True,120,4.0,56.0,7.5,56.0,NO PLAY,FCS-only model does not meet the conservative under-edge screen.,FCS-only HGB; FCS 56+ total,FCS,FCS-only HGB,2026,4,401867885,2026-09-26 18:00:00+00:00,False,South Dakota,Youngstown State,Stambaugh Stadium,Youngstown,OH,41.1092964,-80.6501885,False,63.5,DraftKings,CFBD,1.0,0.0,63.5,0.0,,63.5439108911194,0.0439108911194004,0.0439108911194004,over,69.0,52.0,55.0,9.206232736,16.110907288,0.0,0.0,0.0,No meaningful precipitation signal,ok,CLE,MVFC,MVFC,fcs,fcs,False,3,outputs/prospective/2026/snapshots/board_20260925T180139Z_run36170490171_a1_66ba0bf4eab2.csv,66ba0bf4eab29fb6f9d28eb7cb9f4142255020cb6c45ca211ed127c48abb5aac,LIVE,False,2026-09-25T17:59:17.122296+00:00,0.0,False,,1438.3347802166668,True,,,,,,,,,,,,63.5,,False,,,,,,NOT QUALIFIER,
board_snapshot,2026-09-25 18:01:39.913187+00:00,2026.6,31e56b010c97f2b28e355236952dac28e3fa11e1c2a9f9e9a9937d4e3f876c98,schedule,"17 13 * * 4,5",36170490171,1,3e56c14d10aeeb2af6ff3a9df7c055744cb8a3c9,True,120,4.0,56.0,7.5,56.0,NO PLAY,FCS-only model does not meet the conservative under-edge screen.,FCS-only HGB,FCS,FCS-only HGB,2026,4,401868037,2026-09-26 18:00:00+00:00,False,Furman,Richmond,E. Claiborne Robins Stadium,Richmond,VA,37.5807765,-77.5372211,False,45.5,DraftKings,CFBD,1.0,0.0,45.5,0.0,,50.15314290572204,4.653142905722041,4.653142905722041,over,72.0,52.0,49.0,16.110907288,27.618698208,17.0,0.02,0.0,Measurable precipitation forecast,ok,AKQ,Patriot,Southern,fcs,fcs,False,3,outputs/prospective/2026/snapshots/board_20260925T180139Z_run36170490171_a1_66ba0bf4eab2.csv,66ba0bf4eab29fb6f9d28eb7cb9f4142255020cb6c45ca211ed127c48abb5aac,LIVE,False,2026-09-25T17:59:17.122296+00:00,0.0,False,,1438.3347802166668,True,,,,,,,,,,,,45.5,,False,,,,,,NOT QUALIFIER,
board_snapshot,2026-09-25 18:01:39.913187+00:00,2026.6,31e56b010c97f2b28e355236952dac28e3fa11e1c2a9f9e9a9937d4e3f876c98,schedule,"17 13 * * 4,5",36170490171,1,3e56c14d10aeeb2af6ff3a9df7c055744cb8a3c9,True,120,4.0,56.0,7.5,56.0,NO PLAY,FCS-only model does not meet the conservative under-edge screen.,FCS-only HGB,FCS,FCS-only HGB,2026,4,401868063,2026-09-26 18:00:00+00:00,False,UT Martin,Austin Peay,Governors Stadium,Clarksville,TN,36.5362559,-87.3525507,False,51.5,DraftKings,CFBD,1.0,0.0,51.5,0.0,,49.42184015233907,-2.078159847660931,2.078159847660931,under,73.0,50.0,44.0,5.75389546,10.357011828,1.0,0.0,0.0,No meaningful precipitation signal,ok,OHX,UAC,OVC,fcs,fcs,False,3,outputs/prospective/2026/snapshots/board_20260925T180139Z_run36170490171_a1_66ba0bf4eab2.csv,66ba0bf4eab29fb6f9d28eb7cb9f4142255020cb6c45ca211ed127c48abb5aac,LIVE,False,2026-09-25T17:59:17.122296+00:00,0.0,False,,1438.3347802166668,True,,,,,,,,,,,,51.5,,False,,,,,,NOT QUALIFIER,
board_snapshot,2026-09-25 18:01:39.913187+00:00,2026.6,31e56b010c97f2b28e355236952dac28e3fa11e1c2a9f9e9a9937d4e3f876c98,schedule,"17 13 * * 4,5",36170490171,1,3e56c14d10aeeb2af6ff3a9df7c055744cb8a3c9,True,120,4.0,56.0,7.5,56.0,NO PLAY,FCS-only model does not meet the conservative under-edge screen.,FCS-only HGB,FCS,FCS-only HGB,2026,4,401868211,2026-09-26 18:00:00+00:00,False,Butler,Valparaiso,Brown Field,Valparaiso,IN,41.465642,-87.0479446,False,52.5,DraftKings,CFBD,1.0,0.0,52.5,0.0,,53.07307714904858,0.5730771490485808,0.5730771490485808,over,68.0,51.0,54.0,3.452337276,5.75389546,0.0,0.0,0.0,No meaningful precipitation signal,ok,LOT,Pioneer,Pioneer,fcs,fcs,False,3,outputs/prospective/2026/snapshots/board_20260925T180139Z_run36170490171_a1_66ba0bf4eab2.csv,66ba0bf4eab29fb6f9d28eb7cb9f4142255020cb6c45ca211ed127c48abb5aac,LIVE,False,2026-09-25T17:59:17.122296+00:00,0.0,False,,1438.3347802166668,True,,,,,,,,,,,,52.5,,False,,,,,,NOT QUALIFIER,
board_snapshot,2026-09-25 18:01:39.913187+00:00,2026.6,31e56b010c97f2b28e355236952dac28e3fa11e1c2a9f9e9a9937d4e3f876c98,schedule,"17 13 * * 4,5",36170490171,1,3e56c14d10aeeb2af6ff3a9df7c055744cb8a3c9,True,120,4.0,56.0,7.5,56.0,NO PLAY,FCS-only model does not meet the conservative under-edge screen.,refinement: total≥58 + wind≥12; FCS-only HGB; FCS 56+ total,FCS,FCS-only HGB,2026,4,401868281,2026-09-26 18:00:00+00:00,False,San Diego,St. Thomas (MN),O'Shaughnessy Stadium,Saint Paul,MN,44.9497487,-93.0931028,False,58.5,DraftKings,CFBD,1.0,0.0,58.5,0.0,,61.316072480212966,2.816072480212968,2.816072480212968,over,63.0,55.0,75.0,12.658570012,23.01558184,49.0,0.08,0.0,Measurable precipitation forecast,ok,MPX,Pioneer,Pioneer,fcs,fcs,False,3,outputs/prospective/2026/snapshots/board_20260925T180139Z_run36170490171_a1_66ba0bf4eab2.csv,66ba0bf4eab29fb6f9d28eb7cb9f4142255020cb6c45ca211ed127c48abb5aac,LIVE,False,2026-09-25T17:59:17.122296+00:00,0.0,False,,1438.3347802166668,True,,,,,,,,,,,,58.5,,False,,,,,,NOT QUALIFIER,
board_snapshot,2026-09-25 18:01:39.913187+00:00,2026.6,31e56b010c97f2b28e355236952dac28e3fa11e1c2a9f9e9a9937d4e3f876c98,schedule,"17 13 * * 4,5",36170490171,1,3e56c14d10aeeb2af6ff3a9df7c055744cb8a3c9,True,120,4.0,56.0,7.5,56.0,NO PLAY,FCS-only model does not meet the conservative under-edge screen.,FCS-only HGB,FCS,FCS-only HGB,2026,4,401868338,2026-09-26 18:00:00+00:00,False,Chattanooga,The Citadel,Johnson Hagood Stadium,Charleston,SC,32.7936975,-79.9558183,False,47.5,DraftKings,CFBD,1.0,0.0,47.5,0.0,,51.91099806652231,4.410998066522314,4.410998066522314,over,77.0,52.0,42.0,8.055453644,13.809349104,0.0,0.0,0.0,No meaningful precipitation signal,ok,CHS,Southern,Southern,fcs,fcs,False,3,outputs/prospective/2026/snapshots/board_20260925T180139Z_run36170490171_a1_66ba0bf4eab2.csv,66ba0bf4eab29fb6f9d28eb7cb9f4142255020cb6c45ca211ed127c48abb5aac,LIVE,False,2026-09-25T17:59:17.122296+00:00,0.0,False,,1438.3347802166668,True,,,,,,,,,,,,47.5,,False,,,,,,NOT QUALIFIER,
board_snapshot,2026-09-25 18:01:39.913187+00:00,2026.6,31e56b010c97f2b28e355236952dac28e3fa11e1c2a9f9e9a9937d4e3f876c98,schedule,"17 13 * * 4,5",36170490171,1,3e56c14d10aeeb2af6ff3a9df7c055744cb8a3c9,True,120,4.0,56.0,7.5,56.0,NO PLAY,FCS-only model does not meet the conservative under-edge screen.,FCS-only HGB,FCS,FCS-only HGB,2026,4,401868001,2026-09-26 18:30:00+00:00,False,Colgate,Villanova,Villanova Stadium,Villanova,PA,40.0343329,-75.3367666,False,46.5,DraftKings,CFBD,1.0,0.0,46.5,0.0,,48.86053734168964,2.3605373416896334,2.3605373416896334,over,62.0,54.0,75.0,20.714023656,40.27726822,85.0,0.14,0.0,Measurable precipitation forecast,ok,PHI,Patriot,Patriot,fcs,fcs,False,3,outputs/prospective/2026/snapshots/board_20260925T180139Z_run36170490171_a1_66ba0bf4eab2.csv,66ba0bf4eab29fb6f9d28eb7cb9f4142255020cb6c45ca211ed127c48abb5aac,LIVE,False,2026-09-25T17:59:17.122296+00:00,0.0,False,,1468.3347802166668,True,,,,,,,,,,,,46.5,,False,,,,,,NOT QUALIFIER,
board_snapshot,2026-09-25 18:01:39.913187+00:00,2026.6,31e56b010c97f2b28e355236952dac28e3fa11e1c2a9f9e9a9937d4e3f876c98,schedule,"17 13 * * 4,5",36170490171,1,3e56c14d10aeeb2af6ff3a9df7c055744cb8a3c9,True,120,4.0,56.0,7.5,56.0,NO PLAY,Model edge is below the 3.5-point lean threshold and 4.0-point production threshold.,,OTHER,GENERAL HGB,2026,4,401858237,2026-09-26 19:00:00+00:00,False,Central Arkansas,Florida State,Doak Campbell Stadium,Tallahassee,FL,30.4381692,-84.3044032,False,62.5,DraftKings,CFBD,1.0,0.0,62.5,0.0,,59.24345562282765,-3.2565443771723475,3.2565443771723475,under,82.0,49.0,32.0,5.75389546,12.658570012,0.0,0.0,0.0,No meaningful precipitation signal,ok,TAE,ACC,UAC,fbs,fcs,False,3,outputs/prospective/2026/snapshots/board_20260925T180139Z_run36170490171_a1_66ba0bf4eab2.csv,66ba0bf4eab29fb6f9d28eb7cb9f4142255020cb6c45ca211ed127c48abb5aac,LIVE,False,2026-09-25T17:59:17.122296+00:00,0.0,False,,1498.3347802166668,True,,,,,,,,,,,,62.5,,False,,,,,,NOT QUALIFIER,
board_snapshot,2026-09-25 18:01:39.913187+00:00,2026.6,31e56b010c97f2b28e355236952dac28e3fa11e1c2a9f9e9a9937d4e3f876c98,schedule,"17 13 * * 4,5",36170490171,1,3e56c14d10aeeb2af6ff3a9df7c055744cb8a3c9,True,120,4.0,56.0,7.5,56.0,NO PLAY,"Model points over, but overs did not validate as the production direction.",,FBS,GENERAL HGB,2026,4,401864510,2026-09-26 19:00:00+00:00,False,Hawai'i,Wyoming,War Memorial Stadium,Laramie,WY,41.31161,-105.5681384,False,43.5,DraftKings,CFBD,2.0,0.0,43.5,0.0,,47.94238164322039,4.442381643220395,4.442381643220395,over,69.0,35.0,28.0,12.658570012,19.563244564,0.0,0.0,0.0,No meaningful precipitation signal,ok,CYS,Mountain West,Mountain West,fbs,fbs,True,3,outputs/prospective/2026/snapshots/board_20260925T180139Z_run36170490171_a1_66ba0bf4eab2.csv,66ba0bf4eab29fb6f9d28eb7cb9f4142255020cb6c45ca211ed127c48abb5aac,LIVE,False,2026-09-25T17:59:17.122296+00:00,0.0,False,,1498.3347802166668,True,,,,,,,,,,,,43.5,,False,,,,,,NOT QUALIFIER,
board_snapshot,2026-09-25 18:01:39.913187+00:00,2026.6,31e56b010c97f2b28e355236952dac28e3fa11e1c2a9f9e9a9937d4e3f876c98,schedule,"17 13 * * 4,5",36170490171,1,3e56c14d10aeeb2af6ff3a9df7c055744cb8a3c9,True,120,4.0,56.0,7.5,56.0,NO PLAY,FCS-only model does not meet the conservative under-edge screen.,FCS-only HGB,FCS,FCS-only HGB,2026,4,401866646,2026-09-26 19:00:00+00:00,False,UAlbany,Princeton,Princeton University Stadium,Princeton,NJ,40.3457928,-74.6500047,False,45.5,DraftKings,CFBD,1.0,0.0,45.5,0.0,,43.724909726932665,-1.7750902730673317,1.7750902730673317,under,62.0,56.0,81.0,20.714023656,40.27726822,75.0,0.19,0.0,Measurable precipitation forecast,ok,PHI,Ivy,Coastal Athletic,fcs,fcs,False,3,outputs/prospective/2026/snapshots/board_20260925T180139Z_run36170490171_a1_66ba0bf4eab2.csv,66ba0bf4eab29fb6f9d28eb7cb9f4142255020cb6c45ca211ed127c48abb5aac,LIVE,False,2026-09-25T17:59:17.122296+00:00,0.0,False,,1498.3347802166668,True,,,,,,,,,,,,45.5,,False,,,,,,NOT QUALIFIER,
board_snapshot,2026-09-25 18:01:39.913187+00:00,2026.6,31e56b010c97f2b28e355236952dac28e3fa11e1c2a9f9e9a9937d4e3f876c98,schedule,"17 13 * * 4,5",36170490171,1,3e56c14d10aeeb2af6ff3a9df7c055744cb8a3c9,True,120,4.0,56.0,7.5,56.0,QUALIFIES,Validated HGB under edge ≥4.0 with the preferred 56+ high-total screen.,,FBS,GENERAL HGB,2026,4,401856699,2026-09-26 19:30:00+00:00,False,Ole Miss,Florida,Ben Hill Griffin Stadium,Gainesville,FL,29.6499357,-82.3485788,False,59.5,DraftKings,CFBD,2.0,0.5,59.25,0.25,,54.9845801054095,-4.515419894590499,4.515419894590499,under,84.0,52.0,33.0,9.206232736,13.809349104,0.0,0.0,0.0,No meaningful precipitation signal,ok,JAX,SEC,SEC,fbs,fbs,True,0,outputs/prospective/2026/snapshots/board_20260925T180139Z_run36170490171_a1_66ba0bf4eab2.csv,66ba0bf4eab29fb6f9d28eb7cb9f4142255020cb6c45ca211ed127c48abb5aac,LIVE,False,2026-09-25T17:59:17.122296+00:00,0.0,False,,1528.3347802166668,True,,,,,,,,,,,,59.5,,True,,,,,,PENDING,
board_snapshot,2026-09-25 18:01:39.913187+00:00,2026.6,31e56b010c97f2b28e355236952dac28e3fa11e1c2a9f9e9a9937d4e3f876c98,schedule,"17 13 * * 4,5",36170490171,1,3e56c14d10aeeb2af6ff3a9df7c055744cb8a3c9,True,120,4.0,56.0,7.5,56.0,NO PLAY,Model edge is below the 3.5-point lean threshold and 4.0-point production threshold.,,FBS,GENERAL HGB,2026,4,401856700,2026-09-26 19:30:00+00:00,False,Oklahoma,Georgia,Sanford Stadium,Athens,GA,33.9498197,-83.3733813,False,44.5,DraftKings,CFBD,2.0,0.5,44.25,0.25,,45.16051589076042,0.6605158907604246,0.6605158907604246,over,79.0,52.0,38.0,5.75389546,11.50779092,0.0,0.0,0.0,No meaningful precipitation signal,ok,FFC,SEC,SEC,fbs,fbs,True,3,outputs/prospective/2026/snapshots/board_20260925T180139Z_run36170490171_a1_66ba0bf4eab2.csv,66ba0bf4eab29fb6f9d28eb7cb9f4142255020cb6c45ca211ed127c48abb5aac,LIVE,False,2026-09-25T17:59:17.122296+00:00,0.0,False,,1528.3347802166668,True,,,,,,,,,,,,44.5,,False,,,,,,NOT QUALIFIER,
board_snapshot,2026-09-25 18:01:39.913187+00:00,2026.6,31e56b010c97f2b28e355236952dac28e3fa11e1c2a9f9e9a9937d4e3f876c98,schedule,"17 13 * * 4,5",36170490171,1,3e56c14d10aeeb2af6ff3a9df7c055744cb8a3c9,True,120,4.0,56.0,7.5,56.0,NO PLAY,"Model points over, but overs did not validate as the production direction.",,FBS,GENERAL HGB,2026,4,401856815,2026-09-26 19:30:00+00:00,False,TCU,UCF,FBC Mortgage Stadium,Orlando,FL,28.6079765,-81.1927233,False,48.5,DraftKings,CFBD,2.0,0.0,48.5,0.0,,52.26431248221088,3.764312482210877,3.764312482210877,over,84.0,63.0,49.0,9.206232736,13.809349104,0.0,0.0,0.0,No meaningful precipitation signal,ok,MLB,Big 12,Big 12,fbs,fbs,True,3,outputs/prospective/2026/snapshots/board_20260925T180139Z_run36170490171_a1_66ba0bf4eab2.csv,66ba0bf4eab29fb6f9d28eb7cb9f4142255020cb6c45ca211ed127c48abb5aac,LIVE,False,2026-09-25T17:59:17.122296+00:00,0.0,False,,1528.3347802166668,True,,,,,,,,,,,,48.5,,False,,,,,,NOT QUALIFIER,
board_snapshot,2026-09-25 18:01:39.913187+00:00,2026.6,31e56b010c97f2b28e355236952dac28e3fa11e1c2a9f9e9a9937d4e3f876c98,schedule,"17 13 * * 4,5",36170490171,1,3e56c14d10aeeb2af6ff3a9df7c055744cb8a3c9,True,120,4.0,56.0,7.5,56.0,NO PLAY,Model edge is below the 3.5-point lean threshold and 4.0-point production threshold.,,FBS,GENERAL HGB,2026,4,401856816,2026-09-26 19:30:00+00:00,False,Utah,Iowa State,Jack Trice Stadium,Ames,IA,42.0139977,-93.6357716,False,47.5,DraftKings,CFBD,2.0,0.0,47.5,0.0,,45.76186804643108,-1.7381319535689188,1.7381319535689188,under,60.0,60.0,100.0,11.50779092,20.714023656,50.0,0.15,0.0,Measurable precipitation forecast,ok,DMX,Big 12,Big 12,fbs,fbs,True,3,outputs/prospective/2026/snapshots/board_20260925T180139Z_run36170490171_a1_66ba0bf4eab2.csv,66ba0bf4eab29fb6f9d28eb7cb9f4142255020cb6c45ca211ed127c48abb5aac,LIVE,False,2026-09-25T17:59:17.122296+00:00,0.0,False,,1528.3347802166668,True,,,,,,,,,,,,47.5,,False,,,,,,NOT QUALIFIER,
board_snapshot,2026-09-25 18:01:39.913187+00:00,2026.6,31e56b010c97f2b28e355236952dac28e3fa11e1c2a9f9e9a9937d4e3f876c98,schedule,"17 13 * * 4,5",36170490171,1,3e56c14d10aeeb2af6ff3a9df7c055744cb8a3c9,True,120,4.0,56.0,7.5,56.0,NO PLAY,Model edge is below the 3.5-point lean threshold and 4.0-point production threshold.,refinement: total≥60 + wind≥10,OTHER,GENERAL HGB,2026,4,401858244,2026-09-26 19:30:00+00:00,False,William & Mary,Duke,Wallace Wade Stadium,Durham,NC,35.9953688,-78.9417564,False,62.5,DraftKings,CFBD,1.0,0.0,62.5,0.0,,60.6250143957464,-1.8749856042536053,1.8749856042536053,under,76.0,44.0,32.0,10.357011828,19.563244564,0.0,0.0,0.0,No meaningful precipitation signal,ok,RAH,ACC,Patriot,fbs,fcs,False,3,outputs/prospective/2026/snapshots/board_20260925T180139Z_run36170490171_a1_66ba0bf4eab2.csv,66ba0bf4eab29fb6f9d28eb7cb9f4142255020cb6c45ca211ed127c48abb5aac,LIVE,False,2026-09-25T17:59:17.122296+00:00,0.0,False,,1528.3347802166668,True,,,,,,,,,,,,62.5,,False,,,,,,NOT QUALIFIER,
board_snapshot,2026-09-25 18:01:39.913187+00:00,2026.6,31e56b010c97f2b28e355236952dac28e3fa11e1c2a9f9e9a9937d4e3f876c98,schedule,"17 13 * * 4,5",36170490171,1,3e56c14d10aeeb2af6ff3a9df7c055744cb8a3c9,True,120,4.0,56.0,7.5,56.0,NO PLAY,Model edge is below the 3.5-point lean threshold and 4.0-point production threshold.,,FBS,GENERAL HGB,2026,4,401858463,2026-09-26 19:30:00+00:00,False,Iowa,Michigan,Michigan Stadium,Ann Arbor,MI,42.2658365,-83.7486956,False,38.5,DraftKings,CFBD,2.0,0.5,38.25,0.25,,39.35817082625404,0.858170826254037,0.858170826254037,over,68.0,50.0,53.0,5.75389546,12.658570012,0.0,0.0,0.0,No meaningful precipitation signal,ok,DTX,Big Ten,Big Ten,fbs,fbs,True,3,outputs/prospective/2026/snapshots/board_20260925T180139Z_run36170490171_a1_66ba0bf4eab2.csv,66ba0bf4eab29fb6f9d28eb7cb9f4142255020cb6c45ca211ed127c48abb5aac,LIVE,False,2026-09-25T17:59:17.122296+00:00,0.0,False,,1528.3347802166668,True,,,,,,,,,,,,38.5,,False,,,,,,NOT QUALIFIER,
board_snapshot,2026-09-25 18:01:39.913187+00:00,2026.6,31e56b010c97f2b28e355236952dac28e3fa11e1c2a9f9e9a9937d4e3f876c98,schedule,"17 13 * * 4,5",36170490171,1,3e56c14d10aeeb2af6ff3a9df7c055744cb8a3c9,True,120,4.0,56.0,7.5,56.0,NO PLAY,Model edge is below the 3.5-point lean threshold and 4.0-point production threshold.,,FBS,GENERAL HGB,2026,4,401860897,2026-09-26 19:30:00+00:00,False,Boise State,Western Michigan,Waldo Stadium,Kalamazoo,MI,42.2860064,-85.6007573,False,49.5,DraftKings,CFBD,2.0,0.5,49.75,-0.25,,49.42831076881291,-0.0716892311870879,0.0716892311870879,under,67.0,48.0,50.0,3.452337276,9.206232736,0.0,0.0,0.0,No meaningful precipitation signal,ok,GRR,Mid-American,Pac-12,fbs,fbs,True,3,outputs/prospective/2026/snapshots/board_20260925T180139Z_run36170490171_a1_66ba0bf4eab2.csv,66ba0bf4eab29fb6f9d28eb7cb9f4142255020cb6c45ca211ed127c48abb5aac,LIVE,False,2026-09-25T17:59:17.122296+00:00,0.0,False,,1528.3347802166668,True,,,,,,,,,,,,49.5,,False,,,,,,NOT QUALIFIER,
board_snapshot,2026-09-25 18:01:39.913187+00:00,2026.6,31e56b010c97f2b28e355236952dac28e3fa11e1c2a9f9e9a9937d4e3f876c98,schedule,"17 13 * * 4,5",36170490171,1,3e56c14d10aeeb2af6ff3a9df7c055744cb8a3c9,True,120,4.0,56.0,7.5,56.0,NO PLAY,Model edge is below the 3.5-point lean threshold and 4.0-point production threshold.,,FBS,GENERAL HGB,2026,4,401861970,2026-09-26 19:30:00+00:00,False,UConn,Miami (OH),Yager Stadium,Oxford,OH,39.5197009,-84.7330255,False,51.5,DraftKings,CFBD,2.0,0.5,51.75,-0.25,,51.7302771605445,0.2302771605445061,0.2302771605445061,over,67.0,53.0,60.0,5.75389546,10.357011828,0.0,0.0,0.0,No meaningful precipitation signal,ok,ILN,Mid-American,FBS Independents,fbs,fbs,True,3,outputs/prospective/2026/snapshots/board_20260925T180139Z_run36170490171_a1_66ba0bf4eab2.csv,66ba0bf4eab29fb6f9d28eb7cb9f4142255020cb6c45ca211ed127c48abb5aac,LIVE,False,2026-09-25T17:59:17.122296+00:00,0.0,False,,1528.3347802166668,True,,,,,,,,,,,,51.5,,False,,,,,,NOT QUALIFIER,
board_snapshot,2026-09-25 18:01:39.913187+00:00,2026.6,31e56b010c97f2b28e355236952dac28e3fa11e1c2a9f9e9a9937d4e3f876c98,schedule,"17 13 * * 4,5",36170490171,1,3e56c14d10aeeb2af6ff3a9df7c055744cb8a3c9,True,120,4.0,56.0,7.5,56.0,NO PLAY,Model edge is below the 3.5-point lean threshold and 4.0-point production threshold.,,FBS,GENERAL HGB,2026,4,401864579,2026-09-26 19:30:00+00:00,False,New Mexico,New Mexico State,Aggie Memorial Stadium,Las Cruces,NM,32.2796202,-106.7411148,False,48.5,DraftKings,CFBD,2.0,0.0,48.5,0.0,,51.243399286505735,2.743399286505735,2.743399286505735,over,75.0,62.0,64.0,2.301558184,6.904674552,0.0,0.0,0.0,No meaningful precipitation signal,ok,EPZ,Conference USA,Mountain West,fbs,fbs,True,3,outputs/prospective/2026/snapshots/board_20260925T180139Z_run36170490171_a1_66ba0bf4eab2.csv,66ba0bf4eab29fb6f9d28eb7cb9f4142255020cb6c45ca211ed127c48abb5aac,LIVE,False,2026-09-25T17:59:17.122296+00:00,0.0,False,,1528.3347802166668,True,,,,,,,,,,,,48.5,,False,,,,,,NOT QUALIFIER,
board_snapshot,2026-09-25 18:01:39.913187+00:00,2026.6,31e56b010c97f2b28e355236952dac28e3fa11e1c2a9f9e9a9937d4e3f876c98,schedule,"17 13 * * 4,5",36170490171,1,3e56c14d10aeeb2af6ff3a9df7c055744cb8a3c9,True,120,4.0,56.0,7.5,56.0,NO PLAY,Model edge is below the 3.5-point lean threshold and 4.0-point production threshold.,,OTHER,GENERAL HGB,2026,4,401866426,2026-09-26 19:30:00+00:00,False,Robert Morris,Buffalo,UB Stadium,Amherst,NY,42.9991334,-78.7775113,False,45.5,DraftKings,CFBD,1.0,0.0,45.5,0.0,,46.18017661347224,0.6801766134722315,0.6801766134722315,over,69.0,50.0,51.0,9.206232736,14.960128196,0.0,0.0,0.0,No meaningful precipitation signal,ok,BUF,Mid-American,NEC,fbs,fcs,False,3,outputs/prospective/2026/snapshots/board_20260925T180139Z_run36170490171_a1_66ba0bf4eab2.csv,66ba0bf4eab29fb6f9d28eb7cb9f4142255020cb6c45ca211ed127c48abb5aac,LIVE,False,2026-09-25T17:59:17.122296+00:00,0.0,False,,1528.3347802166668,True,,,,,,,,,,,,45.5,,False,,,,,,NOT QUALIFIER,
board_snapshot,2026-09-25 18:01:39.913187+00:00,2026.6,31e56b010c97f2b28e355236952dac28e3fa11e1c2a9f9e9a9937d4e3f876c98,schedule,"17 13 * * 4,5",36170490171,1,3e56c14d10aeeb2af6ff3a9df7c055744cb8a3c9,True,120,4.0,56.0,7.5,56.0,NO PLAY,Model edge is below the 3.5-point lean threshold and 4.0-point production threshold.,,OTHER,GENERAL HGB,2026,4,401866428,2026-09-26 19:30:00+00:00,False,Stonehill,Ohio,Peden Stadium,Athens,OH,39.3212794,-82.1034315,False,53.5,DraftKings,CFBD,1.0,0.0,53.5,0.0,,55.18016632530409,1.6801663253040904,1.6801663253040904,over,69.0,55.0,60.0,5.75389546,11.50779092,0.0,0.0,0.0,No meaningful precipitation signal,ok,RLX,Mid-American,NEC,fbs,fcs,False,3,outputs/prospective/2026/snapshots/board_20260925T180139Z_run36170490171_a1_66ba0bf4eab2.csv,66ba0bf4eab29fb6f9d28eb7cb9f4142255020cb6c45ca211ed127c48abb5aac,LIVE,False,2026-09-25T17:59:17.122296+00:00,0.0,False,,1528.3347802166668,True,,,,,,,,,,,,53.5,,False,,,,,,NOT QUALIFIER,
board_snapshot,2026-09-25 18:01:39.913187+00:00,2026.6,31e56b010c97f2b28e355236952dac28e3fa11e1c2a9f9e9a9937d4e3f876c98,schedule,"17 13 * * 4,5",36170490171,1,3e56c14d10aeeb2af6ff3a9df7c055744cb8a3c9,True,120,4.0,56.0,7.5,56.0,NO PLAY,Model edge is below the 3.5-point lean threshold and 4.0-point production threshold.,,OTHER,GENERAL HGB,2026,4,401868188,2026-09-26 19:30:00+00:00,False,Gardner-Webb,Marshall,Joan C. Edwards Stadium,Huntington,WV,38.4247042,-82.4214412,False,51.5,DraftKings,CFBD,1.0,0.0,51.5,0.0,,52.70306352471114,1.203063524711137,1.203063524711137,over,68.0,54.0,60.0,4.603116368,10.357011828,0.0,0.0,0.0,No meaningful precipitation signal,ok,RLX,Sun Belt,OVC,fbs,fcs,False,3,outputs/prospective/2026/snapshots/board_20260925T180139Z_run36170490171_a1_66ba0bf4eab2.csv,66ba0bf4eab29fb6f9d28eb7cb9f4142255020cb6c45ca211ed127c48abb5aac,LIVE,False,2026-09-25T17:59:17.122296+00:00,0.0,False,,1528.3347802166668,True,,,,,,,,,,,,51.5,,False,,,,,,NOT QUALIFIER,
board_snapshot,2026-09-25 18:01:39.913187+00:00,2026.6,31e56b010c97f2b28e355236952dac28e3fa11e1c2a9f9e9a9937d4e3f876c98,schedule,"17 13 * * 4,5",36170490171,1,3e56c14d10aeeb2af6ff3a9df7c055744cb8a3c9,True,120,4.0,56.0,7.5,56.0,LEAN,"FCS-only HGB points under with a 5.0+ edge and 56+ total, but it does not meet the 7.5-point qualifying edge.",5.0+ model edge; FCS-only HGB; FCS 56+ total,FCS,FCS-only HGB,2026,4,401868346,2026-09-26 19:30:00+00:00,False,Western Carolina,East Tennessee State,William B. Greene Jr. Stadium,Johnson City,TN,36.299084,-82.374117,False,62.5,DraftKings,CFBD,1.0,0.0,62.5,0.0,,57.21056028917988,-5.289439710820121,5.289439710820121,under,71.0,47.0,42.0,4.603116368,10.357011828,0.0,0.0,0.0,No meaningful precipitation signal,ok,MRX,Southern,Southern,fcs,fcs,False,1,outputs/prospective/2026/snapshots/board_20260925T180139Z_run36170490171_a1_66ba0bf4eab2.csv,66ba0bf4eab29fb6f9d28eb7cb9f4142255020cb6c45ca211ed127c48abb5aac,LIVE,False,2026-09-25T17:59:17.122296+00:00,0.0,False,,1528.3347802166668,True,,,,,,,,,,,,62.5,,False,,,,,,NOT QUALIFIER,
board_snapshot,2026-09-25 18:01:39.913187+00:00,2026.6,31e56b010c97f2b28e355236952dac28e3fa11e1c2a9f9e9a9937d4e3f876c98,schedule,"17 13 * * 4,5",36170490171,1,3e56c14d10aeeb2af6ff3a9df7c055744cb8a3c9,True,120,4.0,56.0,7.5,56.0,NO PLAY,FCS-only model does not meet the conservative under-edge screen.,FCS-only HGB,FCS,FCS-only HGB,2026,4,401868387,2026-09-26 19:30:00+00:00,False,VMI,Samford,Seibert Stadium,Homewood,AL,33.463273,-86.795326,False,48.5,DraftKings,CFBD,1.0,0.0,48.5,0.0,,48.844725390256535,0.3447253902565366,0.3447253902565366,over,82.0,57.0,43.0,6.904674552,10.357011828,1.0,0.0,0.0,No meaningful precipitation signal,ok,BMX,Southern,Southern,fcs,fcs,False,3,outputs/prospective/2026/snapshots/board_20260925T180139Z_run36170490171_a1_66ba0bf4eab2.csv,66ba0bf4eab29fb6f9d28eb7cb9f4142255020cb6c45ca211ed127c48abb5aac,LIVE,False,2026-09-25T17:59:17.122296+00:00,0.0,False,,1528.3347802166668,True,,,,,,,,,,,,48.5,,False,,,,,,NOT QUALIFIER,
board_snapshot,2026-09-25 18:01:39.913187+00:00,2026.6,31e56b010c97f2b28e355236952dac28e3fa11e1c2a9f9e9a9937d4e3f876c98,schedule,"17 13 * * 4,5",36170490171,1,3e56c14d10aeeb2af6ff3a9df7c055744cb8a3c9,True,120,4.0,56.0,7.5,56.0,NO PLAY,Model edge is below the 3.5-point lean threshold and 4.0-point production threshold.,,FBS,GENERAL HGB,2026,4,401856806,2026-09-26 20:00:00+00:00,False,Houston,Georgia Southern,Allen E. Paulson Stadium,Statesboro,GA,32.4122471,-81.7849296,False,56.5,DraftKings,CFBD,2.0,0.0,56.5,0.0,,59.30992254322815,2.809922543228149,2.809922543228149,over,80.0,48.0,33.0,6.904674552,11.50779092,0.0,0.0,0.0,No meaningful precipitation signal,ok,CHS,Sun Belt,Big 12,fbs,fbs,True,3,outputs/prospective/2026/snapshots/board_20260925T180139Z_run36170490171_a1_66ba0bf4eab2.csv,66ba0bf4eab29fb6f9d28eb7cb9f4142255020cb6c45ca211ed127c48abb5aac,LIVE,False,2026-09-25T17:59:17.122296+00:00,0.0,False,,1558.3347802166668,True,,,,,,,,,,,,56.5,,False,,,,,,NOT QUALIFIER,
board_snapshot,2026-09-25 18:01:39.913187+00:00,2026.6,31e56b010c97f2b28e355236952dac28e3fa11e1c2a9f9e9a9937d4e3f876c98,schedule,"17 13 * * 4,5",36170490171,1,3e56c14d10aeeb2af6ff3a9df7c055744cb8a3c9,True,120,4.0,56.0,7.5,56.0,NO PLAY,Model edge is below the 3.5-point lean threshold and 4.0-point production threshold.,,OTHER,GENERAL HGB,2026,4,401862781,2026-09-26 20:00:00+00:00,False,North Carolina Central,East Carolina,Dowdy-Ficklen Stadium,Greenville,NC,35.5968486,-77.364564,False,56.5,DraftKings,CFBD,1.0,0.0,56.5,0.0,,57.30806316172156,0.8080631617215542,0.8080631617215542,over,77.0,50.0,39.0,12.658570012,18.412465472,1.0,0.0,0.0,No meaningful precipitation signal,ok,MHX,American Athletic,MEAC,fbs,fcs,False,3,outputs/prospective/2026/snapshots/board_20260925T180139Z_run36170490171_a1_66ba0bf4eab2.csv,66ba0bf4eab29fb6f9d28eb7cb9f4142255020cb6c45ca211ed127c48abb5aac,LIVE,False,2026-09-25T17:59:17.122296+00:00,0.0,False,,1558.3347802166668,True,,,,,,,,,,,,56.5,,False,,,,,,NOT QUALIFIER,
board_snapshot,2026-09-25 18:01:39.913187+00:00,2026.6,31e56b010c97f2b28e355236952dac28e3fa11e1c2a9f9e9a9937d4e3f876c98,schedule,"17 13 * * 4,5",36170490171,1,3e56c14d10aeeb2af6ff3a9df7c055744cb8a3c9,True,120,4.0,56.0,7.5,56.0,NO PLAY,FCS-only model points over; the FCS research track has not validated an over production strategy.,5.0+ model edge; FCS-only HGB,FCS,FCS-only HGB,2026,4,401866644,2026-09-26 20:00:00+00:00,False,Rhode Island,North Carolina A&T,Aggie Stadium,Greensboro,NC,36.0814337,-79.7700391,False,52.5,FanDuel (Odds API),The Odds API,1.0,0.0,52.5,0.0,0.97,60.55493968659946,8.054939686599463,8.054939686599463,over,77.0,37.0,24.0,9.206232736,14.960128196,0.0,0.0,0.0,No meaningful precipitation signal,ok,RAH,Coastal Athletic,Coastal Athletic,fcs,fcs,False,3,outputs/prospective/2026/snapshots/board_20260925T180139Z_run36170490171_a1_66ba0bf4eab2.csv,66ba0bf4eab29fb6f9d28eb7cb9f4142255020cb6c45ca211ed127c48abb5aac,LIVE,False,2026-09-25T17:59:17.122296+00:00,0.0,False,,1558.3347802166668,True,,,,,,,,,,,,52.5,,False,,,,,,NOT QUALIFIER,
board_snapshot,2026-09-25 18:01:39.913187+00:00,2026.6,31e56b010c97f2b28e355236952dac28e3fa11e1c2a9f9e9a9937d4e3f876c98,schedule,"17 13 * * 4,5",36170490171,1,3e56c14d10aeeb2af6ff3a9df7c055744cb8a3c9,True,120,4.0,56.0,7.5,56.0,NO PLAY,FCS-only model points over; the FCS research track has not validated an over production strategy.,5.0+ model edge; FCS-only HGB,FCS,FCS-only HGB,2026,4,401868206,2026-09-26 20:00:00+00:00,False,Western Illinois,North Alabama,Braly Municipal Stadium,Florence,AL,34.810914,-87.670587,False,53.5,DraftKings,CFBD,1.0,0.0,53.5,0.0,,59.7886105672577,6.2886105672577,6.2886105672577,over,82.0,46.0,28.0,4.603116368,9.206232736,3.0,0.0,0.0,No meaningful precipitation signal,ok,HUN,UAC,OVC,fcs,fcs,False,3,outputs/prospective/2026/snapshots/board_20260925T180139Z_run36170490171_a1_66ba0bf4eab2.csv,66ba0bf4eab29fb6f9d28eb7cb9f4142255020cb6c45ca211ed127c48abb5aac,LIVE,False,2026-09-25T17:59:17.122296+00:00,0.0,False,,1558.3347802166668,True,,,,,,,,,,,,53.5,,False,,,,,,NOT QUALIFIER,
board_snapshot,2026-09-25 18:01:39.913187+00:00,2026.6,31e56b010c97f2b28e355236952dac28e3fa11e1c2a9f9e9a9937d4e3f876c98,schedule,"17 13 * * 4,5",36170490171,1,3e56c14d10aeeb2af6ff3a9df7c055744cb8a3c9,True,120,4.0,56.0,7.5,56.0,NO PLAY,FCS-only model does not meet the conservative under-edge screen.,FCS-only HGB; FCS 56+ total,FCS,FCS-only HGB,2026,4,401868358,2026-09-26 20:00:00+00:00,False,Texas Southern,Alcorn State,Jack Spinks Stadium,Lorman,MS,31.873621,-91.13488,False,58.5,DraftKings,CFBD,1.0,0.0,58.5,0.0,,58.91051758165069,0.4105175816506846,0.4105175816506846,over,87.0,65.0,48.0,2.301558184,5.75389546,0.0,0.0,0.0,No meaningful precipitation signal,ok,JAN,SWAC,SWAC,fcs,fcs,False,3,outputs/prospective/2026/snapshots/board_20260925T180139Z_run36170490171_a1_66ba0bf4eab2.csv,66ba0bf4eab29fb6f9d28eb7cb9f4142255020cb6c45ca211ed127c48abb5aac,LIVE,False,2026-09-25T17:59:17.122296+00:00,0.0,False,,1558.3347802166668,True,,,,,,,,,,,,58.5,,False,,,,,,NOT QUALIFIER,
board_snapshot,2026-09-25 18:01:39.913187+00:00,2026.6,31e56b010c97f2b28e355236952dac28e3fa11e1c2a9f9e9a9937d4e3f876c98,schedule,"17 13 * * 4,5",36170490171,1,3e56c14d10aeeb2af6ff3a9df7c055744cb8a3c9,True,120,4.0,56.0,7.5,56.0,NO PLAY,FCS-only model points over; the FCS research track has not validated an over production strategy.,5.0+ model edge; FCS-only HGB,FCS,FCS-only HGB,2026,4,401869143,2026-09-26 20:00:00+00:00,False,Lamar,Nicholls,Manning Field at John L. Guidry Stadium,Thibodaux,LA,29.7867254,-90.80455,False,45.5,DraftKings,CFBD,1.0,0.0,45.5,0.0,,50.51850591361232,5.018505913612312,5.018505913612312,over,87.0,68.0,53.0,4.603116368,6.904674552,0.0,0.0,0.0,No meaningful precipitation signal,ok,LIX,Southland,Southland,fcs,fcs,False,3,outputs/prospective/2026/snapshots/board_20260925T180139Z_run36170490171_a1_66ba0bf4eab2.csv,66ba0bf4eab29fb6f9d28eb7cb9f4142255020cb6c45ca211ed127c48abb5aac,LIVE,False,2026-09-25T17:59:17.122296+00:00,0.0,False,,1558.3347802166668,True,,,,,,,,,,,,45.5,,False,,,,,,NOT QUALIFIER,
board_snapshot,2026-09-25 18:01:39.913187+00:00,2026.6,31e56b010c97f2b28e355236952dac28e3fa11e1c2a9f9e9a9937d4e3f876c98,schedule,"17 13 * * 4,5",36170490171,1,3e56c14d10aeeb2af6ff3a9df7c055744cb8a3c9,True,120,4.0,56.0,7.5,56.0,NO PLAY,Model edge is below the 3.5-point lean threshold and 4.0-point production threshold.,,FBS,GENERAL HGB,2026,4,401856698,2026-09-26 20:15:00+00:00,False,Vanderbilt,Auburn,Jordan-Hare Stadium,Auburn,AL,32.6025532,-85.4897479,False,55.5,DraftKings,CFBD,2.0,0.0,55.5,0.0,,57.59062739948479,2.090627399484789,2.090627399484789,over,82.0,57.0,43.0,4.603116368,10.357011828,0.0,0.0,0.0,No meaningful precipitation signal,ok,BMX,SEC,SEC,fbs,fbs,True,3,outputs/prospective/2026/snapshots/board_20260925T180139Z_run36170490171_a1_66ba0bf4eab2.csv,66ba0bf4eab29fb6f9d28eb7cb9f4142255020cb6c45ca211ed127c48abb5aac,LIVE,False,2026-09-25T17:59:17.122296+00:00,0.0,False,,1573.3347802166668,True,,,,,,,,,,,,55.5,,False,,,,,,NOT QUALIFIER,
board_snapshot,2026-09-25 18:01:39.913187+00:00,2026.6,31e56b010c97f2b28e355236952dac28e3fa11e1c2a9f9e9a9937d4e3f876c98,schedule,"17 13 * * 4,5",36170490171,1,3e56c14d10aeeb2af6ff3a9df7c055744cb8a3c9,True,120,4.0,56.0,7.5,56.0,NO PLAY,"Model points over, but overs did not validate as the production direction.",,FBS,GENERAL HGB,2026,4,401858464,2026-09-26 21:00:00+00:00,False,Nebraska,Michigan State,Spartan Stadium,East Lansing,MI,42.7281474,-84.4848526,False,48.5,DraftKings,CFBD,2.0,0.5,48.75,-0.25,,52.74295791971116,4.2429579197111575,4.2429579197111575,over,68.0,50.0,52.0,5.75389546,13.809349104,0.0,0.0,0.0,No meaningful precipitation signal,ok,GRR,Big Ten,Big Ten,fbs,fbs,True,3,outputs/prospective/2026/snapshots/board_20260925T180139Z_run36170490171_a1_66ba0bf4eab2.csv,66ba0bf4eab29fb6f9d28eb7cb9f4142255020cb6c45ca211ed127c48abb5aac,LIVE,False,2026-09-25T17:59:17.122296+00:00,0.0,False,,1618.3347802166668,True,,,,,,,,,,,,48.5,,False,,,,,,NOT QUALIFIER,
board_snapshot,2026-09-25 18:01:39.913187+00:00,2026.6,31e56b010c97f2b28e355236952dac28e3fa11e1c2a9f9e9a9937d4e3f876c98,schedule,"17 13 * * 4,5",36170490171,1,3e56c14d10aeeb2af6ff3a9df7c055744cb8a3c9,True,120,4.0,56.0,7.5,56.0,NO PLAY,Model edge is below the 3.5-point lean threshold and 4.0-point production threshold.,,FBS,GENERAL HGB,2026,4,401858466,2026-09-26 21:00:00+00:00,False,Wisconsin,Penn State,Beaver Stadium,University Park,PA,40.8121958,-77.8561023,False,44.5,DraftKings,CFBD,2.0,0.5,44.25,0.25,,46.88920989463841,2.389209894638412,2.389209894638412,over,68.0,55.0,63.0,10.357011828,19.563244564,13.0,0.0,0.0,No meaningful precipitation signal,ok,CTP,Big Ten,Big Ten,fbs,fbs,True,3,outputs/prospective/2026/snapshots/board_20260925T180139Z_run36170490171_a1_66ba0bf4eab2.csv,66ba0bf4eab29fb6f9d28eb7cb9f4142255020cb6c45ca211ed127c48abb5aac,LIVE,False,2026-09-25T17:59:17.122296+00:00,0.0,False,,1618.3347802166668,True,,,,,,,,,,,,44.5,,False,,,,,,NOT QUALIFIER,
board_snapshot,2026-09-25 18:01:39.913187+00:00,2026.6,31e56b010c97f2b28e355236952dac28e3fa11e1c2a9f9e9a9937d4e3f876c98,schedule,"17 13 * * 4,5",36170490171,1,3e56c14d10aeeb2af6ff3a9df7c055744cb8a3c9,True,120,4.0,56.0,7.5,56.0,NO PLAY,Model edge is below the 3.5-point lean threshold and 4.0-point production threshold.,,FBS,GENERAL HGB,2026,4,401862785,2026-09-26 21:00:00+00:00,False,South Florida,Bowling Green,Doyt L. Perry Stadium,Bowling Green,OH,41.3780114,-83.6225,False,49.5,DraftKings,CFBD,2.0,0.5,49.25,0.25,,50.02509278140453,0.525092781404521,0.525092781404521,over,69.0,48.0,48.0,6.904674552,12.658570012,0.0,0.0,0.0,No meaningful precipitation signal,ok,CLE,Mid-American,American Athletic,fbs,fbs,True,3,outputs/prospective/2026/snapshots/board_20260925T180139Z_run36170490171_a1_66ba0bf4eab2.csv,66ba0bf4eab29fb6f9d28eb7cb9f4142255020cb6c45ca211ed127c48abb5aac,LIVE,False,2026-09-25T17:59:17.122296+00:00,0.0,False,,1618.3347802166668,True,,,,,,,,,,,,49.5,,False,,,,,,NOT QUALIFIER,
board_snapshot,2026-09-25 18:01:39.913187+00:00,2026.6,31e56b010c97f2b28e355236952dac28e3fa11e1c2a9f9e9a9937d4e3f876c98,schedule,"17 13 * * 4,5",36170490171,1,3e56c14d10aeeb2af6ff3a9df7c055744cb8a3c9,True,120,4.0,56.0,7.5,56.0,NO PLAY,FCS-only model does not meet the conservative under-edge screen.,FCS-only HGB; FCS 56+ total,FCS,FCS-only HGB,2026,4,401867847,2026-09-26 21:00:00+00:00,False,Illinois State,Northern Iowa,UNI-Dome,Cedar Falls,IA,42.5156111,-92.4672307,True,58.5,DraftKings,CFBD,1.0,0.0,58.5,0.0,,57.6972014265242,-0.8027985734757986,0.8027985734757986,under,,,,,,,,,Indoor/dome game,indoor,,MVFC,MVFC,fcs,fcs,False,3,outputs/prospective/2026/snapshots/board_20260925T180139Z_run36170490171_a1_66ba0bf4eab2.csv,66ba0bf4eab29fb6f9d28eb7cb9f4142255020cb6c45ca211ed127c48abb5aac,LIVE,False,2026-09-25T17:59:17.122296+00:00,0.0,False,,1618.3347802166668,True,,,,,,,,,,,,58.5,,False,,,,,,NOT QUALIFIER,
board_snapshot,2026-09-25 18:01:39.913187+00:00,2026.6,31e56b010c97f2b28e355236952dac28e3fa11e1c2a9f9e9a9937d4e3f876c98,schedule,"17 13 * * 4,5",36170490171,1,3e56c14d10aeeb2af6ff3a9df7c055744cb8a3c9,True,120,4.0,56.0,7.5,56.0,NO PLAY,Model edge is below the 3.5-point lean threshold and 4.0-point production threshold.,,FBS,GENERAL HGB,2026,4,401858239,2026-09-26 22:00:00+00:00,False,Delaware,Virginia,Scott Stadium,Charlottesville,VA,38.0311801,-78.5137897,False,52.5,DraftKings,CFBD,2.0,0.0,52.5,0.0,,53.45226178225605,0.9522617822560524,0.9522617822560524,over,68.0,49.0,51.0,12.658570012,17.26168638,0.0,0.0,0.0,No meaningful precipitation signal,ok,LWX,ACC,Conference USA,fbs,fbs,True,3,outputs/prospective/2026/snapshots/board_20260925T180139Z_run36170490171_a1_66ba0bf4eab2.csv,66ba0bf4eab29fb6f9d28eb7cb9f4142255020cb6c45ca211ed127c48abb5aac,LIVE,False,2026-09-25T17:59:17.122296+00:00,0.0,False,,1678.3347802166668,True,,,,,,,,,,,,52.5,,False,,,,,,NOT QUALIFIER,
board_snapshot,2026-09-25 18:01:39.913187+00:00,2026.6,31e56b010c97f2b28e355236952dac28e3fa11e1c2a9f9e9a9937d4e3f876c98,schedule,"17 13 * * 4,5",36170490171,1,3e56c14d10aeeb2af6ff3a9df7c055744cb8a3c9,True,120,4.0,56.0,7.5,56.0,NO PLAY,Model edge is below the 3.5-point lean threshold and 4.0-point production threshold.,,OTHER,GENERAL HGB,2026,4,401860892,2026-09-26 22:00:00+00:00,False,Incarnate Word,Texas State,Bobcat Stadium (TX),San Marcos,TX,29.8910008,-97.9255735,False,64.5,DraftKings,CFBD,1.0,0.0,64.5,0.0,,67.38140967479754,2.8814096747975424,2.8814096747975424,over,93.0,65.0,40.0,2.301558184,8.055453644,0.0,0.0,0.0,No meaningful precipitation signal,ok,EWX,Pac-12,Southland,fbs,fcs,False,3,outputs/prospective/2026/snapshots/board_20260925T180139Z_run36170490171_a1_66ba0bf4eab2.csv,66ba0bf4eab29fb6f9d28eb7cb9f4142255020cb6c45ca211ed127c48abb5aac,LIVE,False,2026-09-25T17:59:17.122296+00:00,0.0,False,,1678.3347802166668,True,,,,,,,,,,,,64.5,,False,,,,,,NOT QUALIFIER,
board_snapshot,2026-09-25 18:01:39.913187+00:00,2026.6,31e56b010c97f2b28e355236952dac28e3fa11e1c2a9f9e9a9937d4e3f876c98,schedule,"17 13 * * 4,5",36170490171,1,3e56c14d10aeeb2af6ff3a9df7c055744cb8a3c9,True,120,4.0,56.0,7.5,56.0,NO PLAY,FCS-only model does not meet the conservative under-edge screen.,FCS-only HGB; FCS 56+ total,FCS,FCS-only HGB,2026,4,401866645,2026-09-26 22:00:00+00:00,False,Campbell,Hampton,Armstrong Stadium,Hampton,VA,37.0200894,-76.3331555,False,57.5,DraftKings,CFBD,1.0,0.0,57.5,0.0,,55.91161789500431,-1.5883821049956983,1.5883821049956983,under,69.0,54.0,59.0,20.714023656,31.071035484,27.0,0.0,0.0,Low precipitation chance,ok,AKQ,Coastal Athletic,Coastal Athletic,fcs,fcs,False,3,outputs/prospective/2026/snapshots/board_20260925T180139Z_run36170490171_a1_66ba0bf4eab2.csv,66ba0bf4eab29fb6f9d28eb7cb9f4142255020cb6c45ca211ed127c48abb5aac,LIVE,False,2026-09-25T17:59:17.122296+00:00,0.0,False,,1678.3347802166668,True,,,,,,,,,,,,57.5,,False,,,,,,NOT QUALIFIER,
board_snapshot,2026-09-25 18:01:39.913187+00:00,2026.6,31e56b010c97f2b28e355236952dac28e3fa11e1c2a9f9e9a9937d4e3f876c98,schedule,"17 13 * * 4,5",36170490171,1,3e56c14d10aeeb2af6ff3a9df7c055744cb8a3c9,True,120,4.0,56.0,7.5,56.0,NO PLAY,FCS-only model does not meet the conservative under-edge screen.,FCS-only HGB,FCS,FCS-only HGB,2026,4,401866649,2026-09-26 22:00:00+00:00,False,Towson,Delaware State,Alumni Stadium,Dover,DE,39.189375,-75.5433185,False,50.5,DraftKings,CFBD,1.0,0.0,50.5,0.0,,54.962342170325776,4.462342170325774,4.462342170325774,over,63.0,55.0,75.0,21.864802748,40.27726822,62.0,0.16,0.0,Measurable precipitation forecast,ok,PHI,MEAC,Coastal Athletic,fcs,fcs,False,3,outputs/prospective/2026/snapshots/board_20260925T180139Z_run36170490171_a1_66ba0bf4eab2.csv,66ba0bf4eab29fb6f9d28eb7cb9f4142255020cb6c45ca211ed127c48abb5aac,LIVE,False,2026-09-25T17:59:17.122296+00:00,0.0,False,,1678.3347802166668,True,,,,,,,,,,,,50.5,,False,,,,,,NOT QUALIFIER,
board_snapshot,2026-09-25 18:01:39.913187+00:00,2026.6,31e56b010c97f2b28e355236952dac28e3fa11e1c2a9f9e9a9937d4e3f876c98,schedule,"17 13 * * 4,5",36170490171,1,3e56c14d10aeeb2af6ff3a9df7c055744cb8a3c9,True,120,4.0,56.0,7.5,56.0,NO PLAY,Model edge is below the 3.5-point lean threshold and 4.0-point production threshold.,,OTHER,GENERAL HGB,2026,4,401867909,2026-09-26 22:00:00+00:00,False,Long Island University,Florida International,Pitbull Stadium,Miami,FL,25.7525,-80.37778,False,53.5,DraftKings,CFBD,1.0,0.0,53.5,0.0,,54.766220686955016,1.2662206869550183,1.2662206869550183,over,82.0,70.0,67.0,4.603116368,9.206232736,17.0,0.02,0.0,Measurable precipitation forecast,ok,MFL,Conference USA,NEC,fbs,fcs,False,3,outputs/prospective/2026/snapshots/board_20260925T180139Z_run36170490171_a1_66ba0bf4eab2.csv,66ba0bf4eab29fb6f9d28eb7cb9f4142255020cb6c45ca211ed127c48abb5aac,LIVE,False,2026-09-25T17:59:17.122296+00:00,0.0,False,,1678.3347802166668,True,,,,,,,,,,,,53.5,,False,,,,,,NOT QUALIFIER,
board_snapshot,2026-09-25 18:01:39.913187+00:00,2026.6,31e56b010c97f2b28e355236952dac28e3fa11e1c2a9f9e9a9937d4e3f876c98,schedule,"17 13 * * 4,5",36170490171,1,3e56c14d10aeeb2af6ff3a9df7c055744cb8a3c9,True,120,4.0,56.0,7.5,56.0,NO LINE,No current market total is available.,,OTHER,GENERAL HGB,2026,4,401868243,2026-09-26 22:00:00+00:00,False,Fort Valley State,West Georgia,University Stadium (GA),Carrollton,GA,33.58006,-85.12064,False,,missing,,,,,,,,,,over,,,,,,,,,,,,UAC,SIAC,fcs,ii,False,4,outputs/prospective/2026/snapshots/board_20260925T180139Z_run36170490171_a1_66ba0bf4eab2.csv,66ba0bf4eab29fb6f9d28eb7cb9f4142255020cb6c45ca211ed127c48abb5aac,NO LINE,False,,,False,,1678.3347802166668,True,,,,,,,,,,,,,,False,,,,,,NOT QUALIFIER,
board_snapshot,2026-09-25 18:01:39.913187+00:00,2026.6,31e56b010c97f2b28e355236952dac28e3fa11e1c2a9f9e9a9937d4e3f876c98,schedule,"17 13 * * 4,5",36170490171,1,3e56c14d10aeeb2af6ff3a9df7c055744cb8a3c9,True,120,4.0,56.0,7.5,56.0,NO LINE,No current market total is available.,,OTHER,GENERAL HGB,2026,4,401868308,2026-09-26 22:00:00+00:00,False,Northeastern State,Stephen F. Austin,Homer Bryce Stadium,Nacogdoches,TX,31.625719,-94.6444034,False,,missing,,,,,,,,,,over,,,,,,,,,,,,Southland,Independent DII,fcs,ii,False,4,outputs/prospective/2026/snapshots/board_20260925T180139Z_run36170490171_a1_66ba0bf4eab2.csv,66ba0bf4eab29fb6f9d28eb7cb9f4142255020cb6c45ca211ed127c48abb5aac,NO LINE,False,,,False,,1678.3347802166668,True,,,,,,,,,,,,,,False,,,,,,NOT QUALIFIER,
board_snapshot,2026-09-25 18:01:39.913187+00:00,2026.6,31e56b010c97f2b28e355236952dac28e3fa11e1c2a9f9e9a9937d4e3f876c98,schedule,"17 13 * * 4,5",36170490171,1,3e56c14d10aeeb2af6ff3a9df7c055744cb8a3c9,True,120,4.0,56.0,7.5,56.0,NO PLAY,FCS-only model does not meet the conservative under-edge screen.,FCS-only HGB,FCS,FCS-only HGB,2026,4,401868327,2026-09-26 22:00:00+00:00,False,Mississippi Valley State,Alabama State,Hornet Stadium,Montgomery,AL,32.3642223,-86.2896902,False,55.5,DraftKings,CFBD,1.0,0.0,55.5,0.0,,54.01982041572774,-1.4801795842722545,1.4801795842722545,under,81.0,60.0,49.0,4.603116368,9.206232736,1.0,0.0,0.0,No meaningful precipitation signal,ok,BMX,SWAC,SWAC,fcs,fcs,False,3,outputs/prospective/2026/snapshots/board_20260925T180139Z_run36170490171_a1_66ba0bf4eab2.csv,66ba0bf4eab29fb6f9d28eb7cb9f4142255020cb6c45ca211ed127c48abb5aac,LIVE,False,2026-09-25T17:59:17.122296+00:00,0.0,False,,1678.3347802166668,True,,,,,,,,,,,,55.5,,False,,,,,,NOT QUALIFIER,
board_snapshot,2026-09-25 18:01:39.913187+00:00,2026.6,31e56b010c97f2b28e355236952dac28e3fa11e1c2a9f9e9a9937d4e3f876c98,schedule,"17 13 * * 4,5",36170490171,1,3e56c14d10aeeb2af6ff3a9df7c055744cb8a3c9,True,120,4.0,56.0,7.5,56.0,NO PLAY,Model edge is below the 3.5-point lean threshold and 4.0-point production threshold.,,FBS,GENERAL HGB,2026,4,401869961,2026-09-26 22:00:00+00:00,False,James Madison,Old Dominion,S.B. Ballard Stadium,Norfolk,VA,36.8889533,-76.3049175,False,44.5,DraftKings,CFBD,2.0,0.0,44.5,0.0,,44.73776988695859,0.2377698869585857,0.2377698869585857,over,70.0,54.0,57.0,19.563244564,28.7694773,25.0,0.01,0.0,Low precipitation chance,ok,AKQ,Sun Belt,Sun Belt,fbs,fbs,True,3,outputs/prospective/2026/snapshots/board_20260925T180139Z_run36170490171_a1_66ba0bf4eab2.csv,66ba0bf4eab29fb6f9d28eb7cb9f4142255020cb6c45ca211ed127c48abb5aac,LIVE,False,2026-09-25T17:59:17.122296+00:00,0.0,False,,1678.3347802166668,True,,,,,,,,,,,,44.5,,False,,,,,,NOT QUALIFIER,
board_snapshot,2026-09-25 18:01:39.913187+00:00,2026.6,31e56b010c97f2b28e355236952dac28e3fa11e1c2a9f9e9a9937d4e3f876c98,schedule,"17 13 * * 4,5",36170490171,1,3e56c14d10aeeb2af6ff3a9df7c055744cb8a3c9,True,120,4.0,56.0,7.5,56.0,NO PLAY,Model edge is below the 3.5-point lean threshold and 4.0-point production threshold.,selected total above market median,FBS,GENERAL HGB,2026,4,401858238,2026-09-26 22:30:00+00:00,False,Central Michigan,Miami,Hard Rock Stadium,Miami Gardens,FL,25.9579665,-80.2388604,False,54.5,DraftKings,CFBD,2.0,1.0,54.0,0.5,,54.51688240119763,0.0168824011976258,0.0168824011976258,over,82.0,70.0,67.0,6.904674552,11.50779092,22.0,0.04,0.0,Measurable precipitation forecast,ok,MFL,ACC,Mid-American,fbs,fbs,True,3,outputs/prospective/2026/snapshots/board_20260925T180139Z_run36170490171_a1_66ba0bf4eab2.csv,66ba0bf4eab29fb6f9d28eb7cb9f4142255020cb6c45ca211ed127c48abb5aac,LIVE,False,2026-09-25T17:59:17.122296+00:00,0.0,False,,1708.3347802166668,True,,,,,,,,,,,,54.5,,False,,,,,,NOT QUALIFIER,
board_snapshot,2026-09-25 18:01:39.913187+00:00,2026.6,31e56b010c97f2b28e355236952dac28e3fa11e1c2a9f9e9a9937d4e3f876c98,schedule,"17 13 * * 4,5",36170490171,1,3e56c14d10aeeb2af6ff3a9df7c055744cb8a3c9,True,120,4.0,56.0,7.5,56.0,NO PLAY,Model edge is below the 3.5-point lean threshold and 4.0-point production threshold.,,FBS,GENERAL HGB,2026,4,401862780,2026-09-26 22:30:00+00:00,False,Louisiana,Charlotte,Jerry Richardson Stadium,Charlotte,NC,35.3105033,-80.7401194,False,48.5,DraftKings,CFBD,2.0,0.5,48.75,-0.25,,47.88015317507766,-0.6198468249223442,0.6198468249223442,under,76.0,49.0,40.0,3.452337276,9.206232736,0.0,0.0,0.0,No meaningful precipitation signal,ok,GSP,American Athletic,Sun Belt,fbs,fbs,True,3,outputs/prospective/2026/snapshots/board_20260925T180139Z_run36170490171_a1_66ba0bf4eab2.csv,66ba0bf4eab29fb6f9d28eb7cb9f4142255020cb6c45ca211ed127c48abb5aac,LIVE,False,2026-09-25T17:59:17.122296+00:00,0.0,False,,1708.3347802166668,True,,,,,,,,,,,,48.5,,False,,,,,,NOT QUALIFIER,
board_snapshot,2026-09-25 18:01:39.913187+00:00,2026.6,31e56b010c97f2b28e355236952dac28e3fa11e1c2a9f9e9a9937d4e3f876c98,schedule,"17 13 * * 4,5",36170490171,1,3e56c14d10aeeb2af6ff3a9df7c055744cb8a3c9,True,120,4.0,56.0,7.5,56.0,NO PLAY,Model edge is below the 3.5-point lean threshold and 4.0-point production threshold.,,FBS,GENERAL HGB,2026,4,401856696,2026-09-26 23:00:00+00:00,False,South Carolina,Alabama,Bryant-Denny Stadium,Tuscaloosa,AL,33.2082752,-87.5503836,False,54.5,DraftKings,CFBD,2.0,0.5,54.25,0.25,,56.85797119149453,2.357971191494531,2.357971191494531,over,80.0,60.0,51.0,3.452337276,8.055453644,2.0,0.0,0.0,No meaningful precipitation signal,ok,BMX,SEC,SEC,fbs,fbs,True,3,outputs/prospective/2026/snapshots/board_20260925T180139Z_run36170490171_a1_66ba0bf4eab2.csv,66ba0bf4eab29fb6f9d28eb7cb9f4142255020cb6c45ca211ed127c48abb5aac,LIVE,False,2026-09-25T17:59:17.122296+00:00,0.0,False,,1738.3347802166668,True,,,,,,,,,,,,54.5,,False,,,,,,NOT QUALIFIER,
board_snapshot,2026-09-25 18:01:39.913187+00:00,2026.6,31e56b010c97f2b28e355236952dac28e3fa11e1c2a9f9e9a9937d4e3f876c98,schedule,"17 13 * * 4,5",36170490171,1,3e56c14d10aeeb2af6ff3a9df7c055744cb8a3c9,True,120,4.0,56.0,7.5,56.0,NO PLAY,Model edge is below the 3.5-point lean threshold and 4.0-point production threshold.,,FBS,GENERAL HGB,2026,4,401856814,2026-09-26 23:00:00+00:00,False,Kansas State,Cincinnati,Nippert Stadium,Cincinnati,OH,39.1312495,-84.5161913,False,55.5,DraftKings,CFBD,2.0,0.0,55.5,0.0,,53.39895568941903,-2.1010443105809697,2.1010443105809697,under,65.0,55.0,69.0,4.603116368,8.055453644,0.0,0.0,0.0,No meaningful precipitation signal,ok,ILN,Big 12,Big 12,fbs,fbs,True,3,outputs/prospective/2026/snapshots/board_20260925T180139Z_run36170490171_a1_66ba0bf4eab2.csv,66ba0bf4eab29fb6f9d28eb7cb9f4142255020cb6c45ca211ed127c48abb5aac,LIVE,False,2026-09-25T17:59:17.122296+00:00,0.0,False,,1738.3347802166668,True,,,,,,,,,,,,55.5,,False,,,,,,NOT QUALIFIER,
board_snapshot,2026-09-25 18:01:39.913187+00:00,2026.6,31e56b010c97f2b28e355236952dac28e3fa11e1c2a9f9e9a9937d4e3f876c98,schedule,"17 13 * * 4,5",36170490171,1,3e56c14d10aeeb2af6ff3a9df7c055744cb8a3c9,True,120,4.0,56.0,7.5,56.0,NO PLAY,Model edge is below the 3.5-point lean threshold and 4.0-point production threshold.,,FBS,GENERAL HGB,2026,4,401856881,2026-09-26 23:00:00+00:00,False,Oklahoma State,West Virginia,Milan Puskar Stadium,Morgantown,WV,39.6502744,-79.9551873,False,61.5,DraftKings,CFBD,2.0,0.5,61.25,0.25,,63.285122519637945,1.785122519637947,1.785122519637947,over,63.0,56.0,77.0,4.603116368,11.50779092,0.0,0.0,0.0,No meaningful precipitation signal,ok,PBZ,Big 12,Big 12,fbs,fbs,True,3,outputs/prospective/2026/snapshots/board_20260925T180139Z_run36170490171_a1_66ba0bf4eab2.csv,66ba0bf4eab29fb6f9d28eb7cb9f4142255020cb6c45ca211ed127c48abb5aac,LIVE,False,2026-09-25T17:59:17.122296+00:00,0.0,False,,1738.3347802166668,True,,,,,,,,,,,,61.5,,False,,,,,,NOT QUALIFIER,
board_snapshot,2026-09-25 18:01:39.913187+00:00,2026.6,31e56b010c97f2b28e355236952dac28e3fa11e1c2a9f9e9a9937d4e3f876c98,schedule,"17 13 * * 4,5",36170490171,1,3e56c14d10aeeb2af6ff3a9df7c055744cb8a3c9,True,120,4.0,56.0,7.5,56.0,NO PLAY,Model edge is below the 3.5-point lean threshold and 4.0-point production threshold.,,FBS,GENERAL HGB,2026,4,401862784,2026-09-26 23:00:00+00:00,False,Southern Miss,Tulane,Yulman Stadium,New Orleans,LA,29.944616,-90.116692,False,52.5,DraftKings,CFBD,2.0,0.5,52.75,-0.25,,54.384344367180816,1.8843443671808195,1.8843443671808195,over,84.0,66.0,55.0,2.301558184,3.452337276,0.0,0.0,0.0,No meaningful precipitation signal,ok,LIX,American Athletic,Sun Belt,fbs,fbs,True,3,outputs/prospective/2026/snapshots/board_20260925T180139Z_run36170490171_a1_66ba0bf4eab2.csv,66ba0bf4eab29fb6f9d28eb7cb9f4142255020cb6c45ca211ed127c48abb5aac,LIVE,False,2026-09-25T17:59:17.122296+00:00,0.0,False,,1738.3347802166668,True,,,,,,,,,,,,52.5,,False,,,,,,NOT QUALIFIER,
board_snapshot,2026-09-25 18:01:39.913187+00:00,2026.6,31e56b010c97f2b28e355236952dac28e3fa11e1c2a9f9e9a9937d4e3f876c98,schedule,"17 13 * * 4,5",36170490171,1,3e56c14d10aeeb2af6ff3a9df7c055744cb8a3c9,True,120,4.0,56.0,7.5,56.0,NO PLAY,FCS-only model does not meet the conservative under-edge screen.,FCS-only HGB,FCS,FCS-only HGB,2026,4,401867687,2026-09-26 23:00:00+00:00,False,Norfolk State,Chicago State,SeatGeek Stadium,Bridgeview,IL,41.764722,-87.806111,False,54.5,DraftKings,CFBD,1.0,0.0,54.5,0.0,,56.93009301446919,2.43009301446919,2.43009301446919,over,64.0,51.0,62.0,5.75389546,6.904674552,0.0,0.0,0.0,No meaningful precipitation signal,ok,LOT,FCS Independents,MEAC,fcs,fcs,False,3,outputs/prospective/2026/snapshots/board_20260925T180139Z_run36170490171_a1_66ba0bf4eab2.csv,66ba0bf4eab29fb6f9d28eb7cb9f4142255020cb6c45ca211ed127c48abb5aac,LIVE,False,2026-09-25T17:59:17.122296+00:00,0.0,False,,1738.3347802166668,True,,,,,,,,,,,,54.5,,False,,,,,,NOT QUALIFIER,
board_snapshot,2026-09-25 18:01:39.913187+00:00,2026.6,31e56b010c97f2b28e355236952dac28e3fa11e1c2a9f9e9a9937d4e3f876c98,schedule,"17 13 * * 4,5",36170490171,1,3e56c14d10aeeb2af6ff3a9df7c055744cb8a3c9,True,120,4.0,56.0,7.5,56.0,NO PLAY,FCS-only model points over; the FCS research track has not validated an over production strategy.,5.0+ model edge; FCS-only HGB,FCS,FCS-only HGB,2026,4,401867868,2026-09-26 23:00:00+00:00,False,Southern Illinois,Murray State,Roy Stewart Stadium,Murray,KY,36.6215165,-88.3175531,False,54.5,DraftKings,CFBD,1.0,0.0,54.5,0.0,,61.49295844667729,6.992958446677289,6.992958446677289,over,72.0,55.0,55.0,3.452337276,6.904674552,0.0,0.0,0.0,No meaningful precipitation signal,ok,PAH,MVFC,MVFC,fcs,fcs,False,3,outputs/prospective/2026/snapshots/board_20260925T180139Z_run36170490171_a1_66ba0bf4eab2.csv,66ba0bf4eab29fb6f9d28eb7cb9f4142255020cb6c45ca211ed127c48abb5aac,LIVE,False,2026-09-25T17:59:17.122296+00:00,0.0,False,,1738.3347802166668,True,,,,,,,,,,,,54.5,,False,,,,,,NOT QUALIFIER,
board_snapshot,2026-09-25 18:01:39.913187+00:00,2026.6,31e56b010c97f2b28e355236952dac28e3fa11e1c2a9f9e9a9937d4e3f876c98,schedule,"17 13 * * 4,5",36170490171,1,3e56c14d10aeeb2af6ff3a9df7c055744cb8a3c9,True,120,4.0,56.0,7.5,56.0,NO PLAY,FCS-only model does not meet the conservative under-edge screen.,FCS-only HGB; FCS 56+ total,FCS,FCS-only HGB,2026,4,401867985,2026-09-26 23:00:00+00:00,False,South Carolina State,Bethune-Cookman,Municipal Stadium,Daytona Beach,FL,29.173466,-81.117511,False,58.5,FanDuel (Odds API),The Odds API,1.0,0.0,58.5,0.0,0.97,61.09464135771159,2.5946413577115903,2.5946413577115903,over,75.0,60.0,60.0,8.055453644,14.960128196,0.0,0.0,0.0,No meaningful precipitation signal,ok,MLB,SWAC,MEAC,fcs,fcs,False,3,outputs/prospective/2026/snapshots/board_20260925T180139Z_run36170490171_a1_66ba0bf4eab2.csv,66ba0bf4eab29fb6f9d28eb7cb9f4142255020cb6c45ca211ed127c48abb5aac,LIVE,False,2026-09-25T17:59:17.122296+00:00,0.0,False,,1738.3347802166668,True,,,,,,,,,,,,58.5,,False,,,,,,NOT QUALIFIER,
board_snapshot,2026-09-25 18:01:39.913187+00:00,2026.6,31e56b010c97f2b28e355236952dac28e3fa11e1c2a9f9e9a9937d4e3f876c98,schedule,"17 13 * * 4,5",36170490171,1,3e56c14d10aeeb2af6ff3a9df7c055744cb8a3c9,True,120,4.0,56.0,7.5,56.0,LEAN,"FCS-only HGB points under with a 5.0+ edge and 56+ total, but it does not meet the 7.5-point qualifying edge.",5.0+ model edge; FCS-only HGB; FCS 56+ total,FCS,FCS-only HGB,2026,4,401868076,2026-09-26 23:00:00+00:00,False,Cal Poly,Eastern Washington,Roos Field,Cheney,WA,47.49278,-117.587353,False,59.5,DraftKings,CFBD,1.0,0.0,59.5,0.0,,54.34061959257142,-5.159380407428576,5.159380407428576,under,58.0,32.0,37.0,3.452337276,5.75389546,0.0,0.0,0.0,No meaningful precipitation signal,ok,OTX,Big Sky,Big Sky,fcs,fcs,False,1,outputs/prospective/2026/snapshots/board_20260925T180139Z_run36170490171_a1_66ba0bf4eab2.csv,66ba0bf4eab29fb6f9d28eb7cb9f4142255020cb6c45ca211ed127c48abb5aac,LIVE,False,2026-09-25T17:59:17.122296+00:00,0.0,False,,1738.3347802166668,True,,,,,,,,,,,,59.5,,False,,,,,,NOT QUALIFIER,
board_snapshot,2026-09-25 18:01:39.913187+00:00,2026.6,31e56b010c97f2b28e355236952dac28e3fa11e1c2a9f9e9a9937d4e3f876c98,schedule,"17 13 * * 4,5",36170490171,1,3e56c14d10aeeb2af6ff3a9df7c055744cb8a3c9,True,120,4.0,56.0,7.5,56.0,NO PLAY,FCS-only model points over; the FCS research track has not validated an over production strategy.,5.0+ model edge; FCS-only HGB,FCS,FCS-only HGB,2026,4,401868179,2026-09-26 23:00:00+00:00,False,Eastern Illinois,South Dakota State,Dana J. Dykhouse Stadium,Brookings,SD,44.3210182,-96.7801386,False,53.5,DraftKings,CFBD,1.0,0.0,53.5,0.0,,63.637298691041565,10.13729869104156,10.13729869104156,over,64.0,63.0,97.0,8.055453644,14.960128196,14.0,0.01,0.0,No meaningful precipitation signal,ok,FSD,MVFC,OVC,fcs,fcs,False,3,outputs/prospective/2026/snapshots/board_20260925T180139Z_run36170490171_a1_66ba0bf4eab2.csv,66ba0bf4eab29fb6f9d28eb7cb9f4142255020cb6c45ca211ed127c48abb5aac,LIVE,False,2026-09-25T17:59:17.122296+00:00,0.0,False,,1738.3347802166668,True,,,,,,,,,,,,53.5,,False,,,,,,NOT QUALIFIER,
board_snapshot,2026-09-25 18:01:39.913187+00:00,2026.6,31e56b010c97f2b28e355236952dac28e3fa11e1c2a9f9e9a9937d4e3f876c98,schedule,"17 13 * * 4,5",36170490171,1,3e56c14d10aeeb2af6ff3a9df7c055744cb8a3c9,True,120,4.0,56.0,7.5,56.0,NO PLAY,FCS-only model does not meet the conservative under-edge screen.,5.0+ model edge; FCS-only HGB,FCS,FCS-only HGB,2026,4,401868299,2026-09-26 23:00:00+00:00,False,Alabama A&M,Florida A&M,Bragg Memorial Stadium,Tallahassee,FL,30.4261632,-84.2923095,False,49.5,DraftKings,CFBD,1.0,0.0,49.5,0.0,,43.23467608317058,-6.265323916829416,6.265323916829416,under,78.0,52.0,40.0,3.452337276,8.055453644,0.0,0.0,0.0,No meaningful precipitation signal,ok,TAE,SWAC,SWAC,fcs,fcs,False,3,outputs/prospective/2026/snapshots/board_20260925T180139Z_run36170490171_a1_66ba0bf4eab2.csv,66ba0bf4eab29fb6f9d28eb7cb9f4142255020cb6c45ca211ed127c48abb5aac,LIVE,False,2026-09-25T17:59:17.122296+00:00,0.0,False,,1738.3347802166668,True,,,,,,,,,,,,49.5,,False,,,,,,NOT QUALIFIER,
board_snapshot,2026-09-25 18:01:39.913187+00:00,2026.6,31e56b010c97f2b28e355236952dac28e3fa11e1c2a9f9e9a9937d4e3f876c98,schedule,"17 13 * * 4,5",36170490171,1,3e56c14d10aeeb2af6ff3a9df7c055744cb8a3c9,True,120,4.0,56.0,7.5,56.0,NO PLAY,FCS-only model does not meet the conservative under-edge screen.,FCS-only HGB; FCS 56+ total,FCS,FCS-only HGB,2026,4,401868318,2026-09-26 23:00:00+00:00,False,SE Louisiana,Northwestern State,Harry Turpin Stadium,Natchitoches,LA,31.747259,-93.0961357,False,61.5,DraftKings,CFBD,1.0,0.0,61.5,0.0,,63.34664559288892,1.8466455928889187,1.8466455928889187,over,89.0,61.0,39.0,0.0,4.603116368,0.0,0.0,0.0,No meaningful precipitation signal,ok,SHV,Southland,Southland,fcs,fcs,False,3,outputs/prospective/2026/snapshots/board_20260925T180139Z_run36170490171_a1_66ba0bf4eab2.csv,66ba0bf4eab29fb6f9d28eb7cb9f4142255020cb6c45ca211ed127c48abb5aac,LIVE,False,2026-09-25T17:59:17.122296+00:00,0.0,False,,1738.3347802166668,True,,,,,,,,,,,,61.5,,False,,,,,,NOT QUALIFIER,
board_snapshot,2026-09-25 18:01:39.913187+00:00,2026.6,31e56b010c97f2b28e355236952dac28e3fa11e1c2a9f9e9a9937d4e3f876c98,schedule,"17 13 * * 4,5",36170490171,1,3e56c14d10aeeb2af6ff3a9df7c055744cb8a3c9,True,120,4.0,56.0,7.5,56.0,NO PLAY,FCS-only model does not meet the conservative under-edge screen.,FCS-only HGB,FCS,FCS-only HGB,2026,4,401868954,2026-09-26 23:00:00+00:00,False,Prairie View A&M,Grambling,Cotton Bowl,Dallas,TX,32.779722,-96.759722,False,54.5,DraftKings,CFBD,1.0,0.0,54.5,0.0,,55.56508058795409,1.0650805879540954,1.0650805879540954,over,94.0,63.0,37.0,6.904674552,11.50779092,2.0,0.0,0.0,No meaningful precipitation signal,ok,FWD,SWAC,SWAC,fcs,fcs,False,3,outputs/prospective/2026/snapshots/board_20260925T180139Z_run36170490171_a1_66ba0bf4eab2.csv,66ba0bf4eab29fb6f9d28eb7cb9f4142255020cb6c45ca211ed127c48abb5aac,LIVE,False,2026-09-25T17:59:17.122296+00:00,0.0,False,,1738.3347802166668,True,,,,,,,,,,,,54.5,,False,,,,,,NOT QUALIFIER,
board_snapshot,2026-09-25 18:01:39.913187+00:00,2026.6,31e56b010c97f2b28e355236952dac28e3fa11e1c2a9f9e9a9937d4e3f876c98,schedule,"17 13 * * 4,5",36170490171,1,3e56c14d10aeeb2af6ff3a9df7c055744cb8a3c9,True,120,4.0,56.0,7.5,56.0,NO PLAY,FCS-only model does not meet the conservative under-edge screen.,FCS-only HGB; FCS 56+ total,FCS,FCS-only HGB,2026,4,401868960,2026-09-26 23:00:00+00:00,False,Southern,Jackson State,Mississippi Veterans Memorial Stadium,Jackson,MS,32.3300053,-90.1795578,False,57.5,DraftKings,CFBD,1.0,0.0,57.5,0.0,,57.00893010014445,-0.4910698998555529,0.4910698998555529,under,82.0,65.0,56.0,3.452337276,6.904674552,0.0,0.0,0.0,No meaningful precipitation signal,ok,JAN,SWAC,SWAC,fcs,fcs,False,3,outputs/prospective/2026/snapshots/board_20260925T180139Z_run36170490171_a1_66ba0bf4eab2.csv,66ba0bf4eab29fb6f9d28eb7cb9f4142255020cb6c45ca211ed127c48abb5aac,LIVE,False,2026-09-25T17:59:17.122296+00:00,0.0,False,,1738.3347802166668,True,,,,,,,,,,,,57.5,,False,,,,,,NOT QUALIFIER,
board_snapshot,2026-09-25 18:01:39.913187+00:00,2026.6,31e56b010c97f2b28e355236952dac28e3fa11e1c2a9f9e9a9937d4e3f876c98,schedule,"17 13 * * 4,5",36170490171,1,3e56c14d10aeeb2af6ff3a9df7c055744cb8a3c9,True,120,4.0,56.0,7.5,56.0,NO PLAY,FCS-only model does not meet the conservative under-edge screen.,5.0+ model edge; FCS-only HGB,FCS,FCS-only HGB,2026,4,401869137,2026-09-26 23:00:00+00:00,False,East Texas A&M,McNeese,Cowboy Stadium,Lake Charles,LA,30.1804575,-93.2178729,False,51.5,DraftKings,CFBD,1.0,0.0,51.5,0.0,,45.10548048792002,-6.394519512079981,6.394519512079981,under,86.0,68.0,55.0,5.75389546,8.055453644,0.0,0.0,0.0,No meaningful precipitation signal,ok,LCH,Southland,Southland,fcs,fcs,False,3,outputs/prospective/2026/snapshots/board_20260925T180139Z_run36170490171_a1_66ba0bf4eab2.csv,66ba0bf4eab29fb6f9d28eb7cb9f4142255020cb6c45ca211ed127c48abb5aac,LIVE,False,2026-09-25T17:59:17.122296+00:00,0.0,False,,1738.3347802166668,True,,,,,,,,,,,,51.5,,False,,,,,,NOT QUALIFIER,
board_snapshot,2026-09-25 18:01:39.913187+00:00,2026.6,31e56b010c97f2b28e355236952dac28e3fa11e1c2a9f9e9a9937d4e3f876c98,schedule,"17 13 * * 4,5",36170490171,1,3e56c14d10aeeb2af6ff3a9df7c055744cb8a3c9,True,120,4.0,56.0,7.5,56.0,NO PLAY,Model edge is below the 3.5-point lean threshold and 4.0-point production threshold.,,FBS,GENERAL HGB,2026,4,401869931,2026-09-26 23:00:00+00:00,False,Kennesaw State,Arkansas State,Centennial Bank Stadium,Jonesboro,AR,35.8488977,-90.6677436,False,52.5,DraftKings,CFBD,2.0,0.5,52.75,-0.25,,53.78064176891637,1.2806417689163696,1.2806417689163696,over,80.0,57.0,45.0,9.206232736,10.357011828,0.0,0.0,0.0,No meaningful precipitation signal,ok,MEG,Sun Belt,Conference USA,fbs,fbs,True,3,outputs/prospective/2026/snapshots/board_20260925T180139Z_run36170490171_a1_66ba0bf4eab2.csv,66ba0bf4eab29fb6f9d28eb7cb9f4142255020cb6c45ca211ed127c48abb5aac,LIVE,False,2026-09-25T17:59:17.122296+00:00,0.0,False,,1738.3347802166668,True,,,,,,,,,,,,52.5,,False,,,,,,NOT QUALIFIER,
board_snapshot,2026-09-25 18:01:39.913187+00:00,2026.6,31e56b010c97f2b28e355236952dac28e3fa11e1c2a9f9e9a9937d4e3f876c98,schedule,"17 13 * * 4,5",36170490171,1,3e56c14d10aeeb2af6ff3a9df7c055744cb8a3c9,True,120,4.0,56.0,7.5,56.0,NO PLAY,Model edge is below the 3.5-point lean threshold and 4.0-point production threshold.,,OTHER,GENERAL HGB,2026,4,401870745,2026-09-26 23:00:00+00:00,False,Mercyhurst,Western Kentucky,Houchens Industries-L.T. Smith Stadium,Bowling Green,KY,36.9847901,-86.4594041,False,56.5,DraftKings,CFBD,1.0,0.0,56.5,0.0,,56.60359725021872,0.1035972502187203,0.1035972502187203,over,72.0,45.0,38.0,4.603116368,8.055453644,0.0,0.0,0.0,No meaningful precipitation signal,ok,LMK,Conference USA,NEC,fbs,fcs,False,3,outputs/prospective/2026/snapshots/board_20260925T180139Z_run36170490171_a1_66ba0bf4eab2.csv,66ba0bf4eab29fb6f9d28eb7cb9f4142255020cb6c45ca211ed127c48abb5aac,LIVE,False,2026-09-25T17:59:17.122296+00:00,0.0,False,,1738.3347802166668,True,,,,,,,,,,,,56.5,,False,,,,,,NOT QUALIFIER,
board_snapshot,2026-09-25 18:01:39.913187+00:00,2026.6,31e56b010c97f2b28e355236952dac28e3fa11e1c2a9f9e9a9937d4e3f876c98,schedule,"17 13 * * 4,5",36170490171,1,3e56c14d10aeeb2af6ff3a9df7c055744cb8a3c9,True,120,4.0,56.0,7.5,56.0,NO PLAY,Model edge is below the 3.5-point lean threshold and 4.0-point production threshold.,,FBS,GENERAL HGB,2026,4,401871048,2026-09-26 23:00:00+00:00,False,Middle Tennessee,Jacksonville State,AmFirst Stadium,Jacksonville,AL,33.8201052,-85.76647,False,51.5,DraftKings,CFBD,2.0,0.0,51.5,0.0,,50.52760795885506,-0.9723920411449328,0.9723920411449328,under,77.0,55.0,47.0,3.452337276,8.055453644,1.0,0.0,0.0,No meaningful precipitation signal,ok,BMX,Conference USA,Conference USA,fbs,fbs,True,3,outputs/prospective/2026/snapshots/board_20260925T180139Z_run36170490171_a1_66ba0bf4eab2.csv,66ba0bf4eab29fb6f9d28eb7cb9f4142255020cb6c45ca211ed127c48abb5aac,LIVE,False,2026-09-25T17:59:17.122296+00:00,0.0,False,,1738.3347802166668,True,,,,,,,,,,,,51.5,,False,,,,,,NOT QUALIFIER,
board_snapshot,2026-09-25 18:01:39.913187+00:00,2026.6,31e56b010c97f2b28e355236952dac28e3fa11e1c2a9f9e9a9937d4e3f876c98,schedule,"17 13 * * 4,5",36170490171,1,3e56c14d10aeeb2af6ff3a9df7c055744cb8a3c9,True,120,4.0,56.0,7.5,56.0,NO LINE,No current FCS market total is available.,FCS-only HGB,FCS,GENERAL HGB,2026,4,401871472,2026-09-26 23:00:00+00:00,False,West Florida,Southeast Missouri State,Houck Field,Cape Girardeau,MO,37.3034933,-89.5230357,False,,missing,,,,,,,,,,over,,,,,,,,,,,,OVC,UAC,fcs,fcs,False,4,outputs/prospective/2026/snapshots/board_20260925T180139Z_run36170490171_a1_66ba0bf4eab2.csv,66ba0bf4eab29fb6f9d28eb7cb9f4142255020cb6c45ca211ed127c48abb5aac,NO LINE,False,,,False,,1738.3347802166668,True,,,,,,,,,,,,,,False,,,,,,NOT QUALIFIER,
board_snapshot,2026-09-25 18:01:39.913187+00:00,2026.6,31e56b010c97f2b28e355236952dac28e3fa11e1c2a9f9e9a9937d4e3f876c98,schedule,"17 13 * * 4,5",36170490171,1,3e56c14d10aeeb2af6ff3a9df7c055744cb8a3c9,True,120,4.0,56.0,7.5,56.0,NO PLAY,"Model points over, but overs did not validate as the production direction.",,FBS,GENERAL HGB,2026,4,401856702,2026-09-26 23:30:00+00:00,False,Texas A&M,LSU,Tiger Stadium (LA),Baton Rouge,LA,30.412035,-91.1838163,False,51.5,DraftKings,CFBD,2.0,0.5,51.75,-0.25,,56.422377944399074,4.922377944399073,4.922377944399073,over,85.0,65.0,51.0,2.301558184,4.603116368,0.0,0.0,0.0,No meaningful precipitation signal,ok,LIX,SEC,SEC,fbs,fbs,True,3,outputs/prospective/2026/snapshots/board_20260925T180139Z_run36170490171_a1_66ba0bf4eab2.csv,66ba0bf4eab29fb6f9d28eb7cb9f4142255020cb6c45ca211ed127c48abb5aac,LIVE,False,2026-09-25T17:59:17.122296+00:00,0.0,False,,1768.3347802166668,True,,,,,,,,,,,,51.5,,False,,,,,,NOT QUALIFIER,
board_snapshot,2026-09-25 18:01:39.913187+00:00,2026.6,31e56b010c97f2b28e355236952dac28e3fa11e1c2a9f9e9a9937d4e3f876c98,schedule,"17 13 * * 4,5",36170490171,1,3e56c14d10aeeb2af6ff3a9df7c055744cb8a3c9,True,120,4.0,56.0,7.5,56.0,NO PLAY,Model edge is below the 3.5-point lean threshold and 4.0-point production threshold.,,FBS,GENERAL HGB,2026,4,401856804,2026-09-26 23:30:00+00:00,False,Arizona,Washington State,Gesa Field,Pullman,WA,46.731831,-117.1604991,False,48.5,DraftKings,CFBD,2.0,0.5,48.25,0.25,,49.59755257316576,1.0975525731657598,1.0975525731657598,over,57.0,32.0,38.0,2.301558184,4.603116368,0.0,0.0,0.0,No meaningful precipitation signal,ok,OTX,Pac-12,Big 12,fbs,fbs,True,3,outputs/prospective/2026/snapshots/board_20260925T180139Z_run36170490171_a1_66ba0bf4eab2.csv,66ba0bf4eab29fb6f9d28eb7cb9f4142255020cb6c45ca211ed127c48abb5aac,LIVE,False,2026-09-25T17:59:17.122296+00:00,0.0,False,,1768.3347802166668,True,,,,,,,,,,,,48.5,,False,,,,,,NOT QUALIFIER,
board_snapshot,2026-09-25 18:01:39.913187+00:00,2026.6,31e56b010c97f2b28e355236952dac28e3fa11e1c2a9f9e9a9937d4e3f876c98,schedule,"17 13 * * 4,5",36170490171,1,3e56c14d10aeeb2af6ff3a9df7c055744cb8a3c9,True,120,4.0,56.0,7.5,56.0,NO PLAY,Model edge is below the 3.5-point lean threshold and 4.0-point production threshold.,,FBS,GENERAL HGB,2026,4,401858469,2026-09-26 23:30:00+00:00,False,Oregon,USC,Los Angeles Memorial Coliseum,Los Angeles,CA,34.014167,-118.287778,False,61.5,DraftKings,CFBD,2.0,0.0,61.5,0.0,,60.8868290596208,-0.6131709403792023,0.6131709403792023,under,81.0,58.0,46.0,6.904674552,10.357011828,0.0,0.0,0.0,No meaningful precipitation signal,ok,LOX,Big Ten,Big Ten,fbs,fbs,True,3,outputs/prospective/2026/snapshots/board_20260925T180139Z_run36170490171_a1_66ba0bf4eab2.csv,66ba0bf4eab29fb6f9d28eb7cb9f4142255020cb6c45ca211ed127c48abb5aac,LIVE,False,2026-09-25T17:59:17.122296+00:00,0.0,False,,1768.3347802166668,True,,,,,,,,,,,,61.5,,False,,,,,,NOT QUALIFIER,
board_snapshot,2026-09-25 18:01:39.913187+00:00,2026.6,31e56b010c97f2b28e355236952dac28e3fa11e1c2a9f9e9a9937d4e3f876c98,schedule,"17 13 * * 4,5",36170490171,1,3e56c14d10aeeb2af6ff3a9df7c055744cb8a3c9,True,120,4.0,56.0,7.5,56.0,NO PLAY,Model edge is below the 3.5-point lean threshold and 4.0-point production threshold.,,FBS,GENERAL HGB,2026,4,401860894,2026-09-26 23:30:00+00:00,False,Troy,Utah State,Maverik Stadium,Logan,UT,41.7517394,-111.8116007,False,47.5,DraftKings,CFBD,2.0,0.5,47.25,0.25,,48.52186455600575,1.021864556005749,1.021864556005749,over,77.0,43.0,30.0,5.75389546,14.960128196,0.0,0.0,0.0,No meaningful precipitation signal,ok,SLC,Pac-12,Sun Belt,fbs,fbs,True,3,outputs/prospective/2026/snapshots/board_20260925T180139Z_run36170490171_a1_66ba0bf4eab2.csv,66ba0bf4eab29fb6f9d28eb7cb9f4142255020cb6c45ca211ed127c48abb5aac,LIVE,False,2026-09-25T17:59:17.122296+00:00,0.0,False,,1768.3347802166668,True,,,,,,,,,,,,47.5,,False,,,,,,NOT QUALIFIER,
board_snapshot,2026-09-25 18:01:39.913187+00:00,2026.6,31e56b010c97f2b28e355236952dac28e3fa11e1c2a9f9e9a9937d4e3f876c98,schedule,"17 13 * * 4,5",36170490171,1,3e56c14d10aeeb2af6ff3a9df7c055744cb8a3c9,True,120,4.0,56.0,7.5,56.0,NO PLAY,Model edge is below the 3.5-point lean threshold and 4.0-point production threshold.,,OTHER,GENERAL HGB,2026,4,401862783,2026-09-26 23:30:00+00:00,False,Houston Christian,North Texas,DATCU Stadium,Denton,TX,33.203899,-97.159245,False,59.5,DraftKings,CFBD,1.0,0.0,59.5,0.0,,62.72053137005884,3.2205313700588385,3.2205313700588385,over,92.0,65.0,41.0,6.904674552,12.658570012,2.0,0.0,0.0,No meaningful precipitation signal,ok,FWD,American Athletic,Southland,fbs,fcs,False,3,outputs/prospective/2026/snapshots/board_20260925T180139Z_run36170490171_a1_66ba0bf4eab2.csv,66ba0bf4eab29fb6f9d28eb7cb9f4142255020cb6c45ca211ed127c48abb5aac,LIVE,False,2026-09-25T17:59:17.122296+00:00,0.0,False,,1768.3347802166668,True,,,,,,,,,,,,59.5,,False,,,,,,NOT QUALIFIER,
board_snapshot,2026-09-25 18:01:39.913187+00:00,2026.6,31e56b010c97f2b28e355236952dac28e3fa11e1c2a9f9e9a9937d4e3f876c98,schedule,"17 13 * * 4,5",36170490171,1,3e56c14d10aeeb2af6ff3a9df7c055744cb8a3c9,True,120,4.0,56.0,7.5,56.0,NO PLAY,Model edge is below the 3.5-point lean threshold and 4.0-point production threshold.,,FBS,GENERAL HGB,2026,4,401864572,2026-09-26 23:30:00+00:00,False,App State,NC State,Carter-Finley Stadium,Raleigh,NC,35.8008001,-78.7195655,False,55.5,DraftKings,CFBD,2.0,0.0,55.5,0.0,,58.82422459319121,3.324224593191213,3.324224593191213,over,71.0,46.0,41.0,5.75389546,8.055453644,0.0,0.0,0.0,No meaningful precipitation signal,ok,RAH,ACC,Sun Belt,fbs,fbs,True,3,outputs/prospective/2026/snapshots/board_20260925T180139Z_run36170490171_a1_66ba0bf4eab2.csv,66ba0bf4eab29fb6f9d28eb7cb9f4142255020cb6c45ca211ed127c48abb5aac,LIVE,False,2026-09-25T17:59:17.122296+00:00,0.0,False,,1768.3347802166668,True,,,,,,,,,,,,55.5,,False,,,,,,NOT QUALIFIER,
board_snapshot,2026-09-25 18:01:39.913187+00:00,2026.6,31e56b010c97f2b28e355236952dac28e3fa11e1c2a9f9e9a9937d4e3f876c98,schedule,"17 13 * * 4,5",36170490171,1,3e56c14d10aeeb2af6ff3a9df7c055744cb8a3c9,True,120,4.0,56.0,7.5,56.0,NO PLAY,Model edge is below the 3.5-point lean threshold and 4.0-point production threshold.,,FBS,GENERAL HGB,2026,4,401856703,2026-09-26 23:45:00+00:00,False,Missouri,Mississippi State,Davis Wade Stadium,Starkville,MS,33.4563403,-88.7933652,False,58.5,DraftKings,CFBD,2.0,0.0,58.5,0.0,,57.37359772105431,-1.12640227894569,1.12640227894569,under,81.0,62.0,53.0,3.452337276,9.206232736,0.0,0.0,0.0,No meaningful precipitation signal,ok,JAN,SEC,SEC,fbs,fbs,True,3,outputs/prospective/2026/snapshots/board_20260925T180139Z_run36170490171_a1_66ba0bf4eab2.csv,66ba0bf4eab29fb6f9d28eb7cb9f4142255020cb6c45ca211ed127c48abb5aac,LIVE,False,2026-09-25T17:59:17.122296+00:00,0.0,False,,1783.3347802166668,True,,,,,,,,,,,,58.5,,False,,,,,,NOT QUALIFIER,
board_snapshot,2026-09-25 18:01:39.913187+00:00,2026.6,31e56b010c97f2b28e355236952dac28e3fa11e1c2a9f9e9a9937d4e3f876c98,schedule,"17 13 * * 4,5",36170490171,1,3e56c14d10aeeb2af6ff3a9df7c055744cb8a3c9,True,120,4.0,56.0,7.5,56.0,NO PLAY,Model edge is below the 3.5-point lean threshold and 4.0-point production threshold.,,FBS,GENERAL HGB,2026,4,401856697,2026-09-27 00:00:00+00:00,False,Tulsa,Arkansas,Razorback Stadium,Fayetteville,AR,36.0680662,-94.1789534,False,50.5,DraftKings,CFBD,2.0,0.5,50.75,-0.25,,51.6541186264308,1.1541186264307954,1.1541186264307954,over,80.0,60.0,51.0,5.75389546,9.206232736,1.0,0.0,0.0,No meaningful precipitation signal,ok,TSA,SEC,American Athletic,fbs,fbs,True,3,outputs/prospective/2026/snapshots/board_20260925T180139Z_run36170490171_a1_66ba0bf4eab2.csv,66ba0bf4eab29fb6f9d28eb7cb9f4142255020cb6c45ca211ed127c48abb5aac,LIVE,False,2026-09-25T17:59:17.122296+00:00,0.0,False,,1798.3347802166668,True,,,,,,,,,,,,50.5,,False,,,,,,NOT QUALIFIER,
board_snapshot,2026-09-25 18:01:39.913187+00:00,2026.6,31e56b010c97f2b28e355236952dac28e3fa11e1c2a9f9e9a9937d4e3f876c98,schedule,"17 13 * * 4,5",36170490171,1,3e56c14d10aeeb2af6ff3a9df7c055744cb8a3c9,True,120,4.0,56.0,7.5,56.0,NO PLAY,Model edge is below the 3.5-point lean threshold and 4.0-point production threshold.,,FBS,GENERAL HGB,2026,4,401862782,2026-09-27 00:00:00+00:00,False,Florida Atlantic,UL Monroe,Malone Stadium,Monroe,LA,32.5308089,-92.0660602,False,58.5,DraftKings,CFBD,2.0,0.0,58.5,0.0,,55.840507874198366,-2.659492125801634,2.659492125801634,under,85.0,64.0,50.0,2.301558184,5.75389546,1.0,0.0,0.0,No meaningful precipitation signal,ok,SHV,Sun Belt,American Athletic,fbs,fbs,True,3,outputs/prospective/2026/snapshots/board_20260925T180139Z_run36170490171_a1_66ba0bf4eab2.csv,66ba0bf4eab29fb6f9d28eb7cb9f4142255020cb6c45ca211ed127c48abb5aac,LIVE,False,2026-09-25T17:59:17.122296+00:00,0.0,False,,1798.3347802166668,True,,,,,,,,,,,,58.5,,False,,,,,,NOT QUALIFIER,
board_snapshot,2026-09-25 18:01:39.913187+00:00,2026.6,31e56b010c97f2b28e355236952dac28e3fa11e1c2a9f9e9a9937d4e3f876c98,schedule,"17 13 * * 4,5",36170490171,1,3e56c14d10aeeb2af6ff3a9df7c055744cb8a3c9,True,120,4.0,56.0,7.5,56.0,NO PLAY,FCS-only model does not meet the conservative under-edge screen.,FCS-only HGB,FCS,FCS-only HGB,2026,4,401868052,2026-09-27 00:00:00+00:00,False,Mercer,Abilene Christian,Wildcat Stadium (TX),Abilene,TX,32.472275,-99.710464,False,48.5,FanDuel (Odds API),The Odds API,1.0,0.0,48.5,0.0,0.97,49.93700910476044,1.437009104760444,1.437009104760444,over,89.0,62.0,41.0,9.206232736,13.809349104,28.0,0.0,0.0,Low precipitation chance,ok,SJT,UAC,Southern,fcs,fcs,False,3,outputs/prospective/2026/snapshots/board_20260925T180139Z_run36170490171_a1_66ba0bf4eab2.csv,66ba0bf4eab29fb6f9d28eb7cb9f4142255020cb6c45ca211ed127c48abb5aac,LIVE,False,2026-09-25T17:59:17.122296+00:00,0.0,False,,1798.3347802166668,True,,,,,,,,,,,,48.5,,False,,,,,,NOT QUALIFIER,
board_snapshot,2026-09-25 18:01:39.913187+00:00,2026.6,31e56b010c97f2b28e355236952dac28e3fa11e1c2a9f9e9a9937d4e3f876c98,schedule,"17 13 * * 4,5",36170490171,1,3e56c14d10aeeb2af6ff3a9df7c055744cb8a3c9,True,120,4.0,56.0,7.5,56.0,NO PLAY,FCS-only model points over; the FCS research track has not validated an over production strategy.,5.0+ model edge; refinement: total≥60 + wind≥10; FCS-only HGB; FCS 56+ total,FCS,FCS-only HGB,2026,4,401868103,2026-09-27 00:00:00+00:00,False,Idaho State,Southern Utah,Eccles Coliseum,Cedar City,UT,37.6757919,-113.0773938,False,60.5,FanDuel (Odds API),The Odds API,1.0,0.0,60.5,0.0,0.97,67.08622753317357,6.58622753317357,6.58622753317357,over,76.0,37.0,24.0,11.50779092,23.01558184,0.0,0.0,0.0,No meaningful precipitation signal,ok,SLC,Big Sky,Big Sky,fcs,fcs,False,3,outputs/prospective/2026/snapshots/board_20260925T180139Z_run36170490171_a1_66ba0bf4eab2.csv,66ba0bf4eab29fb6f9d28eb7cb9f4142255020cb6c45ca211ed127c48abb5aac,LIVE,False,2026-09-25T17:59:17.122296+00:00,0.0,False,,1798.3347802166668,True,,,,,,,,,,,,60.5,,False,,,,,,NOT QUALIFIER,
board_snapshot,2026-09-25 18:01:39.913187+00:00,2026.6,31e56b010c97f2b28e355236952dac28e3fa11e1c2a9f9e9a9937d4e3f876c98,schedule,"17 13 * * 4,5",36170490171,1,3e56c14d10aeeb2af6ff3a9df7c055744cb8a3c9,True,120,4.0,56.0,7.5,56.0,NO PLAY,FCS-only model does not meet the conservative under-edge screen.,FCS-only HGB,FCS,FCS-only HGB,2026,4,401868131,2026-09-27 00:00:00+00:00,False,Utah Tech,Northern Colorado,Nottingham Field,Greeley,CO,40.403493,-104.705139,False,49.5,FanDuel (Odds API),The Odds API,1.0,0.0,49.5,0.0,0.97,52.43484442522674,2.9348444252267454,2.9348444252267454,over,81.0,42.0,25.0,5.75389546,12.658570012,0.0,0.0,0.0,No meaningful precipitation signal,ok,BOU,Big Sky,Big Sky,fcs,fcs,False,3,outputs/prospective/2026/snapshots/board_20260925T180139Z_run36170490171_a1_66ba0bf4eab2.csv,66ba0bf4eab29fb6f9d28eb7cb9f4142255020cb6c45ca211ed127c48abb5aac,LIVE,False,2026-09-25T17:59:17.122296+00:00,0.0,False,,1798.3347802166668,True,,,,,,,,,,,,49.5,,False,,,,,,NOT QUALIFIER,
board_snapshot,2026-09-25 18:01:39.913187+00:00,2026.6,31e56b010c97f2b28e355236952dac28e3fa11e1c2a9f9e9a9937d4e3f876c98,schedule,"17 13 * * 4,5",36170490171,1,3e56c14d10aeeb2af6ff3a9df7c055744cb8a3c9,True,120,4.0,56.0,7.5,56.0,NO PLAY,FCS-only model points over; the FCS research track has not validated an over production strategy.,5.0+ model edge; FCS-only HGB; FCS 56+ total,FCS,FCS-only HGB,2026,4,401868155,2026-09-27 00:00:00+00:00,False,Portland State,Weber State,Stewart Stadium,Ogden,UT,41.1918741,-111.9401391,False,65.5,FanDuel (Odds API),The Odds API,1.0,0.0,65.5,0.0,0.97,78.75316383659072,13.253163836590725,13.253163836590725,over,77.0,43.0,30.0,0.0,4.603116368,1.0,0.0,0.0,No meaningful precipitation signal,ok,SLC,Big Sky,Big Sky,fcs,fcs,False,3,outputs/prospective/2026/snapshots/board_20260925T180139Z_run36170490171_a1_66ba0bf4eab2.csv,66ba0bf4eab29fb6f9d28eb7cb9f4142255020cb6c45ca211ed127c48abb5aac,LIVE,False,2026-09-25T17:59:17.122296+00:00,0.0,False,,1798.3347802166668,True,,,,,,,,,,,,65.5,,False,,,,,,NOT QUALIFIER,
board_snapshot,2026-09-25 18:01:39.913187+00:00,2026.6,31e56b010c97f2b28e355236952dac28e3fa11e1c2a9f9e9a9937d4e3f876c98,schedule,"17 13 * * 4,5",36170490171,1,3e56c14d10aeeb2af6ff3a9df7c055744cb8a3c9,True,120,4.0,56.0,7.5,56.0,NO PLAY,Model edge is below the 3.5-point lean threshold and 4.0-point production threshold.,,FBS,GENERAL HGB,2026,4,401858241,2026-09-27 01:00:00+00:00,False,Missouri State,SMU,Gerald J. Ford Stadium,University Park,TX,32.8377223,-96.7827859,False,59.5,DraftKings,CFBD,2.0,0.5,59.75,-0.25,,58.46241912976562,-1.0375808702343812,1.0375808702343812,under,85.0,63.0,47.0,6.904674552,10.357011828,1.0,0.0,0.0,No meaningful precipitation signal,ok,FWD,ACC,Conference USA,fbs,fbs,True,3,outputs/prospective/2026/snapshots/board_20260925T180139Z_run36170490171_a1_66ba0bf4eab2.csv,66ba0bf4eab29fb6f9d28eb7cb9f4142255020cb6c45ca211ed127c48abb5aac,LIVE,False,2026-09-25T17:59:17.122296+00:00,0.0,False,,1858.3347802166668,True,,,,,,,,,,,,59.5,,False,,,,,,NOT QUALIFIER,
board_snapshot,2026-09-25 18:01:39.913187+00:00,2026.6,31e56b010c97f2b28e355236952dac28e3fa11e1c2a9f9e9a9937d4e3f876c98,schedule,"17 13 * * 4,5",36170490171,1,3e56c14d10aeeb2af6ff3a9df7c055744cb8a3c9,True,120,4.0,56.0,7.5,56.0,NO PLAY,"Model points over, but overs did not validate as the production direction.",5.0+ model edge,FBS,GENERAL HGB,2026,4,401860895,2026-09-27 01:00:00+00:00,False,Oregon State,UTEP,Sun Bowl,El Paso,TX,31.7733353,-106.507957,False,56.5,DraftKings,CFBD,2.0,0.5,56.25,0.25,,62.267289356383074,5.767289356383073,5.767289356383073,over,76.0,61.0,60.0,0.0,2.301558184,0.0,0.0,0.0,No meaningful precipitation signal,ok,EPZ,Mountain West,Pac-12,fbs,fbs,True,3,outputs/prospective/2026/snapshots/board_20260925T180139Z_run36170490171_a1_66ba0bf4eab2.csv,66ba0bf4eab29fb6f9d28eb7cb9f4142255020cb6c45ca211ed127c48abb5aac,LIVE,False,2026-09-25T17:59:17.122296+00:00,0.0,False,,1858.3347802166668,True,,,,,,,,,,,,56.5,,False,,,,,,NOT QUALIFIER,
board_snapshot,2026-09-25 18:01:39.913187+00:00,2026.6,31e56b010c97f2b28e355236952dac28e3fa11e1c2a9f9e9a9937d4e3f876c98,schedule,"17 13 * * 4,5",36170490171,1,3e56c14d10aeeb2af6ff3a9df7c055744cb8a3c9,True,120,4.0,56.0,7.5,56.0,NO PLAY,Model edge is below the 3.5-point lean threshold and 4.0-point production threshold.,,FBS,GENERAL HGB,2026,4,401866429,2026-09-27 01:00:00+00:00,False,Massachusetts,Sacramento State,Hornet Stadium,Sacramento,CA,38.5556718,-121.4229607,False,48.5,DraftKings,CFBD,2.0,0.0,48.5,0.0,,49.88373873542911,1.3837387354291066,1.3837387354291066,over,80.0,40.0,24.0,5.75389546,11.50779092,0.0,0.0,0.0,No meaningful precipitation signal,ok,STO,Mid-American,Mid-American,fbs,fbs,True,3,outputs/prospective/2026/snapshots/board_20260925T180139Z_run36170490171_a1_66ba0bf4eab2.csv,66ba0bf4eab29fb6f9d28eb7cb9f4142255020cb6c45ca211ed127c48abb5aac,LIVE,False,2026-09-25T17:59:17.122296+00:00,0.0,False,,1858.3347802166668,True,,,,,,,,,,,,48.5,,False,,,,,,NOT QUALIFIER,
board_snapshot,2026-09-25 18:01:39.913187+00:00,2026.6,31e56b010c97f2b28e355236952dac28e3fa11e1c2a9f9e9a9937d4e3f876c98,schedule,"17 13 * * 4,5",36170490171,1,3e56c14d10aeeb2af6ff3a9df7c055744cb8a3c9,True,120,4.0,56.0,7.5,56.0,NO PLAY,Model edge is below the 3.5-point lean threshold and 4.0-point production threshold.,,FBS,GENERAL HGB,2026,4,401860891,2026-09-27 02:00:00+00:00,False,Rice,Fresno State,Valley Children's Stadium,Fresno,CA,36.8143527,-119.7580092,False,44.5,DraftKings,CFBD,2.0,0.5,44.25,0.25,,47.078841211111246,2.578841211111248,2.578841211111248,over,87.0,52.0,30.0,4.603116368,9.206232736,0.0,0.0,0.0,No meaningful precipitation signal,ok,HNX,Pac-12,American Athletic,fbs,fbs,True,3,outputs/prospective/2026/snapshots/board_20260925T180139Z_run36170490171_a1_66ba0bf4eab2.csv,66ba0bf4eab29fb6f9d28eb7cb9f4142255020cb6c45ca211ed127c48abb5aac,LIVE,False,2026-09-25T17:59:17.122296+00:00,0.0,False,,1918.3347802166668,True,,,,,,,,,,,,44.5,,False,,,,,,NOT QUALIFIER,
board_snapshot,2026-09-25 18:01:39.913187+00:00,2026.6,31e56b010c97f2b28e355236952dac28e3fa11e1c2a9f9e9a9937d4e3f876c98,schedule,"17 13 * * 4,5",36170490171,1,3e56c14d10aeeb2af6ff3a9df7c055744cb8a3c9,True,120,4.0,56.0,7.5,56.0,NO PLAY,FCS-only model does not meet the conservative under-edge screen.,FCS-only HGB; FCS 56+ total,FCS,FCS-only HGB,2026,4,401868113,2026-09-27 02:00:00+00:00,False,Montana,UC Davis,Aggie Stadium,Davis,CA,38.5365266,-121.7627936,False,61.5,FanDuel (Odds API),The Odds API,1.0,0.0,61.5,0.0,0.97,59.76147638653461,-1.7385236134653892,1.7385236134653892,under,73.0,47.0,40.0,5.75389546,11.50779092,0.0,0.0,0.0,No meaningful precipitation signal,ok,STO,Big Sky,Big Sky,fcs,fcs,False,3,outputs/prospective/2026/snapshots/board_20260925T180139Z_run36170490171_a1_66ba0bf4eab2.csv,66ba0bf4eab29fb6f9d28eb7cb9f4142255020cb6c45ca211ed127c48abb5aac,LIVE,False,2026-09-25T17:59:17.122296+00:00,0.0,False,,1918.3347802166668,True,,,,,,,,,,,,61.5,,False,,,,,,NOT QUALIFIER,
board_snapshot,2026-09-25 18:01:39.913187+00:00,2026.6,31e56b010c97f2b28e355236952dac28e3fa11e1c2a9f9e9a9937d4e3f876c98,schedule,"17 13 * * 4,5",36170490171,1,3e56c14d10aeeb2af6ff3a9df7c055744cb8a3c9,True,120,4.0,56.0,7.5,56.0,NO PLAY,Model edge is below the 3.5-point lean threshold and 4.0-point production threshold.,,FBS,GENERAL HGB,2026,4,401858240,2026-09-27 02:30:00+00:00,False,Georgia Tech,Stanford,Stanford Stadium,Stanford,CA,37.4345556,-122.1611271,False,48.5,DraftKings,CFBD,2.0,0.0,48.5,0.0,,49.598916691525766,1.0989166915257662,1.0989166915257662,over,66.0,54.0,66.0,8.055453644,13.809349104,0.0,0.0,0.0,No meaningful precipitation signal,ok,MTR,ACC,ACC,fbs,fbs,True,3,outputs/prospective/2026/snapshots/board_20260925T180139Z_run36170490171_a1_66ba0bf4eab2.csv,66ba0bf4eab29fb6f9d28eb7cb9f4142255020cb6c45ca211ed127c48abb5aac,LIVE,False,2026-09-25T17:59:17.122296+00:00,0.0,False,,1948.3347802166668,True,,,,,,,,,,,,48.5,,False,,,,,,NOT QUALIFIER,
board_snapshot,2026-09-25 18:01:39.913187+00:00,2026.6,31e56b010c97f2b28e355236952dac28e3fa11e1c2a9f9e9a9937d4e3f876c98,schedule,"17 13 * * 4,5",36170490171,1,3e56c14d10aeeb2af6ff3a9df7c055744cb8a3c9,True,120,4.0,56.0,7.5,56.0,NO PLAY,Model edge is below the 3.5-point lean threshold and 4.0-point production threshold.,,FBS,GENERAL HGB,2026,4,401864509,2026-09-27 02:30:00+00:00,False,Air Force,Nevada,Mackay Stadium,Reno,NV,39.5469459,-119.8175435,False,50.5,DraftKings,CFBD,2.0,0.0,50.5,0.0,,51.73068282389672,1.2306828238967138,1.2306828238967138,over,72.0,37.0,28.0,13.809349104,24.166360932000003,0.0,0.0,0.0,No meaningful precipitation signal,ok,REV,Mountain West,Mountain West,fbs,fbs,True,3,outputs/prospective/2026/snapshots/board_20260925T180139Z_run36170490171_a1_66ba0bf4eab2.csv,66ba0bf4eab29fb6f9d28eb7cb9f4142255020cb6c45ca211ed127c48abb5aac,LIVE,False,2026-09-25T17:59:17.122296+00:00,0.0,False,,1948.3347802166668,True,,,,,,,,,,,,50.5,,False,,,,,,NOT QUALIFIER,
board_snapshot,2026-09-25 18:01:39.913187+00:00,2026.6,31e56b010c97f2b28e355236952dac28e3fa11e1c2a9f9e9a9937d4e3f876c98,schedule,"17 13 * * 4,5",36170490171,1,3e56c14d10aeeb2af6ff3a9df7c055744cb8a3c9,True,120,4.0,56.0,7.5,56.0,NO PLAY,FCS-only model points over; the FCS research track has not validated an over production strategy.,5.0+ model edge; FCS-only HGB; FCS 56+ total,FCS,FCS-only HGB,2026,4,401868120,2026-09-27 02:30:00+00:00,False,Northern Arizona,Montana State,Bobcat Stadium,Bozeman,MT,45.659048,-111.049547,False,56.5,FanDuel (Odds API),The Odds API,1.0,0.0,56.5,0.0,0.97,62.01709752908077,5.517097529080769,5.517097529080769,over,57.0,37.0,47.0,3.452337276,10.357011828,0.0,0.0,0.0,No meaningful precipitation signal,ok,TFX,Big Sky,Big Sky,fcs,fcs,False,3,outputs/prospective/2026/snapshots/board_20260925T180139Z_run36170490171_a1_66ba0bf4eab2.csv,66ba0bf4eab29fb6f9d28eb7cb9f4142255020cb6c45ca211ed127c48abb5aac,LIVE,False,2026-09-25T17:59:17.122296+00:00,0.0,False,,1948.3347802166668,True,,,,,,,,,,,,56.5,,False,,,,,,NOT QUALIFIER,
board_snapshot,2026-09-25 18:01:39.913187+00:00,2026.6,31e56b010c97f2b28e355236952dac28e3fa11e1c2a9f9e9a9937d4e3f876c98,schedule,"17 13 * * 4,5",36170490171,1,3e56c14d10aeeb2af6ff3a9df7c055744cb8a3c9,True,120,4.0,56.0,7.5,56.0,NO PLAY,Model edge is below the 3.5-point lean threshold and 4.0-point production threshold.,,FBS,GENERAL HGB,2026,4,401858470,2026-09-27 03:00:00+00:00,False,Minnesota,Washington,Husky Stadium,Seattle,WA,47.6503235,-122.3015746,False,45.5,DraftKings,CFBD,2.0,0.5,45.75,-0.25,,45.87520712583816,0.375207125838162,0.375207125838162,over,56.0,47.0,72.0,4.603116368,6.904674552,0.0,0.0,0.0,No meaningful precipitation signal,ok,SEW,Big Ten,Big Ten,fbs,fbs,True,3,outputs/prospective/2026/snapshots/board_20260925T180139Z_run36170490171_a1_66ba0bf4eab2.csv,66ba0bf4eab29fb6f9d28eb7cb9f4142255020cb6c45ca211ed127c48abb5aac,LIVE,False,2026-09-25T17:59:17.122296+00:00,0.0,False,,1978.3347802166668,True,,,,,,,,,,,,45.5,,False,,,,,,NOT QUALIFIER,
