filter_name,category,description,games,graded,wins,losses,pushes,hit_rate,hit_rate_minus_breakeven,hit_rate_wilson_low,hit_rate_wilson_high,net_units_1u_each,roi_per_1u,target_roi_10pct_gap,recent_2022_plus_graded,recent_2022_plus_roi,season_count,positive_seasons,losing_seasons,positive_season_rate,max_drawdown_units,avg_closing_total,avg_hgb_abs_edge,avg_market_residual,line_movement_clv_proxy_note,overfit_flags,shortlist_candidate,score
hgb_under_3p5_provider_caesars_sportsbook_colorado,provider,HGB under 3.5+ using line provider Caesars Sportsbook (Colorado).,2,2,2,0,0,1.0,0.47619047619047616,0.34237195288961925,1.0,1.8181818181818181,0.9090909090909091,0.8090909090909091,2,0.9090909090909091,1,1,0,1.0,0.0,49.25,5.635211150200688,-5.25,true current-to-close CLV not available in historical file,"small_sample,thin_recent_sample,high_roi_thin_sample",False,178.67636363636362
hgb_under_3p5_combo_total_60_63_wind_ge_15,weather_total_combo_grid,HGB under 3.5+ with total 60-63 and wind >= 15 mph.,16,16,11,5,0,0.6875,0.16369047619047616,0.4440393186673406,0.8583556494803894,5.0,0.3125,0.2125,3,0.9090909090909091,8,4,4,0.5,-3.0,61.3125,6.195309028162057,-6.1875,true current-to-close CLV not available in historical file,"small_sample,thin_recent_sample,weak_season_stability,high_roi_thin_sample",False,111.19727272727272
hgb_under_3p5_combo_total_ge_58_thunder_flag,weather_total_combo_grid,HGB under 3.5+ with total >= 58 and thunderstorm text flag.,2,2,2,0,0,1.0,0.47619047619047616,0.34237195288961925,1.0,1.8181818181818181,0.9090909090909091,0.8090909090909091,0,,2,2,0,1.0,0.0,64.25,6.645348197552212,-10.75,true current-to-close CLV not available in historical file,"small_sample,thin_recent_sample,high_roi_thin_sample",False,105.94909090909091
hgb_under_3p5_combo_total_ge_60_thunder_flag,weather_total_combo_grid,HGB under 3.5+ with total >= 60 and thunderstorm text flag.,2,2,2,0,0,1.0,0.47619047619047616,0.34237195288961925,1.0,1.8181818181818181,0.9090909090909091,0.8090909090909091,0,,2,2,0,1.0,0.0,64.25,6.645348197552212,-10.75,true current-to-close CLV not available in historical file,"small_sample,thin_recent_sample,high_roi_thin_sample",False,105.94909090909091
hgb_under_3p5_combo_heat_ge_85_humid_ge_80,weather_combo_grid,HGB under 3.5+ with temp >= 85F and humidity >= 80%.,1,1,1,0,0,1.0,0.47619047619047616,0.20654329147389294,1.0,0.9090909090909091,0.9090909090909091,0.8090909090909091,0,,1,1,0,1.0,0.0,64.0,4.732914260895505,-17.0,true current-to-close CLV not available in historical file,"small_sample,thin_recent_sample,high_roi_thin_sample",False,105.9290909090909
hgb_under_3p5_combo_total_60_63_thunder_flag,weather_total_combo_grid,HGB under 3.5+ with total 60-63 and thunderstorm text flag.,1,1,1,0,0,1.0,0.47619047619047616,0.20654329147389294,1.0,0.9090909090909091,0.9090909090909091,0.8090909090909091,0,,1,1,0,1.0,0.0,60.0,4.425895887000104,-6.0,true current-to-close CLV not available in historical file,"small_sample,thin_recent_sample,high_roi_thin_sample",False,105.9290909090909
hgb_under_3p5_combo_total_60_63_wind_ge_12,weather_total_combo_grid,HGB under 3.5+ with total 60-63 and wind >= 12 mph.,40,39,28,11,1,0.717948717948718,0.19413919413919412,0.5622438267752261,0.8345667498605671,14.454545454545453,0.37062937062937057,0.27062937062937054,7,0.6363636363636364,10,6,4,0.6,-3.0,61.35,5.9221954471105,-6.05,true current-to-close CLV not available in historical file,"small_sample,thin_recent_sample,high_roi_thin_sample",False,97.15202797202798
hgb_under_3p5_combo_wind_ge_12_rain_flag_total_ge_56,weather_combo_grid,"HGB under 3.5+ with wind >= 12 mph, rain/thunder text or precip amount, and total >= 56.",26,26,20,6,0,0.7692307692307693,0.24542124542124544,0.5794807424804321,0.8896630031632332,12.18181818181818,0.46853146853146843,0.36853146853146845,8,0.43181818181818177,7,7,0,1.0,-3.090909090909091,62.57692307692308,6.931879536709719,-7.384615384615385,true current-to-close CLV not available in historical file,"small_sample,thin_recent_sample,high_roi_thin_sample",False,96.30041958041956
hgb_under_3p5_combo_wind_ge_12_precip_any_total_ge_56,weather_combo_grid,"HGB under 3.5+ with wind >= 12 mph, any precipitation flag, and total >= 56.",26,26,20,6,0,0.7692307692307693,0.24542124542124544,0.5794807424804321,0.8896630031632332,12.18181818181818,0.46853146853146843,0.36853146853146845,8,0.43181818181818177,7,7,0,1.0,-3.090909090909091,62.57692307692308,6.931879536709719,-7.384615384615385,true current-to-close CLV not available in historical file,"small_sample,thin_recent_sample,high_roi_thin_sample",False,96.30041958041956
hgb_under_3p5_combo_high_pass_rate_total_ge_56_cold_le_50,weather_team_style_total_grid,"HGB under 3.5+ with top 30% pass-rate proxy, total >= 56, and temp <= 50F.",35,34,20,14,1,0.5882352941176471,0.06442577030812324,0.42221304146519273,0.7363426221431113,4.181818181818182,0.1229946524064171,0.0229946524064171,5,0.909090909090909,9,6,3,0.6666666666666666,-7.545454545454545,63.67142857142857,5.793436557286796,-1.5857142857142856,true current-to-close CLV not available in historical file,"small_sample,thin_recent_sample",False,94.19764705882352
hgb_under_3p5_combo_high_pass_rate_total_ge_58_cold_le_50,weather_team_style_total_grid,"HGB under 3.5+ with top 30% pass-rate proxy, total >= 58, and temp <= 50F.",26,25,14,11,1,0.56,0.03619047619047622,0.37067017019564436,0.7333462505299744,1.7272727272727268,0.06909090909090908,-0.030909090909090928,5,0.909090909090909,8,5,3,0.625,-7.0,66.03846153846153,6.0368457474467245,-2.0384615384615383,true current-to-close CLV not available in historical file,"small_sample,thin_recent_sample",False,88.11136363636362
hgb_under_3p5_combo_total_60_63_cold_le_50,weather_total_combo_grid,HGB under 3.5+ with total 60-63 and temp <= 50F.,24,23,15,8,1,0.6521739130434783,0.12836438923395443,0.4488997690689164,0.8118894536301776,5.636363636363636,0.24505928853754938,0.14505928853754937,8,0.6704545454545454,8,4,4,0.5,-3.2727272727272725,61.666666666666664,5.346618225031569,-6.541666666666667,true current-to-close CLV not available in historical file,"small_sample,thin_recent_sample,weak_season_stability,high_roi_thin_sample",False,85.4477470355731
hgb_under_3p5_combo_wind_ge_12_rain_flag,weather_combo_grid,HGB under 3.5+ with wind >= 12 mph and rain/thunder text or precip amount.,55,55,42,13,0,0.7636363636363637,0.23982683982683983,0.6365138127856039,0.8563347841254251,25.181818181818183,0.45785123966942154,0.35785123966942156,16,0.3125,10,8,2,0.8,-3.2727272727272725,54.554545454545455,6.776072999716879,-5.790909090909091,true current-to-close CLV not available in historical file,"small_sample,thin_recent_sample,high_roi_thin_sample",False,83.23057851239669
hgb_under_3p5_combo_high_pass_rate_humid_ge_80,weather_team_style_grid,HGB under 3.5+ with top 30% pass-rate proxy and humidity >= 80%.,70,70,44,26,0,0.6285714285714286,0.10476190476190472,0.5114698481852806,0.7322951839917036,13.999999999999995,0.19999999999999993,0.09999999999999992,14,0.6363636363636364,10,7,3,0.7,-6.090909090909091,58.48571428571429,6.1289061038988315,-5.242857142857143,true current-to-close CLV not available in historical file,"small_sample,thin_recent_sample",False,81.5909090909091
hgb_under_3p5_combo_total_60_63_wind_ge_10,weather_total_combo_grid,HGB under 3.5+ with total 60-63 and wind >= 10 mph.,60,59,41,18,1,0.6949152542372882,0.17110573042776434,0.5685343274025617,0.7974652652239788,19.272727272727273,0.32665639445300465,0.22665639445300464,15,0.39999999999999997,10,7,3,0.7,-4.0,61.325,5.857886888892761,-5.241666666666666,true current-to-close CLV not available in historical file,"small_sample,thin_recent_sample,high_roi_thin_sample",False,75.54563944530047
hgb_under_3p5_combo_high_pass_rate_total_60_63_cold_le_50,weather_team_style_total_grid,"HGB under 3.5+ with top 30% pass-rate proxy, total 60-63, and temp <= 50F.",5,4,2,2,1,0.5,-0.023809523809523836,0.15003570882017148,0.8499642911798285,-0.18181818181818177,-0.04545454545454544,-0.14545454545454545,1,0.9090909090909091,5,2,2,0.4,-2.0,61.7,5.2722954336419035,-2.9,true current-to-close CLV not available in historical file,"small_sample,thin_recent_sample,weak_season_stability",False,73.86181818181817
hgb_under_3p5_combo_wind_ge_12_precip_any,weather_combo_grid,HGB under 3.5+ with wind >= 12 mph and any precipitation flag.,56,56,42,14,0,0.75,0.22619047619047616,0.6230710799856808,0.8448308477702616,24.18181818181818,0.43181818181818177,0.3318181818181818,17,0.23529411764705882,10,7,3,0.7,-3.2727272727272725,54.357142857142854,6.742871580325516,-5.678571428571429,true current-to-close CLV not available in historical file,"small_sample,thin_recent_sample,high_roi_thin_sample",False,72.97080213903743
hgb_under_3p5_combo_total_60_63_cold_le_45,weather_total_combo_grid,HGB under 3.5+ with total 60-63 and temp <= 45F.,16,15,9,6,1,0.6,0.07619047619047614,0.357464427565077,0.8017577191740534,2.1818181818181817,0.14545454545454545,0.04545454545454544,7,0.6363636363636364,8,4,4,0.5,-4.0,61.625,4.958800997090435,-7.5625,true current-to-close CLV not available in historical file,"small_sample,thin_recent_sample,weak_season_stability",False,72.45454545454545
hgb_under_3p5_combo_total_ge_60_wind_ge_15,weather_total_combo_grid,HGB under 3.5+ with total >= 60 and wind >= 15 mph.,50,49,28,21,1,0.5714285714285714,0.04761904761904756,0.4327024751701555,0.6997689110104294,4.454545454545454,0.0909090909090909,-0.009090909090909108,10,0.7181818181818181,9,4,5,0.4444444444444444,-10.363636363636363,65.36,6.2850636566903395,-1.48,true current-to-close CLV not available in historical file,"small_sample,thin_recent_sample,weak_season_stability",False,72.11939393939394
hgb_under_3p5_combo_high_pass_rate_total_ge_60_cold_le_50,weather_team_style_total_grid,"HGB under 3.5+ with top 30% pass-rate proxy, total >= 60, and temp <= 50F.",22,21,10,11,1,0.47619047619047616,-0.04761904761904767,0.28343712296762946,0.6763078209973324,-1.9090909090909092,-0.09090909090909091,-0.19090909090909092,4,0.9090909090909091,8,4,4,0.5,-7.272727272727273,67.43181818181819,6.053150573634718,0.022727272727272728,true current-to-close CLV not available in historical file,"small_sample,thin_recent_sample,weak_season_stability",False,70.10181818181817
hgb_under_3p5_combo_total_60_63_cold_le_55,weather_total_combo_grid,HGB under 3.5+ with total 60-63 and temp <= 55F.,40,39,25,14,1,0.6410256410256411,0.11721611721611724,0.484178631846895,0.772581153035089,8.727272727272727,0.22377622377622375,0.12377622377622374,12,0.4318181818181818,10,6,4,0.6,-4.454545454545454,61.55,5.62878221223041,-4.5,true current-to-close CLV not available in historical file,"small_sample,thin_recent_sample,high_roi_thin_sample",False,65.81216783216783
hgb_under_3p5_combo_total_60_63_humid_ge_80,weather_total_combo_grid,HGB under 3.5+ with total 60-63 and humidity >= 80%.,33,33,22,11,0,0.6666666666666666,0.1428571428571428,0.4960758179994997,0.8024997053219629,8.999999999999998,0.27272727272727265,0.17272727272727265,10,0.3363636363636363,8,6,2,0.75,-5.0,61.45454545454545,6.468675250830453,-4.696969696969697,true current-to-close CLV not available in historical file,"small_sample,thin_recent_sample,high_roi_thin_sample",False,65.09181818181817
hgb_under_3p5_combo_total_ge_60_humid_ge_80,weather_total_combo_grid,HGB under 3.5+ with total >= 60 and humidity >= 80%.,108,107,68,39,1,0.6355140186915887,0.11170449488206491,0.5410943693834448,0.7205402515530989,22.81818181818182,0.21325403568394224,0.11325403568394224,28,0.3636363636363635,10,9,1,0.9,-6.090909090909091,66.37962962962963,6.426270233607882,-2.6666666666666665,true current-to-close CLV not available in historical file,"thin_recent_sample,high_roi_thin_sample",True,64.83813084112148
hgb_under_3p5_combo_total_ge_56_humid_ge_80,weather_total_combo_grid,HGB under 3.5+ with total >= 56 and humidity >= 80%.,145,144,88,56,1,0.6111111111111112,0.08730158730158732,0.5295875556674611,0.6868603182732972,24.0,0.16666666666666666,0.06666666666666665,36,0.4318181818181817,10,8,2,0.8,-8.181818181818182,64.17241379310344,6.413635788539533,-2.1862068965517243,true current-to-close CLV not available in historical file,none,True,64.45575757575756
hgb_under_3p5_combo_total_ge_58_humid_ge_80,weather_total_combo_grid,HGB under 3.5+ with total >= 58 and humidity >= 80%.,125,124,76,48,1,0.6129032258064516,0.08909370199692779,0.5250067645169081,0.6940142740182793,21.090909090909097,0.17008797653958949,0.07008797653958948,33,0.4462809917355371,10,7,3,0.7,-6.909090909090908,65.352,6.435071373765743,-2.176,true current-to-close CLV not available in historical file,none,True,64.30945881098374
hgb_under_3p5_combo_cold_le_50_wind_ge_12_precip_any,weather_combo_grid,"HGB under 3.5+ with temp <= 50F, wind >= 12 mph, and any precipitation flag.",10,10,8,2,0,0.8,0.2761904761904762,0.49015684672072335,0.9433190520193067,5.2727272727272725,0.5272727272727272,0.42727272727272725,2,-0.04545454545454547,7,6,1,0.8571428571428571,-1.0,52.55,6.021054459240506,-9.15,true current-to-close CLV not available in historical file,"small_sample,thin_recent_sample,negative_recent_roi,high_roi_thin_sample",False,61.94805194805193
hgb_under_3p5_combo_total_60_63_cold_le_40,weather_total_combo_grid,HGB under 3.5+ with total 60-63 and temp <= 40F.,7,7,3,4,0,0.42857142857142855,-0.09523809523809529,0.15821692226262685,0.7495457695909742,-1.2727272727272725,-0.1818181818181818,-0.2818181818181818,2,0.9090909090909091,7,3,4,0.42857142857142855,-3.090909090909091,61.07142857142857,5.04680421879497,-5.785714285714286,true current-to-close CLV not available in historical file,"small_sample,thin_recent_sample,weak_season_stability",False,60.49584415584415
hgb_under_3p5_combo_total_ge_56_cold_le_55,weather_total_combo_grid,HGB under 3.5+ with total >= 56 and temp <= 55F.,197,194,112,82,3,0.5773195876288659,0.05351006381934209,0.5069665178813615,0.6446699428023369,19.818181818181817,0.1021555763823805,0.0021555763823804946,42,0.4545454545454546,10,7,3,0.7,-11.272727272727273,63.58629441624365,6.179074977808384,-0.3934010152284264,true current-to-close CLV not available in historical file,none,True,58.70464854732896
hgb_under_3p5_combo_total_ge_60_wind_ge_12,weather_total_combo_grid,HGB under 3.5+ with total >= 60 and wind >= 12 mph.,120,118,73,45,2,0.6186440677966102,0.09483454398708635,0.5285752066363015,0.7012313618920173,21.363636363636363,0.1810477657935285,0.08104776579352849,31,0.3548387096774193,10,6,4,0.6,-9.272727272727273,65.7125,6.536448175175622,-1.6791666666666667,true current-to-close CLV not available in historical file,none,True,55.99732789900094
hgb_under_3p5_combo_total_ge_56_cold_le_45,weather_total_combo_grid,HGB under 3.5+ with total >= 56 and temp <= 45F.,91,89,49,40,2,0.550561797752809,0.026752273943285165,0.4472614742822269,0.6496778287888101,4.545454545454546,0.05107252298263534,-0.04892747701736466,22,0.4752066115702478,10,7,3,0.7,-9.09090909090909,63.11538461538461,6.2000241772907865,-1.1813186813186813,true current-to-close CLV not available in historical file,"small_sample,thin_recent_sample",False,53.58559940570154
hgb_under_3p5_combo_heat_ge_85_humid_ge_70_total_ge_56,weather_combo_grid,"HGB under 3.5+ with temp >= 85F, humidity >= 70%, and total >= 56.",4,4,3,1,0,0.75,0.22619047619047616,0.3006360524426366,0.9544139373553637,1.727272727272727,0.43181818181818177,0.3318181818181818,0,,3,2,1,0.6666666666666666,-1.0,67.625,6.042886185250083,-8.875,true current-to-close CLV not available in historical file,"small_sample,thin_recent_sample,high_roi_thin_sample",False,53.061818181818175
hgb_under_3p5_high_total_cold50,weather_total_combo,"HGB under 3.5+, total 56+, temp <= 50F.",138,135,75,60,3,0.5555555555555556,0.031746031746031744,0.47134917126965303,0.6366876130946874,8.181818181818183,0.060606060606060615,-0.03939393939393939,28,0.43181818181818166,10,7,3,0.7,-10.545454545454545,63.23550724637681,6.118412842579252,0.4166666666666667,true current-to-close CLV not available in historical file,thin_recent_sample,True,51.69696969696969
hgb_under_3p5_combo_total_ge_56_cold_le_50,weather_total_combo_grid,HGB under 3.5+ with total >= 56 and temp <= 50F.,138,135,75,60,3,0.5555555555555556,0.031746031746031744,0.47134917126965303,0.6366876130946874,8.181818181818183,0.060606060606060615,-0.03939393939393939,28,0.43181818181818166,10,7,3,0.7,-10.545454545454545,63.23550724637681,6.118412842579252,0.4166666666666667,true current-to-close CLV not available in historical file,thin_recent_sample,True,51.69696969696969
hgb_under_3p5_combo_high_pass_rate_dewpoint_ge_70,weather_team_style_grid,HGB under 3.5+ with top 30% pass-rate proxy and dewpoint >= 70F.,25,25,15,10,0,0.6,0.07619047619047614,0.40739127785127344,0.7659694233580909,3.6363636363636362,0.14545454545454545,0.04545454545454544,7,0.36363636363636365,8,4,4,0.5,-4.090909090909091,56.74,6.752811280421291,-2.78,true current-to-close CLV not available in historical file,"small_sample,thin_recent_sample,weak_season_stability",False,50.81818181818182
hgb_under_3p5_combo_total_ge_58_cold_le_55,weather_total_combo_grid,HGB under 3.5+ with total >= 58 and temp <= 55F.,161,159,91,68,2,0.5723270440251572,0.04851752021563338,0.4946125003705697,0.6466290497001741,14.727272727272727,0.09262435677530016,-0.007375643224699843,38,0.4066985645933013,10,5,5,0.5,-10.363636363636363,65.08385093167702,6.267789928279183,-0.8850931677018633,true current-to-close CLV not available in historical file,weak_season_stability,False,50.405593572266845
hgb_under_3p5_combo_total_ge_58_wind_ge_12,weather_total_combo_grid,HGB under 3.5+ with total >= 58 and wind >= 12 mph.,142,140,84,56,2,0.6,0.07619047619047614,0.5172240406779871,0.6774345281922145,20.363636363636367,0.14545454545454548,0.04545454545454547,39,0.3216783216783216,10,6,4,0.6,-9.363636363636363,64.6056338028169,6.478188549291864,-1.0985915492957747,true current-to-close CLV not available in historical file,none,True,50.206993006993
hgb_under_3p5_combo_high_pass_rate_precip_any,weather_team_style_grid,HGB under 3.5+ with top 30% pass-rate proxy and any precipitation flag.,58,57,35,22,1,0.6140350877192983,0.09022556390977443,0.484294964443229,0.7293746300447528,9.818181818181817,0.17224880382775118,0.07224880382775117,12,0.2727272727272727,10,7,3,0.7,-4.545454545454545,58.61206896551724,6.780606089756825,-3.043103448275862,true current-to-close CLV not available in historical file,"small_sample,thin_recent_sample",False,49.77397129186603
hgb_under_3p5_combo_high_pass_rate_rain_flag,weather_team_style_grid,HGB under 3.5+ with top 30% pass-rate proxy and rain/thunder text or precip amount.,58,57,35,22,1,0.6140350877192983,0.09022556390977443,0.484294964443229,0.7293746300447528,9.818181818181817,0.17224880382775118,0.07224880382775117,12,0.2727272727272727,10,7,3,0.7,-4.545454545454545,58.61206896551724,6.780606089756825,-3.043103448275862,true current-to-close CLV not available in historical file,"small_sample,thin_recent_sample",False,49.77397129186603
hgb_under_3p5_combo_high_pass_rate_cold_le_50,weather_team_style_grid,HGB under 3.5+ with top 30% pass-rate proxy and temp <= 50F.,59,56,32,24,3,0.5714285714285714,0.04761904761904756,0.4413738892040555,0.6923123758690708,5.09090909090909,0.0909090909090909,-0.009090909090909108,11,0.3884297520661157,10,7,3,0.7,-10.272727272727273,58.42372881355932,5.698537877168156,-2.3389830508474576,true current-to-close CLV not available in historical file,"small_sample,thin_recent_sample",False,49.73074380165289
hgb_under_3p5_total_ge_70,high_total_bucket,HGB under 3.5+ where closing total is at least 70.,143,142,82,60,1,0.5774647887323944,0.05365526492287054,0.4952287600371506,0.6556198318598115,14.545454545454545,0.10243277848911651,0.0024327784891165077,32,0.3721590909090909,10,6,4,0.6,-12.636363636363637,73.46503496503496,6.987552578355466,-2.2202797202797204,true current-to-close CLV not available in historical file,none,True,49.328732394366185
hgb_under_3p5_total_70_plus,high_total_bucket,HGB under 3.5+ with closing total 70+.,143,142,82,60,1,0.5774647887323944,0.05365526492287054,0.4952287600371506,0.6556198318598115,14.545454545454545,0.10243277848911651,0.0024327784891165077,32,0.3721590909090909,10,6,4,0.6,-12.636363636363637,73.46503496503496,6.987552578355466,-2.2202797202797204,true current-to-close CLV not available in historical file,none,True,49.328732394366185
hgb_under_3p5_combo_wind_ge_15_rain_flag,weather_combo_grid,HGB under 3.5+ with wind >= 15 mph and rain/thunder text or precip amount.,26,26,18,8,0,0.6923076923076923,0.16849816849816845,0.5001138848576876,0.8349887906020732,8.363636363636362,0.3216783216783216,0.2216783216783216,7,0.09090909090909091,8,5,3,0.625,-4.090909090909091,55.59615384615385,6.9028453968097905,-7.288461538461538,true current-to-close CLV not available in historical file,"small_sample,thin_recent_sample,high_roi_thin_sample",False,48.517377622377616
hgb_under_3p5_combo_high_pass_rate_total_ge_56_humid_ge_70,weather_team_style_total_grid,"HGB under 3.5+ with top 30% pass-rate proxy, total >= 56, and humidity >= 70%.",72,70,43,27,2,0.6142857142857143,0.09047619047619049,0.4971552064563055,0.7195248221454583,12.09090909090909,0.1727272727272727,0.0727272727272727,12,0.2727272727272727,10,6,4,0.6,-5.181818181818182,64.86111111111111,6.410877699209943,-3.4027777777777777,true current-to-close CLV not available in historical file,"small_sample,thin_recent_sample",False,48.454545454545446
hgb_under_3p5_combo_total_ge_60_cold_le_55,weather_total_combo_grid,HGB under 3.5+ with total >= 60 and temp <= 55F.,136,134,77,57,2,0.5746268656716418,0.05081734186211795,0.48998474518744267,0.6551093338133815,13.0,0.09701492537313433,-0.0029850746268656747,34,0.3475935828877005,10,6,4,0.6,-10.636363636363637,66.26470588235294,6.22941058100199,-0.9852941176470589,true current-to-close CLV not available in historical file,none,True,47.06170644105675
hgb_under_3p5_combo_total_ge_60_wind_ge_10,weather_total_combo_grid,HGB under 3.5+ with total >= 60 and wind >= 10 mph.,216,214,134,80,2,0.6261682242990654,0.10235870048954154,0.5596553249794937,0.6882312127616906,41.81818181818182,0.1954120645709431,0.09541206457094309,60,0.17727272727272725,10,7,3,0.7,-9.454545454545459,66.54166666666667,6.3764140528770685,-2.5277777777777777,true current-to-close CLV not available in historical file,none,True,46.6121155480034
hgb_under_3p5_combo_high_pass_rate_total_ge_56_dewpoint_ge_70,weather_team_style_total_grid,"HGB under 3.5+ with top 30% pass-rate proxy, total >= 56, and dewpoint >= 70F.",13,13,8,5,0,0.6153846153846154,0.09157509157509158,0.35522480972268555,0.8229055341876319,2.2727272727272725,0.17482517482517482,0.07482517482517481,3,0.2727272727272727,7,3,4,0.42857142857142855,-2.0,62.53846153846154,6.87801184026937,-3.8461538461538463,true current-to-close CLV not available in historical file,"small_sample,thin_recent_sample,weak_season_stability",False,45.58927072927073
hgb_under_3p5_combo_high_pass_rate_total_ge_60_humid_ge_70,weather_team_style_total_grid,"HGB under 3.5+ with top 30% pass-rate proxy, total >= 60, and humidity >= 70%.",56,54,32,22,2,0.5925925925925926,0.06878306878306872,0.45966610248851525,0.7132198481075954,7.09090909090909,0.1313131313131313,0.03131313131313129,9,0.2727272727272727,10,6,4,0.6,-4.363636363636363,66.91964285714286,6.618043308485954,-2.294642857142857,true current-to-close CLV not available in historical file,"small_sample,thin_recent_sample",False,44.15676767676767
hgb_under_3p5_combo_high_pass_rate_total_ge_58_humid_ge_70,weather_team_style_total_grid,"HGB under 3.5+ with top 30% pass-rate proxy, total >= 58, and humidity >= 70%.",63,61,36,25,2,0.5901639344262295,0.06635441061670566,0.46499566253828867,0.7046485165072622,7.7272727272727275,0.12667660208643816,0.026676602086438156,12,0.2727272727272727,10,6,4,0.6,-4.181818181818182,65.97619047619048,6.490956328059664,-2.611111111111111,true current-to-close CLV not available in historical file,"small_sample,thin_recent_sample",False,43.869478390462
hgb_under_3p5_combo_total_ge_58_cold_le_50,weather_total_combo_grid,HGB under 3.5+ with total >= 58 and temp <= 50F.,110,108,59,49,2,0.5462962962962963,0.022486772486772444,0.45242362376844814,0.6369885448700549,4.6363636363636385,0.04292929292929295,-0.05707070707070706,26,0.395104895104895,10,5,5,0.5,-11.727272727272725,64.85909090909091,6.174968309156594,-0.07727272727272727,true current-to-close CLV not available in historical file,"thin_recent_sample,weak_season_stability",False,43.21586635586635
hgb_under_3p5_combo_total_ge_58_cold_le_45,weather_total_combo_grid,HGB under 3.5+ with total >= 58 and temp <= 45F.,75,73,39,34,2,0.5342465753424658,0.010437051532941943,0.42098744972394103,0.6440814712771834,1.4545454545454541,0.019925280199252795,-0.08007471980074721,20,0.43181818181818177,10,5,5,0.5,-11.454545454545453,64.46,6.130817166239088,-1.4066666666666667,true current-to-close CLV not available in historical file,"small_sample,thin_recent_sample,weak_season_stability",False,43.20707347447073
hgb_under_3p5_combo_total_60_63_dewpoint_ge_70,weather_total_combo_grid,HGB under 3.5+ with total 60-63 and dewpoint >= 70F.,12,12,7,5,0,0.5833333333333334,0.059523809523809534,0.3195073356553728,0.8067425380947535,1.3636363636363633,0.1136363636363636,0.0136363636363636,6,0.2727272727272727,6,4,2,0.6666666666666666,-2.0,61.041666666666664,5.515544485374591,-4.541666666666667,true current-to-close CLV not available in historical file,"small_sample,thin_recent_sample",False,43.021818181818176
hgb_under_3p5_humidity_ge_80,weather_single,HGB under 3.5+ with humidity at least 80%.,275,273,154,119,2,0.5641025641025641,0.04029304029304026,0.5047929910984469,0.6216330951544863,20.999999999999996,0.07692307692307691,-0.023076923076923092,66,0.24380165289256198,10,8,2,0.8,-8.636363636363635,56.90181818181818,6.203090162099493,-0.8872727272727273,true current-to-close CLV not available in historical file,none,True,42.92916719643993
hgb_under_3p5_combo_total_ge_58_wind_ge_10,weather_total_combo_grid,HGB under 3.5+ with total >= 58 and wind >= 10 mph.,260,257,156,101,3,0.6070038910505836,0.08319436724105977,0.546133940787794,0.6647219963019954,40.81818181818181,0.15882561018747787,0.05882561018747787,71,0.18309859154929578,10,6,4,0.6,-10.636363636363646,65.21153846153847,6.316717160269378,-1.6615384615384616,true current-to-close CLV not available in historical file,none,True,42.54317561541872
hgb_under_3p5_combo_total_ge_56_wind_ge_12,weather_total_combo_grid,HGB under 3.5+ with total >= 56 and wind >= 12 mph.,159,157,94,63,2,0.5987261146496815,0.07491659084015767,0.520579878969548,0.6721563285787479,22.454545454545457,0.14302258251302838,0.04302258251302837,43,0.24312896405919654,10,5,5,0.5,-9.454545454545455,63.76729559748428,6.399160270387997,-1.5031446540880504,true current-to-close CLV not available in historical file,weak_season_stability,False,42.501666285129474
hgb_under_3p5_humidity_ge_90,weather_single,HGB under 3.5+ with humidity at least 90%.,150,148,84,64,2,0.5675675675675675,0.04375804375804371,0.4870391324215402,0.6446770771020687,12.36363636363636,0.08353808353808351,-0.016461916461916498,32,0.25284090909090906,10,8,2,0.8,-6.363636363636365,55.21,6.39371713374464,-0.9233333333333333,true current-to-close CLV not available in historical file,none,True,42.26835380835381
hgb_under_3p5_combo_total_ge_58_wind_ge_18,weather_total_combo_grid,HGB under 3.5+ with total >= 58 and wind >= 18 mph.,25,24,11,13,1,0.4583333333333333,-0.06547619047619052,0.27891058351681425,0.6492544644689338,-3.0,-0.125,-0.225,6,0.5909090909090909,6,3,2,0.5,-7.454545454545454,64.72,6.669747184398456,0.92,true current-to-close CLV not available in historical file,"small_sample,thin_recent_sample,weak_season_stability",False,41.26181818181818
hgb_under_3p5_combo_high_pass_rate_humid_ge_70,weather_team_style_grid,HGB under 3.5+ with top 30% pass-rate proxy and humidity >= 70%.,117,114,66,48,3,0.5789473684210527,0.05513784461152882,0.48719207731406317,0.6655553395573982,11.999999999999998,0.10526315789473682,0.005263157894736817,24,0.2727272727272727,10,5,5,0.5,-7.272727272727273,59.12820512820513,6.243653302405933,-2.58974358974359,true current-to-close CLV not available in historical file,"thin_recent_sample,weak_season_stability",False,40.669952153110046
hgb_under_3p5_total_60_63,high_total_bucket,HGB under 3.5+ with closing total 60 to 63.,163,161,98,63,2,0.6086956521739131,0.08488612836438925,0.5316153844270973,0.680709659736512,26.090909090909086,0.16205533596837943,0.06205533596837942,60,0.11363636363636363,10,9,1,0.9,-7.363636363636364,61.47852760736196,5.476567296604021,-3.521472392638037,true current-to-close CLV not available in historical file,none,True,40.54371541501976
hgb_under_3p5_wind_ge_12,weather_single,HGB under 3.5+ with wind at least 12 mph.,271,268,157,111,3,0.585820895522388,0.062011371712864194,0.5260391013362506,0.6431770892688664,31.727272727272723,0.11838534599728628,0.01838534599728628,82,0.16407982261640797,10,8,2,0.8,-10.727272727272727,56.98523985239852,6.017889059560475,-1.2214022140221403,true current-to-close CLV not available in historical file,none,True,40.17946586358672
hgb_under_3p5_combo_total_ge_56_humid_ge_70,weather_total_combo_grid,HGB under 3.5+ with total >= 56 and humidity >= 70%.,250,245,139,106,5,0.5673469387755102,0.0435374149659864,0.5047398486776214,0.6278746337883329,20.36363636363636,0.0831168831168831,-0.016883116883116903,57,0.20574162679425834,10,8,2,0.8,-8.545454545454545,64.08,6.393665228512727,-0.512,true current-to-close CLV not available in historical file,none,True,39.96192754613807
hgb_under_3p5_combo_cold_le_55_wind_ge_12,weather_combo_grid,HGB under 3.5+ with temp <= 55F and wind >= 12 mph.,78,76,45,31,2,0.5921052631578947,0.06829573934837085,0.47978347984220315,0.6955637075889103,9.909090909090907,0.13038277511961718,0.030382775119617178,22,0.21487603305785122,10,6,4,0.6,-5.0,55.94230769230769,5.849576354859353,-1.9294871794871795,true current-to-close CLV not available in historical file,"small_sample,thin_recent_sample",False,39.74836015658982
hgb_under_3p5_combo_total_ge_58_humid_ge_70,weather_total_combo_grid,HGB under 3.5+ with total >= 58 and humidity >= 70%.,215,211,120,91,4,0.5687203791469194,0.04491085533739558,0.5012546092356397,0.6337285597595642,18.090909090909086,0.08573890564411889,-0.014261094355881118,53,0.18867924528301883,10,9,1,0.9,-8.272727272727273,65.26279069767442,6.465902537593131,-0.4255813953488372,true current-to-close CLV not available in historical file,none,True,39.73368473250794
hgb_under_3p5_combo_total_ge_56_wind_ge_10,weather_total_combo_grid,HGB under 3.5+ with total >= 56 and wind >= 10 mph.,285,282,171,111,3,0.6063829787234043,0.08257345491388046,0.5482977267112696,0.661608738967624,44.45454545454545,0.1576402321083172,0.0576402321083172,75,0.14545454545454542,10,6,4,0.6,-11.727272727272725,64.46842105263158,6.232068233019606,-1.9280701754385965,true current-to-close CLV not available in historical file,none,True,39.694932301740806
hgb_under_3p5_combo_high_pass_rate_total_ge_58_dewpoint_ge_70,weather_team_style_total_grid,"HGB under 3.5+ with top 30% pass-rate proxy, total >= 58, and dewpoint >= 70F.",12,12,7,5,0,0.5833333333333334,0.059523809523809534,0.3195073356553728,0.8067425380947535,1.3636363636363633,0.1136363636363636,0.0136363636363636,3,0.2727272727272727,7,3,4,0.42857142857142855,-2.0,63.041666666666664,7.142574085116883,-2.9583333333333335,true current-to-close CLV not available in historical file,"small_sample,thin_recent_sample,weak_season_stability",False,39.45038961038961
hgb_under_3p5_combo_total_ge_58_wind_ge_15,weather_total_combo_grid,HGB under 3.5+ with total >= 58 and wind >= 15 mph.,61,60,32,28,1,0.5333333333333333,0.00952380952380949,0.40893208671135106,0.65372298459012,1.0909090909090915,0.01818181818181819,-0.08181818181818182,15,0.4,9,4,5,0.4444444444444444,-11.181818181818182,64.13934426229508,6.265891177525552,0.20491803278688525,true current-to-close CLV not available in historical file,"small_sample,thin_recent_sample,weak_season_stability",False,39.44848484848485
hgb_under_3p5_combo_total_ge_60_humid_ge_70,weather_total_combo_grid,HGB under 3.5+ with total >= 60 and humidity >= 70%.,182,178,105,73,4,0.5898876404494382,0.06607811663991436,0.516473412722506,0.6595039213968593,22.454545454545453,0.1261491317671093,0.026149131767109285,45,0.14545454545454548,10,8,2,0.8,-7.363636363636363,66.4423076923077,6.489293884198427,-0.7005494505494505,true current-to-close CLV not available in historical file,none,True,38.3385495403473
hgb_under_3p5_provider_william_hill_new_jersey,provider,HGB under 3.5+ using line provider William Hill (New Jersey).,15,15,9,6,0,0.6,0.07619047619047614,0.357464427565077,0.8017577191740534,2.181818181818181,0.14545454545454542,0.045454545454545414,13,0.17482517482517482,3,2,1,0.6666666666666666,-3.1818181818181817,58.03333333333333,5.667965973936464,-1.9666666666666666,true current-to-close CLV not available in historical file,"small_sample,thin_recent_sample",False,38.19510489510489
hgb_under_3p5_combo_cold_le_40_wind_ge_12,weather_combo_grid,HGB under 3.5+ with temp <= 40F and wind >= 12 mph.,22,21,12,9,1,0.5714285714285714,0.04761904761904756,0.3654621629703244,0.7553030051347894,1.9090909090909092,0.09090909090909091,-0.009090909090909094,9,0.2727272727272727,10,5,4,0.5,-4.0,52.25,5.865539941652951,-4.204545454545454,true current-to-close CLV not available in historical file,"small_sample,thin_recent_sample,weak_season_stability",False,38.02909090909091
hgb_under_3p5_combo_high_pass_rate_total_ge_56,team_style_total_grid,HGB under 3.5+ with top 30% pass-rate proxy and total >= 56.,249,245,144,101,4,0.5877551020408164,0.06394557823129254,0.5252249264100565,0.6475757628637627,29.909090909090914,0.12207792207792209,0.022077922077922085,62,0.13929618768328447,10,7,3,0.7,-7.36363636363637,64.60240963855422,6.090625765884715,-2.1164658634538154,true current-to-close CLV not available in historical file,none,True,37.278759949727686
hgb_under_3p5_combo_total_ge_56_thunder_flag,weather_total_combo_grid,HGB under 3.5+ with total >= 56 and thunderstorm text flag.,3,3,2,1,0,0.6666666666666666,0.1428571428571428,0.2076549551264879,0.9385096847238394,0.8181818181818181,0.2727272727272727,0.1727272727272727,0,,3,2,1,0.6666666666666666,-1.0,61.666666666666664,5.8573734594877935,-1.0,true current-to-close CLV not available in historical file,"small_sample,thin_recent_sample,high_roi_thin_sample",False,37.132727272727266
hgb_under_3p5_combo_high_pass_rate_cold_le_45,weather_team_style_grid,HGB under 3.5+ with top 30% pass-rate proxy and temp <= 45F.,39,37,20,17,2,0.5405405405405406,0.016731016731016735,0.38383779524767364,0.6896167217154228,1.181818181818182,0.03194103194103195,-0.06805896805896805,10,0.33636363636363636,10,5,5,0.5,-9.181818181818182,59.1025641025641,5.962433873437033,-2.3076923076923075,true current-to-close CLV not available in historical file,"small_sample,thin_recent_sample,weak_season_stability",False,36.50683046683047
hgb_under_3p5_combo_cold_le_50_wind_ge_12,weather_combo_grid,HGB under 3.5+ with temp <= 50F and wind >= 12 mph.,54,52,30,22,2,0.5769230769230769,0.053113553113553036,0.4419408497943149,0.7013215209113954,5.272727272727273,0.1013986013986014,0.0013986013986014012,17,0.23529411764705876,10,5,5,0.5,-5.2727272727272725,54.02777777777778,5.923968596450415,-1.3611111111111112,true current-to-close CLV not available in historical file,"small_sample,thin_recent_sample,weak_season_stability",False,36.44884409707939
hgb_under_3p5_combo_cold_le_50_wind_ge_12_total_ge_56,weather_combo_grid,"HGB under 3.5+ with temp <= 50F, wind >= 12 mph, and total >= 56.",24,23,13,10,1,0.5652173913043478,0.04140786749482395,0.3681104930501695,0.7436563166780135,1.818181818181818,0.07905138339920947,-0.02094861660079053,6,0.2727272727272727,9,4,5,0.4444444444444444,-2.1818181818181817,63.75,6.6073260055388685,0.7916666666666666,true current-to-close CLV not available in historical file,"small_sample,thin_recent_sample,weak_season_stability",False,36.41362318840579
hgb_under_3p5_combo_high_pass_rate_total_ge_60_wind_ge_15,weather_team_style_total_grid,"HGB under 3.5+ with top 30% pass-rate proxy, total >= 60, and wind >= 15 mph.",18,18,9,9,0,0.5,-0.023809523809523836,0.2903070395897999,0.7096929604102,-0.8181818181818182,-0.045454545454545456,-0.14545454545454545,4,0.43181818181818177,9,4,5,0.4444444444444444,-5.181818181818182,67.19444444444444,6.803406232270621,-2.138888888888889,true current-to-close CLV not available in historical file,"small_sample,thin_recent_sample,weak_season_stability",False,35.99030303030302
hgb_under_3p5_combo_total_60_63_humid_ge_70,weather_total_combo_grid,HGB under 3.5+ with total 60-63 and humidity >= 70%.,52,51,30,21,1,0.5882352941176471,0.06442577030812324,0.4516509274741746,0.7124580700751311,6.272727272727272,0.12299465240641709,0.022994652406417085,15,0.14545454545454545,10,8,2,0.8,-5.0,61.375,6.219978670229667,-2.644230769230769,true current-to-close CLV not available in historical file,"small_sample,thin_recent_sample",False,35.95582887700535
hgb_under_7p0_no_model_strong_opposition,model_consensus,HGB under 7.0+ with no other model strongly leaning over.,238,235,129,106,3,0.548936170212766,0.025126646403242137,0.48503665271745144,0.6112614796012066,11.272727272727275,0.04796905222437138,-0.052030947775628625,36,0.21969696969696967,9,6,3,0.6666666666666666,-10.0,59.39705882352941,9.023064100631297,0.018907563025210083,true current-to-close CLV not available in historical file,none,True,35.07266279819471
hgb_under_3p5_combo_total_ge_60_cold_le_50,weather_total_combo_grid,HGB under 3.5+ with total >= 60 and temp <= 50F.,89,87,47,40,2,0.5402298850574713,0.016420361247947435,0.4360264044396558,0.6410308028310219,2.7272727272727284,0.03134796238244515,-0.06865203761755485,23,0.32806324110671936,10,4,6,0.4,-10.909090909090908,66.31460674157303,6.088125465705971,-0.1348314606741573,true current-to-close CLV not available in historical file,"small_sample,thin_recent_sample,weak_season_stability",False,34.93803734496389
hgb_under_3p5_combo_high_pass_rate_total_60_63_wind_ge_15,weather_team_style_total_grid,"HGB under 3.5+ with top 30% pass-rate proxy, total 60-63, and wind >= 15 mph.",3,3,2,1,0,0.6666666666666666,0.1428571428571428,0.2076549551264879,0.9385096847238394,0.8181818181818181,0.2727272727272727,0.1727272727272727,0,,2,1,1,0.5,-1.0,61.666666666666664,8.319634804109024,-8.666666666666666,true current-to-close CLV not available in historical file,"small_sample,thin_recent_sample,weak_season_stability,high_roi_thin_sample",False,34.632727272727266
hgb_under_3p5_total_ge_56,high_total_bucket,HGB under 3.5+ where closing total is at least 56.,854,844,469,375,10,0.5556872037914692,0.03187767998194535,0.5219868429132732,0.5888829233260808,51.363636363636374,0.060857389056441204,-0.0391426109435588,235,0.10483558994197294,10,9,1,0.9,-17.18181818181818,64.4115925058548,6.0600270833274,-0.655152224824356,true current-to-close CLV not available in historical file,none,True,34.536222464638314
hgb_under_3p5_high_pass_rate_top30,team_style,HGB under 3.5+ where combined prior pass-rate proxy is in the top 30%.,364,358,203,155,6,0.5670391061452514,0.0432295823357276,0.5152686523001364,0.6173860783886513,29.545454545454543,0.08252920264093448,-0.017470797359065524,93,0.1495601173020528,10,6,4,0.6,-11.454545454545467,60.097527472527474,5.987723854588211,-1.896978021978022,true current-to-close CLV not available in historical file,none,True,34.086820557348574
hgb_under_3p5_total_ge_58,high_total_bucket,HGB under 3.5+ where closing total is at least 58.,747,738,412,326,9,0.5582655826558266,0.03445605884630276,0.522226945850189,0.5937007670200519,48.54545454545454,0.06577974870657796,-0.034220251293422044,216,0.11363636363636365,10,8,2,0.8,-18.181818181818183,65.50133868808568,6.117642734704013,-0.6566265060240963,true current-to-close CLV not available in historical file,none,True,34.03252032520325
hgb_under_3p5_combo_cold_le_55_wind_ge_10,weather_combo_grid,HGB under 3.5+ with temp <= 55F and wind >= 10 mph.,130,128,72,56,2,0.5625,0.038690476190476164,0.47597943503754575,0.6453783154751909,9.454545454545455,0.07386363636363637,-0.026136363636363638,38,0.20574162679425834,10,6,4,0.6,-8.363636363636363,56.723076923076924,5.86462604952266,-1.0307692307692307,true current-to-close CLV not available in historical file,none,True,33.73296650717704
hgb_under_3p5_total_ge_60,high_total_bucket,HGB under 3.5+ where closing total is at least 60.,638,631,355,276,7,0.5625990491283677,0.03878952531884383,0.5236294555905026,0.6008110347617366,46.72727272727273,0.07405273015415646,-0.025947269845843543,192,0.09375,10,8,2,0.8,-16.81818181818182,66.66379310344827,6.111317050767029,-1.0039184952978057,true current-to-close CLV not available in historical file,none,True,33.54163665177928
hgb_under_3p5_combo_high_pass_rate_total_ge_58,team_style_total_grid,HGB under 3.5+ with top 30% pass-rate proxy and total >= 58.,220,216,126,90,4,0.5833333333333334,0.059523809523809534,0.5166899378513427,0.6470643288570511,24.545454545454547,0.11363636363636365,0.013636363636363641,59,0.13251155624036978,10,6,4,0.6,-9.272727272727272,65.6,6.176026682266744,-2.077272727272727,true current-to-close CLV not available in historical file,none,True,33.43001540832049
hgb_under_3p5_total_ge_66,high_total_bucket,HGB under 3.5+ where closing total is at least 66.,331,328,181,147,3,0.551829268292683,0.028019744483159137,0.49771838390266215,0.60474013847669,17.54545454545454,0.05349223946784921,-0.0465077605321508,82,0.1873614190687361,10,6,4,0.6,-15.181818181818183,70.25377643504531,6.64058285885482,-0.31419939577039274,true current-to-close CLV not available in historical file,none,True,32.86177383592017
hgb_under_3p5_combo_cold_le_45_rain_flag,weather_combo_grid,HGB under 3.5+ with temp <= 45F and rain/thunder text or precip amount.,26,25,15,10,1,0.6,0.07619047619047614,0.40739127785127344,0.7659694233580909,3.6363636363636362,0.14545454545454545,0.04545454545454544,5,0.14545454545454545,9,4,5,0.4444444444444444,-3.1818181818181817,55.51923076923077,6.650397496519299,-1.5576923076923077,true current-to-close CLV not available in historical file,"small_sample,thin_recent_sample,weak_season_stability",False,32.71212121212121
hgb_under_3p5_combo_high_pass_rate_wind_ge_10,weather_team_style_grid,HGB under 3.5+ with top 30% pass-rate proxy and wind >= 10 mph.,115,113,64,49,2,0.5663716814159292,0.04256215760640536,0.4743028716056536,0.6540760619248699,9.181818181818182,0.08125502815768303,-0.01874497184231698,26,0.17482517482517476,10,6,4,0.6,-5.90909090909091,60.530434782608694,6.096471796511747,-2.243478260869565,true current-to-close CLV not available in historical file,thin_recent_sample,True,32.189698619964105
hgb_under_3p5_combo_high_pass_rate_total_ge_60_dewpoint_ge_70,weather_team_style_total_grid,"HGB under 3.5+ with top 30% pass-rate proxy, total >= 60, and dewpoint >= 70F.",11,11,6,5,0,0.5454545454545454,0.021645021645021578,0.28008775568998817,0.7872904245601196,0.45454545454545436,0.04132231404958676,-0.05867768595041325,3,0.2727272727272727,7,3,4,0.42857142857142855,-2.1818181818181817,63.40909090909091,7.29827954432964,-1.8636363636363635,true current-to-close CLV not available in historical file,"small_sample,thin_recent_sample,weak_season_stability",False,32.162621015348286
hgb_under_3p5_combo_total_ge_56_cold_le_40,weather_total_combo_grid,HGB under 3.5+ with total >= 56 and temp <= 40F.,49,48,24,24,1,0.5,-0.023809523809523836,0.36389098932037767,0.6361090106796223,-2.181818181818182,-0.04545454545454546,-0.14545454545454548,11,0.3884297520661157,10,4,6,0.4,-8.18181818181818,62.265306122448976,6.454157133114098,-0.8979591836734694,true current-to-close CLV not available in historical file,"small_sample,thin_recent_sample,weak_season_stability",False,31.852561983471073
hgb_under_3p5_combo_wind_ge_15_precip_any,weather_combo_grid,HGB under 3.5+ with wind >= 15 mph and any precipitation flag.,27,27,18,9,0,0.6666666666666666,0.1428571428571428,0.47824419872105484,0.8135694555640665,7.3636363636363615,0.27272727272727265,0.17272727272727265,8,-0.04545454545454547,9,5,4,0.5555555555555556,-4.090909090909091,55.148148148148145,6.8292879196613,-7.0,true current-to-close CLV not available in historical file,"small_sample,thin_recent_sample,negative_recent_roi,weak_season_stability,high_roi_thin_sample",False,31.691515151515144
hgb_under_3p5_combo_high_pass_rate_total_ge_56_precip_any,weather_team_style_total_grid,"HGB under 3.5+ with top 30% pass-rate proxy, total >= 56, and any precipitation flag.",34,33,22,11,1,0.6666666666666666,0.1428571428571428,0.4960758179994997,0.8024997053219629,8.999999999999998,0.27272727272727265,0.17272727272727265,6,-0.04545454545454547,10,5,5,0.5,-3.090909090909091,64.5,6.784716237108277,-3.7941176470588234,true current-to-close CLV not available in historical file,"small_sample,thin_recent_sample,negative_recent_roi,weak_season_stability,high_roi_thin_sample",False,31.178181818181812
hgb_under_3p5_combo_high_pass_rate_total_ge_56_rain_flag,weather_team_style_total_grid,"HGB under 3.5+ with top 30% pass-rate proxy, total >= 56, and rain/thunder text or precip amount.",34,33,22,11,1,0.6666666666666666,0.1428571428571428,0.4960758179994997,0.8024997053219629,8.999999999999998,0.27272727272727265,0.17272727272727265,6,-0.04545454545454547,10,5,5,0.5,-3.090909090909091,64.5,6.784716237108277,-3.7941176470588234,true current-to-close CLV not available in historical file,"small_sample,thin_recent_sample,negative_recent_roi,weak_season_stability,high_roi_thin_sample",False,31.178181818181812
hgb_under_7p0_baseline,baseline,All HGB under candidates with at least a 7.0-point predicted edge.,343,340,190,150,3,0.5588235294117647,0.03501400560224088,0.5056789955055498,0.6106536413830641,22.727272727272727,0.06684491978609626,-0.033155080213903745,44,0.17148760330578508,10,4,6,0.4,-10.181818181818182,59.18221574344023,8.989128801803167,-0.3717201166180758,true current-to-close CLV not available in historical file,weak_season_stability,False,31.167136606708798
hgb_under_3p5_combo_cold_le_45_wind_ge_12,weather_combo_grid,HGB under 3.5+ with temp <= 45F and wind >= 12 mph.,36,35,20,15,1,0.5714285714285714,0.04761904761904756,0.4085712925897337,0.7201566691832108,3.1818181818181817,0.0909090909090909,-0.009090909090909108,13,0.17482517482517482,10,5,5,0.5,-3.2727272727272725,52.80555555555556,5.815410504736676,-2.7777777777777777,true current-to-close CLV not available in historical file,"small_sample,thin_recent_sample,weak_season_stability",False,30.622377622377616
hgb_under_3p5_combo_high_pass_rate_total_60_63_precip_any,weather_team_style_total_grid,"HGB under 3.5+ with top 30% pass-rate proxy, total 60-63, and any precipitation flag.",9,8,5,3,1,0.625,0.10119047619047616,0.30573785458380187,0.863158240538479,1.5454545454545454,0.19318181818181818,0.09318181818181817,0,,4,3,1,0.75,-2.0,61.72222222222222,8.074383893794346,-4.388888888888889,true current-to-close CLV not available in historical file,"small_sample,thin_recent_sample",False,30.328181818181818
hgb_under_3p5_combo_high_pass_rate_total_60_63_rain_flag,weather_team_style_total_grid,"HGB under 3.5+ with top 30% pass-rate proxy, total 60-63, and rain/thunder text or precip amount.",9,8,5,3,1,0.625,0.10119047619047616,0.30573785458380187,0.863158240538479,1.5454545454545454,0.19318181818181818,0.09318181818181817,0,,4,3,1,0.75,-2.0,61.72222222222222,8.074383893794346,-4.388888888888889,true current-to-close CLV not available in historical file,"small_sample,thin_recent_sample",False,30.328181818181818
hgb_under_5p0_baseline,baseline,All HGB under candidates with at least a 5.0-point predicted edge.,780,770,423,347,10,0.5493506493506494,0.02554112554112553,0.5140478425118576,0.5841634710179396,37.545454545454554,0.04876033057851241,-0.051239669421487596,161,0.11462450592885373,10,6,4,0.6,-16.81818181818182,59.37179487179487,7.2646368658675105,-0.08974358974358974,true current-to-close CLV not available in historical file,none,True,29.68235716852318
hgb_under_3p5_wind_ge_10,weather_single,HGB under 3.5+ with wind at least 10 mph.,469,465,262,203,4,0.5634408602150538,0.03963133640552996,0.5180239858415199,0.6078180896057102,35.18181818181818,0.07565982404692081,-0.02434017595307919,130,0.08671328671328672,10,5,5,0.5,-10.545454545454547,57.96268656716418,6.014970374237614,-0.8176972281449894,true current-to-close CLV not available in historical file,weak_season_stability,False,29.19395443266411
hgb_under_3p5_combo_total_ge_60_wind_ge_18,weather_total_combo_grid,HGB under 3.5+ with total >= 60 and wind >= 18 mph.,20,19,9,10,1,0.47368421052631576,-0.05012531328320807,0.27329505487448547,0.6829251748817489,-1.8181818181818183,-0.09569377990430623,-0.19569377990430625,4,0.43181818181818177,6,2,3,0.3333333333333333,-6.090909090909091,66.2,6.5591386941666485,-0.25,true current-to-close CLV not available in historical file,"small_sample,thin_recent_sample,weak_season_stability",False,29.137894736842096
hgb_under_3p5_combo_high_pass_rate_wind_ge_12,weather_team_style_grid,HGB under 3.5+ with top 30% pass-rate proxy and wind >= 12 mph.,68,66,37,29,2,0.5606060606060606,0.036796536796536716,0.4408242143005392,0.6737206987598716,4.636363636363635,0.0702479338842975,-0.02975206611570251,18,0.16666666666666663,10,5,5,0.5,-6.8181818181818175,60.25735294117647,6.135413852966167,-2.4926470588235294,true current-to-close CLV not available in historical file,"small_sample,thin_recent_sample,weak_season_stability",False,27.814490358126715
hgb_under_3p5_all_models_under,model_consensus,HGB under 3.5+ and all tracked regression models lean under.,619,607,327,280,12,0.5387149917627677,0.014905467953243878,0.4989381085040344,0.5780049156776846,17.272727272727266,0.0284558933652838,-0.0715441066347162,207,0.09749670619235835,10,7,3,0.7,-17.363636363636367,59.72213247172859,6.055159445406167,-0.44426494345718903,true current-to-close CLV not available in historical file,none,True,27.672598559189776
hgb_under_3p5_no_model_strong_opposition,model_consensus,HGB under 3.5+ with no other model strongly leaning over.,987,974,528,446,13,0.5420944558521561,0.018284932042632263,0.510700422026009,0.573157740686643,34.0,0.03490759753593429,-0.06509240246406572,309,0.09973521624007059,10,7,3,0.7,-22.272727272727273,58.940729483282674,5.908715546266877,-0.5334346504559271,true current-to-close CLV not available in historical file,none,True,27.51503159825362
hgb_under_3p5_combo_high_pass_rate_total_ge_60,team_style_total_grid,HGB under 3.5+ with top 30% pass-rate proxy and total >= 60.,189,185,107,78,4,0.5783783783783784,0.05456885456885452,0.5063331253593901,0.6472347325702186,19.272727272727273,0.10417690417690419,0.004176904176904181,47,0.09671179883945841,10,5,5,0.5,-10.727272727272727,66.74338624338624,6.264833761113731,-2.2354497354497354,true current-to-close CLV not available in historical file,weak_season_stability,False,27.209179779392546
hgb_under_3p5_temp_le_55,weather_single,HGB under 3.5+ with temperature at or below 55F.,362,355,189,166,7,0.532394366197183,0.00858484238765922,0.48042125802427765,0.5836738747585435,5.818181818181817,0.016389244558258638,-0.08361075544174137,84,0.15909090909090903,10,6,4,0.6,-18.09090909090909,56.59668508287293,5.931358948513101,-0.03314917127071823,true current-to-close CLV not available in historical file,none,True,26.84801536491677
hgb_under_3p5_combo_total_ge_60_cold_le_45,weather_total_combo_grid,HGB under 3.5+ with total >= 60 and temp <= 45F.,58,56,28,28,2,0.5,-0.023809523809523836,0.37331520958682995,0.62668479041317,-2.545454545454544,-0.04545454545454543,-0.14545454545454545,17,0.34759358288770054,10,3,7,0.3,-12.363636363636363,66.12931034482759,5.999225121728517,-1.2327586206896552,true current-to-close CLV not available in historical file,"small_sample,thin_recent_sample,weak_season_stability",False,26.40930481283423
hgb_under_5p0_two_plus_models_under,model_consensus,HGB under 5.0+ and at least 2 other regression models also lean under.,495,487,258,229,8,0.5297741273100616,0.005964603500537735,0.4853850632222541,0.5736971335597627,5.545454545454543,0.011386970319208508,-0.0886130296807915,134,0.12550881953867027,10,6,4,0.6,-17.727272727272762,60.323232323232325,7.260215695305379,0.35555555555555557,true current-to-close CLV not available in historical file,none,True,26.37394804955992
hgb_under_3p5_high_total_wind15,weather_total_combo,"HGB under 3.5+, total 56+, wind 15+ mph.",70,69,36,33,1,0.5217391304347826,-0.0020703933747412417,0.4058705117523249,0.6353147450240226,-0.2727272727272726,-0.003952569169960472,-0.10395256916996048,17,0.2352941176470588,9,5,4,0.5555555555555556,-12.363636363636363,63.2,6.119081391683257,0.04285714285714286,true current-to-close CLV not available in historical file,"small_sample,thin_recent_sample,weak_season_stability",False,25.668878555374718
hgb_under_3p5_combo_total_ge_56_wind_ge_15,weather_total_combo_grid,HGB under 3.5+ with total >= 56 and wind >= 15 mph.,70,69,36,33,1,0.5217391304347826,-0.0020703933747412417,0.4058705117523249,0.6353147450240226,-0.2727272727272726,-0.003952569169960472,-0.10395256916996048,17,0.2352941176470588,9,5,4,0.5555555555555556,-12.363636363636363,63.2,6.119081391683257,0.04285714285714286,true current-to-close CLV not available in historical file,"small_sample,thin_recent_sample,weak_season_stability",False,25.668878555374718
hgb_under_3p5_combo_total_ge_60_precip_any,weather_total_combo_grid,HGB under 3.5+ with total >= 60 and any precipitation flag.,77,75,46,29,2,0.6133333333333333,0.08952380952380945,0.5001726873212743,0.7154495222736602,12.818181818181817,0.1709090909090909,0.0709090909090909,19,0.004784688995215301,10,5,5,0.5,-5.272727272727275,65.55194805194805,6.554471633498337,-2.0844155844155843,true current-to-close CLV not available in historical file,"small_sample,thin_recent_sample,weak_season_stability",False,25.41913875598086
hgb_under_3p5_combo_total_ge_60_rain_flag,weather_total_combo_grid,HGB under 3.5+ with total >= 60 and rain/thunder text or precip amount.,77,75,46,29,2,0.6133333333333333,0.08952380952380945,0.5001726873212743,0.7154495222736602,12.818181818181817,0.1709090909090909,0.0709090909090909,19,0.004784688995215301,10,5,5,0.5,-5.272727272727275,65.55194805194805,6.554471633498337,-2.0844155844155843,true current-to-close CLV not available in historical file,"small_sample,thin_recent_sample,weak_season_stability",False,25.41913875598086
hgb_under_3p5_total_56_60,high_total_bucket,HGB under 3.5+ with closing total 56 to 60.,216,213,114,99,3,0.5352112676056338,0.01140174379610992,0.46819872901727533,0.6009761894485539,4.636363636363637,0.02176696542893726,-0.07823303457106275,43,0.1543340380549683,10,6,4,0.6,-12.545454545454552,57.75925925925926,5.908531716538124,0.375,true current-to-close CLV not available in historical file,none,True,25.274328678200273
hgb_under_3p5_high_total_wind_or_precip,weather_total_combo,"HGB under 3.5+, total 56+, wind 15+ or precipitation.",160,157,87,70,3,0.554140127388535,0.030330603579011184,0.47601763298604377,0.6296764163146347,9.090909090909092,0.057903879559930524,-0.04209612044006948,37,0.13513513513513511,10,5,5,0.5,-10.636363636363637,63.49375,6.337167700366747,0.28125,true current-to-close CLV not available in historical file,weak_season_stability,False,25.113926039531133
hgb_under_3p5_total_ge_54,high_total_bucket,HGB under 3.5+ where closing total is at least 54.,950,939,510,429,11,0.5431309904153354,0.019321466605811577,0.5111578632400943,0.5747526438906899,34.63636363636363,0.03688643624745861,-0.0631135637525414,251,0.0572256428830134,10,7,3,0.7,-20.272727272727288,63.43736842105263,5.987782923655131,-0.45526315789473687,true current-to-close CLV not available in historical file,none,True,24.712149600841474
hgb_under_3p5_total_ge_63,high_total_bucket,HGB under 3.5+ where closing total is at least 63.,475,470,257,213,5,0.5468085106382978,0.022998986828773993,0.5016047142559822,0.5912533210030578,20.636363636363633,0.043907156673114116,-0.05609284332688589,132,0.08471074380165286,10,5,4,0.5,-17.27272727272727,68.44315789473684,6.329136440090336,-0.14,true current-to-close CLV not available in historical file,weak_season_stability,False,24.613029716898186
hgb_under_3p5_combo_humid_ge_90_dewpoint_ge_70,weather_combo_grid,HGB under 3.5+ with humidity >= 90% and dewpoint >= 70F.,22,22,11,11,0,0.5,-0.023809523809523836,0.3072180469247956,0.6927819530752044,-0.9999999999999997,-0.04545454545454544,-0.14545454545454545,3,0.2727272727272727,8,4,4,0.5,-4.0,57.11363636363637,6.719550717263427,0.06818181818181818,true current-to-close CLV not available in historical file,"small_sample,thin_recent_sample,weak_season_stability",False,24.412727272727274
hgb_under_3p5_humidity_ge_70,weather_single,HGB under 3.5+ with humidity at least 70%.,445,438,234,204,7,0.5342465753424658,0.010437051532941943,0.48743515180048064,0.5804624839133137,8.727272727272727,0.019925280199252802,-0.08007471980074721,100,0.08818181818181818,10,6,4,0.6,-13.545454545454543,57.39550561797753,6.190058642494735,0.49213483146067416,true current-to-close CLV not available in historical file,none,True,24.097982565379823
hgb_under_3p5_two_plus_models_under,model_consensus,HGB under 3.5+ and at least 2 other regression models also lean under.,863,850,454,396,13,0.5341176470588235,0.010308123249299639,0.500503941443775,0.5674243487683673,16.727272727272723,0.019679144385026732,-0.08032085561497328,280,0.07727272727272727,10,7,3,0.7,-24.454545454545464,59.48088064889919,5.952505237088655,-0.20278099652375434,true current-to-close CLV not available in historical file,none,True,23.75882352941176
hgb_under_3p5_high_total_precip,weather_total_combo,"HGB under 3.5+, total 56+, precipitation present.",104,102,60,42,2,0.5882352941176471,0.06442577030812324,0.4912158108035628,0.6788496455009526,12.545454545454547,0.12299465240641712,0.022994652406417113,24,0.03409090909090906,10,5,5,0.5,-4.2727272727272725,63.51442307692308,6.505002416668088,-0.4855769230769231,true current-to-close CLV not available in historical file,"thin_recent_sample,weak_season_stability",False,23.71219251336898
hgb_under_3p5_combo_total_ge_56_precip_any,weather_total_combo_grid,HGB under 3.5+ with total >= 56 and any precipitation flag.,104,102,60,42,2,0.5882352941176471,0.06442577030812324,0.4912158108035628,0.6788496455009526,12.545454545454547,0.12299465240641712,0.022994652406417113,24,0.03409090909090906,10,5,5,0.5,-4.2727272727272725,63.51442307692308,6.505002416668088,-0.4855769230769231,true current-to-close CLV not available in historical file,"thin_recent_sample,weak_season_stability",False,23.71219251336898
hgb_under_3p5_combo_total_ge_56_rain_flag,weather_total_combo_grid,HGB under 3.5+ with total >= 56 and rain/thunder text or precip amount.,104,102,60,42,2,0.5882352941176471,0.06442577030812324,0.4912158108035628,0.6788496455009526,12.545454545454547,0.12299465240641712,0.022994652406417113,24,0.03409090909090906,10,5,5,0.5,-4.2727272727272725,63.51442307692308,6.505002416668088,-0.4855769230769231,true current-to-close CLV not available in historical file,"thin_recent_sample,weak_season_stability",False,23.71219251336898
hgb_under_3p5_humidity_ge_60,weather_single,HGB under 3.5+ with humidity at least 60%.,634,625,334,291,9,0.5344,0.01059047619047615,0.495201805019283,0.5731778950514501,12.636363636363638,0.020218181818181823,-0.07978181818181818,142,0.06209987195902688,10,7,3,0.7,-20.00000000000002,57.988958990536275,6.0839891378709785,0.2981072555205047,true current-to-close CLV not available in historical file,none,True,23.489807938540327
hgb_under_3p5_combo_high_pass_rate_total_ge_58_wind_ge_15,weather_team_style_total_grid,"HGB under 3.5+ with top 30% pass-rate proxy, total >= 58, and wind >= 15 mph.",20,20,10,10,0,0.5,-0.023809523809523836,0.2992949144298199,0.7007050855701801,-0.9090909090909093,-0.04545454545454546,-0.14545454545454548,6,0.2727272727272727,9,4,5,0.4444444444444444,-5.181818181818182,66.325,6.598642479444917,-0.525,true current-to-close CLV not available in historical file,"small_sample,thin_recent_sample,weak_season_stability",False,23.3030303030303
hgb_under_3p5_combo_humid_ge_80_dewpoint_ge_70,weather_combo_grid,HGB under 3.5+ with humidity >= 80% and dewpoint >= 70F.,40,40,20,20,0,0.5,-0.023809523809523836,0.35199278797099753,0.6480072120290025,-1.818181818181818,-0.04545454545454545,-0.14545454545454545,6,0.2727272727272727,9,4,5,0.4444444444444444,-7.2727272727272725,57.5875,6.533812620092776,0.1875,true current-to-close CLV not available in historical file,"small_sample,thin_recent_sample,weak_season_stability",False,23.284848484848485
hgb_under_3p5_total_ge_52,high_total_bucket,HGB under 3.5+ where closing total is at least 52.,1034,1022,550,472,12,0.538160469667319,0.014350945857795172,0.5075089756962816,0.5685261548735843,28.000000000000004,0.027397260273972605,-0.0726027397260274,262,0.06384455239417072,10,6,4,0.6,-20.181818181818198,62.57301740812379,5.961014384363894,-0.2441972920696325,true current-to-close CLV not available in historical file,none,True,22.81092658256728
hgb_under_3p5_provider_consensus,provider,HGB under 3.5+ using line provider consensus.,975,966,523,443,9,0.5414078674948241,0.017598343685300222,0.509883044494618,0.5726046524653806,32.45454545454545,0.03359683794466403,-0.06640316205533597,130,0.013286713286713285,6,5,1,0.8333333333333334,-22.000000000000092,58.61282051282051,6.0455689875643595,-0.5717948717948718,true current-to-close CLV not available in historical file,none,True,22.522620857403446
hgb_under_3p5_combo_total_ge_56_dewpoint_ge_70,weather_total_combo_grid,HGB under 3.5+ with total >= 56 and dewpoint >= 70F.,61,60,33,27,1,0.55,0.02619047619047621,0.42491714548981496,0.6690654614623918,2.999999999999998,0.04999999999999996,-0.050000000000000044,12,0.11363636363636365,8,4,4,0.5,-5.090909090909091,64.61475409836065,6.321972560557208,-1.0245901639344261,true current-to-close CLV not available in historical file,"small_sample,thin_recent_sample,weak_season_stability",False,21.772727272727266
hgb_under_3p5_combo_total_60_63_dewpoint_ge_65,weather_total_combo_grid,HGB under 3.5+ with total 60-63 and dewpoint >= 65F.,24,24,13,11,0,0.5416666666666666,0.017857142857142794,0.35074553553106635,0.7210894164831857,0.8181818181818179,0.03409090909090908,-0.06590909090909092,10,0.14545454545454545,9,4,5,0.4444444444444444,-4.0,61.270833333333336,6.137255134239421,-4.354166666666667,true current-to-close CLV not available in historical file,"small_sample,thin_recent_sample,weak_season_stability",False,21.39212121212121
hgb_under_3p5_wind_ge_5,weather_single,HGB under 3.5+ with wind at least 5 mph.,940,928,497,431,12,0.5355603448275862,0.011750821018062352,0.5033910086289796,0.5674364796479979,20.818181818181824,0.02243338557993731,-0.0775666144200627,242,0.057099924868519905,10,6,4,0.6,-22.999999999999996,58.18191489361702,5.904131985903674,0.043617021276595745,true current-to-close CLV not available in historical file,none,True,21.211332547475326
hgb_under_3p5_provider_bovada,provider,HGB under 3.5+ using line provider Bovada.,25,25,14,11,0,0.56,0.03619047619047622,0.37067017019564436,0.7333462505299744,1.727272727272727,0.06909090909090908,-0.030909090909090928,22,0.04132231404958675,4,3,1,0.75,-4.0,56.96,5.0472735520604495,1.88,true current-to-close CLV not available in historical file,"small_sample,thin_recent_sample",False,21.164876033057848
hgb_under_3p5_combo_high_pass_rate_total_ge_58_precip_any,weather_team_style_total_grid,"HGB under 3.5+ with top 30% pass-rate proxy, total >= 58, and any precipitation flag.",30,29,18,11,1,0.6206896551724138,0.09688013136288998,0.44002226209284956,0.7731220426913266,5.363636363636364,0.18495297805642635,0.08495297805642635,6,-0.04545454545454547,10,4,6,0.4,-4.2727272727272725,65.53333333333333,7.031047420061379,-3.033333333333333,true current-to-close CLV not available in historical file,"small_sample,thin_recent_sample,negative_recent_roi,weak_season_stability",False,20.584388714733546
hgb_under_3p5_combo_high_pass_rate_total_ge_58_rain_flag,weather_team_style_total_grid,"HGB under 3.5+ with top 30% pass-rate proxy, total >= 58, and rain/thunder text or precip amount.",30,29,18,11,1,0.6206896551724138,0.09688013136288998,0.44002226209284956,0.7731220426913266,5.363636363636364,0.18495297805642635,0.08495297805642635,6,-0.04545454545454547,10,4,6,0.4,-4.2727272727272725,65.53333333333333,7.031047420061379,-3.033333333333333,true current-to-close CLV not available in historical file,"small_sample,thin_recent_sample,negative_recent_roi,weak_season_stability",False,20.584388714733546
hgb_under_3p5_combo_high_pass_rate_total_ge_60_precip_any,weather_team_style_total_grid,"HGB under 3.5+ with top 30% pass-rate proxy, total >= 60, and any precipitation flag.",30,29,18,11,1,0.6206896551724138,0.09688013136288998,0.44002226209284956,0.7731220426913266,5.363636363636364,0.18495297805642635,0.08495297805642635,6,-0.04545454545454547,10,4,6,0.4,-4.2727272727272725,65.53333333333333,7.031047420061379,-3.033333333333333,true current-to-close CLV not available in historical file,"small_sample,thin_recent_sample,negative_recent_roi,weak_season_stability",False,20.584388714733546
hgb_under_3p5_combo_high_pass_rate_total_ge_60_rain_flag,weather_team_style_total_grid,"HGB under 3.5+ with top 30% pass-rate proxy, total >= 60, and rain/thunder text or precip amount.",30,29,18,11,1,0.6206896551724138,0.09688013136288998,0.44002226209284956,0.7731220426913266,5.363636363636364,0.18495297805642635,0.08495297805642635,6,-0.04545454545454547,10,4,6,0.4,-4.2727272727272725,65.53333333333333,7.031047420061379,-3.033333333333333,true current-to-close CLV not available in historical file,"small_sample,thin_recent_sample,negative_recent_roi,weak_season_stability",False,20.584388714733546
hgb_under_3p5_baseline,baseline,All HGB under candidates with at least a 3.5-point predicted edge.,1397,1380,736,644,17,0.5333333333333333,0.00952380952380949,0.5069551725596434,0.5595264247561188,25.090909090909093,0.018181818181818184,-0.08181818181818182,370,0.026781326781326786,10,7,3,0.7,-23.090909090909012,58.329634931997134,5.903311939140926,-0.12419470293486042,true current-to-close CLV not available in historical file,none,True,19.84250614250616
hgb_under_3p5_combo_total_ge_58_precip_any,weather_total_combo_grid,HGB under 3.5+ with total >= 58 and any precipitation flag.,89,87,51,36,2,0.5862068965517241,0.06239737274220025,0.4812140531159266,0.6839085338926685,10.363636363636362,0.1191222570532915,0.0191222570532915,23,-0.003952569169960476,10,5,5,0.5,-5.090909090909091,64.65730337078652,6.487221270091061,-0.46629213483146065,true current-to-close CLV not available in historical file,"small_sample,thin_recent_sample,negative_recent_roi,weak_season_stability",False,19.817838353550492
hgb_under_3p5_combo_total_ge_58_rain_flag,weather_total_combo_grid,HGB under 3.5+ with total >= 58 and rain/thunder text or precip amount.,89,87,51,36,2,0.5862068965517241,0.06239737274220025,0.4812140531159266,0.6839085338926685,10.363636363636362,0.1191222570532915,0.0191222570532915,23,-0.003952569169960476,10,5,5,0.5,-5.090909090909091,64.65730337078652,6.487221270091061,-0.46629213483146065,true current-to-close CLV not available in historical file,"small_sample,thin_recent_sample,negative_recent_roi,weak_season_stability",False,19.817838353550492
hgb_under_3p5_combo_total_60_63_precip_any,weather_total_combo_grid,HGB under 3.5+ with total 60-63 and any precipitation flag.,24,23,14,9,1,0.6086956521739131,0.08488612836438925,0.4078517960374599,0.7784262201761787,3.727272727272727,0.16205533596837943,0.06205533596837942,6,-0.04545454545454547,8,4,4,0.5,-4.0,61.458333333333336,6.554672332161815,-3.125,true current-to-close CLV not available in historical file,"small_sample,thin_recent_sample,negative_recent_roi,weak_season_stability",False,19.729169960474305
hgb_under_3p5_combo_total_60_63_rain_flag,weather_total_combo_grid,HGB under 3.5+ with total 60-63 and rain/thunder text or precip amount.,24,23,14,9,1,0.6086956521739131,0.08488612836438925,0.4078517960374599,0.7784262201761787,3.727272727272727,0.16205533596837943,0.06205533596837942,6,-0.04545454545454547,8,4,4,0.5,-4.0,61.458333333333336,6.554672332161815,-3.125,true current-to-close CLV not available in historical file,"small_sample,thin_recent_sample,negative_recent_roi,weak_season_stability",False,19.729169960474305
hgb_under_3p5_outdoor_only,weather_single,HGB under 3.5+ excluding indoor games.,1338,1323,703,620,15,0.5313681027966742,0.0075585789871503994,0.5044261459237764,0.5581284197455545,19.09090909090909,0.01443001443001443,-0.08556998556998557,344,0.026691331923890057,10,7,3,0.7,-27.00000000000003,58.2245889387145,5.914342949897049,-0.08856502242152467,true current-to-close CLV not available in historical file,none,True,18.678307996912643
hgb_under_3p5_combo_total_ge_58_cold_le_40,weather_total_combo_grid,HGB under 3.5+ with total >= 58 and temp <= 40F.,40,39,18,21,1,0.46153846153846156,-0.06227106227106227,0.3156664723404835,0.6143081317826119,-4.636363636363637,-0.1188811188811189,-0.21888111888111889,10,0.3363636363636363,10,3,7,0.3,-9.636363636363637,63.5125,6.551342254982808,-0.4375,true current-to-close CLV not available in historical file,"small_sample,thin_recent_sample,weak_season_stability",False,18.37370629370629
hgb_under_3p5_temp_le_50,weather_single,HGB under 3.5+ with temperature at or below 50F.,265,258,135,123,7,0.5232558139534884,-0.0005537098560354226,0.46241628670366214,0.5834129474592824,-0.2727272727272707,-0.0010570824524312819,-0.1010570824524313,62,0.10850439882697947,10,5,5,0.5,-14.545454545454543,55.87924528301887,5.878985341181352,0.022641509433962263,true current-to-close CLV not available in historical file,weak_season_stability,False,18.32555275182432
hgb_under_3p5_combo_total_ge_60_dewpoint_ge_70,weather_total_combo_grid,HGB under 3.5+ with total >= 60 and dewpoint >= 70F.,48,47,26,21,1,0.5531914893617021,0.029381965552178313,0.41245213738758246,0.685892525250887,2.6363636363636362,0.056092843326885876,-0.04390715667311413,9,0.06060606060606059,8,4,4,0.5,-4.090909090909091,66.38541666666667,6.56490634499529,-1.6979166666666667,true current-to-close CLV not available in historical file,"small_sample,thin_recent_sample,weak_season_stability",False,18.079587362991617
hgb_under_3p5_combo_cold_le_50_precip_any_total_ge_56,weather_combo_grid,"HGB under 3.5+ with temp <= 50F, any precipitation flag, and total >= 56.",20,19,10,9,1,0.5263157894736842,0.0025062656641603454,0.31707482511825114,0.7267049451255145,0.09090909090909083,0.0047846889952153065,-0.0952153110047847,5,0.14545454545454542,9,3,5,0.3333333333333333,-2.090909090909091,62.8,6.429888874436747,2.75,true current-to-close CLV not available in historical file,"small_sample,thin_recent_sample,weak_season_stability",False,17.076650717703345
hgb_under_3p5_combo_high_pass_rate_total_ge_58_wind_ge_12,weather_team_style_total_grid,"HGB under 3.5+ with top 30% pass-rate proxy, total >= 58, and wind >= 12 mph.",44,43,24,19,1,0.5581395348837209,0.034330011074197087,0.4110735806551171,0.6956691437607867,2.8181818181818166,0.06553911205073992,-0.03446088794926008,11,0.04132231404958678,10,5,5,0.5,-6.363636363636363,65.375,6.497957179803509,-1.7159090909090908,true current-to-close CLV not available in historical file,"small_sample,thin_recent_sample,weak_season_stability",False,16.946969056313662
hgb_under_3p5_combo_high_pass_rate_total_60_63,team_style_total_grid,HGB under 3.5+ with top 30% pass-rate proxy and total 60-63.,47,45,29,16,2,0.6444444444444445,0.12063492063492065,0.49835546011952203,0.7678110864309596,10.36363636363636,0.2303030303030302,0.1303030303030302,12,-0.20454545454545456,9,6,3,0.6666666666666666,-4.181818181818183,61.5,6.201475105169355,-5.3936170212765955,true current-to-close CLV not available in historical file,"small_sample,thin_recent_sample,negative_recent_roi,high_roi_thin_sample",False,16.73030303030302
hgb_under_3p5_combo_wind_ge_10_rain_flag,weather_combo_grid,HGB under 3.5+ with wind >= 10 mph and rain/thunder text or precip amount.,94,94,56,38,0,0.5957446808510638,0.07193515704153997,0.49467113952773195,0.689299686787455,12.909090909090907,0.13733075435203093,0.037330754352030926,29,-0.07836990595611285,10,6,4,0.6,-9.454545454545451,55.212765957446805,6.521178738956798,-1.202127659574468,true current-to-close CLV not available in historical file,"small_sample,thin_recent_sample,negative_recent_roi",False,16.452573867804976
hgb_under_3p5_combo_high_pass_rate_total_ge_60_heat_ge_85,weather_team_style_total_grid,"HGB under 3.5+ with top 30% pass-rate proxy, total >= 60, and temp >= 85F.",19,19,10,9,0,0.5263157894736842,0.0025062656641603454,0.31707482511825114,0.7267049451255145,0.09090909090909083,0.0047846889952153065,-0.0952153110047847,7,0.0909090909090909,7,4,3,0.5714285714285714,-3.1818181818181817,66.55263157894737,6.311970316315679,-4.2368421052631575,true current-to-close CLV not available in historical file,"small_sample,thin_recent_sample,weak_season_stability",False,16.066261107313736
hgb_under_3p5_total_66_70,high_total_bucket,HGB under 3.5+ with closing total 66 to 70.,188,186,99,87,2,0.532258064516129,0.008448540706605168,0.460624147463151,0.602586444946521,2.9999999999999982,0.016129032258064505,-0.0838709677419355,50,0.06909090909090909,10,5,5,0.5,-13.363636363636369,67.81117021276596,6.376664402000605,1.1356382978723405,true current-to-close CLV not available in historical file,weak_season_stability,False,15.687448680351904
hgb_under_3p5_provider_espn_bet,provider,HGB under 3.5+ using line provider ESPN Bet.,24,24,13,11,0,0.5416666666666666,0.017857142857142794,0.35074553553106635,0.7210894164831857,0.8181818181818179,0.03409090909090908,-0.06590909090909092,24,0.03409090909090908,3,2,1,0.6666666666666666,-5.181818181818182,58.708333333333336,4.6112894374571445,1.4166666666666667,true current-to-close CLV not available in historical file,"small_sample,thin_recent_sample",False,15.579999999999997
hgb_under_3p5_combo_total_ge_58_dewpoint_ge_70,weather_total_combo_grid,HGB under 3.5+ with total >= 58 and dewpoint >= 70F.,56,55,30,25,1,0.5454545454545454,0.021645021645021578,0.41522461348360484,0.669749282535538,2.272727272727273,0.04132231404958678,-0.05867768595041323,11,0.0413223140495868,8,4,4,0.5,-4.2727272727272725,65.3125,6.493627912984534,-0.6875,true current-to-close CLV not available in historical file,"small_sample,thin_recent_sample,weak_season_stability",False,15.183471074380169
hgb_under_3p5_combo_high_pass_rate_total_ge_56_wind_ge_15,weather_team_style_total_grid,"HGB under 3.5+ with top 30% pass-rate proxy, total >= 56, and wind >= 15 mph.",22,22,10,12,0,0.45454545454545453,-0.0692640692640693,0.26920014432004846,0.6534052671095845,-2.9090909090909083,-0.13223140495867766,-0.23223140495867767,6,0.2727272727272727,9,4,5,0.4444444444444444,-7.181818181818182,65.5,6.5787083215005815,0.7727272727272727,true current-to-close CLV not available in historical file,"small_sample,thin_recent_sample,weak_season_stability",False,14.265344352617081
hgb_under_3p5_combo_cold_le_55_precip_any,weather_combo_grid,HGB under 3.5+ with temp <= 55F and any precipitation flag.,68,67,38,29,1,0.5671641791044776,0.04335465529495375,0.4480852301650392,0.6789587665826343,5.545454545454545,0.08276797829036635,-0.017232021709633658,14,-0.045454545454545456,10,6,4,0.6,-4.818181818181819,54.955882352941174,6.172117418757346,-0.3088235294117647,true current-to-close CLV not available in historical file,"small_sample,thin_recent_sample,negative_recent_roi",False,14.016797829036634
hgb_under_3p5_temp_le_45,weather_single,HGB under 3.5+ with temperature at or below 45F.,178,174,89,85,4,0.5114942528735632,-0.012315270935960632,0.43777815324375147,0.5847137721550304,-4.09090909090909,-0.02351097178683385,-0.12351097178683386,51,0.0855614973262032,10,6,4,0.6,-16.27272727272727,55.46348314606742,5.915175678409261,-0.8398876404494382,true current-to-close CLV not available in historical file,none,False,13.719277152867416
hgb_under_3p5_combo_high_pass_rate_total_ge_58_heat_ge_85,weather_team_style_total_grid,"HGB under 3.5+ with top 30% pass-rate proxy, total >= 58, and temp >= 85F.",21,21,11,10,0,0.5238095238095238,0.0,0.32369217900266756,0.7165628770323705,-1.1102230246251565e-16,-5.28677630773884e-18,-0.1,9,0.06060606060606058,7,4,3,0.5714285714285714,-3.1818181818181817,65.78571428571429,6.163760638953574,-2.5,true current-to-close CLV not available in historical file,"small_sample,thin_recent_sample,weak_season_stability",False,13.20354978354978
hgb_under_3p5_combo_cold_le_45_precip_any,weather_combo_grid,HGB under 3.5+ with temp <= 45F and any precipitation flag.,27,26,15,11,1,0.5769230769230769,0.053113553113553036,0.3894829692111983,0.744558100972706,2.6363636363636362,0.10139860139860139,0.0013986013986013873,6,-0.04545454545454547,9,4,5,0.4444444444444444,-3.3636363636363633,55.074074074074076,6.58618994160379,-1.4814814814814814,true current-to-close CLV not available in historical file,"small_sample,thin_recent_sample,negative_recent_roi,weak_season_stability",False,13.017435897435895
hgb_under_3p5_provider_draftkings,provider,HGB under 3.5+ using line provider DraftKings.,184,179,95,84,5,0.5307262569832403,0.006916733173716438,0.4577397208888863,0.6024216428270297,2.363636363636365,0.013204672422549526,-0.08679532757745048,179,0.013204672422549526,3,2,1,0.6666666666666666,-15.0,56.41576086956522,5.2101112494730115,-0.024456521739130436,true current-to-close CLV not available in historical file,none,True,12.956841036058915
hgb_under_3p5_combo_wind_ge_10_precip_any,weather_combo_grid,HGB under 3.5+ with wind >= 10 mph and any precipitation flag.,95,95,56,39,0,0.5894736842105263,0.06566416040100242,0.4889523520569727,0.6830400074353867,11.909090909090907,0.12535885167464111,0.02535885167464111,30,-0.10909090909090909,10,6,4,0.6,-9.545454545454543,55.089473684210525,6.504290473428837,-1.1842105263157894,true current-to-close CLV not available in historical file,"small_sample,negative_recent_roi",False,12.799521531100478
hgb_under_3p5_wind_ge_20,weather_single,HGB under 3.5+ with wind at least 20 mph.,35,34,16,18,1,0.47058823529411764,-0.053221288515406195,0.31451251633111366,0.6326355957994516,-3.454545454545454,-0.1016042780748663,-0.2016042780748663,11,0.21487603305785122,9,4,4,0.4444444444444444,-10.727272727272727,54.371428571428574,5.916420678007206,1.4,true current-to-close CLV not available in historical file,"small_sample,thin_recent_sample,weak_season_stability",False,12.230866958353587
hgb_under_3p5_rain_flag,weather_single,HGB under 3.5+ with rain/thunder text or measurable precipitation.,214,212,114,98,2,0.5377358490566038,0.01392632524707993,0.47054605598061283,0.6035823789457405,5.636363636363638,0.026586620926243573,-0.07341337907375643,52,-0.04545454545454545,10,7,3,0.7,-9.181818181818189,56.04205607476636,6.387211665758107,0.7757009345794392,true current-to-close CLV not available in historical file,negative_recent_roi,False,11.925934819897083
hgb_under_3p5_dewpoint_ge_60,weather_single,HGB under 3.5+ with dewpoint at least 60F.,365,361,191,170,4,0.5290858725761773,0.005276348766653505,0.47755890200940215,0.5800003236929301,3.6363636363636402,0.010073029463611192,-0.08992697053638882,85,-0.034224598930481284,10,5,5,0.5,-10.272727272727286,59.50547945205479,6.094097472658063,0.1,true current-to-close CLV not available in historical file,"negative_recent_roi,weak_season_stability",False,10.93478957737716
hgb_under_3p5_wind_ge_15,weather_single,HGB under 3.5+ with wind at least 15 mph.,125,123,62,61,2,0.5040650406504065,-0.019744483159117365,0.4169294936759028,0.590954355156026,-4.636363636363635,-0.03769401330376939,-0.1376940133037694,37,0.08353808353808356,10,5,5,0.5,-15.636363636363637,56.184,5.751165524136255,0.808,true current-to-close CLV not available in historical file,weak_season_stability,False,9.74637262539702
hgb_under_3p5_precip_any,weather_single,HGB under 3.5+ with precipitation flag or measurable precipitation.,215,213,114,99,2,0.5352112676056338,0.01140174379610992,0.46819872901727533,0.6009761894485539,4.636363636363638,0.021766965428937267,-0.07823303457106273,53,-0.0634648370497427,10,6,4,0.6,-9.36363636363637,55.98372093023256,6.380372511562955,0.7744186046511627,true current-to-close CLV not available in historical file,negative_recent_roi,False,8.486782306187035
hgb_under_3p5_combo_high_pass_rate_total_ge_56_heat_ge_85,weather_team_style_total_grid,"HGB under 3.5+ with top 30% pass-rate proxy, total >= 56, and temp >= 85F.",22,22,11,11,0,0.5,-0.023809523809523836,0.3072180469247956,0.6927819530752044,-1.0,-0.045454545454545456,-0.14545454545454545,9,0.06060606060606058,7,4,3,0.5714285714285714,-4.181818181818182,65.4090909090909,6.085112071499617,-1.9545454545454546,true current-to-close CLV not available in historical file,"small_sample,thin_recent_sample,weak_season_stability",False,8.478095238095234
hgb_under_3p5_combo_high_pass_rate_total_ge_56_wind_ge_12,weather_team_style_total_grid,"HGB under 3.5+ with top 30% pass-rate proxy, total >= 56, and wind >= 12 mph.",47,46,24,22,1,0.5217391304347826,-0.0020703933747412417,0.38137172148151327,0.6587554012432788,-0.18181818181818232,-0.003952569169960485,-0.10395256916996048,11,0.04132231404958678,10,4,6,0.4,-8.363636363636363,64.86170212765957,6.489243029409158,-1.0106382978723405,true current-to-close CLV not available in historical file,"small_sample,thin_recent_sample,weak_season_stability",False,8.157800934243621
hgb_under_3p5_combo_high_pass_rate_total_ge_60_wind_ge_12,weather_team_style_total_grid,"HGB under 3.5+ with top 30% pass-rate proxy, total >= 60, and wind >= 12 mph.",41,40,22,18,1,0.55,0.02619047619047621,0.39828829888440775,0.6929492471905531,1.9999999999999996,0.04999999999999999,-0.05000000000000002,8,-0.04545454545454547,10,4,6,0.4,-6.363636363636363,65.8780487804878,6.59237037033992,-1.9024390243902438,true current-to-close CLV not available in historical file,"small_sample,thin_recent_sample,negative_recent_roi,weak_season_stability",False,6.89090909090909
hgb_under_3p5_combo_cold_le_50_rain_flag,weather_combo_grid,HGB under 3.5+ with temp <= 50F and rain/thunder text or precip amount.,45,44,24,20,1,0.5454545454545454,0.021645021645021578,0.4006593217065349,0.6829499221314639,1.8181818181818183,0.04132231404958678,-0.05867768595041323,8,-0.04545454545454547,10,4,6,0.4,-4.181818181818182,54.51111111111111,6.227391920244813,0.8666666666666667,true current-to-close CLV not available in historical file,"small_sample,thin_recent_sample,negative_recent_roi,weak_season_stability",False,6.5395041322314045
hgb_under_3p5_combo_total_ge_56_wind_ge_18,weather_total_combo_grid,HGB under 3.5+ with total >= 56 and wind >= 18 mph.,30,29,13,16,1,0.4482758620689655,-0.07553366174055831,0.2841291114874579,0.6245233293193238,-4.181818181818182,-0.14420062695924765,-0.24420062695924766,8,0.19318181818181815,7,3,3,0.42857142857142855,-7.545454545454545,63.333333333333336,6.421794943706178,0.23333333333333334,true current-to-close CLV not available in historical file,"small_sample,thin_recent_sample,weak_season_stability",False,6.533963278101207
hgb_under_3p5_combo_high_pass_rate_heat_ge_85,weather_team_style_grid,HGB under 3.5+ with top 30% pass-rate proxy and temp >= 85F.,30,30,16,14,0,0.5333333333333333,0.00952380952380949,0.3614201328152505,0.6976787277587178,0.5454545454545454,0.01818181818181818,-0.08181818181818182,12,-0.04545454545454549,9,5,4,0.5555555555555556,-3.1818181818181817,61.483333333333334,5.838207935750844,-2.25,true current-to-close CLV not available in historical file,"small_sample,thin_recent_sample,negative_recent_roi,weak_season_stability",False,6.478787878787877
hgb_under_3p5_total_63_66,high_total_bucket,HGB under 3.5+ with closing total 63 to 66.,144,142,76,66,2,0.5352112676056338,0.01140174379610992,0.4533305212493814,0.6152370205219648,3.0909090909090917,0.021766965428937267,-0.07823303457106273,50,-0.08363636363636363,10,7,3,0.7,-12.181818181818187,64.28125,5.61324224140253,0.2604166666666667,true current-to-close CLV not available in historical file,negative_recent_roi,False,6.389423815620999
hgb_under_3p5_temp_le_35,weather_single,HGB under 3.5+ with temperature at or below 35F.,59,57,29,28,2,0.5087719298245614,-0.015037593984962405,0.38259680329032353,0.6338393193625982,-1.6363636363636367,-0.02870813397129187,-0.12870813397129188,22,0.04132231404958676,10,4,6,0.4,-7.727272727272727,53.16949152542373,5.92720321617897,-1.9322033898305084,true current-to-close CLV not available in historical file,"small_sample,thin_recent_sample,weak_season_stability",False,6.029517181383209
hgb_under_3p5_temp_le_40,weather_single,HGB under 3.5+ with temperature at or below 40F.,103,100,50,50,3,0.5,-0.023809523809523836,0.40382982859014716,0.5961701714098528,-4.545454545454545,-0.04545454545454545,-0.14545454545454545,31,0.0469208211143695,10,3,7,0.3,-12.818181818181817,54.13592233009709,6.039348084396361,-1.6310679611650485,true current-to-close CLV not available in historical file,weak_season_stability,False,3.144574780058652
hgb_under_3p5_temp_le_32,weather_single,HGB under 3.5+ with temperature at or below 32F.,36,34,17,17,2,0.5,-0.023809523809523836,0.34069062628048985,0.6593093737195102,-1.5454545454545459,-0.04545454545454547,-0.14545454545454548,15,0.018181818181818167,9,4,5,0.4444444444444444,-5.999999999999999,50.541666666666664,5.9207630577736445,-2.763888888888889,true current-to-close CLV not available in historical file,"small_sample,thin_recent_sample,weak_season_stability",False,3.0557575757575726
hgb_under_3p5_thunder_flag,weather_single,HGB under 3.5+ with thunderstorm text flag.,4,4,2,2,0,0.5,-0.023809523809523836,0.15003570882017148,0.8499642911798285,-0.18181818181818188,-0.04545454545454547,-0.14545454545454548,0,,4,2,2,0.5,-1.0,60.125,5.860255769051829,2.625,true current-to-close CLV not available in historical file,"small_sample,thin_recent_sample,weak_season_stability",False,2.834545454545453
hgb_under_3p5_combo_total_60_63_wind_ge_18,weather_total_combo_grid,HGB under 3.5+ with total 60-63 and wind >= 18 mph.,2,2,1,1,0,0.5,-0.023809523809523836,0.09452865480086614,0.9054713451991339,-0.09090909090909094,-0.04545454545454547,-0.14545454545454548,0,,2,1,1,0.5,-1.0,62.0,9.486412926476335,-6.0,true current-to-close CLV not available in historical file,"small_sample,thin_recent_sample,weak_season_stability",False,2.794545454545453
hgb_under_3p5_dewpoint_ge_70,weather_single,HGB under 3.5+ with dewpoint at least 70F.,101,100,50,50,1,0.5,-0.023809523809523836,0.40382982859014716,0.5961701714098528,-4.545454545454545,-0.04545454545454545,-0.14545454545454545,19,0.004784688995215295,9,4,5,0.4444444444444444,-9.090909090909088,59.18316831683168,6.240092620148606,0.5198019801980198,true current-to-close CLV not available in historical file,"thin_recent_sample,weak_season_stability",False,2.685805422647527
hgb_under_3p5_combo_high_pass_rate_wind_ge_15,weather_team_style_grid,HGB under 3.5+ with top 30% pass-rate proxy and wind >= 15 mph.,34,33,16,17,1,0.48484848484848486,-0.038961038961038974,0.32503781646924224,0.6478189541378976,-2.4545454545454546,-0.0743801652892562,-0.1743801652892562,9,0.06060606060606059,9,3,6,0.3333333333333333,-5.454545454545455,60.39705882352941,6.280595599577696,-1.1029411764705883,true current-to-close CLV not available in historical file,"small_sample,thin_recent_sample,weak_season_stability",False,1.979559228650136
hgb_under_3p5_combo_high_pass_rate_total_60_63_dewpoint_ge_70,weather_team_style_total_grid,"HGB under 3.5+ with top 30% pass-rate proxy, total 60-63, and dewpoint >= 70F.",6,6,3,3,0,0.5,-0.023809523809523836,0.18761280689940868,0.8123871931005913,-0.2727272727272726,-0.045454545454545435,-0.14545454545454545,2,-0.04545454545454547,5,3,2,0.6,-2.0,61.0,6.563647667045167,-1.8333333333333333,true current-to-close CLV not available in historical file,"small_sample,thin_recent_sample,negative_recent_roi",False,0.5381818181818201
hgb_under_3p5_wind_ge_18,weather_single,HGB under 3.5+ with wind at least 18 mph.,56,55,25,30,1,0.45454545454545453,-0.0692640692640693,0.33025071746446194,0.5847753865163952,-7.272727272727272,-0.13223140495867766,-0.23223140495867767,19,0.10526315789473684,10,3,6,0.3,-12.90909090909091,55.205357142857146,5.714172386328251,1.6517857142857142,true current-to-close CLV not available in historical file,"small_sample,thin_recent_sample,weak_season_stability",False,-1.7839060461070004
hgb_under_3p5_combo_total_ge_60_heat_ge_85,weather_total_combo_grid,HGB under 3.5+ with total >= 60 and temp >= 85F.,69,69,34,35,0,0.4927536231884058,-0.031055900621118016,0.3783222449110342,0.6079493361635164,-4.090909090909092,-0.059288537549407126,-0.15928853754940714,29,-0.012539184952978065,10,3,7,0.3,-6.999999999999998,66.10144927536231,6.264629963632723,-1.8985507246376812,true current-to-close CLV not available in historical file,"small_sample,thin_recent_sample,negative_recent_roi,weak_season_stability",False,-2.4519885511789576
hgb_under_3p5_combo_total_ge_56_dewpoint_ge_65,weather_total_combo_grid,HGB under 3.5+ with total >= 56 and dewpoint >= 65F.,131,129,64,65,2,0.49612403100775193,-0.027685492801771905,0.41121117474868096,0.5812610628636332,-6.818181818181817,-0.05285412262156447,-0.15285412262156448,26,-0.045454545454545456,10,4,6,0.4,-13.909090909090908,65.02671755725191,6.537351212858853,0.08778625954198473,true current-to-close CLV not available in historical file,"thin_recent_sample,negative_recent_roi,weak_season_stability",False,-3.1235940803382647
hgb_under_3p5_combo_cold_le_50_precip_any,weather_combo_grid,HGB under 3.5+ with temp <= 50F and any precipitation flag.,46,45,24,21,1,0.5333333333333333,0.00952380952380949,0.3907720886241046,0.6706509605798527,0.8181818181818183,0.018181818181818184,-0.08181818181818182,9,-0.15151515151515152,10,4,6,0.4,-4.636363636363636,54.27173913043478,6.198900650539502,0.8586956521739131,true current-to-close CLV not available in historical file,"small_sample,thin_recent_sample,negative_recent_roi,weak_season_stability",False,-4.33030303030303
hgb_under_3p5_combo_total_ge_58_heat_ge_85,weather_total_combo_grid,HGB under 3.5+ with total >= 58 and temp >= 85F.,77,77,38,39,0,0.4935064935064935,-0.03030303030303033,0.38482830636471144,0.6028018246569409,-4.454545454545453,-0.05785123966942147,-0.15785123966942147,32,-0.04545454545454547,10,3,7,0.3,-7.272727272727271,65.31168831168831,6.1954071089532325,-0.922077922077922,true current-to-close CLV not available in historical file,"small_sample,negative_recent_roi,weak_season_stability",False,-4.836033057851239
hgb_under_3p5_combo_total_ge_58_dewpoint_ge_65,weather_total_combo_grid,HGB under 3.5+ with total >= 58 and dewpoint >= 65F.,118,116,58,58,2,0.5,-0.023809523809523836,0.41047954593070324,0.5895204540692968,-5.27272727272727,-0.04545454545454543,-0.14545454545454545,25,-0.08363636363636363,10,4,6,0.4,-11.636363636363635,65.9322033898305,6.640713044290424,0.3898305084745763,true current-to-close CLV not available in historical file,"thin_recent_sample,negative_recent_roi,weak_season_stability",False,-5.243636363636361
hgb_under_3p5_combo_total_ge_60_dewpoint_ge_65,weather_total_combo_grid,HGB under 3.5+ with total >= 60 and dewpoint >= 65F.,106,104,52,52,2,0.5,-0.023809523809523836,0.4056302261379199,0.5943697738620801,-4.727272727272727,-0.04545454545454545,-0.14545454545454545,23,-0.08695652173913043,10,4,6,0.4,-10.272727272727272,66.75471698113208,6.717842732051791,0.10377358490566038,true current-to-close CLV not available in historical file,"thin_recent_sample,negative_recent_roi,weak_season_stability",False,-5.476521739130435
hgb_under_3p5_combo_total_ge_56_heat_ge_85,weather_total_combo_grid,HGB under 3.5+ with total >= 56 and temp >= 85F.,82,82,40,42,0,0.4878048780487805,-0.03600464576074336,0.3826071216079986,0.5940941514344423,-5.636363636363634,-0.06873614190687359,-0.16873614190687358,34,-0.04545454545454547,10,3,7,0.3,-7.454545454545452,64.8048780487805,6.058092049464593,-1.024390243902439,true current-to-close CLV not available in historical file,"small_sample,negative_recent_roi,weak_season_stability",False,-5.8608869179600855
hgb_under_3p5_combo_cold_le_50_wind_ge_15,weather_combo_grid,HGB under 3.5+ with temp <= 50F and wind >= 15 mph.,24,22,9,13,2,0.4090909090909091,-0.11471861471861472,0.23255559668820378,0.6126552261710619,-4.8181818181818175,-0.21900826446280988,-0.3190082644628099,5,0.14545454545454542,9,3,6,0.3333333333333333,-5.545454545454545,54.479166666666664,5.381954468370938,3.0208333333333335,true current-to-close CLV not available in historical file,"small_sample,thin_recent_sample,weak_season_stability",False,-5.933553719008264
hgb_under_3p5_total_48_52,high_total_bucket,HGB under 3.5+ with closing total 48 to 52.,170,168,86,82,2,0.5119047619047619,-0.011904761904761973,0.43690061343139175,0.5863766372459762,-3.8181818181818183,-0.022727272727272728,-0.12272727272727274,41,-0.16186252771618623,10,6,4,0.6,-16.27272727272727,49.88235294117647,5.687972502342994,0.22941176470588234,true current-to-close CLV not available in historical file,negative_recent_roi,False,-6.116274944567626
hgb_under_3p5_dewpoint_ge_65,weather_single,HGB under 3.5+ with dewpoint at least 65F.,215,213,104,109,2,0.48826291079812206,-0.03554661301140177,0.42193783166753673,0.5550038621771868,-14.45454545454545,-0.06786171574903967,-0.16786171574903969,43,-0.06765327695560255,10,4,6,0.4,-21.090909090909115,59.31627906976744,6.291371095124678,0.6976744186046512,true current-to-close CLV not available in historical file,"negative_recent_roi,weak_season_stability",False,-6.156615549533995
hgb_under_3p5_temp_ge_80,weather_single,HGB under 3.5+ with temperature at or above 80F.,256,255,127,128,1,0.4980392156862745,-0.02577030812324932,0.43715591156133243,0.5589807218082651,-12.545454545454543,-0.049197860962566835,-0.14919786096256685,85,-0.12406417112299464,10,4,6,0.4,-16.636363636363633,61.0078125,5.8831780118441195,1.453125,true current-to-close CLV not available in historical file,"negative_recent_roi,weak_season_stability",False,-7.072192513368982
hgb_under_3p5_temp_ge_85,weather_single,HGB under 3.5+ with temperature at or above 85F.,112,112,55,57,0,0.49107142857142855,-0.03273809523809529,0.4003286554620758,0.5824063896339864,-6.999999999999999,-0.06249999999999999,-0.1625,40,-0.09318181818181817,10,3,7,0.3,-7.909090909090905,60.91517857142857,5.93180315850161,0.27232142857142855,true current-to-close CLV not available in historical file,"negative_recent_roi,weak_season_stability",False,-8.546363636363633
hgb_under_3p5_combo_cold_le_45_wind_ge_15,weather_combo_grid,HGB under 3.5+ with temp <= 45F and wind >= 15 mph.,14,13,5,8,1,0.38461538461538464,-0.1391941391941392,0.17709446581236818,0.6447751902773146,-3.454545454545454,-0.26573426573426573,-0.3657342657342657,5,0.14545454545454542,9,4,5,0.4444444444444444,-4.181818181818182,53.75,5.574334178106223,3.75,true current-to-close CLV not available in historical file,"small_sample,thin_recent_sample,weak_season_stability",False,-8.84675990675991
hgb_under_3p5_combo_total_60_63_heat_ge_85,weather_total_combo_grid,HGB under 3.5+ with total 60-63 and temp >= 85F.,19,19,9,10,0,0.47368421052631576,-0.05012531328320807,0.27329505487448547,0.6829251748817489,-1.8181818181818183,-0.09569377990430623,-0.19569377990430625,12,-0.04545454545454546,7,2,5,0.2857142857142857,-5.181818181818182,61.13157894736842,5.038975130464042,-3.9210526315789473,true current-to-close CLV not available in historical file,"small_sample,thin_recent_sample,negative_recent_roi,weak_season_stability",False,-9.576390977443612
hgb_under_3p5_provider_teamrankings,provider,HGB under 3.5+ using line provider teamrankings.,172,169,80,89,3,0.47337278106508873,-0.050436742744435104,0.39952587184328997,0.5484033303858029,-16.272727272727273,-0.09628832705755783,-0.19628832705755783,0,,2,0,2,0.0,-21.45454545454547,59.049418604651166,6.166824703439885,2.020348837209302,true current-to-close CLV not available in historical file,"thin_recent_sample,weak_season_stability",False,-10.539741796664876
hgb_under_3p5_combo_high_pass_rate_heat_ge_90,weather_team_style_grid,HGB under 3.5+ with top 30% pass-rate proxy and temp >= 90F.,7,7,3,4,0,0.42857142857142855,-0.09523809523809529,0.15821692226262685,0.7495457695909742,-1.2727272727272727,-0.18181818181818182,-0.28181818181818186,4,-0.04545454545454547,4,1,3,0.25,-2.0,62.42857142857143,6.123896112275516,5.285714285714286,true current-to-close CLV not available in historical file,"small_sample,thin_recent_sample,negative_recent_roi,weak_season_stability",False,-18.328181818181818
hgb_under_3p5_combo_total_ge_60_cold_le_40,weather_total_combo_grid,HGB under 3.5+ with total >= 60 and temp <= 40F.,27,26,9,17,1,0.34615384615384615,-0.1776556776556777,0.19412014972852124,0.53779770990367,-8.81818181818182,-0.3391608391608392,-0.43916083916083926,7,0.0909090909090909,10,3,7,0.3,-10.63636363636364,65.87037037037037,6.54652865070572,2.0555555555555554,true current-to-close CLV not available in historical file,"small_sample,thin_recent_sample,weak_season_stability",False,-23.750629370629376
hgb_under_3p5_combo_cold_le_45_wind_ge_12_precip_any,weather_combo_grid,"HGB under 3.5+ with temp <= 45F, wind >= 12 mph, and any precipitation flag.",4,4,3,1,0,0.75,0.22619047619047616,0.3006360524426366,0.9544139373553637,1.727272727272727,0.43181818181818177,0.3318181818181818,1,-1.0,4,3,1,0.75,-1.0,46.875,5.549401549433453,-11.625,true current-to-close CLV not available in historical file,"small_sample,thin_recent_sample,negative_recent_roi,high_roi_thin_sample",False,-25.68818181818182
hgb_under_3p5_total_52_56,high_total_bucket,HGB under 3.5+ with closing total 52 to 56.,180,178,81,97,2,0.4550561797752809,-0.06875334403424294,0.3836195648627309,0.5283917680775865,-23.36363636363636,-0.1312563840653728,-0.2312563840653728,27,-0.29292929292929293,10,3,7,0.3,-24.36363636363636,53.85,5.491254134837042,1.7055555555555555,true current-to-close CLV not available in historical file,"thin_recent_sample,negative_recent_roi,weak_season_stability",False,-33.37270911360798
hgb_under_3p5_combo_heat_ge_85_dewpoint_ge_65,weather_combo_grid,HGB under 3.5+ with temp >= 85F and dewpoint >= 65F.,55,55,23,32,0,0.41818181818181815,-0.10562770562770568,0.29737567047718927,0.5496713166883535,-11.090909090909092,-0.2016528925619835,-0.30165289256198347,14,-0.3181818181818182,10,3,7,0.3,-12.818181818181818,59.945454545454545,6.224630989277032,2.4909090909090907,true current-to-close CLV not available in historical file,"small_sample,thin_recent_sample,negative_recent_roi,weak_season_stability",False,-42.583471074380164
hgb_under_3p5_combo_total_60_63_heat_ge_90,weather_total_combo_grid,HGB under 3.5+ with total 60-63 and temp >= 90F.,11,11,4,7,0,0.36363636363636365,-0.1601731601731602,0.15166223614131383,0.6462032231083628,-3.3636363636363633,-0.30578512396694213,-0.4057851239669421,8,-0.28409090909090906,6,2,4,0.3333333333333333,-4.2727272727272725,61.13636363636363,5.093202694660003,0.6818181818181818,true current-to-close CLV not available in historical file,"small_sample,thin_recent_sample,negative_recent_roi,weak_season_stability",False,-48.940330578512395
hgb_under_3p5_combo_high_pass_rate_total_60_63_heat_ge_85,weather_team_style_total_grid,"HGB under 3.5+ with top 30% pass-rate proxy, total 60-63, and temp >= 85F.",5,5,2,3,0,0.4,-0.12380952380952381,0.1176182311592533,0.769280067791163,-1.1818181818181817,-0.23636363636363633,-0.3363636363636363,3,-0.3636363636363636,4,1,3,0.25,-3.0,60.7,6.619332971376158,-2.5,true current-to-close CLV not available in historical file,"small_sample,thin_recent_sample,negative_recent_roi,weak_season_stability",False,-49.47727272727272
hgb_under_3p5_combo_total_ge_60_heat_ge_90,weather_total_combo_grid,HGB under 3.5+ with total >= 60 and temp >= 90F.,25,25,9,16,0,0.36,-0.16380952380952385,0.20247656431735636,0.5548184539895337,-7.8181818181818175,-0.3127272727272727,-0.4127272727272727,13,-0.26573426573426573,9,2,7,0.2222222222222222,-7.8181818181818175,64.68,5.730844878353157,1.88,true current-to-close CLV not available in historical file,"small_sample,thin_recent_sample,negative_recent_roi,weak_season_stability",False,-50.26177156177156
hgb_under_3p5_combo_total_ge_56_heat_ge_90,weather_total_combo_grid,HGB under 3.5+ with total >= 56 and temp >= 90F.,27,27,10,17,0,0.37037037037037035,-0.1534391534391535,0.21532287067936856,0.5577109537655369,-7.909090909090907,-0.2929292929292929,-0.3929292929292929,14,-0.3181818181818182,9,3,6,0.3333333333333333,-7.909090909090908,64.22222222222223,5.66521960579774,3.1481481481481484,true current-to-close CLV not available in historical file,"small_sample,thin_recent_sample,negative_recent_roi,weak_season_stability",False,-50.78929292929292
hgb_under_3p5_combo_total_ge_58_heat_ge_90,weather_total_combo_grid,HGB under 3.5+ with total >= 58 and temp >= 90F.,27,27,10,17,0,0.37037037037037035,-0.1534391534391535,0.21532287067936856,0.5577109537655369,-7.909090909090907,-0.2929292929292929,-0.3929292929292929,14,-0.3181818181818182,9,3,6,0.3333333333333333,-7.909090909090908,64.22222222222223,5.66521960579774,3.1481481481481484,true current-to-close CLV not available in historical file,"small_sample,thin_recent_sample,negative_recent_roi,weak_season_stability",False,-50.78929292929292
hgb_under_3p5_temp_ge_90,weather_single,HGB under 3.5+ with temperature at or above 90F.,36,36,13,23,0,0.3611111111111111,-0.16269841269841273,0.2247538679218132,0.5242521960916802,-11.181818181818182,-0.3106060606060606,-0.41060606060606064,16,-0.2840909090909091,9,2,7,0.2222222222222222,-11.181818181818185,60.77777777777778,5.744957583983803,4.166666666666667,true current-to-close CLV not available in historical file,"small_sample,thin_recent_sample,negative_recent_roi,weak_season_stability",False,-51.970909090909096
hgb_under_3p5_combo_high_pass_rate_total_60_63_humid_ge_70,weather_team_style_total_grid,"HGB under 3.5+ with top 30% pass-rate proxy, total 60-63, and humidity >= 70%.",13,12,7,5,1,0.5833333333333334,0.059523809523809534,0.3195073356553728,0.8067425380947535,1.3636363636363633,0.1136363636363636,0.0136363636363636,1,-1.0,6,3,3,0.5,-3.0,61.53846153846154,7.140806609721438,-3.076923076923077,true current-to-close CLV not available in historical file,"small_sample,thin_recent_sample,negative_recent_roi,weak_season_stability",False,-61.49636363636364
hgb_under_3p5_combo_high_pass_rate_total_60_63_wind_ge_12,weather_team_style_total_grid,"HGB under 3.5+ with top 30% pass-rate proxy, total 60-63, and wind >= 12 mph.",13,12,7,5,1,0.5833333333333334,0.059523809523809534,0.3195073356553728,0.8067425380947535,1.3636363636363633,0.1136363636363636,0.0136363636363636,1,-1.0,7,3,3,0.42857142857142855,-2.0,61.5,6.456364494051415,-5.5,true current-to-close CLV not available in historical file,"small_sample,thin_recent_sample,negative_recent_roi,weak_season_stability",False,-62.367792207792206
hgb_under_3p5_combo_heat_ge_90_dewpoint_ge_70,weather_combo_grid,HGB under 3.5+ with temp >= 90F and dewpoint >= 70F.,5,5,1,4,0,0.2,-0.3238095238095238,0.03622316096978745,0.6244717358814613,-3.090909090909091,-0.6181818181818182,-0.7181818181818181,0,,2,0,2,0.0,-4.0,56.4,5.358679716813457,4.6,true current-to-close CLV not available in historical file,"small_sample,thin_recent_sample,weak_season_stability",False,-62.51818181818181
hgb_under_3p5_temp_le_25,weather_single,HGB under 3.5+ with temperature at or below 25F.,9,9,3,6,0,0.3333333333333333,-0.19047619047619052,0.12058159868274293,0.6458026525009102,-3.2727272727272725,-0.3636363636363636,-0.4636363636363636,4,-0.5227272727272727,6,2,4,0.3333333333333333,-4.090909090909091,52.666666666666664,6.235979594203533,1.0,true current-to-close CLV not available in historical file,"small_sample,thin_recent_sample,negative_recent_roi,weak_season_stability",False,-73.81999999999998
hgb_under_3p5_combo_wind_ge_10_snow_flag,weather_combo_grid,HGB under 3.5+ with wind >= 10 mph and snow/wintry flag.,2,2,1,1,0,0.5,-0.023809523809523836,0.09452865480086614,0.9054713451991339,-0.09090909090909094,-0.04545454545454547,-0.14545454545454548,1,-1.0,2,1,1,0.5,-1.0,44.0,6.089838500607545,-8.5,true current-to-close CLV not available in historical file,"small_sample,thin_recent_sample,negative_recent_roi,weak_season_stability",False,-77.20545454545454
hgb_under_3p5_wind_ge_25,weather_single,HGB under 3.5+ with wind at least 25 mph.,11,11,4,7,0,0.36363636363636365,-0.1601731601731602,0.15166223614131383,0.6462032231083628,-3.3636363636363638,-0.3057851239669422,-0.4057851239669422,5,-0.6181818181818182,4,0,4,0.0,-4.090909090909091,52.27272727272727,5.612356884755922,1.0909090909090908,true current-to-close CLV not available in historical file,"small_sample,thin_recent_sample,negative_recent_roi,weak_season_stability",False,-80.63123966942149
hgb_under_3p5_combo_heat_ge_85_humid_ge_70,weather_combo_grid,HGB under 3.5+ with temp >= 85F and humidity >= 70%.,6,6,3,3,0,0.5,-0.023809523809523836,0.18761280689940868,0.8123871931005913,-0.2727272727272728,-0.04545454545454547,-0.14545454545454548,1,-1.0,4,1,3,0.25,-1.1818181818181819,60.166666666666664,6.683526994044151,-3.5,true current-to-close CLV not available in historical file,"small_sample,thin_recent_sample,negative_recent_roi,weak_season_stability",False,-80.91181818181818
hgb_under_3p5_combo_total_ge_56_snow_flag,weather_total_combo_grid,HGB under 3.5+ with total >= 56 and snow/wintry flag.,1,1,0,1,0,0.0,-0.5238095238095238,0.0,0.7934567085261071,-1.0,-1.0,-1.1,0,,1,0,1,0.0,-1.0,57.5,10.222839308615232,32.5,true current-to-close CLV not available in historical file,"small_sample,thin_recent_sample,weak_season_stability",False,-100.18
hgb_under_3p5_combo_total_ge_56_wintry_flag,weather_total_combo_grid,HGB under 3.5+ with total >= 56 and wintry/sleet/freezing flag.,1,1,0,1,0,0.0,-0.5238095238095238,0.0,0.7934567085261071,-1.0,-1.0,-1.1,0,,1,0,1,0.0,-1.0,57.5,10.222839308615232,32.5,true current-to-close CLV not available in historical file,"small_sample,thin_recent_sample,weak_season_stability",False,-100.18
hgb_under_3p5_dewpoint_ge_75,weather_single,HGB under 3.5+ with dewpoint at least 75F.,18,18,7,11,0,0.3888888888888889,-0.13492063492063494,0.20304991926931162,0.6138133141934384,-4.636363636363637,-0.25757575757575757,-0.35757575757575755,1,-1.0,5,0,5,0.0,-5.545454545454545,57.083333333333336,6.597009489621666,3.75,true current-to-close CLV not available in historical file,"small_sample,thin_recent_sample,negative_recent_roi,weak_season_stability",False,-106.50666666666666
hgb_under_3p5_snow_flag,weather_single,HGB under 3.5+ with snow flag or measurable snowfall.,3,3,1,2,0,0.3333333333333333,-0.19047619047619052,0.0614903152761605,0.7923450448735121,-1.0909090909090908,-0.3636363636363636,-0.4636363636363636,1,-1.0,3,1,2,0.3333333333333333,-2.0,48.5,7.467505436610107,5.166666666666667,true current-to-close CLV not available in historical file,"small_sample,thin_recent_sample,negative_recent_roi,weak_season_stability",False,-111.70363636363636
hgb_under_3p5_wintry_flag,weather_single,HGB under 3.5+ with wintry/sleet/freezing flag.,3,3,1,2,0,0.3333333333333333,-0.19047619047619052,0.0614903152761605,0.7923450448735121,-1.0909090909090908,-0.3636363636363636,-0.4636363636363636,1,-1.0,3,1,2,0.3333333333333333,-2.0,48.5,7.467505436610107,5.166666666666667,true current-to-close CLV not available in historical file,"small_sample,thin_recent_sample,negative_recent_roi,weak_season_stability",False,-111.70363636363636
hgb_under_3p5_combo_cold_le_50_snow_flag,weather_combo_grid,HGB under 3.5+ with temp <= 50F and snow/wintry flag.,3,3,1,2,0,0.3333333333333333,-0.19047619047619052,0.0614903152761605,0.7923450448735121,-1.0909090909090908,-0.3636363636363636,-0.4636363636363636,1,-1.0,3,1,2,0.3333333333333333,-2.0,48.5,7.467505436610107,5.166666666666667,true current-to-close CLV not available in historical file,"small_sample,thin_recent_sample,negative_recent_roi,weak_season_stability",False,-111.70363636363636
hgb_under_3p5_combo_cold_le_45_snow_flag,weather_combo_grid,HGB under 3.5+ with temp <= 45F and snow/wintry flag.,3,3,1,2,0,0.3333333333333333,-0.19047619047619052,0.0614903152761605,0.7923450448735121,-1.0909090909090908,-0.3636363636363636,-0.4636363636363636,1,-1.0,3,1,2,0.3333333333333333,-2.0,48.5,7.467505436610107,5.166666666666667,true current-to-close CLV not available in historical file,"small_sample,thin_recent_sample,negative_recent_roi,weak_season_stability",False,-111.70363636363636
hgb_under_3p5_temp_ge_95,weather_single,HGB under 3.5+ with temperature at or above 95F.,10,10,2,8,0,0.2,-0.3238095238095238,0.05668094798069326,0.5098431532792767,-6.181818181818182,-0.6181818181818182,-0.7181818181818181,6,-0.6818181818181818,4,0,4,0.0,-6.181818181818182,59.35,6.42462208051649,10.45,true current-to-close CLV not available in historical file,"small_sample,thin_recent_sample,negative_recent_roi,weak_season_stability",False,-117.39999999999998
hgb_under_3p5_combo_total_ge_60_heat_ge_95,weather_total_combo_grid,HGB under 3.5+ with total >= 60 and temp >= 95F.,6,6,1,5,0,0.16666666666666666,-0.3571428571428572,0.03005258587173032,0.563509436563646,-4.090909090909091,-0.6818181818181818,-0.7818181818181817,3,-1.0,4,0,4,0.0,-5.0,62.916666666666664,7.301485704815533,5.416666666666667,true current-to-close CLV not available in historical file,"small_sample,thin_recent_sample,negative_recent_roi,weak_season_stability",False,-149.06181818181818
hgb_under_3p5_combo_total_ge_56_heat_ge_95,weather_total_combo_grid,HGB under 3.5+ with total >= 56 and temp >= 95F.,7,7,1,6,0,0.14285714285714285,-0.380952380952381,0.02567895594897479,0.51313450331903,-5.090909090909091,-0.7272727272727273,-0.8272727272727273,4,-1.0,4,0,4,0.0,-6.0,62.285714285714285,7.011634941270686,11.714285714285714,true current-to-close CLV not available in historical file,"small_sample,thin_recent_sample,negative_recent_roi,weak_season_stability",False,-153.78727272727275
hgb_under_3p5_combo_total_ge_58_heat_ge_95,weather_total_combo_grid,HGB under 3.5+ with total >= 58 and temp >= 95F.,7,7,1,6,0,0.14285714285714285,-0.380952380952381,0.02567895594897479,0.51313450331903,-5.090909090909091,-0.7272727272727273,-0.8272727272727273,4,-1.0,4,0,4,0.0,-6.0,62.285714285714285,7.011634941270686,11.714285714285714,true current-to-close CLV not available in historical file,"small_sample,thin_recent_sample,negative_recent_roi,weak_season_stability",False,-153.78727272727275
hgb_under_3p5_combo_wind_ge_12_snow_flag,weather_combo_grid,HGB under 3.5+ with wind >= 12 mph and snow/wintry flag.,1,1,0,1,0,0.0,-0.5238095238095238,0.0,0.7934567085261071,-1.0,-1.0,-1.1,1,-1.0,1,0,1,0.0,-1.0,43.5,4.916793513800535,0.5,true current-to-close CLV not available in historical file,"small_sample,thin_recent_sample,negative_recent_roi,weak_season_stability",False,-180.17999999999998
hgb_under_3p5_combo_wind_ge_15_snow_flag,weather_combo_grid,HGB under 3.5+ with wind >= 15 mph and snow/wintry flag.,1,1,0,1,0,0.0,-0.5238095238095238,0.0,0.7934567085261071,-1.0,-1.0,-1.1,1,-1.0,1,0,1,0.0,-1.0,43.5,4.916793513800535,0.5,true current-to-close CLV not available in historical file,"small_sample,thin_recent_sample,negative_recent_roi,weak_season_stability",False,-180.17999999999998
hgb_under_3p5_combo_cold_le_50_wind_ge_12_snow_flag,weather_combo_grid,"HGB under 3.5+ with temp <= 50F, wind >= 12 mph, and snow/wintry flag.",1,1,0,1,0,0.0,-0.5238095238095238,0.0,0.7934567085261071,-1.0,-1.0,-1.1,1,-1.0,1,0,1,0.0,-1.0,43.5,4.916793513800535,0.5,true current-to-close CLV not available in historical file,"small_sample,thin_recent_sample,negative_recent_roi,weak_season_stability",False,-180.17999999999998
hgb_under_3p5_combo_cold_le_45_wind_ge_12_snow_flag,weather_combo_grid,"HGB under 3.5+ with temp <= 45F, wind >= 12 mph, and snow/wintry flag.",1,1,0,1,0,0.0,-0.5238095238095238,0.0,0.7934567085261071,-1.0,-1.0,-1.1,1,-1.0,1,0,1,0.0,-1.0,43.5,4.916793513800535,0.5,true current-to-close CLV not available in historical file,"small_sample,thin_recent_sample,negative_recent_roi,weak_season_stability",False,-180.17999999999998
hgb_under_3p5_combo_total_60_63_heat_ge_95,weather_total_combo_grid,HGB under 3.5+ with total 60-63 and temp >= 95F.,3,3,0,3,0,0.0,-0.5238095238095238,0.0,0.5615060804490177,-3.0,-1.0,-1.1,3,-1.0,2,0,2,0.0,-3.0,60.666666666666664,6.279573439886657,5.666666666666667,true current-to-close CLV not available in historical file,"small_sample,thin_recent_sample,negative_recent_roi,weak_season_stability",False,-180.54
