filter_name,category,description,games,graded,wins,losses,pushes,hit_rate,hit_rate_minus_breakeven,hit_rate_wilson_low,hit_rate_wilson_high,net_units_1u_each,roi_per_1u,target_roi_10pct_gap,recent_2022_plus_graded,recent_2022_plus_roi,season_count,positive_seasons,losing_seasons,positive_season_rate,max_drawdown_units,avg_closing_total,avg_hgb_abs_edge,avg_market_residual,line_movement_clv_proxy_note,overfit_flags,shortlist_candidate,score
hgb_under_3p5_provider_caesars_sportsbook_colorado,provider,HGB under 3.5+ using line provider Caesars Sportsbook (Colorado).,2,2,2,0,0,1.0,0.47619047619047616,0.34237195288961925,1.0,1.8181818181818181,0.9090909090909091,0.8090909090909091,2,0.9090909090909091,1,1,0,1.0,0.0,49.25,5.635211150200688,-5.25,avg provider range 0.00; avg selected-vs-median +0.00,"small_sample,thin_recent_sample,high_roi_thin_sample",False,178.67636363636362
hgb_under_3p5_combo_cold_le_50_wind_ge_12_precip_any,weather_combo_grid,"HGB under 3.5+ with temp <= 50F, wind >= 12 mph, and any precipitation flag.",9,9,8,1,0,0.8888888888888888,0.365079365079365,0.5649937852319399,0.9801096286728695,6.2727272727272725,0.6969696969696969,0.5969696969696969,1,0.9090909090909091,6,6,0,1.0,-1.0,53.55555555555556,6.143750119844948,-10.222222222222221,avg provider range 0.78; avg selected-vs-median +0.11,"small_sample,thin_recent_sample,high_roi_thin_sample",False,157.40424242424243
hgb_under_3p5_combo_selected_above_median_1_wind_ge_12,market_signal_combo_grid,HGB under 3.5+ with selected total >= 1 above provider median and wind >= 12 mph.,13,12,10,2,1,0.8333333333333334,0.30952380952380953,0.5519636426153274,0.9530358523851776,7.090909090909091,0.5909090909090909,0.49090909090909096,6,0.9090909090909091,5,4,1,0.8,-1.0909090909090908,62.19230769230769,5.458908473210224,-8.192307692307692,avg provider range 2.00; avg selected-vs-median +1.48,"small_sample,thin_recent_sample,high_roi_thin_sample",False,143.84
hgb_under_3p5_combo_total_60_63_wind_ge_12,weather_total_combo_grid,HGB under 3.5+ with total 60-63 and wind >= 12 mph.,39,38,28,10,1,0.7368421052631579,0.21303258145363402,0.5799084979362465,0.8502853761029869,15.454545454545448,0.4066985645933013,0.30669856459330125,6,0.9090909090909091,9,6,3,0.6666666666666666,-3.0,61.32051282051282,5.9075418957062515,-6.705128205128205,avg provider range 1.09; avg selected-vs-median +0.17,"small_sample,thin_recent_sample,high_roi_thin_sample",False,123.55712918660286
hgb_under_3p5_combo_total_60_63_wind_ge_15,weather_total_combo_grid,HGB under 3.5+ with total 60-63 and wind >= 15 mph.,16,16,11,5,0,0.6875,0.16369047619047616,0.4440393186673406,0.8583556494803894,5.0,0.3125,0.2125,3,0.9090909090909091,8,4,4,0.5,-3.0,61.3125,6.195309028162057,-6.1875,avg provider range 1.22; avg selected-vs-median +0.08,"small_sample,thin_recent_sample,weak_season_stability,high_roi_thin_sample",False,111.19727272727272
hgb_under_3p5_combo_cold_le_45_wind_ge_12_precip_any,weather_combo_grid,"HGB under 3.5+ with temp <= 45F, wind >= 12 mph, and any precipitation flag.",3,3,3,0,0,1.0,0.47619047619047616,0.43849391955098227,1.0,2.727272727272727,0.9090909090909091,0.8090909090909091,0,,3,3,0,1.0,0.0,48.0,5.760270894644425,-15.666666666666666,avg provider range 0.83; avg selected-vs-median +0.17,"small_sample,thin_recent_sample,high_roi_thin_sample",False,105.96909090909091
hgb_under_3p5_combo_total_ge_58_thunder_flag,weather_total_combo_grid,HGB under 3.5+ with total >= 58 and thunderstorm text flag.,2,2,2,0,0,1.0,0.47619047619047616,0.34237195288961925,1.0,1.8181818181818181,0.9090909090909091,0.8090909090909091,0,,2,2,0,1.0,0.0,64.25,6.645348197552212,-10.75,avg provider range 0.50; avg selected-vs-median +0.00,"small_sample,thin_recent_sample,high_roi_thin_sample",False,105.94909090909091
hgb_under_3p5_combo_total_ge_60_thunder_flag,weather_total_combo_grid,HGB under 3.5+ with total >= 60 and thunderstorm text flag.,2,2,2,0,0,1.0,0.47619047619047616,0.34237195288961925,1.0,1.8181818181818181,0.9090909090909091,0.8090909090909091,0,,2,2,0,1.0,0.0,64.25,6.645348197552212,-10.75,avg provider range 0.50; avg selected-vs-median +0.00,"small_sample,thin_recent_sample,high_roi_thin_sample",False,105.94909090909091
hgb_under_3p5_combo_wind_ge_10_snow_flag,weather_combo_grid,HGB under 3.5+ with wind >= 10 mph and snow/wintry flag.,1,1,1,0,0,1.0,0.47619047619047616,0.20654329147389294,1.0,0.9090909090909091,0.9090909090909091,0.8090909090909091,0,,1,1,0,1.0,0.0,44.5,7.262883487414556,-17.5,avg provider range 1.00; avg selected-vs-median +0.50,"small_sample,thin_recent_sample,high_roi_thin_sample",False,105.9290909090909
hgb_under_3p5_combo_heat_ge_85_humid_ge_80,weather_combo_grid,HGB under 3.5+ with temp >= 85F and humidity >= 80%.,1,1,1,0,0,1.0,0.47619047619047616,0.20654329147389294,1.0,0.9090909090909091,0.9090909090909091,0.8090909090909091,0,,1,1,0,1.0,0.0,64.0,4.732914260895505,-17.0,avg provider range 0.00; avg selected-vs-median +0.00,"small_sample,thin_recent_sample,high_roi_thin_sample",False,105.9290909090909
hgb_under_3p5_combo_total_60_63_thunder_flag,weather_total_combo_grid,HGB under 3.5+ with total 60-63 and thunderstorm text flag.,1,1,1,0,0,1.0,0.47619047619047616,0.20654329147389294,1.0,0.9090909090909091,0.9090909090909091,0.8090909090909091,0,,1,1,0,1.0,0.0,60.0,4.425895887000104,-6.0,avg provider range 1.00; avg selected-vs-median +0.00,"small_sample,thin_recent_sample,high_roi_thin_sample",False,105.9290909090909
hgb_under_3p5_combo_selected_above_median_1_high_pass_rate,market_signal_combo_grid,HGB under 3.5+ with selected total >= 1 above provider median and top 30% pass-rate proxy.,20,19,15,4,1,0.7894736842105263,0.2656641604010025,0.5666528575973392,0.9149246150840843,9.636363636363633,0.5071770334928228,0.40717703349282286,10,0.5272727272727272,6,5,1,0.8333333333333334,-1.0909090909090908,59.675,5.614376027468053,-8.875,avg provider range 2.27; avg selected-vs-median +1.68,"small_sample,thin_recent_sample,high_roi_thin_sample",False,105.56133971291864
hgb_under_3p5_combo_wind_ge_12_rain_flag_total_ge_56,weather_combo_grid,"HGB under 3.5+ with wind >= 12 mph, rain/thunder text or precip amount, and total >= 56.",26,26,20,6,0,0.7692307692307693,0.24542124542124544,0.5794807424804321,0.8896630031632332,12.18181818181818,0.46853146853146843,0.36853146853146845,8,0.43181818181818177,7,7,0,1.0,-3.090909090909091,62.57692307692308,6.931879536709719,-7.384615384615385,avg provider range 0.94; avg selected-vs-median +0.15,"small_sample,thin_recent_sample,high_roi_thin_sample",False,96.30041958041956
hgb_under_3p5_combo_wind_ge_12_precip_any_total_ge_56,weather_combo_grid,"HGB under 3.5+ with wind >= 12 mph, any precipitation flag, and total >= 56.",26,26,20,6,0,0.7692307692307693,0.24542124542124544,0.5794807424804321,0.8896630031632332,12.18181818181818,0.46853146853146843,0.36853146853146845,8,0.43181818181818177,7,7,0,1.0,-3.090909090909091,62.57692307692308,6.931879536709719,-7.384615384615385,avg provider range 0.94; avg selected-vs-median +0.15,"small_sample,thin_recent_sample,high_roi_thin_sample",False,96.30041958041956
hgb_under_3p5_combo_total_60_63_wind_ge_10,weather_total_combo_grid,HGB under 3.5+ with total 60-63 and wind >= 10 mph.,56,55,39,16,1,0.7090909090909091,0.18528138528138527,0.5785902917965606,0.8122896298914968,19.454545454545453,0.3537190082644628,0.2537190082644628,11,0.5619834710743802,9,7,2,0.7777777777777778,-4.0,61.276785714285715,5.9057011973975335,-5.776785714285714,avg provider range 1.05; avg selected-vs-median +0.14,"small_sample,thin_recent_sample,high_roi_thin_sample",False,92.29724517906337
hgb_under_3p5_combo_high_pass_rate_total_ge_56_cold_le_50,weather_team_style_total_grid,"HGB under 3.5+ with top 30% pass-rate proxy, total >= 56, and temp <= 50F.",34,33,19,14,1,0.5757575757575758,0.051948051948051965,0.4080697369146003,0.7276464100497011,3.272727272727273,0.09917355371900827,-0.0008264462809917383,4,0.9090909090909091,8,5,3,0.625,-7.545454545454545,63.705882352941174,5.836927959306246,-1.2058823529411764,avg provider range 0.93; avg selected-vs-median +0.03,"small_sample,thin_recent_sample",False,91.17053719008263
hgb_under_3p5_combo_high_pass_rate_total_ge_58_cold_le_50,weather_team_style_total_grid,"HGB under 3.5+ with top 30% pass-rate proxy, total >= 58, and temp <= 50F.",25,24,13,11,1,0.5416666666666666,0.017857142857142794,0.35074553553106635,0.7210894164831857,0.8181818181818178,0.034090909090909075,-0.06590909090909093,4,0.9090909090909091,7,4,3,0.5714285714285714,-7.0,66.18,6.105730421799575,-1.54,avg provider range 0.94; avg selected-vs-median +0.00,"small_sample,thin_recent_sample,weak_season_stability",False,83.7877922077922
hgb_under_3p5_combo_wind_ge_12_precip_any,weather_combo_grid,HGB under 3.5+ with wind >= 12 mph and any precipitation flag.,54,54,41,13,0,0.7592592592592593,0.23544973544973546,0.6305222087076177,0.8535584529614926,24.272727272727273,0.4494949494949495,0.3494949494949495,15,0.2727272727272727,9,7,2,0.7777777777777778,-3.2727272727272725,54.666666666666664,6.800567479332915,-5.87037037037037,avg provider range 0.86; avg selected-vs-median +0.12,"small_sample,thin_recent_sample,high_roi_thin_sample",False,78.85979797979797
hgb_under_3p5_combo_wind_ge_12_rain_flag,weather_combo_grid,HGB under 3.5+ with wind >= 12 mph and rain/thunder text or precip amount.,54,54,41,13,0,0.7592592592592593,0.23544973544973546,0.6305222087076177,0.8535584529614926,24.272727272727273,0.4494949494949495,0.3494949494949495,15,0.2727272727272727,9,7,2,0.7777777777777778,-3.2727272727272725,54.666666666666664,6.800567479332915,-5.87037037037037,avg provider range 0.86; avg selected-vs-median +0.12,"small_sample,thin_recent_sample,high_roi_thin_sample",False,78.85979797979797
hgb_under_3p5_combo_total_ge_60_wind_ge_15,weather_total_combo_grid,HGB under 3.5+ with total >= 60 and wind >= 15 mph.,50,49,28,21,1,0.5714285714285714,0.04761904761904756,0.4327024751701555,0.6997689110104294,4.454545454545454,0.0909090909090909,-0.009090909090909108,10,0.7181818181818181,9,4,5,0.4444444444444444,-10.363636363636363,65.36,6.2850636566903395,-1.48,avg provider range 1.00; avg selected-vs-median +0.14,"small_sample,thin_recent_sample,weak_season_stability",False,72.11939393939394
hgb_under_3p5_combo_high_pass_rate_humid_ge_80,weather_team_style_grid,HGB under 3.5+ with top 30% pass-rate proxy and humidity >= 80%.,66,66,40,26,0,0.6060606060606061,0.08225108225108224,0.48548180775863853,0.7149717900970809,10.363636363636362,0.15702479338842973,0.05702479338842972,10,0.5272727272727272,9,6,3,0.6666666666666666,-6.090909090909091,58.68181818181818,6.227268675016871,-4.878787878787879,avg provider range 0.86; avg selected-vs-median +0.10,"small_sample,thin_recent_sample",False,67.98611570247932
hgb_under_3p5_combo_selected_above_median_1_total_ge_60,market_signal_combo_grid,HGB under 3.5+ with selected total >= 1 above provider median and total >= 60.,23,22,15,7,1,0.6818181818181818,0.15800865800865793,0.47318222782839336,0.8363961264530752,6.636363636363636,0.30165289256198347,0.20165289256198346,13,0.32167832167832167,8,6,2,0.75,-3.0,65.3695652173913,5.404772404357078,-4.021739130434782,avg provider range 2.41; avg selected-vs-median +1.65,"small_sample,thin_recent_sample,high_roi_thin_sample",False,66.98955499046409
hgb_under_3p5_combo_total_ge_60_wind_ge_12,weather_total_combo_grid,HGB under 3.5+ with total >= 60 and wind >= 12 mph.,118,116,73,43,2,0.6293103448275862,0.10550082101806235,0.5385910533249667,0.7117393828507852,23.363636363636367,0.20141065830721006,0.10141065830721005,29,0.4482758620689654,9,6,3,0.6666666666666666,-9.272727272727273,65.74152542372882,6.562240249274866,-1.9703389830508475,avg provider range 0.95; avg selected-vs-median +0.10,"thin_recent_sample,high_roi_thin_sample",True,66.46858934169278
hgb_under_3p5_combo_high_pass_rate_total_ge_60_cold_le_50,weather_team_style_total_grid,"HGB under 3.5+ with top 30% pass-rate proxy, total >= 60, and temp <= 50F.",21,20,9,11,1,0.45,-0.07380952380952382,0.25819502085709295,0.6579179916924003,-2.8181818181818183,-0.14090909090909093,-0.24090909090909093,3,0.9090909090909091,7,3,4,0.42857142857142855,-7.272727272727273,67.66666666666667,6.135932558635158,0.7142857142857143,avg provider range 1.00; avg selected-vs-median +0.02,"small_sample,thin_recent_sample,weak_season_stability",False,64.01038961038961
hgb_under_3p5_combo_total_ge_58_wind_ge_12,weather_total_combo_grid,HGB under 3.5+ with total >= 58 and wind >= 12 mph.,140,138,84,54,2,0.6086956521739131,0.08488612836438925,0.5253800550407692,0.6861234812983583,22.363636363636367,0.16205533596837948,0.06205533596837948,37,0.393120393120393,9,6,3,0.6666666666666666,-9.363636363636363,64.61428571428571,6.499095302805743,-1.3357142857142856,avg provider range 0.94; avg selected-vs-median +0.10,none,True,58.542437773742115
hgb_under_3p5_combo_selected_above_median_1_total_ge_56,market_signal_combo_grid,HGB under 3.5+ with selected total >= 1 above provider median and total >= 56.,35,34,22,12,1,0.6470588235294118,0.12324929971988796,0.4791365883001342,0.7851228510470394,8.0,0.23529411764705882,0.13529411764705881,19,0.3062200956937799,9,6,3,0.6666666666666666,-4.0,62.77142857142857,5.553134202522419,-2.342857142857143,avg provider range 2.36; avg selected-vs-median +1.62,"small_sample,thin_recent_sample,high_roi_thin_sample",False,57.90701942020828
hgb_under_3p5_combo_total_ge_60_humid_ge_80,weather_total_combo_grid,HGB under 3.5+ with total >= 60 and humidity >= 80%.,105,104,65,39,1,0.625,0.10119047619047616,0.5290655982464637,0.7120287475347561,20.09090909090909,0.19318181818181818,0.09318181818181817,25,0.2981818181818181,9,8,1,0.8888888888888888,-6.090909090909091,66.45238095238095,6.467780094828177,-2.2904761904761903,avg provider range 0.83; avg selected-vs-median +0.09,thin_recent_sample,True,57.36787878787878
hgb_under_3p5_combo_total_ge_56_humid_ge_80,weather_total_combo_grid,HGB under 3.5+ with total >= 56 and humidity >= 80%.,141,140,84,56,1,0.6,0.07619047619047614,0.5172240406779871,0.6774345281922145,20.363636363636367,0.14545454545454548,0.04545454545454547,32,0.3721590909090909,9,7,2,0.7777777777777778,-8.181818181818182,64.21985815602837,6.453772083351922,-1.7730496453900708,avg provider range 0.85; avg selected-vs-median +0.12,none,True,57.14848484848484
hgb_under_3p5_combo_cold_le_40_wind_ge_12,weather_combo_grid,HGB under 3.5+ with temp <= 40F and wind >= 12 mph.,21,20,12,8,1,0.6,0.07619047619047614,0.3865779423152061,0.7811960325858074,2.909090909090909,0.14545454545454545,0.04545454545454544,8,0.43181818181818177,9,5,3,0.5555555555555556,-4.0,52.666666666666664,5.910718342979256,-4.428571428571429,avg provider range 0.81; avg selected-vs-median +0.02,"small_sample,thin_recent_sample,weak_season_stability",False,57.02424242424242
hgb_under_3p5_combo_total_ge_60_wind_ge_10,weather_total_combo_grid,HGB under 3.5+ with total >= 60 and wind >= 10 mph.,209,207,132,75,2,0.6376811594202898,0.11387163561076596,0.5702419468451847,0.7001031842864325,45.0,0.21739130434782608,0.11739130434782608,53,0.2607204116638079,9,7,2,0.7777777777777778,-9.454545454545459,66.63875598086125,6.41831859069264,-2.8588516746411483,avg provider range 0.91; avg selected-vs-median +0.13,none,True,56.512520943644816
hgb_under_3p5_combo_total_ge_58_humid_ge_80,weather_total_combo_grid,HGB under 3.5+ with total >= 58 and humidity >= 80%.,121,120,72,48,1,0.6,0.07619047619047614,0.5105585981828253,0.6832373476059888,17.454545454545457,0.14545454545454548,0.04545454545454547,29,0.3824451410658306,9,6,3,0.6666666666666666,-6.909090909090908,65.44628099173553,6.482550381281871,-1.6942148760330578,avg provider range 0.86; avg selected-vs-median +0.09,thin_recent_sample,True,56.15924764890281
hgb_under_3p5_selected_total_above_median_0p5,line_market_proxy,HGB under 3.5+ where selected total is at least 0.5 above provider median.,177,173,108,65,4,0.6242774566473989,0.10046793283787503,0.5501450886306932,0.6930103680039449,33.18181818181818,0.19180241723594324,0.09180241723594323,49,0.24675324675324672,9,9,0,1.0,-6.18181818181818,59.00282485875706,5.921492159770567,-2.3022598870056497,avg provider range 1.46; avg selected-vs-median +0.85,none,True,56.14413782749043
hgb_under_3p5_combo_line_range_ge_2_total_ge_60,market_signal_combo_grid,HGB under 3.5+ with provider total range >= 2 and total >= 60.,51,49,30,19,2,0.6122448979591837,0.08843537414965985,0.47245746488052426,0.735711856260395,8.272727272727273,0.16883116883116883,0.06883116883116883,18,0.3787878787878787,9,5,4,0.5555555555555556,-4.0,66.65686274509804,6.435193595146001,-2.8137254901960786,avg provider range 2.73; avg selected-vs-median +0.41,"small_sample,thin_recent_sample,weak_season_stability",False,55.69948051948052
hgb_under_3p5_combo_heat_ge_85_humid_ge_70_total_ge_56,weather_combo_grid,"HGB under 3.5+ with temp >= 85F, humidity >= 70%, and total >= 56.",4,4,3,1,0,0.75,0.22619047619047616,0.3006360524426366,0.9544139373553637,1.727272727272727,0.43181818181818177,0.3318181818181818,0,,3,2,1,0.6666666666666666,-1.0,67.625,6.042886185250083,-8.875,avg provider range 1.50; avg selected-vs-median -0.50,"small_sample,thin_recent_sample,high_roi_thin_sample",False,53.061818181818175
hgb_under_3p5_total_ge_70,high_total_bucket,HGB under 3.5+ where closing total is at least 70.,141,140,81,59,1,0.5785714285714286,0.05476190476190479,0.495749304698549,0.6571967136994668,14.636363636363637,0.10454545454545455,0.004545454545454547,30,0.3999999999999998,9,6,3,0.6666666666666666,-12.636363636363637,73.45035460992908,7.011187856257254,-2.24468085106383,avg provider range 0.84; avg selected-vs-median +0.03,none,True,52.727272727272705
hgb_under_3p5_total_70_plus,high_total_bucket,HGB under 3.5+ with closing total 70+.,141,140,81,59,1,0.5785714285714286,0.05476190476190479,0.495749304698549,0.6571967136994668,14.636363636363637,0.10454545454545455,0.004545454545454547,30,0.3999999999999998,9,6,3,0.6666666666666666,-12.636363636363637,73.45035460992908,7.011187856257254,-2.24468085106383,avg provider range 0.84; avg selected-vs-median +0.03,none,True,52.727272727272705
hgb_under_3p5_combo_high_pass_rate_dewpoint_ge_70,weather_team_style_grid,HGB under 3.5+ with top 30% pass-rate proxy and dewpoint >= 70F.,25,25,15,10,0,0.6,0.07619047619047614,0.40739127785127344,0.7659694233580909,3.6363636363636362,0.14545454545454545,0.04545454545454544,7,0.36363636363636365,8,4,4,0.5,-4.090909090909091,56.74,6.752811280421291,-2.78,avg provider range 0.88; avg selected-vs-median +0.00,"small_sample,thin_recent_sample,weak_season_stability",False,50.81818181818182
hgb_under_3p5_combo_total_ge_56_wind_ge_12,weather_total_combo_grid,HGB under 3.5+ with total >= 56 and wind >= 12 mph.,157,155,94,61,2,0.6064516129032258,0.08264208909370196,0.5278583942780153,0.6798957456953922,24.454545454545457,0.15777126099706745,0.05777126099706745,41,0.3037694013303769,9,5,4,0.5555555555555556,-9.454545454545455,63.76433121019108,6.416796505637267,-1.7197452229299364,avg provider range 0.89; avg selected-vs-median +0.10,weak_season_stability,False,49.621102448561146
hgb_under_3p5_combo_total_ge_58_wind_ge_10,weather_total_combo_grid,HGB under 3.5+ with total >= 58 and wind >= 10 mph.,252,249,153,96,3,0.6144578313253012,0.09064830751577735,0.5526987690618764,0.6727388171581127,43.09090909090909,0.17305585980284777,0.07305585980284776,63,0.2424242424242424,9,6,3,0.6666666666666666,-10.636363636363646,65.27777777777777,6.3587461064418465,-1.8849206349206349,avg provider range 0.90; avg selected-vs-median +0.12,none,True,49.55225264695144
hgb_under_3p5_combo_total_60_63_humid_ge_80,weather_total_combo_grid,HGB under 3.5+ with total 60-63 and humidity >= 80%.,31,31,20,11,0,0.6451612903225806,0.12135176651305679,0.469476380428149,0.7888355225843418,7.181818181818182,0.2316715542521994,0.1316715542521994,8,0.19318181818181815,7,5,2,0.7142857142857143,-5.0,61.38709677419355,6.522194936088785,-3.838709677419355,avg provider range 1.00; avg selected-vs-median +0.12,"small_sample,thin_recent_sample,high_roi_thin_sample",False,48.955986594051105
hgb_under_3p5_combo_line_range_ge_2_total_ge_56,market_signal_combo_grid,HGB under 3.5+ with provider total range >= 2 and total >= 56.,73,71,40,31,2,0.5633802816901409,0.039570757880617036,0.44771335602917073,0.6725406203689822,5.363636363636365,0.07554417413572345,-0.024455825864276554,23,0.4110671936758893,9,5,4,0.5555555555555556,-7.363636363636362,64.08904109589041,6.436626917661164,-0.5547945205479452,avg provider range 2.69; avg selected-vs-median +0.42,"small_sample,thin_recent_sample,weak_season_stability",False,48.720398968249555
hgb_under_3p5_combo_wind_ge_15_precip_any,weather_combo_grid,HGB under 3.5+ with wind >= 15 mph and any precipitation flag.,26,26,18,8,0,0.6923076923076923,0.16849816849816845,0.5001138848576876,0.8349887906020732,8.363636363636362,0.3216783216783216,0.2216783216783216,7,0.09090909090909091,8,5,3,0.625,-4.090909090909091,55.59615384615385,6.9028453968097905,-7.288461538461538,avg provider range 1.06; avg selected-vs-median +0.17,"small_sample,thin_recent_sample,high_roi_thin_sample",False,48.517377622377616
hgb_under_3p5_combo_wind_ge_15_rain_flag,weather_combo_grid,HGB under 3.5+ with wind >= 15 mph and rain/thunder text or precip amount.,26,26,18,8,0,0.6923076923076923,0.16849816849816845,0.5001138848576876,0.8349887906020732,8.363636363636362,0.3216783216783216,0.2216783216783216,7,0.09090909090909091,8,5,3,0.625,-4.090909090909091,55.59615384615385,6.9028453968097905,-7.288461538461538,avg provider range 1.06; avg selected-vs-median +0.17,"small_sample,thin_recent_sample,high_roi_thin_sample",False,48.517377622377616
hgb_under_3p5_selected_total_above_median_1,line_market_proxy,HGB under 3.5+ where selected total is at least 1 above provider median.,51,50,31,19,1,0.62,0.09619047619047616,0.4815019502239357,0.7413740415742278,9.18181818181818,0.1836363636363636,0.08363636363636359,26,0.24825174825174823,9,6,3,0.6666666666666666,-4.181818181818182,58.6078431372549,5.586565312929272,-2.411764705882353,avg provider range 2.30; avg selected-vs-median +1.66,"small_sample,thin_recent_sample",False,48.387412587412584
hgb_under_3p5_combo_high_pass_rate_total_ge_56_humid_ge_70,weather_team_style_total_grid,"HGB under 3.5+ with top 30% pass-rate proxy, total >= 56, and humidity >= 70%.",69,67,41,26,2,0.6119402985074627,0.08813077469793884,0.4922287051487494,0.7195112894307066,11.27272727272727,0.16824966078697418,0.06824966078697417,9,0.2727272727272727,9,5,4,0.5555555555555556,-5.181818181818182,65.02173913043478,6.494917739807814,-3.1666666666666665,avg provider range 0.88; avg selected-vs-median +0.01,"small_sample,thin_recent_sample,weak_season_stability",False,47.280117593848935
hgb_under_3p5_combo_provider_count_ge_3_wind_ge_12,market_signal_combo_grid,HGB under 3.5+ with 3+ line providers and wind >= 12 mph.,206,203,123,80,3,0.6059113300492611,0.08210180623973728,0.5373206870573981,0.6705678614744253,31.818181818181813,0.1567398119122257,0.056739811912225685,58,0.1849529780564263,8,7,1,0.875,-6.636363636363636,57.060679611650485,5.862148223844596,-1.9393203883495145,avg provider range 0.95; avg selected-vs-median +0.08,none,True,46.32794670846395
hgb_under_3p5_combo_total_ge_56_wind_ge_10,weather_total_combo_grid,HGB under 3.5+ with total >= 56 and wind >= 10 mph.,277,274,168,106,3,0.6131386861313869,0.08932916232186305,0.5542846829825555,0.6688640463653895,46.72727272727272,0.17053749170537488,0.07053749170537488,67,0.1967435549525101,9,6,3,0.6666666666666666,-11.727272727272725,64.5072202166065,6.26785921864222,-2.1389891696750905,avg provider range 0.87; avg selected-vs-median +0.11,none,True,45.927779021283754
hgb_under_3p5_combo_high_pass_rate_total_ge_56_dewpoint_ge_70,weather_team_style_total_grid,"HGB under 3.5+ with top 30% pass-rate proxy, total >= 56, and dewpoint >= 70F.",13,13,8,5,0,0.6153846153846154,0.09157509157509158,0.35522480972268555,0.8229055341876319,2.2727272727272725,0.17482517482517482,0.07482517482517481,3,0.2727272727272727,7,3,4,0.42857142857142855,-2.0,62.53846153846154,6.87801184026937,-3.8461538461538463,avg provider range 1.00; avg selected-vs-median -0.31,"small_sample,thin_recent_sample,weak_season_stability",False,45.58927072927073
hgb_under_3p5_combo_cold_le_45_precip_any,weather_combo_grid,HGB under 3.5+ with temp <= 45F and any precipitation flag.,24,23,14,9,1,0.6086956521739131,0.08488612836438925,0.4078517960374599,0.7784262201761787,3.727272727272727,0.16205533596837943,0.06205533596837942,3,0.2727272727272727,8,4,4,0.5,-3.1818181818181817,55.9375,6.837619054380972,-1.2708333333333333,avg provider range 0.92; avg selected-vs-median +0.17,"small_sample,thin_recent_sample,weak_season_stability",False,45.347351778656126
hgb_under_3p5_combo_cold_le_45_rain_flag,weather_combo_grid,HGB under 3.5+ with temp <= 45F and rain/thunder text or precip amount.,24,23,14,9,1,0.6086956521739131,0.08488612836438925,0.4078517960374599,0.7784262201761787,3.727272727272727,0.16205533596837943,0.06205533596837942,3,0.2727272727272727,8,4,4,0.5,-3.1818181818181817,55.9375,6.837619054380972,-1.2708333333333333,avg provider range 0.92; avg selected-vs-median +0.17,"small_sample,thin_recent_sample,weak_season_stability",False,45.347351778656126
hgb_under_3p5_wind_ge_12,weather_single,HGB under 3.5+ with wind at least 12 mph.,264,261,154,107,3,0.5900383141762452,0.06622879036672136,0.5294833895695104,0.6479811779304594,33.0,0.12643678160919541,0.02643678160919541,75,0.19636363636363632,9,8,1,0.8888888888888888,-10.727272727272727,57.14962121212121,6.052812181011935,-1.3731060606060606,avg provider range 0.84; avg selected-vs-median +0.07,none,True,44.76064785788923
hgb_under_3p5_combo_total_ge_56_cold_le_55,weather_total_combo_grid,HGB under 3.5+ with total >= 56 and temp <= 55F.,188,185,103,82,3,0.5567567567567567,0.032947232947232896,0.48473929142953626,0.6264650194850079,11.636363636363637,0.0628992628992629,-0.03710073710073711,33,0.3305785123966941,9,6,3,0.6666666666666666,-11.272727272727273,63.61702127659574,6.263704776711109,0.23404255319148937,avg provider range 0.73; avg selected-vs-median +0.04,none,True,44.181661827116365
hgb_under_3p5_combo_high_pass_rate_total_ge_56,team_style_total_grid,HGB under 3.5+ with top 30% pass-rate proxy and total >= 56.,235,231,137,94,4,0.5930735930735931,0.06926406926406925,0.5287006412135404,0.65440150082603,30.545454545454547,0.1322314049586777,0.032231404958677684,48,0.19318181818181812,9,7,2,0.7777777777777778,-7.36363636363637,64.7404255319149,6.1733168007976715,-2.1446808510638298,avg provider range 0.88; avg selected-vs-median +0.10,none,True,43.491625344352606
hgb_under_3p5_combo_cold_le_55_wind_ge_12,weather_combo_grid,HGB under 3.5+ with temp <= 55F and wind >= 12 mph.,76,74,44,30,2,0.5945945945945946,0.07078507078507079,0.4807563154549811,0.6990961027892483,9.999999999999998,0.13513513513513511,0.03513513513513511,20,0.24090909090909088,9,6,3,0.6666666666666666,-5.0,56.19078947368421,5.87416079199142,-1.980263157894737,avg provider range 0.80; avg selected-vs-median +0.05,"small_sample,thin_recent_sample",False,43.26624078624078
hgb_under_3p5_combo_provider_count_ge_3_total_ge_56,market_signal_combo_grid,HGB under 3.5+ with 3+ line providers and total >= 56.,630,624,360,264,6,0.5769230769230769,0.053113553113553036,0.5378039743128235,0.6151008347982644,63.27272727272727,0.10139860139860139,0.0013986013986013873,143,0.13477431659249844,8,8,0,1.0,-13.54545454545453,64.3436507936508,6.189777050652445,-1.4055555555555554,avg provider range 0.89; avg selected-vs-median +0.09,none,True,43.21271455816911
hgb_under_3p5_combo_total_60_63_dewpoint_ge_70,weather_total_combo_grid,HGB under 3.5+ with total 60-63 and dewpoint >= 70F.,12,12,7,5,0,0.5833333333333334,0.059523809523809534,0.3195073356553728,0.8067425380947535,1.3636363636363633,0.1136363636363636,0.0136363636363636,6,0.2727272727272727,6,4,2,0.6666666666666666,-2.0,61.041666666666664,5.515544485374591,-4.541666666666667,avg provider range 1.04; avg selected-vs-median +0.10,"small_sample,thin_recent_sample",False,43.021818181818176
hgb_under_3p5_combo_cold_le_45_wind_ge_12,weather_combo_grid,HGB under 3.5+ with temp <= 45F and wind >= 12 mph.,35,34,20,14,1,0.5882352941176471,0.06442577030812324,0.42221304146519273,0.7363426221431113,4.181818181818182,0.1229946524064171,0.0229946524064171,12,0.2727272727272727,9,5,4,0.5555555555555556,-3.2727272727272725,53.07142857142857,5.841085275906281,-2.8714285714285714,avg provider range 0.89; avg selected-vs-median +0.01,"small_sample,thin_recent_sample,weak_season_stability",False,42.47643493761141
hgb_under_3p5_combo_high_pass_rate_wind_ge_10,weather_team_style_grid,HGB under 3.5+ with top 30% pass-rate proxy and wind >= 10 mph.,110,108,62,46,2,0.5740740740740741,0.050264550264550234,0.47985013647052865,0.6632093333510761,10.36363636363636,0.09595959595959593,-0.00404040404040408,21,0.2727272727272727,9,6,3,0.6666666666666666,-5.90909090909091,60.53181818181818,6.135304405816962,-2.713636363636364,avg provider range 1.06; avg selected-vs-median +0.23,thin_recent_sample,True,42.39232323232323
hgb_under_3p5_combo_high_pass_rate_total_ge_58_humid_ge_70,weather_team_style_total_grid,"HGB under 3.5+ with top 30% pass-rate proxy, total >= 58, and humidity >= 70%.",60,58,34,24,2,0.5862068965517241,0.06239737274220025,0.4579817755925391,0.7037216732186171,6.909090909090909,0.11912225705329153,0.019122257053291528,9,0.2727272727272727,9,5,4,0.5555555555555556,-4.181818181818182,66.21666666666667,6.591606306189701,-2.3,avg provider range 0.93; avg selected-vs-median +0.00,"small_sample,thin_recent_sample,weak_season_stability",False,42.387377220480666
hgb_under_3p5_combo_high_pass_rate_total_ge_58_wind_ge_12,weather_team_style_total_grid,"HGB under 3.5+ with top 30% pass-rate proxy, total >= 58, and wind >= 12 mph.",42,41,24,17,1,0.5853658536585366,0.061556329849012714,0.433668353568366,0.7224366917466984,4.818181818181817,0.11751662971175163,0.017516629711751622,9,0.2727272727272727,9,5,4,0.5555555555555556,-6.363636363636363,65.44047619047619,6.568587721540804,-2.5357142857142856,avg provider range 1.05; avg selected-vs-median +0.17,"small_sample,thin_recent_sample,weak_season_stability",False,41.45045084996304
hgb_under_3p5_selected_total_above_median_1p5,line_market_proxy,HGB under 3.5+ where selected total is at least 1.5 above provider median.,31,30,18,12,1,0.6,0.07619047619047614,0.42320052498273836,0.7540960567391659,4.363636363636363,0.14545454545454545,0.04545454545454544,21,0.1818181818181818,6,5,1,0.8333333333333334,-4.0,57.693548387096776,5.4545831063146375,-2.2096774193548385,avg provider range 2.68; avg selected-vs-median +2.07,"small_sample,thin_recent_sample",False,41.39090909090909
hgb_under_3p5_combo_total_ge_58_wind_ge_18,weather_total_combo_grid,HGB under 3.5+ with total >= 58 and wind >= 18 mph.,25,24,11,13,1,0.4583333333333333,-0.06547619047619052,0.27891058351681425,0.6492544644689338,-3.0,-0.125,-0.225,6,0.5909090909090909,6,3,2,0.5,-7.454545454545454,64.72,6.669747184398456,0.92,avg provider range 1.22; avg selected-vs-median +0.26,"small_sample,thin_recent_sample,weak_season_stability",False,41.26181818181818
hgb_under_3p5_combo_total_ge_56_cold_le_45,weather_total_combo_grid,HGB under 3.5+ with total >= 56 and temp <= 45F.,87,85,45,40,2,0.5294117647058824,0.0056022408963585235,0.424339860632142,0.6319400802964319,0.90909090909091,0.01069518716577541,-0.08930481283422459,18,0.37878787878787873,9,6,3,0.6666666666666666,-9.09090909090909,63.166666666666664,6.2848481464785495,-0.41954022988505746,avg provider range 0.82; avg selected-vs-median +0.08,"small_sample,thin_recent_sample",False,41.25436720142602
hgb_under_3p5_combo_high_pass_rate_precip_any,weather_team_style_grid,HGB under 3.5+ with top 30% pass-rate proxy and any precipitation flag.,54,53,32,21,1,0.6037735849056604,0.07996406109613652,0.4694123578888073,0.7241078808096105,8.090909090909088,0.1526586620926243,0.05265866209262429,8,0.19318181818181815,9,6,3,0.6666666666666666,-4.545454545454545,58.71296296296296,6.919706156020813,-3.1574074074074074,avg provider range 0.95; avg selected-vs-median +0.16,"small_sample,thin_recent_sample",False,40.871320754716976
hgb_under_3p5_combo_high_pass_rate_rain_flag,weather_team_style_grid,HGB under 3.5+ with top 30% pass-rate proxy and rain/thunder text or precip amount.,54,53,32,21,1,0.6037735849056604,0.07996406109613652,0.4694123578888073,0.7241078808096105,8.090909090909088,0.1526586620926243,0.05265866209262429,8,0.19318181818181815,9,6,3,0.6666666666666666,-4.545454545454545,58.71296296296296,6.919706156020813,-3.1574074074074074,avg provider range 0.95; avg selected-vs-median +0.16,"small_sample,thin_recent_sample",False,40.871320754716976
hgb_under_3p5_combo_total_60_63_cold_le_40,weather_total_combo_grid,HGB under 3.5+ with total 60-63 and temp <= 40F.,6,6,2,4,0,0.3333333333333333,-0.19047619047619052,0.09676933255921683,0.7000116786584712,-2.1818181818181817,-0.3636363636363636,-0.4636363636363636,1,0.9090909090909091,6,2,4,0.3333333333333333,-3.090909090909091,61.166666666666664,5.285486581760849,-5.333333333333333,avg provider range 1.25; avg selected-vs-median +0.17,"small_sample,thin_recent_sample,weak_season_stability",False,40.86545454545454
hgb_under_3p5_combo_cold_le_50_wind_ge_12,weather_combo_grid,HGB under 3.5+ with temp <= 50F and wind >= 12 mph.,52,50,29,21,2,0.58,0.056190476190476124,0.4423319668777783,0.7062520276543307,5.363636363636364,0.10727272727272728,0.007272727272727278,15,0.2727272727272727,9,5,4,0.5555555555555556,-5.2727272727272725,54.31730769230769,5.962760936935398,-1.4134615384615385,avg provider range 0.85; avg selected-vs-median +0.01,"small_sample,thin_recent_sample,weak_season_stability",False,40.82424242424243
hgb_under_3p5_humidity_ge_90,weather_single,HGB under 3.5+ with humidity at least 90%.,144,142,80,62,2,0.5633802816901409,0.039570757880617036,0.48119867101430536,0.6422229041741182,10.727272727272727,0.07554417413572342,-0.02445582586427658,26,0.24825174825174823,9,7,2,0.7777777777777778,-6.363636363636365,55.28125,6.443676540027568,-0.96875,avg provider range 0.83; avg selected-vs-median +0.09,thin_recent_sample,True,40.64849666765159
hgb_under_3p5_combo_provider_count_ge_3_total_ge_60,market_signal_combo_grid,HGB under 3.5+ with 3+ line providers and total >= 60.,463,458,269,189,5,0.5873362445414847,0.06352672073196086,0.5417034117317985,0.6315161509927374,55.54545454545455,0.12127828503374355,0.021278285033743544,111,0.13513513513513511,8,6,2,0.75,-13.818181818181811,66.72354211663067,6.283598793904793,-2.1187904967602593,avg provider range 0.91; avg selected-vs-median +0.09,none,True,40.5850029505488
hgb_under_3p5_combo_high_pass_rate_total_ge_58,team_style_total_grid,HGB under 3.5+ with top 30% pass-rate proxy and total >= 58.,206,202,119,83,4,0.5891089108910891,0.06529938708156524,0.5202127162186384,0.6546790452134531,25.181818181818187,0.12466246624662469,0.024662466246624687,45,0.18787878787878784,9,6,3,0.6666666666666666,-9.272727272727272,65.8252427184466,6.276162633887584,-2.1067961165048543,avg provider range 0.90; avg selected-vs-median +0.11,none,True,39.682004200420046
hgb_under_3p5_combo_high_pass_rate_total_ge_58_dewpoint_ge_70,weather_team_style_total_grid,"HGB under 3.5+ with top 30% pass-rate proxy, total >= 58, and dewpoint >= 70F.",12,12,7,5,0,0.5833333333333334,0.059523809523809534,0.3195073356553728,0.8067425380947535,1.3636363636363633,0.1136363636363636,0.0136363636363636,3,0.2727272727272727,7,3,4,0.42857142857142855,-2.0,63.041666666666664,7.142574085116883,-2.9583333333333335,avg provider range 1.00; avg selected-vs-median -0.31,"small_sample,thin_recent_sample,weak_season_stability",False,39.45038961038961
hgb_under_3p5_combo_total_ge_58_wind_ge_15,weather_total_combo_grid,HGB under 3.5+ with total >= 58 and wind >= 15 mph.,61,60,32,28,1,0.5333333333333333,0.00952380952380949,0.40893208671135106,0.65372298459012,1.0909090909090915,0.01818181818181819,-0.08181818181818182,15,0.4,9,4,5,0.4444444444444444,-11.181818181818182,64.13934426229508,6.265891177525552,0.20491803278688525,avg provider range 0.98; avg selected-vs-median +0.14,"small_sample,thin_recent_sample,weak_season_stability",False,39.44848484848485
hgb_under_3p5_combo_high_pass_rate_wind_ge_12,weather_team_style_grid,HGB under 3.5+ with top 30% pass-rate proxy and wind >= 12 mph.,65,63,36,27,2,0.5714285714285714,0.04761904761904756,0.44861395082594024,0.6860327362671276,5.727272727272726,0.09090909090909088,-0.009090909090909122,15,0.27272727272727265,9,5,4,0.5555555555555556,-6.8181818181818175,60.323076923076925,6.180389835301658,-3.0615384615384613,avg provider range 1.05; avg selected-vs-median +0.20,"small_sample,thin_recent_sample,weak_season_stability",False,39.138787878787866
hgb_under_3p5_combo_line_range_ge_2_high_pass_rate,market_signal_combo_grid,HGB under 3.5+ with provider total range >= 2 and top 30% pass-rate proxy.,34,31,18,13,3,0.5806451612903226,0.056835637480798784,0.40765964352020967,0.7358469692645074,3.3636363636363638,0.10850439882697947,0.008504398826979467,14,0.22727272727272727,7,5,2,0.7142857142857143,-6.363636363636363,60.0,5.983682825852689,-2.5588235294117645,avg provider range 2.57; avg selected-vs-median +0.63,"small_sample,thin_recent_sample",False,39.09381650607457
hgb_under_3p5_humidity_ge_80,weather_single,HGB under 3.5+ with humidity at least 80%.,264,262,146,116,2,0.5572519083969466,0.03344238458742277,0.4967086179990878,0.6161405372873686,16.72727272727273,0.06384455239417072,-0.03615544760582928,55,0.21487603305785113,9,7,2,0.7777777777777778,-8.636363636363635,57.00189393939394,6.255579557775913,-0.6571969696969697,avg provider range 0.79; avg selected-vs-median +0.08,none,True,38.7539318234391
hgb_under_3p5_combo_high_pass_rate_total_ge_60_wind_ge_12,weather_team_style_total_grid,"HGB under 3.5+ with top 30% pass-rate proxy, total >= 60, and wind >= 12 mph.",39,38,22,16,1,0.5789473684210527,0.05513784461152882,0.42192070613127325,0.7214772518818047,4.0,0.10526315789473684,0.005263157894736831,6,0.2727272727272727,9,4,5,0.4444444444444444,-6.363636363636363,65.97435897435898,6.673275732751183,-2.7948717948717947,avg provider range 1.05; avg selected-vs-median +0.13,"small_sample,thin_recent_sample,weak_season_stability",False,38.49843700159489
hgb_under_3p5_combo_total_ge_56_humid_ge_70,weather_total_combo_grid,HGB under 3.5+ with total >= 56 and humidity >= 70%.,244,239,135,104,5,0.5648535564853556,0.04104403267583179,0.5014628975272792,0.6261923312308906,18.727272727272727,0.07835678965386078,-0.021643210346139224,51,0.1978609625668449,9,7,2,0.7777777777777778,-8.545454545454545,64.13524590163935,6.429906825713055,-0.2827868852459016,avg provider range 0.84; avg selected-vs-median +0.06,none,True,38.40213172830943
hgb_under_3p5_provider_william_hill_new_jersey,provider,HGB under 3.5+ using line provider William Hill (New Jersey).,15,15,9,6,0,0.6,0.07619047619047614,0.357464427565077,0.8017577191740534,2.181818181818181,0.14545454545454542,0.045454545454545414,13,0.17482517482517482,3,2,1,0.6666666666666666,-3.1818181818181817,58.03333333333333,5.667965973936464,-1.9666666666666666,avg provider range 0.00; avg selected-vs-median +0.00,"small_sample,thin_recent_sample",False,38.19510489510489
hgb_under_3p5_total_60_63,high_total_bucket,HGB under 3.5+ with closing total 60 to 63.,145,143,87,56,2,0.6083916083916084,0.0845820845820846,0.5265555573483971,0.6845562801690368,23.09090909090909,0.161474888747616,0.061474888747616,42,0.0909090909090909,9,8,1,0.8888888888888888,-7.363636363636364,61.4,5.582155201022854,-3.3448275862068964,avg provider range 0.89; avg selected-vs-median +0.09,none,True,38.14082220809493
hgb_under_3p5_combo_total_ge_58_humid_ge_70,weather_total_combo_grid,HGB under 3.5+ with total >= 58 and humidity >= 70%.,209,205,116,89,4,0.5658536585365853,0.04204413472706148,0.49740840897338134,0.6318761780054579,16.454545454545453,0.0802660753880266,-0.019733924611973402,47,0.17794970986460343,9,8,1,0.8888888888888888,-8.272727272727273,65.36124401913875,6.510287100135534,-0.15550239234449761,avg provider range 0.85; avg selected-vs-median +0.04,none,True,38.041372206758815
hgb_under_3p5_selected_total_above_median_2,line_market_proxy,HGB under 3.5+ where selected total is at least 2 above provider median.,16,15,9,6,1,0.6,0.07619047619047614,0.357464427565077,0.8017577191740534,2.1818181818181817,0.14545454545454545,0.04545454545454544,13,0.17482517482517482,5,3,2,0.6,-3.181818181818182,58.25,5.0933821091321345,-0.5,avg provider range 3.00; avg selected-vs-median +2.56,"small_sample,thin_recent_sample",False,37.1951048951049
hgb_under_3p5_combo_total_ge_56_thunder_flag,weather_total_combo_grid,HGB under 3.5+ with total >= 56 and thunderstorm text flag.,3,3,2,1,0,0.6666666666666666,0.1428571428571428,0.2076549551264879,0.9385096847238394,0.8181818181818181,0.2727272727272727,0.1727272727272727,0,,3,2,1,0.6666666666666666,-1.0,61.666666666666664,5.8573734594877935,-1.0,avg provider range 0.50; avg selected-vs-median -0.08,"small_sample,thin_recent_sample,high_roi_thin_sample",False,37.132727272727266
hgb_under_3p5_combo_high_pass_rate_total_ge_60,team_style_total_grid,HGB under 3.5+ with top 30% pass-rate proxy and total >= 60.,179,175,103,72,4,0.5885714285714285,0.06476190476190469,0.5145216425901604,0.6588161043322558,21.636363636363637,0.12363636363636364,0.023636363636363636,37,0.18673218673218672,9,5,4,0.5555555555555556,-10.727272727272727,66.91899441340782,6.3455045498508555,-2.4664804469273744,avg provider range 0.89; avg selected-vs-median +0.08,weak_season_stability,False,36.990090090090085
hgb_under_3p5_combo_high_pass_rate_cold_le_50,weather_team_style_grid,HGB under 3.5+ with top 30% pass-rate proxy and temp <= 50F.,57,54,30,24,3,0.5555555555555556,0.031746031746031744,0.42375413911364457,0.6799774312440219,3.272727272727272,0.060606060606060594,-0.03939393939393941,9,0.2727272727272727,9,6,3,0.6666666666666666,-10.272727272727273,58.54385964912281,5.7551889047351015,-1.9473684210526316,avg provider range 0.84; avg selected-vs-median -0.02,"small_sample,thin_recent_sample",False,36.90424242424242
hgb_under_7p0_baseline,baseline,All HGB under candidates with at least a 7.0-point predicted edge.,341,338,190,148,3,0.5621301775147929,0.03832065370526905,0.5088335243252864,0.6140303986144611,24.727272727272727,0.07315761161915008,-0.02684238838084993,42,0.2272727272727272,9,4,5,0.4444444444444444,-10.181818181818182,59.23020527859237,8.998655470528586,-0.47653958944281527,avg provider range 0.82; avg selected-vs-median +0.03,weak_season_stability,False,36.88788237403621
hgb_under_3p5_high_total_cold50,weather_total_combo,"HGB under 3.5+, total 56+, temp <= 50F.",132,129,69,60,3,0.5348837209302325,0.011074197120708673,0.4490486948298713,0.6187011666593007,2.7272727272727284,0.021141649048625803,-0.0788583509513742,22,0.30165289256198347,9,6,3,0.6666666666666666,-10.545454545454545,63.27651515151515,6.193015175901976,1.1477272727272727,avg provider range 0.78; avg selected-vs-median +0.05,thin_recent_sample,True,36.717305400730346
hgb_under_3p5_combo_total_ge_56_cold_le_50,weather_total_combo_grid,HGB under 3.5+ with total >= 56 and temp <= 50F.,132,129,69,60,3,0.5348837209302325,0.011074197120708673,0.4490486948298713,0.6187011666593007,2.7272727272727284,0.021141649048625803,-0.0788583509513742,22,0.30165289256198347,9,6,3,0.6666666666666666,-10.545454545454545,63.27651515151515,6.193015175901976,1.1477272727272727,avg provider range 0.78; avg selected-vs-median +0.05,thin_recent_sample,True,36.717305400730346
hgb_under_3p5_high_pass_rate_top30,team_style,HGB under 3.5+ where combined prior pass-rate proxy is in the top 30%.,345,339,193,146,6,0.5693215339233039,0.04551201011378003,0.5161229195483734,0.6209666285111386,29.454545454545457,0.08688656476267097,-0.013113435237329038,74,0.1867321867321867,9,5,4,0.5555555555555556,-11.454545454545467,60.17391304347826,6.061838397561056,-1.9217391304347826,avg provider range 0.84; avg selected-vs-median +0.11,weak_season_stability,False,36.44965565726627
hgb_under_3p5_combo_cold_le_50_wind_ge_12_total_ge_56,weather_combo_grid,"HGB under 3.5+ with temp <= 50F, wind >= 12 mph, and total >= 56.",24,23,13,10,1,0.5652173913043478,0.04140786749482395,0.3681104930501695,0.7436563166780135,1.818181818181818,0.07905138339920947,-0.02094861660079053,6,0.2727272727272727,9,4,5,0.4444444444444444,-2.1818181818181817,63.75,6.6073260055388685,0.7916666666666666,avg provider range 0.92; avg selected-vs-median +0.03,"small_sample,thin_recent_sample,weak_season_stability",False,36.41362318840579
hgb_under_3p5_combo_high_pass_rate_total_ge_60_wind_ge_15,weather_team_style_total_grid,"HGB under 3.5+ with top 30% pass-rate proxy, total >= 60, and wind >= 15 mph.",18,18,9,9,0,0.5,-0.023809523809523836,0.2903070395897999,0.7096929604102,-0.8181818181818182,-0.045454545454545456,-0.14545454545454545,4,0.43181818181818177,9,4,5,0.4444444444444444,-5.181818181818182,67.19444444444444,6.803406232270621,-2.138888888888889,avg provider range 0.97; avg selected-vs-median +0.12,"small_sample,thin_recent_sample,weak_season_stability",False,35.99030303030302
hgb_under_3p5_combo_high_pass_rate_total_ge_60_humid_ge_70,weather_team_style_total_grid,"HGB under 3.5+ with top 30% pass-rate proxy, total >= 60, and humidity >= 70%.",55,53,31,22,2,0.5849056603773585,0.061096136567834636,0.45094182384453757,0.7073929169087134,6.181818181818182,0.11663807890222984,0.016638078902229833,8,0.19318181818181815,9,5,4,0.5555555555555556,-4.363636363636363,66.92727272727272,6.672152550203152,-2.1272727272727274,avg provider range 0.95; avg selected-vs-median -0.01,"small_sample,thin_recent_sample,weak_season_stability",False,35.6389594053745
hgb_under_3p5_total_ge_56,high_total_bucket,HGB under 3.5+ where closing total is at least 56.,812,802,446,356,10,0.5561097256857855,0.0323002018762617,0.5215368396189571,0.5901476403086118,49.45454545454545,0.061664021763772385,-0.03833597823622762,193,0.11775788977861518,9,8,1,0.8888888888888888,-17.18181818181818,64.45566502463055,6.134155498887099,-0.583743842364532,avg provider range 0.80; avg selected-vs-median +0.06,none,True,35.48400305563615
hgb_under_7p0_no_model_strong_opposition,model_consensus,HGB under 7.0+ with no other model strongly leaning over.,238,235,129,106,3,0.548936170212766,0.025126646403242137,0.48503665271745144,0.6112614796012066,11.272727272727275,0.04796905222437138,-0.052030947775628625,36,0.21969696969696967,9,6,3,0.6666666666666666,-10.0,59.39705882352941,9.023064100631297,0.018907563025210083,avg provider range 0.85; avg selected-vs-median +0.03,none,True,35.07266279819471
hgb_under_3p5_combo_total_ge_60_humid_ge_70,weather_total_combo_grid,HGB under 3.5+ with total >= 60 and humidity >= 70%.,178,174,102,72,4,0.5862068965517241,0.06239737274220025,0.5119344547532682,0.6567549857375955,20.727272727272727,0.11912225705329153,0.019122257053291528,41,0.11751662971175167,9,7,2,0.7777777777777778,-7.363636363636363,66.50842696629213,6.524293710967719,-0.4691011235955056,avg provider range 0.83; avg selected-vs-median +0.04,none,True,34.98749547620868
hgb_under_3p5_combo_high_pass_rate_total_60_63_wind_ge_15,weather_team_style_total_grid,"HGB under 3.5+ with top 30% pass-rate proxy, total 60-63, and wind >= 15 mph.",3,3,2,1,0,0.6666666666666666,0.1428571428571428,0.2076549551264879,0.9385096847238394,0.8181818181818181,0.2727272727272727,0.1727272727272727,0,,2,1,1,0.5,-1.0,61.666666666666664,8.319634804109024,-8.666666666666666,avg provider range 0.33; avg selected-vs-median +0.00,"small_sample,thin_recent_sample,weak_season_stability,high_roi_thin_sample",False,34.632727272727266
hgb_under_3p5_total_ge_58,high_total_bucket,HGB under 3.5+ where closing total is at least 58.,706,697,389,308,9,0.5581061692969871,0.03429664548746325,0.521018835592203,0.5945564955525235,45.63636363636363,0.0654754141124299,-0.03452458588757011,175,0.12363636363636364,9,7,2,0.7777777777777778,-18.181818181818183,65.60552407932012,6.203820937856128,-0.5531161473087819,avg provider range 0.81; avg selected-vs-median +0.06,none,True,34.46875353245511
hgb_under_3p5_combo_provider_count_ge_3_high_pass_rate,market_signal_combo_grid,HGB under 3.5+ with 3+ line providers and top 30% pass-rate proxy.,282,279,160,119,3,0.5734767025089605,0.04966717869943671,0.51483145485001,0.6301260054387169,26.454545454545446,0.09481915933528834,-0.005180840664711667,68,0.1510695187165775,8,5,3,0.625,-11.000000000000018,60.23581560283688,6.021973322190811,-2.324468085106383,avg provider range 0.86; avg selected-vs-median +0.13,none,True,34.32247743085503
hgb_under_3p5_combo_high_pass_rate_total_ge_56_precip_any,weather_team_style_total_grid,"HGB under 3.5+ with top 30% pass-rate proxy, total >= 56, and any precipitation flag.",32,31,21,10,1,0.6774193548387096,0.1536098310291858,0.5014068555995079,0.8143076925268695,9.09090909090909,0.29325513196480935,0.19325513196480934,4,-0.04545454545454547,9,5,4,0.5555555555555556,-3.090909090909091,64.375,6.886748146117354,-4.28125,avg provider range 0.95; avg selected-vs-median +0.04,"small_sample,thin_recent_sample,negative_recent_roi,weak_season_stability,high_roi_thin_sample",False,34.02430107526881
hgb_under_3p5_combo_high_pass_rate_total_ge_56_rain_flag,weather_team_style_total_grid,"HGB under 3.5+ with top 30% pass-rate proxy, total >= 56, and rain/thunder text or precip amount.",32,31,21,10,1,0.6774193548387096,0.1536098310291858,0.5014068555995079,0.8143076925268695,9.09090909090909,0.29325513196480935,0.19325513196480934,4,-0.04545454545454547,9,5,4,0.5555555555555556,-3.090909090909091,64.375,6.886748146117354,-4.28125,avg provider range 0.95; avg selected-vs-median +0.04,"small_sample,thin_recent_sample,negative_recent_roi,weak_season_stability,high_roi_thin_sample",False,34.02430107526881
hgb_under_3p5_combo_total_60_63_cold_le_50,weather_total_combo_grid,HGB under 3.5+ with total 60-63 and temp <= 50F.,19,18,10,8,1,0.5555555555555556,0.031746031746031744,0.3371606942825164,0.7544076889861088,1.0909090909090906,0.06060606060606059,-0.03939393939393942,3,0.2727272727272727,7,3,4,0.42857142857142855,-3.2727272727272725,61.55263157894737,5.544300612837726,-4.131578947368421,avg provider range 0.84; avg selected-vs-median -0.01,"small_sample,thin_recent_sample,weak_season_stability",False,34.01281385281385
hgb_under_3p5_total_ge_60,high_total_bucket,HGB under 3.5+ where closing total is at least 60.,602,595,335,260,7,0.5630252100840336,0.039215686274509776,0.5228912544487002,0.6023505457201591,44.54545454545455,0.07486631016042782,-0.02513368983957219,156,0.10139860139860138,9,7,2,0.7777777777777778,-16.81818181818182,66.80232558139535,6.196565949767768,-0.9518272425249169,avg provider range 0.80; avg selected-vs-median +0.06,none,True,33.90154943096119
hgb_under_3p5_wind_ge_10,weather_single,HGB under 3.5+ with wind at least 10 mph.,455,451,256,195,4,0.5676274944567627,0.04381797064723891,0.5215238737097007,0.6125887492341989,37.72727272727272,0.08365248941745614,-0.01634751058254387,116,0.11912225705329152,9,5,4,0.5555555555555556,-10.545454545454547,58.02967032967033,6.052297482083533,-0.9527472527472527,avg provider range 0.93; avg selected-vs-median +0.08,weak_season_stability,False,33.139271930251354
hgb_under_3p5_total_ge_66,high_total_bucket,HGB under 3.5+ where closing total is at least 66.,324,321,177,144,3,0.5514018691588785,0.02759234534935462,0.4967047909691387,0.6048831829849362,16.909090909090907,0.05267629566694986,-0.047323704333050144,75,0.19636363636363632,9,5,4,0.5555555555555556,-15.181818181818183,70.26388888888889,6.668247790891098,-0.32253086419753085,avg provider range 0.79; avg selected-vs-median +0.02,weak_season_stability,False,32.69369017275559
hgb_under_5p0_baseline,baseline,All HGB under candidates with at least a 5.0-point predicted edge.,762,752,414,338,10,0.550531914893617,0.026722391084093133,0.5148106736380137,0.5857394945453728,38.36363636363637,0.05101547388781432,-0.048984526112185685,143,0.1347743165924984,9,6,3,0.6666666666666666,-16.81818181818182,59.35958005249344,7.293701556338632,-0.12992125984251968,avg provider range 0.77; avg selected-vs-median +0.05,none,True,32.519856352544934
hgb_under_3p5_combo_high_pass_rate_total_ge_60_dewpoint_ge_70,weather_team_style_total_grid,"HGB under 3.5+ with top 30% pass-rate proxy, total >= 60, and dewpoint >= 70F.",11,11,6,5,0,0.5454545454545454,0.021645021645021578,0.28008775568998817,0.7872904245601196,0.45454545454545436,0.04132231404958676,-0.05867768595041325,3,0.2727272727272727,7,3,4,0.42857142857142855,-2.1818181818181817,63.40909090909091,7.29827954432964,-1.8636363636363635,avg provider range 1.05; avg selected-vs-median -0.39,"small_sample,thin_recent_sample,weak_season_stability",False,32.162621015348286
hgb_under_3p5_combo_total_60_63_humid_ge_70,weather_total_combo_grid,HGB under 3.5+ with total 60-63 and humidity >= 70%.,49,48,28,20,1,0.5833333333333334,0.059523809523809534,0.44281082215364653,0.7115054026542299,5.454545454545453,0.1136363636363636,0.0136363636363636,12,0.1136363636363636,9,7,2,0.7777777777777778,-5.0,61.30612244897959,6.272524887635165,-2.142857142857143,avg provider range 0.86; avg selected-vs-median +0.05,"small_sample,thin_recent_sample",False,32.08121212121211
hgb_under_3p5_combo_total_ge_58_cold_le_55,weather_total_combo_grid,HGB under 3.5+ with total >= 58 and temp <= 55F.,152,150,82,68,2,0.5466666666666666,0.022857142857142798,0.46682631163294025,0.6241763820467925,6.545454545454547,0.04363636363636365,-0.05636363636363636,29,0.2507836990595611,9,4,5,0.4444444444444444,-10.363636363636363,65.21052631578948,6.377716485831482,-0.13815789473684212,avg provider range 0.74; avg selected-vs-median +0.03,"thin_recent_sample,weak_season_stability",False,32.02027168234065
hgb_under_3p5_combo_high_pass_rate_total_ge_56_wind_ge_12,weather_team_style_total_grid,"HGB under 3.5+ with top 30% pass-rate proxy, total >= 56, and wind >= 12 mph.",45,44,24,20,1,0.5454545454545454,0.021645021645021578,0.4006593217065349,0.6829499221314639,1.8181818181818177,0.041322314049586764,-0.05867768595041324,9,0.2727272727272727,9,4,5,0.4444444444444444,-8.363636363636363,64.9,6.554777572790885,-1.7444444444444445,avg provider range 1.00; avg selected-vs-median +0.16,"small_sample,thin_recent_sample,weak_season_stability",False,31.82435261707989
hgb_under_3p5_combo_high_pass_rate_total_60_63_precip_any,weather_team_style_total_grid,"HGB under 3.5+ with top 30% pass-rate proxy, total 60-63, and any precipitation flag.",9,8,5,3,1,0.625,0.10119047619047616,0.30573785458380187,0.863158240538479,1.5454545454545454,0.19318181818181818,0.09318181818181817,0,,4,3,1,0.75,-2.0,61.72222222222222,8.074383893794346,-4.388888888888889,avg provider range 1.11; avg selected-vs-median -0.17,"small_sample,thin_recent_sample",False,30.328181818181818
hgb_under_3p5_combo_high_pass_rate_total_60_63_rain_flag,weather_team_style_total_grid,"HGB under 3.5+ with top 30% pass-rate proxy, total 60-63, and rain/thunder text or precip amount.",9,8,5,3,1,0.625,0.10119047619047616,0.30573785458380187,0.863158240538479,1.5454545454545454,0.19318181818181818,0.09318181818181817,0,,4,3,1,0.75,-2.0,61.72222222222222,8.074383893794346,-4.388888888888889,avg provider range 1.11; avg selected-vs-median -0.17,"small_sample,thin_recent_sample",False,30.328181818181818
hgb_under_3p5_no_model_strong_opposition,model_consensus,HGB under 3.5+ with no other model strongly leaning over.,941,928,504,424,13,0.5431034482758621,0.019293924466338264,0.5109410751220511,0.57491042581974,34.18181818181819,0.036833855799373046,-0.06316614420062697,263,0.11787072243346007,9,7,2,0.7777777777777778,-22.272727272727273,58.873007438894795,5.972366322028245,-0.5053134962805526,avg provider range 0.81; avg selected-vs-median +0.05,none,True,30.325164586735326
hgb_under_3p5_combo_cold_le_55_wind_ge_10,weather_combo_grid,HGB under 3.5+ with temp <= 55F and wind >= 10 mph.,126,124,69,55,2,0.5564516129032258,0.03264208909370192,0.46861852323138425,0.6408919960362094,7.727272727272728,0.062316715542522,-0.037683284457478004,34,0.17914438502673793,9,5,4,0.5555555555555556,-8.363636363636363,56.80952380952381,5.899993861446438,-0.9365079365079365,avg provider range 0.71; avg selected-vs-median +0.03,weak_season_stability,False,29.7038284169973
hgb_under_3p5_combo_total_ge_60_wind_ge_18,weather_total_combo_grid,HGB under 3.5+ with total >= 60 and wind >= 18 mph.,20,19,9,10,1,0.47368421052631576,-0.05012531328320807,0.27329505487448547,0.6829251748817489,-1.8181818181818183,-0.09569377990430623,-0.19569377990430625,4,0.43181818181818177,6,2,3,0.3333333333333333,-6.090909090909091,66.2,6.5591386941666485,-0.25,avg provider range 1.27; avg selected-vs-median +0.23,"small_sample,thin_recent_sample,weak_season_stability",False,29.137894736842096
hgb_under_3p5_total_56_60,high_total_bucket,HGB under 3.5+ with closing total 56 to 60.,210,207,111,96,3,0.5362318840579711,0.012422360248447228,0.4682546020595998,0.6028888535013522,4.90909090909091,0.02371541501976285,-0.07628458498023716,37,0.18673218673218672,9,6,3,0.6666666666666666,-12.545454545454552,57.72857142857143,5.95524553969585,0.4714285714285714,avg provider range 0.78; avg selected-vs-median +0.07,none,True,28.941025531460312
hgb_under_3p5_combo_high_pass_rate_total_60_63_wind_ge_12,weather_team_style_total_grid,"HGB under 3.5+ with top 30% pass-rate proxy, total 60-63, and wind >= 12 mph.",12,11,7,4,1,0.6363636363636364,0.11255411255411252,0.35379677689163724,0.8483377638586862,2.3636363636363633,0.21487603305785122,0.11487603305785121,0,,6,3,2,0.5,-2.0,61.416666666666664,6.453254539232681,-7.583333333333333,avg provider range 0.83; avg selected-vs-median +0.27,"small_sample,thin_recent_sample,weak_season_stability,high_roi_thin_sample",False,28.807603305785122
hgb_under_3p5_combo_high_pass_rate_humid_ge_70,weather_team_style_grid,HGB under 3.5+ with top 30% pass-rate proxy and humidity >= 70%.,111,108,61,47,3,0.5648148148148148,0.041005291005290934,0.4706765816044607,0.6545004544894435,8.454545454545453,0.07828282828282827,-0.021717171717171732,18,0.16666666666666663,9,4,5,0.4444444444444444,-7.272727272727273,59.351351351351354,6.335443522387906,-2.1621621621621623,avg provider range 0.87; avg selected-vs-median +0.05,"thin_recent_sample,weak_season_stability",False,28.53373737373737
hgb_under_3p5_all_models_under,model_consensus,HGB under 3.5+ and all tracked regression models lean under.,589,577,311,266,12,0.5389948006932409,0.01518527688371707,0.49819713208988203,0.5792766576662235,16.72727272727272,0.028990074050732617,-0.07100992594926739,177,0.11093990755007703,9,6,3,0.6666666666666666,-17.363636363636367,59.54329371816638,6.124232109906608,-0.3599320882852292,avg provider range 0.87; avg selected-vs-median +0.08,none,True,28.30147273635215
hgb_under_3p5_combo_total_ge_58_cold_le_45,weather_total_combo_grid,HGB under 3.5+ with total >= 58 and temp <= 45F.,71,69,35,34,2,0.5072463768115942,-0.0165631469979296,0.39205066383648346,0.6216777550889657,-2.1818181818181808,-0.03162055335968378,-0.13162055335968378,16,0.31249999999999994,9,4,5,0.4444444444444444,-11.454545454545453,64.59859154929578,6.230857409550758,-0.4859154929577465,avg provider range 0.80; avg selected-vs-median +0.07,"small_sample,thin_recent_sample,weak_season_stability",False,27.59370223978919
hgb_under_3p5_provider_draftkings,provider,HGB under 3.5+ using line provider DraftKings.,132,127,71,56,5,0.5590551181102362,0.03524559430071239,0.4722284228757405,0.6424140150033437,8.545454545454543,0.06728704366499641,-0.032712956335003596,127,0.06728704366499641,2,2,0,1.0,-11.545454545454549,55.753787878787875,5.373911792522479,-0.5113636363636364,avg provider range 1.22; avg selected-vs-median +0.34,none,True,27.342576950608443
hgb_under_3p5_combo_total_ge_60_precip_any,weather_total_combo_grid,HGB under 3.5+ with total >= 60 and any precipitation flag.,75,73,45,28,2,0.6164383561643836,0.09262883235485975,0.5017387254305414,0.7194956059732815,12.909090909090908,0.1768368617683686,0.0768368617683686,17,0.010695187165775392,9,5,4,0.5555555555555556,-5.090909090909091,65.52666666666667,6.591865391912612,-2.2466666666666666,avg provider range 0.83; avg selected-vs-median +0.11,"small_sample,thin_recent_sample,weak_season_stability",False,27.31445266525041
hgb_under_3p5_combo_total_ge_60_rain_flag,weather_total_combo_grid,HGB under 3.5+ with total >= 60 and rain/thunder text or precip amount.,75,73,45,28,2,0.6164383561643836,0.09262883235485975,0.5017387254305414,0.7194956059732815,12.909090909090908,0.1768368617683686,0.0768368617683686,17,0.010695187165775392,9,5,4,0.5555555555555556,-5.090909090909091,65.52666666666667,6.591865391912612,-2.2466666666666666,avg provider range 0.83; avg selected-vs-median +0.11,"small_sample,thin_recent_sample,weak_season_stability",False,27.31445266525041
hgb_under_3p5_total_ge_63,high_total_bucket,HGB under 3.5+ where closing total is at least 63.,457,452,248,204,5,0.5486725663716814,0.024863042562157545,0.5025778564635017,0.5939469012593563,21.45454545454546,0.04746580852775544,-0.052534191472244564,114,0.10526315789473682,9,5,3,0.5555555555555556,-17.27272727272727,68.5164113785558,6.391510279238255,-0.1925601750547046,avg provider range 0.77; avg selected-vs-median +0.05,weak_season_stability,False,27.08642136314237
hgb_under_3p5_line_range_ge_2,line_market_proxy,HGB under 3.5+ where provider total range is at least 2 points.,114,110,58,52,4,0.5272727272727272,0.0034632034632033903,0.4346352821640567,0.6180695287310817,0.7272727272727302,0.006611570247933911,-0.0933884297520661,36,0.2196969696969696,9,5,4,0.5555555555555556,-8.727272727272723,59.228070175438596,6.102618649806115,0.49122807017543857,avg provider range 3.11; avg selected-vs-median +0.40,weak_season_stability,False,27.02479338842975
hgb_under_3p5_high_total_wind_or_precip,weather_total_combo,"HGB under 3.5+, total 56+, wind 15+ or precipitation.",158,155,86,69,3,0.5548387096774193,0.031029185867895492,0.4762123486059339,0.630812511380367,9.181818181818176,0.05923753665689146,-0.04076246334310855,35,0.14545454545454542,9,5,4,0.5555555555555556,-10.636363636363637,63.45569620253165,6.352167219447806,0.23417721518987342,avg provider range 0.86; avg selected-vs-median +0.14,weak_season_stability,False,26.86617790811339
hgb_under_3p5_provider_count_ge_3,line_market_proxy,HGB under 3.5+ where at least 3 line providers are available.,1059,1048,574,474,11,0.5477099236641222,0.023900399854598353,0.517456077017376,0.5776152721287313,47.81818181818181,0.04562803608605135,-0.054371963913948655,234,0.044289044289044295,8,7,1,0.875,-24.90909090909124,58.05996222851747,5.971956239598851,-0.7936732766761095,avg provider range 0.86; avg selected-vs-median +0.08,none,True,26.24910896991043
hgb_under_3p5_high_total_wind15,weather_total_combo,"HGB under 3.5+, total 56+, wind 15+ mph.",70,69,36,33,1,0.5217391304347826,-0.0020703933747412417,0.4058705117523249,0.6353147450240226,-0.2727272727272726,-0.003952569169960472,-0.10395256916996048,17,0.2352941176470588,9,5,4,0.5555555555555556,-12.363636363636363,63.2,6.119081391683257,0.04285714285714286,avg provider range 0.94; avg selected-vs-median +0.15,"small_sample,thin_recent_sample,weak_season_stability",False,25.668878555374718
hgb_under_3p5_combo_total_ge_56_wind_ge_15,weather_total_combo_grid,HGB under 3.5+ with total >= 56 and wind >= 15 mph.,70,69,36,33,1,0.5217391304347826,-0.0020703933747412417,0.4058705117523249,0.6353147450240226,-0.2727272727272726,-0.003952569169960472,-0.10395256916996048,17,0.2352941176470588,9,5,4,0.5555555555555556,-12.363636363636363,63.2,6.119081391683257,0.04285714285714286,avg provider range 0.94; avg selected-vs-median +0.15,"small_sample,thin_recent_sample,weak_season_stability",False,25.668878555374718
hgb_under_3p5_combo_high_pass_rate_total_60_63,team_style_total_grid,HGB under 3.5+ with top 30% pass-rate proxy and total 60-63.,42,40,27,13,2,0.675,0.1511904761904762,0.52017458088898,0.7991568303733828,11.545454545454543,0.2886363636363636,0.18863636363636357,7,-0.18181818181818185,8,6,2,0.75,-4.181818181818183,61.42857142857143,6.323443924936054,-6.0476190476190474,avg provider range 0.92; avg selected-vs-median +0.09,"small_sample,thin_recent_sample,negative_recent_roi,high_roi_thin_sample",False,25.531818181818178
hgb_under_3p5_high_total_precip,weather_total_combo,"HGB under 3.5+, total 56+, precipitation present.",102,100,59,41,2,0.59,0.06619047619047613,0.4920125056109662,0.6813284290433533,12.636363636363635,0.12636363636363634,0.02636363636363634,22,0.04132231404958676,9,5,4,0.5555555555555556,-4.2727272727272725,63.455882352941174,6.531527842623089,-0.5735294117647058,avg provider range 0.86; avg selected-vs-median +0.13,"thin_recent_sample,weak_season_stability",False,25.420936639118455
hgb_under_3p5_combo_total_ge_56_precip_any,weather_total_combo_grid,HGB under 3.5+ with total >= 56 and any precipitation flag.,102,100,59,41,2,0.59,0.06619047619047613,0.4920125056109662,0.6813284290433533,12.636363636363635,0.12636363636363634,0.02636363636363634,22,0.04132231404958676,9,5,4,0.5555555555555556,-4.2727272727272725,63.455882352941174,6.531527842623089,-0.5735294117647058,avg provider range 0.86; avg selected-vs-median +0.13,"thin_recent_sample,weak_season_stability",False,25.420936639118455
hgb_under_3p5_combo_total_ge_56_rain_flag,weather_total_combo_grid,HGB under 3.5+ with total >= 56 and rain/thunder text or precip amount.,102,100,59,41,2,0.59,0.06619047619047613,0.4920125056109662,0.6813284290433533,12.636363636363635,0.12636363636363634,0.02636363636363634,22,0.04132231404958676,9,5,4,0.5555555555555556,-4.2727272727272725,63.455882352941174,6.531527842623089,-0.5735294117647058,avg provider range 0.86; avg selected-vs-median +0.13,"thin_recent_sample,weak_season_stability",False,25.420936639118455
hgb_under_3p5_total_ge_52,high_total_bucket,HGB under 3.5+ where closing total is at least 52.,988,976,526,450,12,0.5389344262295082,0.01512490241998432,0.5075689850868236,0.5699945721248726,28.181818181818173,0.028874813710879275,-0.07112518628912073,216,0.0782828282828283,9,6,3,0.6666666666666666,-20.181818181818198,62.56578947368421,6.021246299286698,-0.19534412955465588,avg provider range 0.84; avg selected-vs-median +0.06,none,True,25.113743997350554
hgb_under_3p5_total_ge_54,high_total_bucket,HGB under 3.5+ where closing total is at least 54.,907,896,487,409,11,0.5435267857142857,0.019717261904761862,0.5107949147498244,0.5758870079352348,33.72727272727273,0.037642045454545456,-0.06235795454545455,208,0.06468531468531467,9,6,3,0.6666666666666666,-20.272727272727288,63.44046306504961,6.051753438359147,-0.39966923925027564,avg provider range 0.80; avg selected-vs-median +0.06,none,True,24.88448426573426
hgb_under_3p5_combo_total_ge_58_cold_le_50,weather_total_combo_grid,HGB under 3.5+ with total >= 58 and temp <= 50F.,104,102,53,49,2,0.5196078431372549,-0.004201680672268893,0.42370956161784173,0.6140827620053841,-0.8181818181818157,-0.008021390374331526,-0.10802139037433153,20,0.24090909090909088,9,4,5,0.4444444444444444,-11.727272727272725,65.0048076923077,6.272918701445666,0.8221153846153846,avg provider range 0.79; avg selected-vs-median +0.03,"thin_recent_sample,weak_season_stability",False,24.831800356506236
hgb_under_3p5_combo_total_ge_56_cold_le_40,weather_total_combo_grid,HGB under 3.5+ with total >= 56 and temp <= 40F.,48,47,23,24,1,0.48936170212765956,-0.03444782168186428,0.3527532433660351,0.6275778241062712,-3.0909090909090913,-0.06576402321083173,-0.16576402321083172,10,0.3363636363636363,9,3,6,0.3333333333333333,-8.18181818181818,62.302083333333336,6.513312280866482,-0.7395833333333334,avg provider range 0.82; avg selected-vs-median +0.12,"small_sample,thin_recent_sample,weak_season_stability",False,24.6363249516441
hgb_under_5p0_two_plus_models_under,model_consensus,HGB under 5.0+ and at least 2 other regression models also lean under.,482,474,250,224,8,0.5274261603375527,0.003616636528028905,0.4824410346103377,0.5719703016985981,3.272727272727277,0.006904487917146154,-0.09309551208285385,121,0.12021036814425243,9,5,4,0.5555555555555556,-17.727272727272762,60.24792531120332,7.300044057064765,0.41597510373443985,avg provider range 0.80; avg selected-vs-median +0.05,weak_season_stability,False,24.575157031133593
hgb_under_3p5_combo_humid_ge_90_dewpoint_ge_70,weather_combo_grid,HGB under 3.5+ with humidity >= 90% and dewpoint >= 70F.,22,22,11,11,0,0.5,-0.023809523809523836,0.3072180469247956,0.6927819530752044,-0.9999999999999997,-0.04545454545454544,-0.14545454545454545,3,0.2727272727272727,8,4,4,0.5,-4.0,57.11363636363637,6.719550717263427,0.06818181818181818,avg provider range 1.05; avg selected-vs-median +0.08,"small_sample,thin_recent_sample,weak_season_stability",False,24.412727272727274
hgb_under_3p5_wind_ge_5,weather_single,HGB under 3.5+ with wind at least 5 mph.,905,893,480,413,12,0.5375139977603584,0.013704473950834517,0.5047210100450158,0.569985604813171,23.363636363636363,0.02616308663341138,-0.07383691336658862,207,0.07905138339920947,9,6,3,0.6666666666666666,-22.999999999999996,58.191160220994476,5.9477851250191245,0.0066298342541436465,avg provider range 0.83; avg selected-vs-median +0.07,none,True,24.340419335277897
hgb_under_3p5_combo_total_ge_60_cold_le_55,weather_total_combo_grid,HGB under 3.5+ with total >= 60 and temp <= 55F.,127,125,68,57,2,0.544,0.020190476190476203,0.4566758053599164,0.6287003464419861,4.818181818181818,0.03854545454545455,-0.061454545454545456,25,0.14545454545454545,9,5,4,0.5555555555555556,-10.636363636363637,66.5,6.358256428422894,-0.0984251968503937,avg provider range 0.76; avg selected-vs-median +0.04,"thin_recent_sample,weak_season_stability",False,24.1969696969697
hgb_under_3p5_two_plus_models_under,model_consensus,HGB under 3.5+ and at least 2 other regression models also lean under.,823,810,432,378,13,0.5333333333333333,0.00952380952380949,0.49889972662699866,0.5674522514483419,14.727272727272728,0.018181818181818184,-0.08181818181818182,240,0.08181818181818182,9,6,3,0.6666666666666666,-24.454545454545464,59.399756986634266,6.014776640924248,-0.1445929526123937,avg provider range 0.83; avg selected-vs-median +0.06,none,True,23.47272727272727
hgb_under_3p5_combo_high_pass_rate_total_ge_58_wind_ge_15,weather_team_style_total_grid,"HGB under 3.5+ with top 30% pass-rate proxy, total >= 58, and wind >= 15 mph.",20,20,10,10,0,0.5,-0.023809523809523836,0.2992949144298199,0.7007050855701801,-0.9090909090909093,-0.04545454545454546,-0.14545454545454548,6,0.2727272727272727,9,4,5,0.4444444444444444,-5.181818181818182,66.325,6.598642479444917,-0.525,avg provider range 1.02; avg selected-vs-median +0.21,"small_sample,thin_recent_sample,weak_season_stability",False,23.3030303030303
hgb_under_3p5_combo_humid_ge_80_dewpoint_ge_70,weather_combo_grid,HGB under 3.5+ with humidity >= 80% and dewpoint >= 70F.,40,40,20,20,0,0.5,-0.023809523809523836,0.35199278797099753,0.6480072120290025,-1.818181818181818,-0.04545454545454545,-0.14545454545454545,6,0.2727272727272727,9,4,5,0.4444444444444444,-7.2727272727272725,57.5875,6.533812620092776,0.1875,avg provider range 1.09; avg selected-vs-median +0.03,"small_sample,thin_recent_sample,weak_season_stability",False,23.284848484848485
hgb_under_3p5_humidity_ge_60,weather_single,HGB under 3.5+ with humidity at least 60%.,612,603,322,281,9,0.5339966832504146,0.01018715944089077,0.4940907853195899,0.5734721503789516,11.72727272727273,0.01944821347806423,-0.08055178652193577,120,0.0659090909090909,9,6,3,0.6666666666666666,-20.00000000000002,58.080065359477125,6.127340856043583,0.3888888888888889,avg provider range 0.76; avg selected-vs-median +0.05,none,True,23.21754862053369
hgb_under_3p5_baseline,baseline,All HGB under candidates with at least a 3.5-point predicted edge.,1335,1318,706,612,17,0.5356600910470409,0.011850567237517096,0.5086700796050073,0.5624428283258672,29.81818181818182,0.022623810180714583,-0.07737618981928543,308,0.0475206611570248,9,7,2,0.7777777777777778,-23.090909090909012,58.30786516853932,5.957648100228687,-0.1550561797752809,avg provider range 0.79; avg selected-vs-median +0.06,none,True,23.112518759118306
hgb_under_3p5_combo_high_pass_rate_total_ge_58_precip_any,weather_team_style_total_grid,"HGB under 3.5+ with top 30% pass-rate proxy, total >= 58, and any precipitation flag.",28,27,17,10,1,0.6296296296296297,0.10582010582010581,0.442289046234463,0.7846771293206314,5.454545454545455,0.20202020202020204,0.10202020202020204,4,-0.04545454545454547,9,4,5,0.4444444444444444,-4.2727272727272725,65.46428571428571,7.165250400568401,-3.5357142857142856,avg provider range 0.98; avg selected-vs-median +0.03,"small_sample,thin_recent_sample,negative_recent_roi,weak_season_stability,high_roi_thin_sample",False,22.917777777777776
hgb_under_3p5_combo_high_pass_rate_total_ge_58_rain_flag,weather_team_style_total_grid,"HGB under 3.5+ with top 30% pass-rate proxy, total >= 58, and rain/thunder text or precip amount.",28,27,17,10,1,0.6296296296296297,0.10582010582010581,0.442289046234463,0.7846771293206314,5.454545454545455,0.20202020202020204,0.10202020202020204,4,-0.04545454545454547,9,4,5,0.4444444444444444,-4.2727272727272725,65.46428571428571,7.165250400568401,-3.5357142857142856,avg provider range 0.98; avg selected-vs-median +0.03,"small_sample,thin_recent_sample,negative_recent_roi,weak_season_stability,high_roi_thin_sample",False,22.917777777777776
hgb_under_3p5_combo_high_pass_rate_total_ge_60_precip_any,weather_team_style_total_grid,"HGB under 3.5+ with top 30% pass-rate proxy, total >= 60, and any precipitation flag.",28,27,17,10,1,0.6296296296296297,0.10582010582010581,0.442289046234463,0.7846771293206314,5.454545454545455,0.20202020202020204,0.10202020202020204,4,-0.04545454545454547,9,4,5,0.4444444444444444,-4.2727272727272725,65.46428571428571,7.165250400568401,-3.5357142857142856,avg provider range 0.98; avg selected-vs-median +0.03,"small_sample,thin_recent_sample,negative_recent_roi,weak_season_stability,high_roi_thin_sample",False,22.917777777777776
hgb_under_3p5_combo_high_pass_rate_total_ge_60_rain_flag,weather_team_style_total_grid,"HGB under 3.5+ with top 30% pass-rate proxy, total >= 60, and rain/thunder text or precip amount.",28,27,17,10,1,0.6296296296296297,0.10582010582010581,0.442289046234463,0.7846771293206314,5.454545454545455,0.20202020202020204,0.10202020202020204,4,-0.04545454545454547,9,4,5,0.4444444444444444,-4.2727272727272725,65.46428571428571,7.165250400568401,-3.5357142857142856,avg provider range 0.98; avg selected-vs-median +0.03,"small_sample,thin_recent_sample,negative_recent_roi,weak_season_stability,high_roi_thin_sample",False,22.917777777777776
hgb_under_3p5_provider_consensus,provider,HGB under 3.5+ using line provider consensus.,975,966,523,443,9,0.5414078674948241,0.017598343685300222,0.509883044494618,0.5726046524653806,32.45454545454545,0.03359683794466403,-0.06640316205533597,130,0.013286713286713285,6,5,1,0.8333333333333334,-22.000000000000092,58.61282051282051,6.0455689875643595,-0.5717948717948718,avg provider range 0.78; avg selected-vs-median +0.04,none,True,22.522620857403446
hgb_under_3p5_line_range_ge_1,line_market_proxy,HGB under 3.5+ where provider total range is at least 1 points.,510,502,271,231,8,0.5398406374501992,0.016031113640675332,0.4961024257901303,0.5829737118782623,15.363636363636363,0.03060485331401666,-0.06939514668598334,101,0.039603960396039604,9,5,4,0.5555555555555556,-13.18181818181819,59.911764705882355,6.132908251747229,-0.27058823529411763,avg provider range 1.60; avg selected-vs-median +0.14,weak_season_stability,False,21.92577186005453
hgb_under_3p5_combo_wind_ge_10_precip_any,weather_combo_grid,HGB under 3.5+ with wind >= 10 mph and any precipitation flag.,91,91,55,36,0,0.6043956043956044,0.08058608058608052,0.5016642594838487,0.6986697711524965,13.999999999999998,0.15384615384615383,0.05384615384615382,26,-0.04545454545454545,9,6,3,0.6666666666666666,-8.36363636363636,55.23626373626374,6.554591575977568,-1.510989010989011,avg provider range 0.84; avg selected-vs-median +0.10,"small_sample,thin_recent_sample,negative_recent_roi",False,21.895524475524475
hgb_under_3p5_combo_wind_ge_10_rain_flag,weather_combo_grid,HGB under 3.5+ with wind >= 10 mph and rain/thunder text or precip amount.,91,91,55,36,0,0.6043956043956044,0.08058608058608052,0.5016642594838487,0.6986697711524965,13.999999999999998,0.15384615384615383,0.05384615384615382,26,-0.04545454545454545,9,6,3,0.6666666666666666,-8.36363636363636,55.23626373626374,6.554591575977568,-1.510989010989011,avg provider range 0.84; avg selected-vs-median +0.10,"small_sample,thin_recent_sample,negative_recent_roi",False,21.895524475524475
hgb_under_3p5_combo_total_ge_56_dewpoint_ge_70,weather_total_combo_grid,HGB under 3.5+ with total >= 56 and dewpoint >= 70F.,61,60,33,27,1,0.55,0.02619047619047621,0.42491714548981496,0.6690654614623918,2.999999999999998,0.04999999999999996,-0.050000000000000044,12,0.11363636363636365,8,4,4,0.5,-5.090909090909091,64.61475409836065,6.321972560557208,-1.0245901639344261,avg provider range 0.97; avg selected-vs-median +0.03,"small_sample,thin_recent_sample,weak_season_stability",False,21.772727272727266
hgb_under_3p5_provider_count_ge_2,line_market_proxy,HGB under 3.5+ where at least 2 line providers are available.,1281,1264,679,585,17,0.5371835443037974,0.013374020494273609,0.5096239973536133,0.5645177566320579,32.27272727272728,0.025532220943613355,-0.07446777905638666,275,0.034380165289256207,9,7,2,0.7777777777777778,-26.27272727272723,58.26307572209212,5.965209443549186,-0.27478532396565186,avg provider range 0.82; avg selected-vs-median +0.06,none,True,21.71575652962305
hgb_under_3p5_combo_total_60_63_dewpoint_ge_65,weather_total_combo_grid,HGB under 3.5+ with total 60-63 and dewpoint >= 65F.,24,24,13,11,0,0.5416666666666666,0.017857142857142794,0.35074553553106635,0.7210894164831857,0.8181818181818179,0.03409090909090908,-0.06590909090909092,10,0.14545454545454545,9,4,5,0.4444444444444444,-4.0,61.270833333333336,6.137255134239421,-4.354166666666667,avg provider range 1.00; avg selected-vs-median +0.06,"small_sample,thin_recent_sample,weak_season_stability",False,21.39212121212121
hgb_under_3p5_combo_total_ge_58_precip_any,weather_total_combo_grid,HGB under 3.5+ with total >= 58 and any precipitation flag.,87,85,50,35,2,0.5882352941176471,0.06442577030812324,0.48200820902440994,0.6868316137613121,10.454545454545451,0.12299465240641708,0.02299465240641707,21,-5.28677630773884e-18,9,5,4,0.5555555555555556,-5.090909090909091,64.61494252873563,6.5179112833583694,-0.5689655172413793,avg provider range 0.92; avg selected-vs-median +0.13,"small_sample,thin_recent_sample,negative_recent_roi,weak_season_stability",False,21.31461675579322
hgb_under_3p5_combo_total_ge_58_rain_flag,weather_total_combo_grid,HGB under 3.5+ with total >= 58 and rain/thunder text or precip amount.,87,85,50,35,2,0.5882352941176471,0.06442577030812324,0.48200820902440994,0.6868316137613121,10.454545454545451,0.12299465240641708,0.02299465240641707,21,-5.28677630773884e-18,9,5,4,0.5555555555555556,-5.090909090909091,64.61494252873563,6.5179112833583694,-0.5689655172413793,avg provider range 0.92; avg selected-vs-median +0.13,"small_sample,thin_recent_sample,negative_recent_roi,weak_season_stability",False,21.31461675579322
hgb_under_3p5_combo_cold_le_50_wind_ge_15,weather_combo_grid,HGB under 3.5+ with temp <= 50F and wind >= 15 mph.,23,21,9,12,2,0.42857142857142855,-0.09523809523809529,0.24469699486521046,0.6345378370296754,-3.8181818181818175,-0.1818181818181818,-0.2818181818181818,4,0.43181818181818177,8,3,5,0.375,-5.545454545454545,54.95652173913044,5.402178857700084,3.130434782608696,avg provider range 0.72; avg selected-vs-median +0.00,"small_sample,thin_recent_sample,weak_season_stability",False,21.299545454545452
hgb_under_3p5_combo_cold_le_45_wind_ge_15,weather_combo_grid,HGB under 3.5+ with temp <= 45F and wind >= 15 mph.,13,12,5,7,1,0.4166666666666667,-0.10714285714285715,0.19325746190524654,0.6804926643446272,-2.454545454545454,-0.2045454545454545,-0.3045454545454545,4,0.43181818181818177,8,4,4,0.5,-4.181818181818182,54.53846153846154,5.62491422920666,4.0,avg provider range 0.54; avg selected-vs-median -0.04,"small_sample,thin_recent_sample,weak_season_stability",False,20.994545454545452
hgb_under_3p5_humidity_ge_70,weather_single,HGB under 3.5+ with humidity at least 70%.,431,424,225,199,7,0.5306603773584906,0.006850853548966751,0.48309458139561656,0.5776755727922885,5.5454545454545485,0.013078902229845634,-0.08692109777015437,86,0.06553911205073998,9,5,4,0.5555555555555556,-13.545454545454543,57.47099767981439,6.2323500297258425,0.7053364269141531,avg provider range 0.77; avg selected-vs-median +0.05,weak_season_stability,False,20.655261611286186
hgb_under_3p5_outdoor_only,weather_single,HGB under 3.5+ excluding indoor games.,1282,1267,674,593,15,0.531965272296764,0.00815574848724021,0.5044343546019174,0.5593029357102663,19.727272727272737,0.015570065293822207,-0.0844299347061778,288,0.03409090909090909,9,7,2,0.7777777777777778,-27.00000000000003,58.206708268330736,5.96611602658752,-0.062402496099843996,avg provider range 0.79; avg selected-vs-median +0.06,none,True,20.550945923321606
hgb_under_3p5_line_range_ge_1p5,line_market_proxy,HGB under 3.5+ where provider total range is at least 1.5 points.,247,242,129,113,5,0.5330578512396694,0.009248327430145586,0.47017325344230215,0.5949093037815364,4.272727272727273,0.01765589782118708,-0.08234410217881293,53,0.08061749571183532,9,5,4,0.5555555555555556,-7.545454545454545,59.64372469635627,6.142448668607277,0.20647773279352227,avg provider range 2.24; avg selected-vs-median +0.22,weak_season_stability,False,19.87923186330796
hgb_under_3p5_combo_total_60_63_precip_any,weather_total_combo_grid,HGB under 3.5+ with total 60-63 and any precipitation flag.,24,23,14,9,1,0.6086956521739131,0.08488612836438925,0.4078517960374599,0.7784262201761787,3.727272727272727,0.16205533596837943,0.06205533596837942,6,-0.04545454545454547,8,4,4,0.5,-4.0,61.458333333333336,6.554672332161815,-3.125,avg provider range 1.10; avg selected-vs-median +0.10,"small_sample,thin_recent_sample,negative_recent_roi,weak_season_stability",False,19.729169960474305
hgb_under_3p5_combo_total_60_63_rain_flag,weather_total_combo_grid,HGB under 3.5+ with total 60-63 and rain/thunder text or precip amount.,24,23,14,9,1,0.6086956521739131,0.08488612836438925,0.4078517960374599,0.7784262201761787,3.727272727272727,0.16205533596837943,0.06205533596837942,6,-0.04545454545454547,8,4,4,0.5,-4.0,61.458333333333336,6.554672332161815,-3.125,avg provider range 1.10; avg selected-vs-median +0.10,"small_sample,thin_recent_sample,negative_recent_roi,weak_season_stability",False,19.729169960474305
hgb_under_3p5_combo_high_pass_rate_cold_le_45,weather_team_style_grid,HGB under 3.5+ with top 30% pass-rate proxy and temp <= 45F.,37,35,18,17,2,0.5142857142857142,-0.009523809523809601,0.35568539626711626,0.6700601960874726,-0.6363636363636359,-0.01818181818181817,-0.11818181818181818,8,0.19318181818181818,9,4,5,0.4444444444444444,-9.181818181818182,59.32432432432432,6.063971726514158,-1.7027027027027026,avg provider range 0.82; avg selected-vs-median +0.05,"small_sample,thin_recent_sample,weak_season_stability",False,19.166666666666668
hgb_under_3p5_line_range_ge_0p5,line_market_proxy,HGB under 3.5+ where provider total range is at least 0.5 points.,974,958,517,441,16,0.5396659707724426,0.01585644696291877,0.5080076687711694,0.5710074206156901,29.000000000000007,0.030271398747390404,-0.0697286012526096,197,-0.001845869866174415,9,6,3,0.6666666666666666,-21.09090909090911,58.6452772073922,6.000389128668429,-0.37833675564681724,avg provider range 1.08; avg selected-vs-median +0.08,negative_recent_roi,False,18.661288467263265
hgb_under_3p5_combo_high_pass_rate_heat_ge_85,weather_team_style_grid,HGB under 3.5+ with top 30% pass-rate proxy and temp >= 85F.,29,29,16,13,0,0.5517241379310345,0.02791461412151064,0.37547667068067625,0.715870888512542,1.5454545454545454,0.05329153605015674,-0.046708463949843265,11,0.04132231404958674,8,5,3,0.625,-2.1818181818181817,61.93103448275862,5.911645800740236,-3.206896551724138,avg provider range 0.98; avg selected-vs-median +0.04,"small_sample,thin_recent_sample",False,18.153575092618972
hgb_under_3p5_combo_total_ge_60_dewpoint_ge_70,weather_total_combo_grid,HGB under 3.5+ with total >= 60 and dewpoint >= 70F.,48,47,26,21,1,0.5531914893617021,0.029381965552178313,0.41245213738758246,0.685892525250887,2.6363636363636362,0.056092843326885876,-0.04390715667311413,9,0.06060606060606059,8,4,4,0.5,-4.090909090909091,66.38541666666667,6.56490634499529,-1.6979166666666667,avg provider range 0.92; avg selected-vs-median -0.02,"small_sample,thin_recent_sample,weak_season_stability",False,18.079587362991617
hgb_under_3p5_temp_le_55,weather_single,HGB under 3.5+ with temperature at or below 55F.,345,338,176,162,7,0.5207100591715976,-0.003099464637926208,0.46751768957500645,0.5734369514049094,-1.9999999999999982,-0.005917159763313604,-0.1059171597633136,67,0.08276797829036636,9,5,4,0.5555555555555556,-18.09090909090909,56.62753623188406,5.981920179848767,0.34057971014492755,avg provider range 0.71; avg selected-vs-median +0.03,weak_season_stability,False,17.504873802049467
hgb_under_3p5_combo_cold_le_50_precip_any_total_ge_56,weather_combo_grid,"HGB under 3.5+ with temp <= 50F, any precipitation flag, and total >= 56.",20,19,10,9,1,0.5263157894736842,0.0025062656641603454,0.31707482511825114,0.7267049451255145,0.09090909090909083,0.0047846889952153065,-0.0952153110047847,5,0.14545454545454542,9,3,5,0.3333333333333333,-2.090909090909091,62.8,6.429888874436747,2.75,avg provider range 0.85; avg selected-vs-median +0.19,"small_sample,thin_recent_sample,weak_season_stability",False,17.076650717703345
hgb_under_3p5_dewpoint_ge_60,weather_single,HGB under 3.5+ with dewpoint at least 60F.,357,353,189,164,4,0.5354107648725213,0.011601241062997425,0.4832798003852078,0.5867792958636601,7.818181818181822,0.022147823847540573,-0.07785217615245943,77,0.016528925619834715,9,5,4,0.5555555555555556,-10.272727272727273,59.48739495798319,6.1149359816872675,-0.022408963585434174,avg provider range 0.80; avg selected-vs-median +0.07,weak_season_stability,False,16.87588431312871
hgb_under_3p5_provider_count_ge_4,line_market_proxy,HGB under 3.5+ where at least 4 line providers are available.,742,734,396,338,8,0.5395095367847411,0.01570001297521728,0.5033378827661011,0.5752697750292847,22.0,0.02997275204359673,-0.07002724795640328,112,-0.028409090909090915,6,4,2,0.6666666666666666,-21.818181818181856,58.378706199460915,6.072380985835173,-0.6563342318059299,avg provider range 0.80; avg selected-vs-median +0.01,negative_recent_roi,False,16.36091156799603
hgb_under_3p5_combo_high_pass_rate_total_ge_60_heat_ge_85,weather_team_style_total_grid,"HGB under 3.5+ with top 30% pass-rate proxy, total >= 60, and temp >= 85F.",19,19,10,9,0,0.5263157894736842,0.0025062656641603454,0.31707482511825114,0.7267049451255145,0.09090909090909083,0.0047846889952153065,-0.0952153110047847,7,0.0909090909090909,7,4,3,0.5714285714285714,-3.1818181818181817,66.55263157894737,6.311970316315679,-4.2368421052631575,avg provider range 0.92; avg selected-vs-median -0.14,"small_sample,thin_recent_sample,weak_season_stability",False,16.066261107313736
hgb_under_3p5_combo_total_ge_58_dewpoint_ge_70,weather_total_combo_grid,HGB under 3.5+ with total >= 58 and dewpoint >= 70F.,56,55,30,25,1,0.5454545454545454,0.021645021645021578,0.41522461348360484,0.669749282535538,2.272727272727273,0.04132231404958678,-0.05867768595041323,11,0.0413223140495868,8,4,4,0.5,-4.2727272727272725,65.3125,6.493627912984534,-0.6875,avg provider range 1.02; avg selected-vs-median +0.04,"small_sample,thin_recent_sample,weak_season_stability",False,15.183471074380169
hgb_under_3p5_combo_total_60_63_cold_le_45,weather_total_combo_grid,HGB under 3.5+ with total 60-63 and temp <= 45F.,12,11,5,6,1,0.45454545454545453,-0.0692640692640693,0.21270957543988045,0.7199122443100118,-1.4545454545454541,-0.13223140495867766,-0.23223140495867767,3,0.2727272727272727,7,3,4,0.42857142857142855,-4.0,61.5,5.160033713634932,-4.166666666666667,avg provider range 1.08; avg selected-vs-median +0.00,"small_sample,thin_recent_sample,weak_season_stability",False,14.44361275088548
hgb_under_3p5_combo_total_60_63_cold_le_55,weather_total_combo_grid,HGB under 3.5+ with total 60-63 and temp <= 55F.,34,33,19,14,1,0.5757575757575758,0.051948051948051965,0.4080697369146003,0.7276464100497011,3.2727272727272725,0.09917355371900825,-0.0008264462809917522,6,-0.04545454545454547,9,5,4,0.5555555555555556,-4.454545454545454,61.44117647058823,5.803413311392705,-2.764705882352941,avg provider range 0.84; avg selected-vs-median -0.01,"small_sample,thin_recent_sample,negative_recent_roi,weak_season_stability",False,14.38341597796143
hgb_under_3p5_combo_high_pass_rate_total_ge_56_wind_ge_15,weather_team_style_total_grid,"HGB under 3.5+ with top 30% pass-rate proxy, total >= 56, and wind >= 15 mph.",22,22,10,12,0,0.45454545454545453,-0.0692640692640693,0.26920014432004846,0.6534052671095845,-2.9090909090909083,-0.13223140495867766,-0.23223140495867767,6,0.2727272727272727,9,4,5,0.4444444444444444,-7.181818181818182,65.5,6.5787083215005815,0.7727272727272727,avg provider range 0.98; avg selected-vs-median +0.19,"small_sample,thin_recent_sample,weak_season_stability",False,14.265344352617081
hgb_under_3p5_provider_bovada,provider,HGB under 3.5+ using line provider Bovada.,22,22,12,10,0,0.5454545454545454,0.021645021645021578,0.34659473289041554,0.7307998556799515,0.9090909090909087,0.04132231404958676,-0.05867768595041325,19,0.004784688995215283,3,2,1,0.6666666666666666,-4.0,56.0,5.102802554701009,2.272727272727273,avg provider range 0.48; avg selected-vs-median -0.12,"small_sample,thin_recent_sample",False,14.155006524575898
hgb_under_3p5_total_66_70,high_total_bucket,HGB under 3.5+ with closing total 66 to 70.,183,181,96,85,2,0.5303867403314917,0.006577216521967855,0.4578037739480576,0.6017066392922519,2.272727272727268,0.012556504269211425,-0.08744349573078858,45,0.06060606060606062,9,4,5,0.4444444444444444,-13.363636363636369,67.80874316939891,6.404015281510617,1.1584699453551912,avg provider range 0.74; avg selected-vs-median +0.01,weak_season_stability,False,13.718074669345386
hgb_under_3p5_combo_high_pass_rate_total_ge_58_heat_ge_85,weather_team_style_total_grid,"HGB under 3.5+ with top 30% pass-rate proxy, total >= 58, and temp >= 85F.",21,21,11,10,0,0.5238095238095238,0.0,0.32369217900266756,0.7165628770323705,-1.1102230246251565e-16,-5.28677630773884e-18,-0.1,9,0.06060606060606058,7,4,3,0.5714285714285714,-3.1818181818181817,65.78571428571429,6.163760638953574,-2.5,avg provider range 0.98; avg selected-vs-median -0.04,"small_sample,thin_recent_sample,weak_season_stability",False,13.20354978354978
hgb_under_3p5_temp_le_32,weather_single,HGB under 3.5+ with temperature at or below 32F.,35,33,17,16,2,0.5151515151515151,-0.008658008658008698,0.3521810458621024,0.6749621835307578,-0.545454545454546,-0.016528925619834725,-0.11652892561983473,14,0.0909090909090909,8,4,4,0.5,-5.999999999999999,50.74285714285714,5.949447901887162,-2.857142857142857,avg provider range 0.76; avg selected-vs-median -0.06,"small_sample,thin_recent_sample,weak_season_stability",False,12.5798347107438
hgb_under_3p5_wind_ge_15,weather_single,HGB under 3.5+ with wind at least 15 mph.,123,121,61,60,2,0.5041322314049587,-0.019677292404565172,0.4162985233990828,0.5917116270635834,-4.545454545454544,-0.03756574004507888,-0.13756574004507888,35,0.09090909090909093,9,5,4,0.5555555555555556,-15.636363636363637,56.390243902439025,5.775997683848536,0.8617886178861789,avg provider range 0.89; avg selected-vs-median +0.12,weak_season_stability,False,11.142213874279992
hgb_under_3p5_temp_le_50,weather_single,HGB under 3.5+ with temperature at or below 50F.,252,245,126,119,7,0.5142857142857142,-0.009523809523809601,0.45196540312436834,0.576164941641137,-4.4545454545454515,-0.01818181818181817,-0.11818181818181818,49,0.05194805194805194,9,4,5,0.4444444444444444,-14.545454545454543,55.96230158730159,5.928319796544591,0.3948412698412698,avg provider range 0.75; avg selected-vs-median +0.02,weak_season_stability,False,10.995238095238097
hgb_under_3p5_combo_total_ge_60_cold_le_50,weather_total_combo_grid,HGB under 3.5+ with total >= 60 and temp <= 50F.,83,81,41,40,2,0.5061728395061729,-0.01763668430335097,0.3995059708753621,0.6122806998144883,-2.7272727272727257,-0.03367003367003365,-0.13367003367003366,17,0.12299465240641708,9,3,6,0.3333333333333333,-10.909090909090908,66.60240963855422,6.204580691457292,0.9879518072289156,avg provider range 0.79; avg selected-vs-median +0.04,"small_sample,thin_recent_sample,weak_season_stability",False,10.910750643691818
hgb_under_3p5_temp_le_45,weather_single,HGB under 3.5+ with temperature at or below 45F.,168,164,83,81,4,0.5060975609756098,-0.017711962833914074,0.4303191841164992,0.5815968128711366,-5.545454545454543,-0.03381374722838136,-0.13381374722838135,41,0.07095343680709533,9,5,4,0.5555555555555556,-16.27272727272727,55.61011904761905,5.971805022106887,-0.4732142857142857,avg provider range 0.79; avg selected-vs-median +0.04,weak_season_stability,False,10.653688100517371
hgb_under_3p5_total_63_66,high_total_bucket,HGB under 3.5+ with closing total 63 to 66.,133,131,71,60,2,0.5419847328244275,0.01817520901490366,0.45668365033394337,0.6248935483940457,4.545454545454545,0.03469812630117973,-0.06530187369882028,39,-0.06993006993006991,9,7,2,0.7777777777777778,-12.181818181818187,64.2593984962406,5.717352732053889,0.12406015037593984,avg provider range 0.74; avg selected-vs-median +0.11,negative_recent_roi,False,9.72571006601541
hgb_under_3p5_precip_any,weather_single,HGB under 3.5+ with precipitation flag or measurable precipitation.,207,205,110,95,2,0.5365853658536586,0.012775842044134733,0.46827709637560655,0.6035476741681932,5.000000000000001,0.02439024390243903,-0.07560975609756097,45,-0.06666666666666667,9,6,3,0.6666666666666666,-9.000000000000007,56.07971014492754,6.431566032490076,0.8285024154589372,avg provider range 0.79; avg selected-vs-median +0.09,negative_recent_roi,False,9.40569105691057
hgb_under_3p5_rain_flag,weather_single,HGB under 3.5+ with rain/thunder text or measurable precipitation.,207,205,110,95,2,0.5365853658536586,0.012775842044134733,0.46827709637560655,0.6035476741681932,5.000000000000001,0.02439024390243903,-0.07560975609756097,45,-0.06666666666666667,9,6,3,0.6666666666666666,-9.000000000000007,56.07971014492754,6.431566032490076,0.8285024154589372,avg provider range 0.79; avg selected-vs-median +0.09,negative_recent_roi,False,9.40569105691057
hgb_under_3p5_combo_total_ge_58_cold_le_40,weather_total_combo_grid,HGB under 3.5+ with total >= 58 and temp <= 40F.,39,38,17,21,1,0.4473684210526316,-0.07644110275689225,0.3014616531155089,0.6029397082091058,-5.545454545454545,-0.14593301435406697,-0.24593301435406698,9,0.2727272727272727,9,2,7,0.2222222222222222,-9.636363636363637,63.58974358974359,6.626640516879811,-0.23076923076923078,avg provider range 0.85; avg selected-vs-median +0.10,"small_sample,thin_recent_sample,weak_season_stability",False,9.390940988835723
hgb_under_3p5_combo_line_range_ge_2_wind_ge_12,market_signal_combo_grid,HGB under 3.5+ with provider total range >= 2 and wind >= 12 mph.,30,28,14,14,2,0.5,-0.023809523809523836,0.3263284683244634,0.6736715316755366,-1.2727272727272725,-0.04545454545454545,-0.14545454545454545,12,0.1136363636363636,9,3,6,0.3333333333333333,-4.181818181818182,58.21666666666667,5.956043416632656,2.5833333333333335,avg provider range 2.75; avg selected-vs-median +0.39,"small_sample,thin_recent_sample,weak_season_stability",False,9.269090909090908
hgb_under_3p5_provider_espn_bet,provider,HGB under 3.5+ using line provider ESPN Bet.,17,17,9,8,0,0.5294117647058824,0.0056022408963585235,0.30962897311549487,0.738351988039119,0.181818181818182,0.01069518716577541,-0.08930481283422459,17,0.01069518716577541,2,1,1,0.5,-5.181818181818182,57.44117647058823,4.731098659561766,3.5588235294117645,avg provider range 0.00; avg selected-vs-median +0.00,"small_sample,thin_recent_sample,weak_season_stability",False,8.728770053475937
hgb_under_3p5_combo_high_pass_rate_total_ge_56_heat_ge_85,weather_team_style_total_grid,"HGB under 3.5+ with top 30% pass-rate proxy, total >= 56, and temp >= 85F.",22,22,11,11,0,0.5,-0.023809523809523836,0.3072180469247956,0.6927819530752044,-1.0,-0.045454545454545456,-0.14545454545454545,9,0.06060606060606058,7,4,3,0.5714285714285714,-4.181818181818182,65.4090909090909,6.085112071499617,-1.9545454545454546,avg provider range 1.02; avg selected-vs-median -0.03,"small_sample,thin_recent_sample,weak_season_stability",False,8.478095238095234
hgb_under_3p5_total_48_52,high_total_bucket,HGB under 3.5+ with closing total 48 to 52.,159,157,83,74,2,0.5286624203821656,0.004852896572641763,0.45082902659503543,0.6051266465641472,1.454545454545455,0.009264620729588885,-0.09073537927041112,30,-0.04545454545454544,9,6,3,0.6666666666666666,-11.0,49.90251572327044,5.730834899459015,-0.4308176100628931,avg provider range 0.70; avg selected-vs-median +0.11,negative_recent_roi,False,8.230098436595252
hgb_under_3p5_combo_cold_le_50_precip_any,weather_combo_grid,HGB under 3.5+ with temp <= 50F and any precipitation flag.,43,42,23,19,1,0.5476190476190477,0.023809523809523836,0.39948862747122693,0.6877683618136149,1.9090909090909092,0.045454545454545456,-0.05454545454545455,6,-0.04545454545454547,9,4,5,0.4444444444444444,-4.181818181818182,54.69767441860465,6.312212995503677,1.1395348837209303,avg provider range 0.80; avg selected-vs-median +0.12,"small_sample,thin_recent_sample,negative_recent_roi,weak_season_stability",False,7.579393939393938
hgb_under_3p5_combo_cold_le_50_rain_flag,weather_combo_grid,HGB under 3.5+ with temp <= 50F and rain/thunder text or precip amount.,43,42,23,19,1,0.5476190476190477,0.023809523809523836,0.39948862747122693,0.6877683618136149,1.9090909090909092,0.045454545454545456,-0.05454545454545455,6,-0.04545454545454547,9,4,5,0.4444444444444444,-4.181818181818182,54.69767441860465,6.312212995503677,1.1395348837209303,avg provider range 0.80; avg selected-vs-median +0.12,"small_sample,thin_recent_sample,negative_recent_roi,weak_season_stability",False,7.579393939393938
hgb_under_3p5_temp_le_35,weather_single,HGB under 3.5+ with temperature at or below 35F.,57,55,28,27,2,0.509090909090909,-0.014718614718614798,0.38076038407484447,0.636234395128984,-1.5454545454545459,-0.028099173553719017,-0.12809917355371903,20,0.05,9,4,5,0.4444444444444444,-7.727272727272727,53.21052631578947,5.9854997578905085,-1.8596491228070176,avg provider range 0.89; avg selected-vs-median +0.02,"small_sample,thin_recent_sample,weak_season_stability",False,7.4112947658402195
hgb_under_3p5_combo_total_ge_56_wind_ge_18,weather_total_combo_grid,HGB under 3.5+ with total >= 56 and wind >= 18 mph.,30,29,13,16,1,0.4482758620689655,-0.07553366174055831,0.2841291114874579,0.6245233293193238,-4.181818181818182,-0.14420062695924765,-0.24420062695924766,8,0.19318181818181815,7,3,3,0.42857142857142855,-7.545454545454545,63.333333333333336,6.421794943706178,0.23333333333333334,avg provider range 1.12; avg selected-vs-median +0.26,"small_sample,thin_recent_sample,weak_season_stability",False,6.533963278101207
hgb_under_3p5_temp_ge_80,weather_single,HGB under 3.5+ with temperature at or above 80F.,239,238,123,115,1,0.5168067226890757,-0.007002801120448154,0.45355738320407607,0.5795221200741028,-3.18181818181818,-0.013368983957219244,-0.11336898395721925,68,-0.017379679144385023,9,4,5,0.4444444444444444,-11.363636363636362,60.9163179916318,5.969268181794092,1.0669456066945606,avg provider range 0.83; avg selected-vs-median +0.07,"negative_recent_roi,weak_season_stability",False,6.426666666666667
hgb_under_3p5_temp_le_40,weather_single,HGB under 3.5+ with temperature at or below 40F.,99,96,48,48,3,0.5,-0.023809523809523836,0.40192229167030874,0.5980777083296912,-4.363636363636363,-0.04545454545454545,-0.14545454545454545,27,0.060606060606060615,9,3,6,0.3333333333333333,-12.818181818181817,54.303030303030305,6.111588971324915,-1.6161616161616161,avg provider range 0.79; avg selected-vs-median +0.05,"small_sample,thin_recent_sample,weak_season_stability",False,4.659393939393941
hgb_under_3p5_combo_cold_le_55_precip_any,weather_combo_grid,HGB under 3.5+ with temp <= 55F and any precipitation flag.,63,62,35,27,1,0.5645161290322581,0.04070660522273428,0.4409276740746584,0.6805760560898577,4.8181818181818175,0.07771260997067447,-0.022287390029325532,9,-0.15151515151515152,9,5,4,0.5555555555555556,-4.636363636363638,55.11904761904762,6.282238591474447,0.1349206349206349,avg provider range 0.74; avg selected-vs-median +0.10,"small_sample,thin_recent_sample,negative_recent_roi,weak_season_stability",False,4.2961094819159324
hgb_under_3p5_combo_total_ge_60_cold_le_45,weather_total_combo_grid,HGB under 3.5+ with total >= 60 and temp <= 45F.,54,52,24,28,2,0.46153846153846156,-0.06227106227106227,0.3334025986239788,0.5949662160231659,-6.181818181818182,-0.11888111888111888,-0.21888111888111889,13,0.17482517482517482,9,2,7,0.2222222222222222,-12.363636363636363,66.43518518518519,6.1210119568597445,-0.009259259259259259,avg provider range 0.81; avg selected-vs-median +0.07,"small_sample,thin_recent_sample,weak_season_stability",False,3.998508158508157
hgb_under_3p5_thunder_flag,weather_single,HGB under 3.5+ with thunderstorm text flag.,4,4,2,2,0,0.5,-0.023809523809523836,0.15003570882017148,0.8499642911798285,-0.18181818181818188,-0.04545454545454547,-0.14545454545454548,0,,4,2,2,0.5,-1.0,60.125,5.860255769051829,2.625,avg provider range 0.38; avg selected-vs-median -0.06,"small_sample,thin_recent_sample,weak_season_stability",False,2.834545454545453
hgb_under_3p5_snow_flag,weather_single,HGB under 3.5+ with snow flag or measurable snowfall.,2,2,1,1,0,0.5,-0.023809523809523836,0.09452865480086614,0.9054713451991339,-0.09090909090909094,-0.04545454545454547,-0.14545454545454548,0,,2,1,1,0.5,-1.0,51.0,8.742861398014893,7.5,avg provider range 1.00; avg selected-vs-median +0.25,"small_sample,thin_recent_sample,weak_season_stability",False,2.794545454545453
hgb_under_3p5_wintry_flag,weather_single,HGB under 3.5+ with wintry/sleet/freezing flag.,2,2,1,1,0,0.5,-0.023809523809523836,0.09452865480086614,0.9054713451991339,-0.09090909090909094,-0.04545454545454547,-0.14545454545454548,0,,2,1,1,0.5,-1.0,51.0,8.742861398014893,7.5,avg provider range 1.00; avg selected-vs-median +0.25,"small_sample,thin_recent_sample,weak_season_stability",False,2.794545454545453
hgb_under_3p5_combo_cold_le_50_snow_flag,weather_combo_grid,HGB under 3.5+ with temp <= 50F and snow/wintry flag.,2,2,1,1,0,0.5,-0.023809523809523836,0.09452865480086614,0.9054713451991339,-0.09090909090909094,-0.04545454545454547,-0.14545454545454548,0,,2,1,1,0.5,-1.0,51.0,8.742861398014893,7.5,avg provider range 1.00; avg selected-vs-median +0.25,"small_sample,thin_recent_sample,weak_season_stability",False,2.794545454545453
hgb_under_3p5_combo_cold_le_45_snow_flag,weather_combo_grid,HGB under 3.5+ with temp <= 45F and snow/wintry flag.,2,2,1,1,0,0.5,-0.023809523809523836,0.09452865480086614,0.9054713451991339,-0.09090909090909094,-0.04545454545454547,-0.14545454545454548,0,,2,1,1,0.5,-1.0,51.0,8.742861398014893,7.5,avg provider range 1.00; avg selected-vs-median +0.25,"small_sample,thin_recent_sample,weak_season_stability",False,2.794545454545453
hgb_under_3p5_combo_total_60_63_wind_ge_18,weather_total_combo_grid,HGB under 3.5+ with total 60-63 and wind >= 18 mph.,2,2,1,1,0,0.5,-0.023809523809523836,0.09452865480086614,0.9054713451991339,-0.09090909090909094,-0.04545454545454547,-0.14545454545454548,0,,2,1,1,0.5,-1.0,62.0,9.486412926476335,-6.0,avg provider range 3.00; avg selected-vs-median +0.12,"small_sample,thin_recent_sample,weak_season_stability",False,2.794545454545453
hgb_under_3p5_dewpoint_ge_70,weather_single,HGB under 3.5+ with dewpoint at least 70F.,101,100,50,50,1,0.5,-0.023809523809523836,0.40382982859014716,0.5961701714098528,-4.545454545454545,-0.04545454545454545,-0.14545454545454545,19,0.004784688995215295,9,4,5,0.4444444444444444,-9.090909090909088,59.18316831683168,6.240092620148606,0.5198019801980198,avg provider range 0.91; avg selected-vs-median +0.02,"thin_recent_sample,weak_season_stability",False,2.685805422647527
hgb_under_3p5_wind_ge_20,weather_single,HGB under 3.5+ with wind at least 20 mph.,34,33,15,18,1,0.45454545454545453,-0.0692640692640693,0.298426891258915,0.6201434205625044,-4.363636363636363,-0.1322314049586777,-0.2322314049586777,10,0.14545454545454545,8,3,4,0.375,-10.727272727272727,54.69117647058823,5.9865747600114965,1.6029411764705883,avg provider range 1.06; avg selected-vs-median +0.21,"small_sample,thin_recent_sample,weak_season_stability",False,2.5527685950413224
hgb_under_3p5_combo_high_pass_rate_wind_ge_15,weather_team_style_grid,HGB under 3.5+ with top 30% pass-rate proxy and wind >= 15 mph.,34,33,16,17,1,0.48484848484848486,-0.038961038961038974,0.32503781646924224,0.6478189541378976,-2.4545454545454546,-0.0743801652892562,-0.1743801652892562,9,0.06060606060606059,9,3,6,0.3333333333333333,-5.454545454545455,60.39705882352941,6.280595599577696,-1.1029411764705883,avg provider range 1.13; avg selected-vs-median +0.28,"small_sample,thin_recent_sample,weak_season_stability",False,1.979559228650136
hgb_under_3p5_combo_total_ge_56_dewpoint_ge_65,weather_total_combo_grid,HGB under 3.5+ with total >= 56 and dewpoint >= 65F.,128,126,63,63,2,0.5,-0.023809523809523836,0.4139959017945411,0.5860040982054588,-5.727272727272725,-0.045454545454545435,-0.14545454545454545,23,-0.003952569169960466,9,4,5,0.4444444444444444,-13.909090909090908,65.01953125,6.55993644404529,-0.09765625,avg provider range 0.93; avg selected-vs-median +0.04,"thin_recent_sample,negative_recent_roi,weak_season_stability",False,1.543188405797105
hgb_under_3p5_combo_high_pass_rate_total_60_63_dewpoint_ge_70,weather_team_style_total_grid,"HGB under 3.5+ with top 30% pass-rate proxy, total 60-63, and dewpoint >= 70F.",6,6,3,3,0,0.5,-0.023809523809523836,0.18761280689940868,0.8123871931005913,-0.2727272727272726,-0.045454545454545435,-0.14545454545454545,2,-0.04545454545454547,5,3,2,0.6,-2.0,61.0,6.563647667045167,-1.8333333333333333,avg provider range 0.83; avg selected-vs-median -0.25,"small_sample,thin_recent_sample,negative_recent_roi",False,0.5381818181818201
hgb_under_3p5_combo_total_ge_60_dewpoint_ge_65,weather_total_combo_grid,HGB under 3.5+ with total >= 60 and dewpoint >= 65F.,103,101,51,50,2,0.504950495049505,-0.01885902876001888,0.40906319132283897,0.6004750072548249,-3.636363636363635,-0.03600360036003599,-0.136003600360036,20,-0.04545454545454545,9,4,5,0.4444444444444444,-10.272727272727272,66.79611650485437,6.751166850007543,-0.1262135922330097,avg provider range 0.90; avg selected-vs-median +0.03,"thin_recent_sample,negative_recent_roi,weak_season_stability",False,-0.6046024602460238
hgb_under_3p5_combo_total_ge_58_dewpoint_ge_65,weather_total_combo_grid,HGB under 3.5+ with total >= 58 and dewpoint >= 65F.,115,113,57,56,2,0.504424778761062,-0.019384745048461882,0.4136203069022564,0.5949382886664452,-4.181818181818179,-0.03700724054706353,-0.13700724054706354,22,-0.04545454545454542,9,4,5,0.4444444444444444,-11.636363636363635,65.94782608695652,6.668547784170062,0.19130434782608696,avg provider range 0.96; avg selected-vs-median +0.03,"thin_recent_sample,negative_recent_roi,weak_season_stability",False,-0.7376937516760473
hgb_under_3p5_dewpoint_ge_65,weather_single,HGB under 3.5+ with dewpoint at least 65F.,211,209,103,106,2,0.49282296650717705,-0.030986557302346784,0.4257858257636524,0.5601191852868189,-12.363636363636358,-0.05915615484993473,-0.15915615484993473,39,-0.020979020979020994,9,4,5,0.4444444444444444,-21.090909090909115,59.31042654028436,6.312146171260616,0.5616113744075829,avg provider range 0.88; avg selected-vs-median +0.05,"negative_recent_roi,weak_season_stability",False,-0.9654523148303094
hgb_under_3p5_combo_total_ge_60_heat_ge_85,weather_total_combo_grid,HGB under 3.5+ with total >= 60 and temp >= 85F.,61,61,30,31,0,0.4918032786885246,-0.032006245120999255,0.37060186643725185,0.6139759354676981,-3.727272727272725,-0.06110283159463483,-0.16110283159463484,21,-2.6433881538694202e-17,9,3,6,0.3333333333333333,-6.999999999999998,66.38524590163935,6.451569225099706,-2.122950819672131,avg provider range 0.77; avg selected-vs-median -0.00,"small_sample,thin_recent_sample,negative_recent_roi,weak_season_stability",False,-1.2902831594634845
hgb_under_3p5_provider_count_ge_5,line_market_proxy,HGB under 3.5+ where at least 5 line providers are available.,174,171,86,85,3,0.5029239766081871,-0.02088554720133673,0.4287463843461108,0.5769730782989346,-6.818181818181819,-0.039872408293460934,-0.13987240829346093,0,,3,0,3,0.0,-12.636363636363638,59.1867816091954,5.792238821613151,0.1925287356321839,avg provider range 1.03; avg selected-vs-median +0.03,"thin_recent_sample,weak_season_stability",False,-3.0945135566188204
hgb_under_3p5_combo_total_ge_58_heat_ge_85,weather_total_combo_grid,HGB under 3.5+ with total >= 58 and temp >= 85F.,69,69,34,35,0,0.4927536231884058,-0.031055900621118016,0.3783222449110342,0.6079493361635164,-4.09090909090909,-0.0592885375494071,-0.1592885375494071,24,-0.04545454545454544,9,3,6,0.3333333333333333,-7.272727272727271,65.47101449275362,6.3526464149249735,-1.0072463768115942,avg provider range 0.79; avg selected-vs-median +0.00,"small_sample,thin_recent_sample,negative_recent_roi,weak_season_stability",False,-4.6397628458498
hgb_under_3p5_combo_total_ge_56_heat_ge_85,weather_total_combo_grid,HGB under 3.5+ with total >= 56 and temp >= 85F.,74,74,36,38,0,0.4864864864864865,-0.03732303732303732,0.37611598006562663,0.5981908173280549,-5.2727272727272725,-0.07125307125307125,-0.17125307125307127,26,-0.04545454545454545,9,3,6,0.3333333333333333,-7.454545454545452,64.89864864864865,6.189862206709741,-1.114864864864865,avg provider range 0.82; avg selected-vs-median +0.03,"small_sample,thin_recent_sample,negative_recent_roi,weak_season_stability",False,-5.772579852579851
hgb_under_3p5_temp_ge_85,weather_single,HGB under 3.5+ with temperature at or above 85F.,103,103,51,52,0,0.49514563106796117,-0.02866389274156267,0.40051410341890453,0.5901262464073804,-5.636363636363636,-0.054721977052074135,-0.15472197705207413,31,-0.07624633431085044,9,3,6,0.3333333333333333,-7.636363636363633,60.800970873786405,6.038249506228603,0.06310679611650485,avg provider range 0.79; avg selected-vs-median +0.03,"negative_recent_roi,weak_season_stability",False,-6.039177177348175
hgb_under_3p5_wind_ge_18,weather_single,HGB under 3.5+ with wind at least 18 mph.,55,54,24,30,1,0.4444444444444444,-0.07936507936507942,0.3200225687559781,0.5762458608863554,-8.181818181818182,-0.15151515151515152,-0.2515151515151515,18,0.0606060606060606,9,2,6,0.2222222222222222,-12.90909090909091,55.41818181818182,5.753863122627649,1.7818181818181817,avg provider range 1.00; avg selected-vs-median +0.16,"small_sample,thin_recent_sample,weak_season_stability",False,-8.471515151515153
hgb_under_3p5_combo_total_60_63_heat_ge_85,weather_total_combo_grid,HGB under 3.5+ with total 60-63 and temp >= 85F.,15,15,7,8,0,0.4666666666666667,-0.05714285714285716,0.24809225259746442,0.6988336984894921,-1.6363636363636362,-0.10909090909090909,-0.2090909090909091,8,-0.04545454545454547,6,2,4,0.3333333333333333,-5.181818181818182,60.96666666666667,5.174003335309683,-4.966666666666667,avg provider range 0.87; avg selected-vs-median +0.18,"small_sample,thin_recent_sample,negative_recent_roi,weak_season_stability",False,-10.281818181818183
hgb_under_3p5_provider_teamrankings,provider,HGB under 3.5+ using line provider teamrankings.,172,169,80,89,3,0.47337278106508873,-0.050436742744435104,0.39952587184328997,0.5484033303858029,-16.272727272727273,-0.09628832705755783,-0.19628832705755783,0,,2,0,2,0.0,-21.45454545454547,59.049418604651166,6.166824703439885,2.020348837209302,avg provider range 0.66; avg selected-vs-median -0.01,"thin_recent_sample,weak_season_stability",False,-10.539741796664876
hgb_under_3p5_line_range_ge_3,line_market_proxy,HGB under 3.5+ where provider total range is at least 3 points.,36,34,15,19,2,0.4411764705882353,-0.08263305322128855,0.28883240215296746,0.6054638221081631,-5.363636363636363,-0.15775401069518716,-0.25775401069518716,13,0.02797202797202799,8,2,6,0.25,-8.909090909090907,58.833333333333336,6.5907023897365855,1.2222222222222223,avg provider range 5.07; avg selected-vs-median +0.56,"small_sample,thin_recent_sample,weak_season_stability",False,-10.88945701357466
hgb_under_3p5_combo_high_pass_rate_heat_ge_90,weather_team_style_grid,HGB under 3.5+ with top 30% pass-rate proxy and temp >= 90F.,7,7,3,4,0,0.42857142857142855,-0.09523809523809529,0.15821692226262685,0.7495457695909742,-1.2727272727272727,-0.18181818181818182,-0.28181818181818186,4,-0.04545454545454547,4,1,3,0.25,-2.0,62.42857142857143,6.123896112275516,5.285714285714286,avg provider range 0.71; avg selected-vs-median +0.04,"small_sample,thin_recent_sample,negative_recent_roi,weak_season_stability",False,-18.328181818181818
hgb_under_3p5_total_52_56,high_total_bucket,HGB under 3.5+ with closing total 52 to 56.,176,174,80,94,2,0.45977011494252873,-0.0640394088669951,0.3873854202140897,0.5338928408901739,-21.272727272727273,-0.12225705329153605,-0.22225705329153606,23,-0.25296442687747034,9,3,6,0.3333333333333333,-22.63636363636364,53.84659090909091,5.500324310221203,1.5965909090909092,avg provider range 1.07; avg selected-vs-median +0.06,"thin_recent_sample,negative_recent_roi,weak_season_stability",False,-28.510132206623958
hgb_under_3p5_combo_high_pass_rate_total_60_63_cold_le_50,weather_team_style_total_grid,"HGB under 3.5+ with top 30% pass-rate proxy, total 60-63, and temp <= 50F.",4,3,1,2,1,0.3333333333333333,-0.19047619047619052,0.0614903152761605,0.7923450448735121,-1.0909090909090908,-0.3636363636363636,-0.4636363636363636,0,,4,1,2,0.25,-2.0,61.5,5.51168706989601,0.0,avg provider range 1.12; avg selected-vs-median -0.12,"small_sample,thin_recent_sample,weak_season_stability",False,-32.953636363636356
hgb_under_3p5_combo_total_ge_60_heat_ge_90,weather_total_combo_grid,HGB under 3.5+ with total >= 60 and temp >= 90F.,21,21,8,13,0,0.38095238095238093,-0.1428571428571429,0.20750767797982506,0.5912170418449848,-5.727272727272727,-0.2727272727272727,-0.3727272727272727,9,-0.15151515151515152,8,2,6,0.25,-7.363636363636363,65.14285714285714,5.909405995355177,1.1428571428571428,avg provider range 0.74; avg selected-vs-median +0.08,"small_sample,thin_recent_sample,negative_recent_roi,weak_season_stability",False,-36.69666666666666
hgb_under_3p5_combo_total_ge_56_heat_ge_90,weather_total_combo_grid,HGB under 3.5+ with total >= 56 and temp >= 90F.,23,23,9,14,0,0.391304347826087,-0.13250517598343686,0.22157377982382145,0.5921482039625402,-5.818181818181818,-0.25296442687747034,-0.3529644268774703,10,-0.2363636363636364,8,3,5,0.375,-6.454545454545454,64.56521739130434,5.8168405782682076,2.6956521739130435,avg provider range 0.74; avg selected-vs-median +0.07,"small_sample,thin_recent_sample,negative_recent_roi,weak_season_stability",False,-39.411442687747034
hgb_under_3p5_combo_total_ge_58_heat_ge_90,weather_total_combo_grid,HGB under 3.5+ with total >= 58 and temp >= 90F.,23,23,9,14,0,0.391304347826087,-0.13250517598343686,0.22157377982382145,0.5921482039625402,-5.818181818181818,-0.25296442687747034,-0.3529644268774703,10,-0.2363636363636364,8,3,5,0.375,-6.454545454545454,64.56521739130434,5.8168405782682076,2.6956521739130435,avg provider range 0.74; avg selected-vs-median +0.07,"small_sample,thin_recent_sample,negative_recent_roi,weak_season_stability",False,-39.411442687747034
hgb_under_3p5_combo_total_ge_60_cold_le_40,weather_total_combo_grid,HGB under 3.5+ with total >= 60 and temp <= 40F.,26,25,8,17,1,0.32,-0.20380952380952383,0.17204987516891146,0.5159008626542329,-9.727272727272728,-0.38909090909090915,-0.48909090909090913,6,-0.04545454545454547,9,2,7,0.2222222222222222,-10.63636363636364,66.07692307692308,6.659290904925181,2.4615384615384617,avg provider range 0.85; avg selected-vs-median +0.12,"small_sample,thin_recent_sample,negative_recent_roi,weak_season_stability",False,-40.83939393939394
hgb_under_3p5_combo_total_60_63_heat_ge_90,weather_total_combo_grid,HGB under 3.5+ with total 60-63 and temp >= 90F.,8,8,3,5,0,0.375,-0.14880952380952384,0.13684175946152105,0.6942621454161981,-2.2727272727272725,-0.28409090909090906,-0.38409090909090904,5,-0.2363636363636364,5,2,3,0.4,-3.1818181818181817,61.0,5.2471364655587145,-0.125,avg provider range 1.12; avg selected-vs-median +0.22,"small_sample,thin_recent_sample,negative_recent_roi,weak_season_stability",False,-41.79454545454545
hgb_under_3p5_temp_ge_90,weather_single,HGB under 3.5+ with temperature at or above 90F.,32,32,12,20,0,0.375,-0.14880952380952384,0.2293366846595921,0.5474589941047487,-9.09090909090909,-0.28409090909090906,-0.38409090909090904,12,-0.20454545454545456,8,2,6,0.25,-10.636363636363637,60.59375,5.86390240522021,3.96875,avg provider range 0.72; avg selected-vs-median +0.05,"small_sample,thin_recent_sample,negative_recent_roi,weak_season_stability",False,-42.50999999999999
hgb_under_3p5_combo_heat_ge_85_dewpoint_ge_65,weather_combo_grid,HGB under 3.5+ with temp >= 85F and dewpoint >= 65F.,53,53,22,31,0,0.41509433962264153,-0.10871518418688231,0.2926070830912865,0.5490581761554623,-11.0,-0.20754716981132076,-0.3075471698113208,12,-0.3636363636363636,9,3,6,0.3333333333333333,-12.818181818181818,59.764150943396224,6.2697346553850934,2.5,avg provider range 0.78; avg selected-vs-median -0.03,"small_sample,thin_recent_sample,negative_recent_roi,weak_season_stability",False,-46.349262435677524
hgb_under_3p5_combo_high_pass_rate_total_60_63_heat_ge_85,weather_team_style_total_grid,"HGB under 3.5+ with top 30% pass-rate proxy, total 60-63, and temp >= 85F.",5,5,2,3,0,0.4,-0.12380952380952381,0.1176182311592533,0.769280067791163,-1.1818181818181817,-0.23636363636363633,-0.3363636363636363,3,-0.3636363636363636,4,1,3,0.25,-3.0,60.7,6.619332971376158,-2.5,avg provider range 0.60; avg selected-vs-median +0.00,"small_sample,thin_recent_sample,negative_recent_roi,weak_season_stability",False,-49.47727272727272
hgb_under_3p5_temp_le_25,weather_single,HGB under 3.5+ with temperature at or below 25F.,8,8,3,5,0,0.375,-0.14880952380952384,0.13684175946152105,0.6942621454161981,-2.2727272727272725,-0.28409090909090906,-0.38409090909090904,3,-0.3636363636363636,5,2,3,0.4,-4.0,53.8125,6.400877854253908,1.0625,avg provider range 0.75; avg selected-vs-median +0.06,"small_sample,thin_recent_sample,negative_recent_roi,weak_season_stability",False,-52.13999999999999
hgb_under_3p5_combo_high_pass_rate_total_60_63_humid_ge_70,weather_team_style_total_grid,"HGB under 3.5+ with top 30% pass-rate proxy, total 60-63, and humidity >= 70%.",13,12,7,5,1,0.5833333333333334,0.059523809523809534,0.3195073356553728,0.8067425380947535,1.3636363636363633,0.1136363636363636,0.0136363636363636,1,-1.0,6,3,3,0.5,-3.0,61.53846153846154,7.140806609721438,-3.076923076923077,avg provider range 1.04; avg selected-vs-median -0.10,"small_sample,thin_recent_sample,negative_recent_roi,weak_season_stability",False,-61.49636363636364
hgb_under_3p5_combo_heat_ge_90_dewpoint_ge_70,weather_combo_grid,HGB under 3.5+ with temp >= 90F and dewpoint >= 70F.,5,5,1,4,0,0.2,-0.3238095238095238,0.03622316096978745,0.6244717358814613,-3.090909090909091,-0.6181818181818182,-0.7181818181818181,0,,2,0,2,0.0,-4.0,56.4,5.358679716813457,4.6,avg provider range 0.50; avg selected-vs-median -0.20,"small_sample,thin_recent_sample,weak_season_stability",False,-62.51818181818181
hgb_under_3p5_wind_ge_25,weather_single,HGB under 3.5+ with wind at least 25 mph.,11,11,4,7,0,0.36363636363636365,-0.1601731601731602,0.15166223614131383,0.6462032231083628,-3.3636363636363638,-0.3057851239669422,-0.4057851239669422,5,-0.6181818181818182,4,0,4,0.0,-4.090909090909091,52.27272727272727,5.612356884755922,1.0909090909090908,avg provider range 1.41; avg selected-vs-median +0.23,"small_sample,thin_recent_sample,negative_recent_roi,weak_season_stability",False,-80.63123966942149
hgb_under_3p5_combo_heat_ge_85_humid_ge_70,weather_combo_grid,HGB under 3.5+ with temp >= 85F and humidity >= 70%.,6,6,3,3,0,0.5,-0.023809523809523836,0.18761280689940868,0.8123871931005913,-0.2727272727272728,-0.04545454545454547,-0.14545454545454548,1,-1.0,4,1,3,0.25,-1.1818181818181819,60.166666666666664,6.683526994044151,-3.5,avg provider range 1.33; avg selected-vs-median -0.12,"small_sample,thin_recent_sample,negative_recent_roi,weak_season_stability",False,-80.91181818181818
hgb_under_3p5_combo_total_ge_56_snow_flag,weather_total_combo_grid,HGB under 3.5+ with total >= 56 and snow/wintry flag.,1,1,0,1,0,0.0,-0.5238095238095238,0.0,0.7934567085261071,-1.0,-1.0,-1.1,0,,1,0,1,0.0,-1.0,57.5,10.222839308615232,32.5,avg provider range 1.00; avg selected-vs-median +0.00,"small_sample,thin_recent_sample,weak_season_stability",False,-100.18
hgb_under_3p5_combo_total_ge_56_wintry_flag,weather_total_combo_grid,HGB under 3.5+ with total >= 56 and wintry/sleet/freezing flag.,1,1,0,1,0,0.0,-0.5238095238095238,0.0,0.7934567085261071,-1.0,-1.0,-1.1,0,,1,0,1,0.0,-1.0,57.5,10.222839308615232,32.5,avg provider range 1.00; avg selected-vs-median +0.00,"small_sample,thin_recent_sample,weak_season_stability",False,-100.18
hgb_under_3p5_dewpoint_ge_75,weather_single,HGB under 3.5+ with dewpoint at least 75F.,18,18,7,11,0,0.3888888888888889,-0.13492063492063494,0.20304991926931162,0.6138133141934384,-4.636363636363637,-0.25757575757575757,-0.35757575757575755,1,-1.0,5,0,5,0.0,-5.545454545454545,57.083333333333336,6.597009489621666,3.75,avg provider range 0.92; avg selected-vs-median -0.01,"small_sample,thin_recent_sample,negative_recent_roi,weak_season_stability",False,-106.50666666666666
hgb_under_3p5_temp_ge_95,weather_single,HGB under 3.5+ with temperature at or above 95F.,10,10,2,8,0,0.2,-0.3238095238095238,0.05668094798069326,0.5098431532792767,-6.181818181818182,-0.6181818181818182,-0.7181818181818181,6,-0.6818181818181818,4,0,4,0.0,-6.181818181818182,59.35,6.42462208051649,10.45,avg provider range 0.65; avg selected-vs-median +0.20,"small_sample,thin_recent_sample,negative_recent_roi,weak_season_stability",False,-117.39999999999998
hgb_under_3p5_combo_total_ge_60_heat_ge_95,weather_total_combo_grid,HGB under 3.5+ with total >= 60 and temp >= 95F.,6,6,1,5,0,0.16666666666666666,-0.3571428571428572,0.03005258587173032,0.563509436563646,-4.090909090909091,-0.6818181818181818,-0.7818181818181817,3,-1.0,4,0,4,0.0,-5.0,62.916666666666664,7.301485704815533,5.416666666666667,avg provider range 0.67; avg selected-vs-median +0.21,"small_sample,thin_recent_sample,negative_recent_roi,weak_season_stability",False,-149.06181818181818
hgb_under_3p5_combo_total_ge_56_heat_ge_95,weather_total_combo_grid,HGB under 3.5+ with total >= 56 and temp >= 95F.,7,7,1,6,0,0.14285714285714285,-0.380952380952381,0.02567895594897479,0.51313450331903,-5.090909090909091,-0.7272727272727273,-0.8272727272727273,4,-1.0,4,0,4,0.0,-6.0,62.285714285714285,7.011634941270686,11.714285714285714,avg provider range 0.64; avg selected-vs-median +0.18,"small_sample,thin_recent_sample,negative_recent_roi,weak_season_stability",False,-153.78727272727275
hgb_under_3p5_combo_total_ge_58_heat_ge_95,weather_total_combo_grid,HGB under 3.5+ with total >= 58 and temp >= 95F.,7,7,1,6,0,0.14285714285714285,-0.380952380952381,0.02567895594897479,0.51313450331903,-5.090909090909091,-0.7272727272727273,-0.8272727272727273,4,-1.0,4,0,4,0.0,-6.0,62.285714285714285,7.011634941270686,11.714285714285714,avg provider range 0.64; avg selected-vs-median +0.18,"small_sample,thin_recent_sample,negative_recent_roi,weak_season_stability",False,-153.78727272727275
hgb_under_3p5_combo_total_60_63_heat_ge_95,weather_total_combo_grid,HGB under 3.5+ with total 60-63 and temp >= 95F.,3,3,0,3,0,0.0,-0.5238095238095238,0.0,0.5615060804490177,-3.0,-1.0,-1.1,3,-1.0,2,0,2,0.0,-3.0,60.666666666666664,6.279573439886657,5.666666666666667,avg provider range 1.17; avg selected-vs-median +0.58,"small_sample,thin_recent_sample,negative_recent_roi,weak_season_stability",False,-180.54
