filter_name,category,season,graded,wins,losses,hit_rate,net_units_1u_each,roi_per_1u
hgb_under_3p5_baseline,baseline,2016,148,70,78,0.47297297297297297,-14.363636363636365,-0.09705159705159706
hgb_under_3p5_baseline,baseline,2017,171,96,75,0.5614035087719298,12.272727272727273,0.07177033492822966
hgb_under_3p5_baseline,baseline,2018,193,108,85,0.5595854922279793,13.18181818181818,0.06829957607159678
hgb_under_3p5_baseline,baseline,2019,107,58,49,0.5420560747663551,3.7272727272727266,0.03483432455395072
hgb_under_3p5_baseline,baseline,2020,86,41,45,0.47674418604651164,-7.727272727272727,-0.08985200845665961
hgb_under_3p5_baseline,baseline,2021,305,164,141,0.5377049180327869,8.090909090909092,0.026527570789865874
hgb_under_3p5_baseline,baseline,2022,137,74,63,0.5401459854014599,4.272727272727273,0.03118779031187791
hgb_under_3p5_baseline,baseline,2023,103,58,45,0.5631067961165048,7.727272727272727,0.07502206531332745
hgb_under_3p5_baseline,baseline,2024,68,37,31,0.5441176470588235,2.636363636363636,0.03877005347593582
hgb_under_5p0_baseline,baseline,2016,87,44,43,0.5057471264367817,-2.999999999999999,-0.03448275862068965
hgb_under_5p0_baseline,baseline,2017,102,56,46,0.5490196078431373,4.909090909090909,0.0481283422459893
hgb_under_5p0_baseline,baseline,2018,125,68,57,0.544,4.818181818181819,0.038545454545454556
hgb_under_5p0_baseline,baseline,2019,57,27,30,0.47368421052631576,-5.454545454545455,-0.09569377990430623
hgb_under_5p0_baseline,baseline,2020,43,19,24,0.4418604651162791,-6.7272727272727275,-0.15644820295983086
hgb_under_5p0_baseline,baseline,2021,195,115,80,0.5897435897435898,24.545454545454547,0.1258741258741259
hgb_under_5p0_baseline,baseline,2022,65,37,28,0.5692307692307692,5.636363636363635,0.0867132867132867
hgb_under_5p0_baseline,baseline,2023,42,27,15,0.6428571428571429,9.545454545454545,0.22727272727272727
hgb_under_5p0_baseline,baseline,2024,36,21,15,0.5833333333333334,4.090909090909091,0.11363636363636363
hgb_under_7p0_baseline,baseline,2016,40,20,20,0.5,-1.818181818181818,-0.04545454545454545
hgb_under_7p0_baseline,baseline,2017,46,24,22,0.5217391304347826,-0.18181818181818177,-0.003952569169960473
hgb_under_7p0_baseline,baseline,2018,68,40,28,0.5882352941176471,8.363636363636362,0.12299465240641708
hgb_under_7p0_baseline,baseline,2019,29,12,17,0.41379310344827586,-6.090909090909091,-0.21003134796238243
hgb_under_7p0_baseline,baseline,2020,16,8,8,0.5,-0.7272727272727273,-0.045454545454545456
hgb_under_7p0_baseline,baseline,2021,97,59,38,0.6082474226804123,15.636363636363635,0.16119962511715089
hgb_under_7p0_baseline,baseline,2022,16,8,8,0.5,-0.7272727272727271,-0.04545454545454544
hgb_under_7p0_baseline,baseline,2023,18,14,4,0.7777777777777778,8.727272727272727,0.4848484848484848
hgb_under_7p0_baseline,baseline,2024,8,5,3,0.625,1.5454545454545454,0.19318181818181818
hgb_under_3p5_total_ge_52,high_total_bucket,2016,118,55,63,0.4661016949152542,-13.000000000000002,-0.11016949152542374
hgb_under_3p5_total_ge_52,high_total_bucket,2017,121,67,54,0.5537190082644629,6.909090909090909,0.05709992486851991
hgb_under_3p5_total_ge_52,high_total_bucket,2018,149,79,70,0.5302013422818792,1.8181818181818206,0.012202562538133024
hgb_under_3p5_total_ge_52,high_total_bucket,2019,77,44,33,0.5714285714285714,6.999999999999999,0.0909090909090909
hgb_under_3p5_total_ge_52,high_total_bucket,2020,71,35,36,0.49295774647887325,-4.181818181818181,-0.05889884763124198
hgb_under_3p5_total_ge_52,high_total_bucket,2021,224,124,100,0.5535714285714286,12.727272727272727,0.056818181818181816
hgb_under_3p5_total_ge_52,high_total_bucket,2022,105,54,51,0.5142857142857142,-1.9090909090909083,-0.018181818181818174
hgb_under_3p5_total_ge_52,high_total_bucket,2023,63,41,22,0.6507936507936508,15.27272727272727,0.24242424242424238
hgb_under_3p5_total_ge_52,high_total_bucket,2024,48,27,21,0.5625,3.545454545454545,0.07386363636363635
hgb_under_3p5_total_ge_54,high_total_bucket,2016,105,51,54,0.4857142857142857,-7.636363636363638,-0.07272727272727274
hgb_under_3p5_total_ge_54,high_total_bucket,2017,112,60,52,0.5357142857142857,2.5454545454545445,0.022727272727272717
hgb_under_3p5_total_ge_54,high_total_bucket,2018,133,70,63,0.5263157894736842,0.6363636363636371,0.004784688995215317
hgb_under_3p5_total_ge_54,high_total_bucket,2019,73,42,31,0.5753424657534246,7.181818181818182,0.09838107098381071
hgb_under_3p5_total_ge_54,high_total_bucket,2020,65,34,31,0.5230769230769231,-0.0909090909090906,-0.001398601398601394
hgb_under_3p5_total_ge_54,high_total_bucket,2021,200,114,86,0.57,17.636363636363637,0.08818181818181818
hgb_under_3p5_total_ge_54,high_total_bucket,2022,103,53,50,0.5145631067961165,-1.8181818181818175,-0.01765225066195939
hgb_under_3p5_total_ge_54,high_total_bucket,2023,58,37,21,0.6379310344827587,12.636363636363633,0.21786833855799367
hgb_under_3p5_total_ge_54,high_total_bucket,2024,47,26,21,0.5531914893617021,2.6363636363636362,0.056092843326885876
hgb_under_3p5_total_ge_56,high_total_bucket,2016,94,45,49,0.4787234042553192,-8.09090909090909,-0.08607350096711798
hgb_under_3p5_total_ge_56,high_total_bucket,2017,99,55,44,0.5555555555555556,5.999999999999998,0.06060606060606059
hgb_under_3p5_total_ge_56,high_total_bucket,2018,122,65,57,0.5327868852459017,2.090909090909093,0.01713859910581224
hgb_under_3p5_total_ge_56,high_total_bucket,2019,63,35,28,0.5555555555555556,3.8181818181818183,0.06060606060606061
hgb_under_3p5_total_ge_56,high_total_bucket,2020,62,33,29,0.532258064516129,1.0000000000000004,0.016129032258064523
hgb_under_3p5_total_ge_56,high_total_bucket,2021,169,100,69,0.591715976331361,21.90909090909091,0.1296395911780527
hgb_under_3p5_total_ge_56,high_total_bucket,2022,97,52,45,0.5360824742268041,2.2727272727272734,0.023430178069353335
hgb_under_3p5_total_ge_56,high_total_bucket,2023,53,35,18,0.660377358490566,13.818181818181815,0.2607204116638078
hgb_under_3p5_total_ge_56,high_total_bucket,2024,43,26,17,0.6046511627906976,6.636363636363636,0.1543340380549683
hgb_under_3p5_total_ge_58,high_total_bucket,2016,81,38,43,0.4691358024691358,-8.454545454545457,-0.1043771043771044
hgb_under_3p5_total_ge_58,high_total_bucket,2017,81,45,36,0.5555555555555556,4.909090909090909,0.06060606060606061
hgb_under_3p5_total_ge_58,high_total_bucket,2018,109,60,49,0.5504587155963303,5.545454545454546,0.05087572977481235
hgb_under_3p5_total_ge_58,high_total_bucket,2019,53,29,24,0.5471698113207547,2.3636363636363638,0.044596912521440824
hgb_under_3p5_total_ge_58,high_total_bucket,2020,58,30,28,0.5172413793103449,-0.7272727272727258,-0.012539184952978032
hgb_under_3p5_total_ge_58,high_total_bucket,2021,140,84,56,0.6,20.36363636363636,0.14545454545454542
hgb_under_3p5_total_ge_58,high_total_bucket,2022,86,47,39,0.5465116279069767,3.7272727272727275,0.04334038054968288
hgb_under_3p5_total_ge_58,high_total_bucket,2023,49,33,16,0.673469387755102,13.999999999999996,0.28571428571428564
hgb_under_3p5_total_ge_58,high_total_bucket,2024,40,23,17,0.575,3.9090909090909083,0.0977272727272727
hgb_under_3p5_total_ge_60,high_total_bucket,2016,64,31,33,0.484375,-4.818181818181819,-0.07528409090909093
hgb_under_3p5_total_ge_60,high_total_bucket,2017,69,41,28,0.5942028985507246,9.272727272727272,0.1343873517786561
hgb_under_3p5_total_ge_60,high_total_bucket,2018,91,50,41,0.5494505494505495,4.454545454545454,0.048951048951048945
hgb_under_3p5_total_ge_60,high_total_bucket,2019,44,25,19,0.5681818181818182,3.7272727272727266,0.08471074380165287
hgb_under_3p5_total_ge_60,high_total_bucket,2020,51,25,26,0.49019607843137253,-3.2727272727272716,-0.06417112299465239
hgb_under_3p5_total_ge_60,high_total_bucket,2021,120,73,47,0.6083333333333333,19.36363636363636,0.16136363636363632
hgb_under_3p5_total_ge_60,high_total_bucket,2022,78,41,37,0.5256410256410257,0.2727272727272725,0.0034965034965034935
hgb_under_3p5_total_ge_60,high_total_bucket,2023,46,31,15,0.6739130434782609,13.181818181818176,0.2865612648221343
hgb_under_3p5_total_ge_60,high_total_bucket,2024,32,18,14,0.5625,2.3636363636363633,0.07386363636363635
hgb_under_3p5_total_ge_63,high_total_bucket,2016,51,26,25,0.5098039215686274,-1.3636363636363633,-0.026737967914438495
hgb_under_3p5_total_ge_63,high_total_bucket,2017,52,29,23,0.5576923076923077,3.3636363636363633,0.06468531468531467
hgb_under_3p5_total_ge_63,high_total_bucket,2018,71,36,35,0.5070422535211268,-2.272727272727272,-0.032010243277848904
hgb_under_3p5_total_ge_63,high_total_bucket,2019,35,19,16,0.5428571428571428,1.2727272727272725,0.036363636363636355
hgb_under_3p5_total_ge_63,high_total_bucket,2020,41,19,22,0.4634146341463415,-4.727272727272727,-0.11529933481152992
hgb_under_3p5_total_ge_63,high_total_bucket,2021,88,53,35,0.6022727272727273,13.181818181818183,0.1497933884297521
hgb_under_3p5_total_ge_63,high_total_bucket,2022,63,33,30,0.5238095238095238,0.0,0.0
hgb_under_3p5_total_ge_63,high_total_bucket,2023,35,24,11,0.6857142857142857,10.818181818181815,0.30909090909090897
hgb_under_3p5_total_ge_63,high_total_bucket,2024,16,9,7,0.5625,1.1818181818181817,0.07386363636363635
hgb_under_3p5_total_ge_66,high_total_bucket,2016,32,14,18,0.4375,-5.272727272727273,-0.1647727272727273
hgb_under_3p5_total_ge_66,high_total_bucket,2017,40,20,20,0.5,-1.8181818181818175,-0.045454545454545435
hgb_under_3p5_total_ge_66,high_total_bucket,2018,55,30,25,0.5454545454545454,2.2727272727272725,0.04132231404958677
hgb_under_3p5_total_ge_66,high_total_bucket,2019,25,13,12,0.52,-0.18181818181818166,-0.007272727272727267
hgb_under_3p5_total_ge_66,high_total_bucket,2020,36,16,20,0.4444444444444444,-5.454545454545455,-0.15151515151515152
hgb_under_3p5_total_ge_66,high_total_bucket,2021,58,37,21,0.6379310344827587,12.636363636363633,0.21786833855799367
hgb_under_3p5_total_ge_66,high_total_bucket,2022,47,27,20,0.574468085106383,4.545454545454543,0.09671179883945837
hgb_under_3p5_total_ge_66,high_total_bucket,2023,21,16,5,0.7619047619047619,9.545454545454545,0.45454545454545453
hgb_under_3p5_total_ge_66,high_total_bucket,2024,7,4,3,0.5714285714285714,0.6363636363636362,0.0909090909090909
hgb_under_3p5_total_ge_70,high_total_bucket,2016,17,8,9,0.47058823529411764,-1.727272727272727,-0.1016042780748663
hgb_under_3p5_total_ge_70,high_total_bucket,2017,17,9,8,0.5294117647058824,0.18181818181818155,0.010695187165775385
hgb_under_3p5_total_ge_70,high_total_bucket,2018,24,17,7,0.7083333333333334,8.454545454545453,0.35227272727272724
hgb_under_3p5_total_ge_70,high_total_bucket,2019,7,2,5,0.2857142857142857,-3.1818181818181817,-0.45454545454545453
hgb_under_3p5_total_ge_70,high_total_bucket,2020,19,5,14,0.2631578947368421,-9.454545454545455,-0.4976076555023924
hgb_under_3p5_total_ge_70,high_total_bucket,2021,26,18,8,0.6923076923076923,8.363636363636363,0.32167832167832167
hgb_under_3p5_total_ge_70,high_total_bucket,2022,23,16,7,0.6956521739130435,7.545454545454543,0.32806324110671925
hgb_under_3p5_total_ge_70,high_total_bucket,2023,6,5,1,0.8333333333333334,3.5454545454545454,0.5909090909090909
hgb_under_3p5_total_ge_70,high_total_bucket,2024,1,1,0,1.0,0.9090909090909091,0.9090909090909091
hgb_under_3p5_total_48_52,high_total_bucket,2016,12,7,5,0.5833333333333334,1.3636363636363633,0.1136363636363636
hgb_under_3p5_total_48_52,high_total_bucket,2017,30,17,13,0.5666666666666667,2.4545454545454546,0.08181818181818182
hgb_under_3p5_total_48_52,high_total_bucket,2018,25,17,8,0.68,7.454545454545454,0.29818181818181816
hgb_under_3p5_total_48_52,high_total_bucket,2019,13,7,6,0.5384615384615384,0.36363636363636354,0.027972027972027965
hgb_under_3p5_total_48_52,high_total_bucket,2020,7,1,6,0.14285714285714285,-5.090909090909091,-0.7272727272727273
hgb_under_3p5_total_48_52,high_total_bucket,2021,40,19,21,0.475,-3.7272727272727275,-0.09318181818181819
hgb_under_3p5_total_48_52,high_total_bucket,2022,13,8,5,0.6153846153846154,2.2727272727272725,0.17482517482517482
hgb_under_3p5_total_48_52,high_total_bucket,2023,12,4,8,0.3333333333333333,-4.363636363636363,-0.3636363636363636
hgb_under_3p5_total_48_52,high_total_bucket,2024,5,3,2,0.6,0.7272727272727271,0.14545454545454542
hgb_under_3p5_total_52_56,high_total_bucket,2016,24,10,14,0.4166666666666667,-4.909090909090909,-0.20454545454545456
hgb_under_3p5_total_52_56,high_total_bucket,2017,22,12,10,0.5454545454545454,0.909090909090909,0.04132231404958677
hgb_under_3p5_total_52_56,high_total_bucket,2018,27,14,13,0.5185185185185185,-0.2727272727272726,-0.010101010101010097
hgb_under_3p5_total_52_56,high_total_bucket,2019,14,9,5,0.6428571428571429,3.1818181818181817,0.22727272727272727
hgb_under_3p5_total_52_56,high_total_bucket,2020,9,2,7,0.2222222222222222,-5.181818181818182,-0.5757575757575757
hgb_under_3p5_total_52_56,high_total_bucket,2021,55,24,31,0.43636363636363634,-9.181818181818183,-0.16694214876033062
hgb_under_3p5_total_52_56,high_total_bucket,2022,8,2,6,0.25,-4.181818181818182,-0.5227272727272727
hgb_under_3p5_total_52_56,high_total_bucket,2023,10,6,4,0.6,1.4545454545454544,0.14545454545454545
hgb_under_3p5_total_52_56,high_total_bucket,2024,5,1,4,0.2,-3.090909090909091,-0.6181818181818182
hgb_under_3p5_total_56_60,high_total_bucket,2016,30,14,16,0.4666666666666667,-3.272727272727274,-0.10909090909090913
hgb_under_3p5_total_56_60,high_total_bucket,2017,30,14,16,0.4666666666666667,-3.2727272727272725,-0.10909090909090909
hgb_under_3p5_total_56_60,high_total_bucket,2018,31,15,16,0.4838709677419355,-2.3636363636363633,-0.07624633431085043
hgb_under_3p5_total_56_60,high_total_bucket,2019,19,10,9,0.5263157894736842,0.09090909090909105,0.004784688995215319
hgb_under_3p5_total_56_60,high_total_bucket,2020,11,8,3,0.7272727272727273,4.2727272727272725,0.3884297520661157
hgb_under_3p5_total_56_60,high_total_bucket,2021,49,27,22,0.5510204081632653,2.545454545454546,0.05194805194805196
hgb_under_3p5_total_56_60,high_total_bucket,2022,19,11,8,0.5789473684210527,2.0,0.10526315789473684
hgb_under_3p5_total_56_60,high_total_bucket,2023,7,4,3,0.5714285714285714,0.6363636363636365,0.09090909090909093
hgb_under_3p5_total_56_60,high_total_bucket,2024,11,8,3,0.7272727272727273,4.2727272727272725,0.3884297520661157
hgb_under_3p5_total_60_63,high_total_bucket,2016,13,5,8,0.38461538461538464,-3.4545454545454546,-0.26573426573426573
hgb_under_3p5_total_60_63,high_total_bucket,2017,17,12,5,0.7058823529411765,5.909090909090908,0.3475935828877005
hgb_under_3p5_total_60_63,high_total_bucket,2018,20,14,6,0.7,6.7272727272727275,0.33636363636363636
hgb_under_3p5_total_60_63,high_total_bucket,2019,9,6,3,0.6666666666666666,2.454545454545454,0.2727272727272727
hgb_under_3p5_total_60_63,high_total_bucket,2020,10,6,4,0.6,1.4545454545454544,0.14545454545454545
hgb_under_3p5_total_60_63,high_total_bucket,2021,32,20,12,0.625,6.181818181818182,0.19318181818181818
hgb_under_3p5_total_60_63,high_total_bucket,2022,15,8,7,0.5333333333333333,0.2727272727272724,0.018181818181818157
hgb_under_3p5_total_60_63,high_total_bucket,2023,11,7,4,0.6363636363636364,2.3636363636363633,0.21487603305785122
hgb_under_3p5_total_60_63,high_total_bucket,2024,16,9,7,0.5625,1.1818181818181817,0.07386363636363635
hgb_under_3p5_total_63_66,high_total_bucket,2016,19,12,7,0.631578947368421,3.9090909090909087,0.20574162679425836
hgb_under_3p5_total_63_66,high_total_bucket,2017,12,9,3,0.75,5.181818181818182,0.4318181818181818
hgb_under_3p5_total_63_66,high_total_bucket,2018,16,6,10,0.375,-4.545454545454545,-0.28409090909090906
hgb_under_3p5_total_63_66,high_total_bucket,2019,10,6,4,0.6,1.4545454545454541,0.14545454545454542
hgb_under_3p5_total_63_66,high_total_bucket,2020,5,3,2,0.6,0.7272727272727272,0.14545454545454545
hgb_under_3p5_total_63_66,high_total_bucket,2021,30,16,14,0.5333333333333333,0.5454545454545445,0.01818181818181815
hgb_under_3p5_total_63_66,high_total_bucket,2022,16,6,10,0.375,-4.545454545454545,-0.28409090909090906
hgb_under_3p5_total_63_66,high_total_bucket,2023,14,8,6,0.5714285714285714,1.272727272727273,0.09090909090909093
hgb_under_3p5_total_63_66,high_total_bucket,2024,9,5,4,0.5555555555555556,0.5454545454545452,0.06060606060606058
hgb_under_3p5_total_66_70,high_total_bucket,2016,15,6,9,0.4,-3.545454545454545,-0.23636363636363633
hgb_under_3p5_total_66_70,high_total_bucket,2017,23,11,12,0.4782608695652174,-2.0000000000000004,-0.08695652173913046
hgb_under_3p5_total_66_70,high_total_bucket,2018,31,13,18,0.41935483870967744,-6.181818181818182,-0.19941348973607037
hgb_under_3p5_total_66_70,high_total_bucket,2019,18,11,7,0.6111111111111112,3.0,0.16666666666666666
hgb_under_3p5_total_66_70,high_total_bucket,2020,17,11,6,0.6470588235294118,3.9999999999999996,0.2352941176470588
hgb_under_3p5_total_66_70,high_total_bucket,2021,32,19,13,0.59375,4.2727272727272725,0.13352272727272727
hgb_under_3p5_total_66_70,high_total_bucket,2022,24,11,13,0.4583333333333333,-3.0,-0.125
hgb_under_3p5_total_66_70,high_total_bucket,2023,15,11,4,0.7333333333333333,5.999999999999999,0.39999999999999997
hgb_under_3p5_total_66_70,high_total_bucket,2024,6,3,3,0.5,-0.2727272727272728,-0.04545454545454547
hgb_under_3p5_total_70_plus,high_total_bucket,2016,17,8,9,0.47058823529411764,-1.727272727272727,-0.1016042780748663
hgb_under_3p5_total_70_plus,high_total_bucket,2017,17,9,8,0.5294117647058824,0.18181818181818155,0.010695187165775385
hgb_under_3p5_total_70_plus,high_total_bucket,2018,24,17,7,0.7083333333333334,8.454545454545453,0.35227272727272724
hgb_under_3p5_total_70_plus,high_total_bucket,2019,7,2,5,0.2857142857142857,-3.1818181818181817,-0.45454545454545453
hgb_under_3p5_total_70_plus,high_total_bucket,2020,19,5,14,0.2631578947368421,-9.454545454545455,-0.4976076555023924
hgb_under_3p5_total_70_plus,high_total_bucket,2021,26,18,8,0.6923076923076923,8.363636363636363,0.32167832167832167
hgb_under_3p5_total_70_plus,high_total_bucket,2022,23,16,7,0.6956521739130435,7.545454545454543,0.32806324110671925
hgb_under_3p5_total_70_plus,high_total_bucket,2023,6,5,1,0.8333333333333334,3.5454545454545454,0.5909090909090909
hgb_under_3p5_total_70_plus,high_total_bucket,2024,1,1,0,1.0,0.9090909090909091,0.9090909090909091
hgb_under_3p5_outdoor_only,weather_single,2016,144,69,75,0.4791666666666667,-12.272727272727273,-0.08522727272727273
hgb_under_3p5_outdoor_only,weather_single,2017,168,93,75,0.5535714285714286,9.545454545454545,0.056818181818181816
hgb_under_3p5_outdoor_only,weather_single,2018,187,105,82,0.5614973262032086,13.454545454545453,0.07194944093339814
hgb_under_3p5_outdoor_only,weather_single,2019,99,53,46,0.5353535353535354,2.1818181818181817,0.022038567493112945
hgb_under_3p5_outdoor_only,weather_single,2020,83,39,44,0.46987951807228917,-8.545454545454543,-0.10295728368017522
hgb_under_3p5_outdoor_only,weather_single,2021,298,159,139,0.5335570469798657,5.545454545454543,0.01860890787065283
hgb_under_3p5_outdoor_only,weather_single,2022,123,66,57,0.5365853658536586,3.000000000000001,0.024390243902439032
hgb_under_3p5_outdoor_only,weather_single,2023,101,56,45,0.5544554455445545,5.909090909090908,0.0585058505850585
hgb_under_3p5_outdoor_only,weather_single,2024,64,34,30,0.53125,0.9090909090909074,0.014204545454545428
hgb_under_3p5_wind_ge_5,weather_single,2016,107,47,60,0.4392523364485981,-17.272727272727266,-0.16142735768903987
hgb_under_3p5_wind_ge_5,weather_single,2017,121,68,53,0.5619834710743802,8.818181818181818,0.07287753568745305
hgb_under_3p5_wind_ge_5,weather_single,2018,142,75,67,0.528169014084507,1.1818181818181799,0.008322663252240703
hgb_under_3p5_wind_ge_5,weather_single,2019,77,42,35,0.5454545454545454,3.1818181818181825,0.041322314049586785
hgb_under_3p5_wind_ge_5,weather_single,2020,53,26,27,0.49056603773584906,-3.363636363636363,-0.06346483704974269
hgb_under_3p5_wind_ge_5,weather_single,2021,186,105,81,0.5645161290322581,14.454545454545455,0.07771260997067449
hgb_under_3p5_wind_ge_5,weather_single,2022,91,53,38,0.5824175824175825,10.18181818181818,0.11188811188811186
hgb_under_3p5_wind_ge_5,weather_single,2023,66,38,28,0.5757575757575758,6.545454545454546,0.09917355371900827
hgb_under_3p5_wind_ge_5,weather_single,2024,50,26,24,0.52,-0.3636363636363631,-0.0072727272727272614
hgb_under_3p5_wind_ge_10,weather_single,2016,59,30,29,0.5084745762711864,-1.7272727272727275,-0.02927580893682589
hgb_under_3p5_wind_ge_10,weather_single,2017,73,46,27,0.6301369863013698,14.818181818181817,0.2029887920298879
hgb_under_3p5_wind_ge_10,weather_single,2018,76,43,33,0.5657894736842105,6.090909090909092,0.08014354066985648
hgb_under_3p5_wind_ge_10,weather_single,2019,37,19,18,0.5135135135135135,-0.7272727272727277,-0.01965601965601967
hgb_under_3p5_wind_ge_10,weather_single,2020,22,10,12,0.45454545454545453,-2.909090909090909,-0.1322314049586777
hgb_under_3p5_wind_ge_10,weather_single,2021,68,40,28,0.5882352941176471,8.36363636363636,0.12299465240641705
hgb_under_3p5_wind_ge_10,weather_single,2022,52,33,19,0.6346153846153846,10.999999999999998,0.2115384615384615
hgb_under_3p5_wind_ge_10,weather_single,2023,33,20,13,0.6060606060606061,5.181818181818182,0.15702479338842976
hgb_under_3p5_wind_ge_10,weather_single,2024,31,15,16,0.4838709677419355,-2.3636363636363633,-0.07624633431085043
hgb_under_3p5_wind_ge_12,weather_single,2016,34,18,16,0.5294117647058824,0.36363636363636287,0.010695187165775378
hgb_under_3p5_wind_ge_12,weather_single,2017,46,27,19,0.5869565217391305,5.545454545454545,0.12055335968379445
hgb_under_3p5_wind_ge_12,weather_single,2018,37,21,16,0.5675675675675675,3.090909090909091,0.08353808353808354
hgb_under_3p5_wind_ge_12,weather_single,2019,19,13,6,0.6842105263157895,5.8181818181818175,0.3062200956937799
hgb_under_3p5_wind_ge_12,weather_single,2020,11,4,7,0.36363636363636365,-3.3636363636363638,-0.3057851239669422
hgb_under_3p5_wind_ge_12,weather_single,2021,39,24,15,0.6153846153846154,6.818181818181818,0.17482517482517482
hgb_under_3p5_wind_ge_12,weather_single,2022,33,21,12,0.6363636363636364,7.09090909090909,0.21487603305785122
hgb_under_3p5_wind_ge_12,weather_single,2023,26,16,10,0.6153846153846154,4.545454545454545,0.17482517482517482
hgb_under_3p5_wind_ge_12,weather_single,2024,16,10,6,0.625,3.090909090909091,0.19318181818181818
hgb_under_3p5_wind_ge_15,weather_single,2016,18,10,8,0.5555555555555556,1.0909090909090904,0.06060606060606058
hgb_under_3p5_wind_ge_15,weather_single,2017,28,13,15,0.4642857142857143,-3.1818181818181817,-0.11363636363636363
hgb_under_3p5_wind_ge_15,weather_single,2018,17,6,11,0.35294117647058826,-5.545454545454545,-0.3262032085561497
hgb_under_3p5_wind_ge_15,weather_single,2019,7,4,3,0.5714285714285714,0.6363636363636362,0.0909090909090909
hgb_under_3p5_wind_ge_15,weather_single,2020,4,1,3,0.25,-2.090909090909091,-0.5227272727272727
hgb_under_3p5_wind_ge_15,weather_single,2021,12,7,5,0.5833333333333334,1.3636363636363633,0.1136363636363636
hgb_under_3p5_wind_ge_15,weather_single,2022,14,9,5,0.6428571428571429,3.1818181818181817,0.22727272727272727
hgb_under_3p5_wind_ge_15,weather_single,2023,11,6,5,0.5454545454545454,0.45454545454545436,0.04132231404958676
hgb_under_3p5_wind_ge_15,weather_single,2024,10,5,5,0.5,-0.45454545454545425,-0.04545454545454543
hgb_under_3p5_wind_ge_18,weather_single,2016,7,5,2,0.7142857142857143,2.5454545454545454,0.36363636363636365
hgb_under_3p5_wind_ge_18,weather_single,2017,13,5,8,0.38461538461538464,-3.454545454545454,-0.26573426573426573
hgb_under_3p5_wind_ge_18,weather_single,2018,8,1,7,0.125,-6.090909090909091,-0.7613636363636364
hgb_under_3p5_wind_ge_18,weather_single,2019,0,0,0,,0.0,
hgb_under_3p5_wind_ge_18,weather_single,2020,1,0,1,0.0,-1.0,-1.0
hgb_under_3p5_wind_ge_18,weather_single,2021,7,3,4,0.42857142857142855,-1.2727272727272725,-0.1818181818181818
hgb_under_3p5_wind_ge_18,weather_single,2022,9,6,3,0.6666666666666666,2.454545454545454,0.2727272727272727
hgb_under_3p5_wind_ge_18,weather_single,2023,5,2,3,0.4,-1.1818181818181817,-0.23636363636363633
hgb_under_3p5_wind_ge_18,weather_single,2024,4,2,2,0.5,-0.18181818181818177,-0.04545454545454544
hgb_under_3p5_wind_ge_20,weather_single,2016,6,5,1,0.8333333333333334,3.545454545454545,0.5909090909090908
hgb_under_3p5_wind_ge_20,weather_single,2017,10,3,7,0.3,-4.272727272727273,-0.42727272727272736
hgb_under_3p5_wind_ge_20,weather_single,2018,4,0,4,0.0,-4.0,-1.0
hgb_under_3p5_wind_ge_20,weather_single,2019,0,0,0,,0.0,
hgb_under_3p5_wind_ge_20,weather_single,2021,3,1,2,0.3333333333333333,-1.0909090909090908,-0.3636363636363636
hgb_under_3p5_wind_ge_20,weather_single,2022,4,3,1,0.75,1.727272727272727,0.43181818181818177
hgb_under_3p5_wind_ge_20,weather_single,2023,4,1,3,0.25,-2.090909090909091,-0.5227272727272727
hgb_under_3p5_wind_ge_20,weather_single,2024,2,2,0,1.0,1.8181818181818181,0.9090909090909091
hgb_under_3p5_wind_ge_25,weather_single,2016,2,1,1,0.5,-0.09090909090909094,-0.04545454545454547
hgb_under_3p5_wind_ge_25,weather_single,2017,4,2,2,0.5,-0.18181818181818188,-0.04545454545454547
hgb_under_3p5_wind_ge_25,weather_single,2022,2,1,1,0.5,-0.09090909090909094,-0.04545454545454547
hgb_under_3p5_wind_ge_25,weather_single,2023,3,0,3,0.0,-3.0,-1.0
hgb_under_3p5_temp_le_55,weather_single,2016,31,15,16,0.4838709677419355,-2.3636363636363633,-0.07624633431085043
hgb_under_3p5_temp_le_55,weather_single,2017,40,19,21,0.475,-3.7272727272727275,-0.09318181818181819
hgb_under_3p5_temp_le_55,weather_single,2018,53,30,23,0.5660377358490566,4.2727272727272725,0.08061749571183532
hgb_under_3p5_temp_le_55,weather_single,2019,41,24,17,0.5853658536585366,4.818181818181819,0.11751662971175168
hgb_under_3p5_temp_le_55,weather_single,2020,27,15,12,0.5555555555555556,1.6363636363636362,0.0606060606060606
hgb_under_3p5_temp_le_55,weather_single,2021,79,35,44,0.4430379746835443,-12.181818181818183,-0.15420023014959724
hgb_under_3p5_temp_le_55,weather_single,2022,33,19,14,0.5757575757575758,3.2727272727272716,0.09917355371900823
hgb_under_3p5_temp_le_55,weather_single,2023,14,7,7,0.5,-0.6363636363636367,-0.04545454545454548
hgb_under_3p5_temp_le_55,weather_single,2024,20,12,8,0.6,2.9090909090909087,0.14545454545454545
hgb_under_3p5_temp_le_50,weather_single,2016,18,9,9,0.5,-0.8181818181818185,-0.04545454545454547
hgb_under_3p5_temp_le_50,weather_single,2017,30,13,17,0.43333333333333335,-5.181818181818182,-0.17272727272727273
hgb_under_3p5_temp_le_50,weather_single,2018,41,24,17,0.5853658536585366,4.818181818181818,0.11751662971175167
hgb_under_3p5_temp_le_50,weather_single,2019,30,18,12,0.6,4.363636363636363,0.14545454545454545
hgb_under_3p5_temp_le_50,weather_single,2020,22,11,11,0.5,-1.0,-0.045454545454545456
hgb_under_3p5_temp_le_50,weather_single,2021,55,24,31,0.43636363636363634,-9.181818181818185,-0.16694214876033064
hgb_under_3p5_temp_le_50,weather_single,2022,24,13,11,0.5416666666666666,0.8181818181818179,0.03409090909090908
hgb_under_3p5_temp_le_50,weather_single,2023,10,5,5,0.5,-0.4545454545454548,-0.045454545454545484
hgb_under_3p5_temp_le_50,weather_single,2024,15,9,6,0.6,2.1818181818181817,0.14545454545454545
hgb_under_3p5_temp_le_45,weather_single,2016,10,5,5,0.5,-0.4545454545454548,-0.045454545454545484
hgb_under_3p5_temp_le_45,weather_single,2017,19,11,8,0.5789473684210527,1.9999999999999996,0.10526315789473682
hgb_under_3p5_temp_le_45,weather_single,2018,25,14,11,0.56,1.727272727272727,0.06909090909090908
hgb_under_3p5_temp_le_45,weather_single,2019,19,11,8,0.5789473684210527,1.9999999999999996,0.10526315789473682
hgb_under_3p5_temp_le_45,weather_single,2020,15,6,9,0.4,-3.545454545454545,-0.23636363636363633
hgb_under_3p5_temp_le_45,weather_single,2021,35,13,22,0.37142857142857144,-10.181818181818183,-0.29090909090909095
hgb_under_3p5_temp_le_45,weather_single,2022,21,11,10,0.5238095238095238,-2.220446049250313e-16,-1.057355261547768e-17
hgb_under_3p5_temp_le_45,weather_single,2023,7,4,3,0.5714285714285714,0.6363636363636362,0.0909090909090909
hgb_under_3p5_temp_le_45,weather_single,2024,13,8,5,0.6153846153846154,2.2727272727272725,0.17482517482517482
hgb_under_3p5_temp_le_40,weather_single,2016,3,1,2,0.3333333333333333,-1.0909090909090908,-0.3636363636363636
hgb_under_3p5_temp_le_40,weather_single,2017,13,10,3,0.7692307692307693,6.090909090909091,0.46853146853146854
hgb_under_3p5_temp_le_40,weather_single,2018,14,6,8,0.42857142857142855,-2.545454545454545,-0.1818181818181818
hgb_under_3p5_temp_le_40,weather_single,2019,8,4,4,0.5,-0.36363636363636365,-0.045454545454545456
hgb_under_3p5_temp_le_40,weather_single,2020,10,5,5,0.5,-0.45454545454545425,-0.04545454545454543
hgb_under_3p5_temp_le_40,weather_single,2021,21,7,14,0.3333333333333333,-7.636363636363636,-0.3636363636363636
hgb_under_3p5_temp_le_40,weather_single,2022,13,7,6,0.5384615384615384,0.3636363636363633,0.027972027972027948
hgb_under_3p5_temp_le_40,weather_single,2023,4,2,2,0.5,-0.18181818181818188,-0.04545454545454547
hgb_under_3p5_temp_le_40,weather_single,2024,10,6,4,0.6,1.4545454545454541,0.14545454545454542
hgb_under_3p5_temp_le_35,weather_single,2016,1,1,0,1.0,0.9090909090909091,0.9090909090909091
hgb_under_3p5_temp_le_35,weather_single,2017,4,3,1,0.75,1.727272727272727,0.43181818181818177
hgb_under_3p5_temp_le_35,weather_single,2018,9,4,5,0.4444444444444444,-1.3636363636363633,-0.1515151515151515
hgb_under_3p5_temp_le_35,weather_single,2019,5,2,3,0.4,-1.1818181818181817,-0.23636363636363633
hgb_under_3p5_temp_le_35,weather_single,2020,7,4,3,0.5714285714285714,0.6363636363636365,0.09090909090909093
hgb_under_3p5_temp_le_35,weather_single,2021,9,3,6,0.3333333333333333,-3.2727272727272725,-0.3636363636363636
hgb_under_3p5_temp_le_35,weather_single,2022,11,5,6,0.45454545454545453,-1.4545454545454546,-0.1322314049586777
hgb_under_3p5_temp_le_35,weather_single,2023,2,1,1,0.5,-0.09090909090909094,-0.04545454545454547
hgb_under_3p5_temp_le_35,weather_single,2024,7,5,2,0.7142857142857143,2.5454545454545454,0.36363636363636365
hgb_under_3p5_temp_le_32,weather_single,2017,1,1,0,1.0,0.9090909090909091,0.9090909090909091
hgb_under_3p5_temp_le_32,weather_single,2018,6,2,4,0.3333333333333333,-2.1818181818181817,-0.3636363636363636
hgb_under_3p5_temp_le_32,weather_single,2019,2,1,1,0.5,-0.09090909090909094,-0.04545454545454547
hgb_under_3p5_temp_le_32,weather_single,2020,5,3,2,0.6,0.7272727272727273,0.14545454545454545
hgb_under_3p5_temp_le_32,weather_single,2021,5,2,3,0.4,-1.1818181818181819,-0.2363636363636364
hgb_under_3p5_temp_le_32,weather_single,2022,10,4,6,0.4,-2.3636363636363633,-0.23636363636363633
hgb_under_3p5_temp_le_32,weather_single,2023,1,1,0,1.0,0.9090909090909091,0.9090909090909091
hgb_under_3p5_temp_le_32,weather_single,2024,3,3,0,1.0,2.727272727272727,0.9090909090909091
hgb_under_3p5_temp_le_25,weather_single,2018,3,2,1,0.6666666666666666,0.8181818181818181,0.2727272727272727
hgb_under_3p5_temp_le_25,weather_single,2019,1,0,1,0.0,-1.0,-1.0
hgb_under_3p5_temp_le_25,weather_single,2020,1,0,1,0.0,-1.0,-1.0
hgb_under_3p5_temp_le_25,weather_single,2022,2,0,2,0.0,-2.0,-1.0
hgb_under_3p5_temp_le_25,weather_single,2024,1,1,0,1.0,0.9090909090909091,0.9090909090909091
hgb_under_3p5_temp_ge_80,weather_single,2016,16,5,11,0.3125,-6.454545454545455,-0.40340909090909094
hgb_under_3p5_temp_ge_80,weather_single,2017,34,20,14,0.5882352941176471,4.181818181818182,0.1229946524064171
hgb_under_3p5_temp_ge_80,weather_single,2018,46,25,21,0.5434782608695652,1.7272727272727266,0.03754940711462449
hgb_under_3p5_temp_ge_80,weather_single,2019,21,13,8,0.6190476190476191,3.818181818181818,0.1818181818181818
hgb_under_3p5_temp_ge_80,weather_single,2020,7,2,5,0.2857142857142857,-3.1818181818181817,-0.45454545454545453
hgb_under_3p5_temp_ge_80,weather_single,2021,46,23,23,0.5,-2.090909090909091,-0.045454545454545456
hgb_under_3p5_temp_ge_80,weather_single,2022,29,14,15,0.4827586206896552,-2.272727272727272,-0.07836990595611283
hgb_under_3p5_temp_ge_80,weather_single,2023,21,12,9,0.5714285714285714,1.9090909090909087,0.0909090909090909
hgb_under_3p5_temp_ge_80,weather_single,2024,18,9,9,0.5,-0.8181818181818182,-0.045454545454545456
hgb_under_3p5_temp_ge_85,weather_single,2016,7,1,6,0.14285714285714285,-5.090909090909091,-0.7272727272727273
hgb_under_3p5_temp_ge_85,weather_single,2017,13,9,4,0.6923076923076923,4.181818181818182,0.32167832167832167
hgb_under_3p5_temp_ge_85,weather_single,2018,25,12,13,0.48,-2.090909090909091,-0.08363636363636363
hgb_under_3p5_temp_ge_85,weather_single,2019,12,7,5,0.5833333333333334,1.3636363636363633,0.1136363636363636
hgb_under_3p5_temp_ge_85,weather_single,2020,1,0,1,0.0,-1.0,-1.0
hgb_under_3p5_temp_ge_85,weather_single,2021,14,7,7,0.5,-0.6363636363636368,-0.045454545454545484
hgb_under_3p5_temp_ge_85,weather_single,2022,11,5,6,0.45454545454545453,-1.4545454545454541,-0.13223140495867766
hgb_under_3p5_temp_ge_85,weather_single,2023,10,6,4,0.6,1.4545454545454541,0.14545454545454542
hgb_under_3p5_temp_ge_85,weather_single,2024,10,4,6,0.4,-2.3636363636363633,-0.23636363636363633
hgb_under_3p5_temp_ge_90,weather_single,2016,1,0,1,0.0,-1.0,-1.0
hgb_under_3p5_temp_ge_90,weather_single,2017,3,2,1,0.6666666666666666,0.8181818181818181,0.2727272727272727
hgb_under_3p5_temp_ge_90,weather_single,2018,7,2,5,0.2857142857142857,-3.1818181818181817,-0.45454545454545453
hgb_under_3p5_temp_ge_90,weather_single,2019,6,3,3,0.5,-0.2727272727272726,-0.045454545454545435
hgb_under_3p5_temp_ge_90,weather_single,2021,3,0,3,0.0,-3.0,-1.0
hgb_under_3p5_temp_ge_90,weather_single,2022,2,0,2,0.0,-2.0,-1.0
hgb_under_3p5_temp_ge_90,weather_single,2023,7,5,2,0.7142857142857143,2.5454545454545454,0.36363636363636365
hgb_under_3p5_temp_ge_90,weather_single,2024,3,0,3,0.0,-3.0,-1.0
hgb_under_3p5_temp_ge_95,weather_single,2018,3,1,2,0.3333333333333333,-1.0909090909090908,-0.3636363636363636
hgb_under_3p5_temp_ge_95,weather_single,2019,1,0,1,0.0,-1.0,-1.0
hgb_under_3p5_temp_ge_95,weather_single,2023,3,1,2,0.3333333333333333,-1.0909090909090908,-0.3636363636363636
hgb_under_3p5_temp_ge_95,weather_single,2024,3,0,3,0.0,-3.0,-1.0
hgb_under_3p5_humidity_ge_60,weather_single,2016,75,37,38,0.49333333333333335,-4.363636363636363,-0.058181818181818175
hgb_under_3p5_humidity_ge_60,weather_single,2017,82,47,35,0.573170731707317,7.727272727272727,0.09423503325942349
hgb_under_3p5_humidity_ge_60,weather_single,2018,103,57,46,0.5533980582524272,5.818181818181819,0.05648720211827009
hgb_under_3p5_humidity_ge_60,weather_single,2019,46,27,19,0.5869565217391305,5.545454545454546,0.12055335968379448
hgb_under_3p5_humidity_ge_60,weather_single,2020,46,21,25,0.45652173913043476,-5.909090909090908,-0.1284584980237154
hgb_under_3p5_humidity_ge_60,weather_single,2021,131,66,65,0.5038167938931297,-5.000000000000002,-0.038167938931297725
hgb_under_3p5_humidity_ge_60,weather_single,2022,51,29,22,0.5686274509803921,4.363636363636362,0.08556149732620319
hgb_under_3p5_humidity_ge_60,weather_single,2023,43,23,20,0.5348837209302325,0.9090909090909101,0.021141649048625814
hgb_under_3p5_humidity_ge_60,weather_single,2024,26,15,11,0.5769230769230769,2.6363636363636362,0.10139860139860139
hgb_under_3p5_humidity_ge_70,weather_single,2016,53,26,27,0.49056603773584906,-3.3636363636363624,-0.06346483704974269
hgb_under_3p5_humidity_ge_70,weather_single,2017,62,35,27,0.5645161290322581,4.8181818181818175,0.07771260997067447
hgb_under_3p5_humidity_ge_70,weather_single,2018,67,35,32,0.5223880597014925,-0.18181818181818288,-0.0027137042062415355
hgb_under_3p5_humidity_ge_70,weather_single,2019,37,20,17,0.5405405405405406,1.1818181818181817,0.031941031941031935
hgb_under_3p5_humidity_ge_70,weather_single,2020,28,14,14,0.5,-1.2727272727272725,-0.04545454545454545
hgb_under_3p5_humidity_ge_70,weather_single,2021,91,47,44,0.5164835164835165,-1.2727272727272725,-0.013986013986013983
hgb_under_3p5_humidity_ge_70,weather_single,2022,33,18,15,0.5454545454545454,1.3636363636363629,0.04132231404958675
hgb_under_3p5_humidity_ge_70,weather_single,2023,32,18,14,0.5625,2.3636363636363633,0.07386363636363635
hgb_under_3p5_humidity_ge_70,weather_single,2024,21,12,9,0.5714285714285714,1.9090909090909087,0.0909090909090909
hgb_under_3p5_humidity_ge_80,weather_single,2016,36,19,17,0.5277777777777778,0.2727272727272725,0.007575757575757569
hgb_under_3p5_humidity_ge_80,weather_single,2017,39,21,18,0.5384615384615384,1.0909090909090908,0.02797202797202797
hgb_under_3p5_humidity_ge_80,weather_single,2018,41,22,19,0.5365853658536586,0.9999999999999998,0.02439024390243902
hgb_under_3p5_humidity_ge_80,weather_single,2019,20,10,10,0.5,-0.9090909090909093,-0.04545454545454546
hgb_under_3p5_humidity_ge_80,weather_single,2020,22,11,11,0.5,-1.0000000000000004,-0.04545454545454548
hgb_under_3p5_humidity_ge_80,weather_single,2021,49,28,21,0.5714285714285714,4.454545454545454,0.0909090909090909
hgb_under_3p5_humidity_ge_80,weather_single,2022,19,13,6,0.6842105263157895,5.8181818181818175,0.3062200956937799
hgb_under_3p5_humidity_ge_80,weather_single,2023,21,12,9,0.5714285714285714,1.9090909090909087,0.0909090909090909
hgb_under_3p5_humidity_ge_80,weather_single,2024,15,10,5,0.6666666666666666,4.090909090909091,0.2727272727272727
hgb_under_3p5_humidity_ge_90,weather_single,2016,22,12,10,0.5454545454545454,0.9090909090909091,0.04132231404958678
hgb_under_3p5_humidity_ge_90,weather_single,2017,25,14,11,0.56,1.727272727272727,0.06909090909090908
hgb_under_3p5_humidity_ge_90,weather_single,2018,25,14,11,0.56,1.7272727272727275,0.0690909090909091
hgb_under_3p5_humidity_ge_90,weather_single,2019,11,7,4,0.6363636363636364,2.3636363636363633,0.21487603305785122
hgb_under_3p5_humidity_ge_90,weather_single,2020,14,7,7,0.5,-0.6363636363636367,-0.04545454545454548
hgb_under_3p5_humidity_ge_90,weather_single,2021,19,9,10,0.47368421052631576,-1.818181818181818,-0.0956937799043062
hgb_under_3p5_humidity_ge_90,weather_single,2022,7,5,2,0.7142857142857143,2.5454545454545454,0.36363636363636365
hgb_under_3p5_humidity_ge_90,weather_single,2023,14,8,6,0.5714285714285714,1.2727272727272725,0.0909090909090909
hgb_under_3p5_humidity_ge_90,weather_single,2024,5,4,1,0.8,2.6363636363636362,0.5272727272727272
hgb_under_3p5_dewpoint_ge_60,weather_single,2016,37,18,19,0.4864864864864865,-2.636363636363636,-0.07125307125307123
hgb_under_3p5_dewpoint_ge_60,weather_single,2017,49,30,19,0.6122448979591837,8.272727272727273,0.16883116883116883
hgb_under_3p5_dewpoint_ge_60,weather_single,2018,65,35,30,0.5384615384615384,1.8181818181818186,0.02797202797202798
hgb_under_3p5_dewpoint_ge_60,weather_single,2019,28,17,11,0.6071428571428571,4.454545454545455,0.15909090909090912
hgb_under_3p5_dewpoint_ge_60,weather_single,2020,21,8,13,0.38095238095238093,-5.7272727272727275,-0.27272727272727276
hgb_under_3p5_dewpoint_ge_60,weather_single,2021,76,40,36,0.5263157894736842,0.3636363636363642,0.004784688995215319
hgb_under_3p5_dewpoint_ge_60,weather_single,2022,30,18,12,0.6,4.363636363636363,0.14545454545454545
hgb_under_3p5_dewpoint_ge_60,weather_single,2023,27,13,14,0.48148148148148145,-2.1818181818181817,-0.0808080808080808
hgb_under_3p5_dewpoint_ge_60,weather_single,2024,20,10,10,0.5,-0.9090909090909092,-0.045454545454545456
hgb_under_3p5_dewpoint_ge_65,weather_single,2016,21,7,14,0.3333333333333333,-7.636363636363636,-0.3636363636363636
hgb_under_3p5_dewpoint_ge_65,weather_single,2017,26,14,12,0.5384615384615384,0.7272727272727273,0.027972027972027972
hgb_under_3p5_dewpoint_ge_65,weather_single,2018,50,27,23,0.54,1.5454545454545454,0.030909090909090907
hgb_under_3p5_dewpoint_ge_65,weather_single,2019,18,9,9,0.5,-0.8181818181818185,-0.04545454545454547
hgb_under_3p5_dewpoint_ge_65,weather_single,2020,13,2,11,0.15384615384615385,-9.181818181818182,-0.7062937062937062
hgb_under_3p5_dewpoint_ge_65,weather_single,2021,42,24,18,0.5714285714285714,3.8181818181818183,0.09090909090909091
hgb_under_3p5_dewpoint_ge_65,weather_single,2022,14,7,7,0.5,-0.6363636363636367,-0.04545454545454548
hgb_under_3p5_dewpoint_ge_65,weather_single,2023,11,7,4,0.6363636363636364,2.3636363636363633,0.21487603305785122
hgb_under_3p5_dewpoint_ge_65,weather_single,2024,14,6,8,0.42857142857142855,-2.545454545454545,-0.1818181818181818
hgb_under_3p5_dewpoint_ge_70,weather_single,2016,12,4,8,0.3333333333333333,-4.363636363636363,-0.3636363636363636
hgb_under_3p5_dewpoint_ge_70,weather_single,2017,14,8,6,0.5714285714285714,1.2727272727272725,0.0909090909090909
hgb_under_3p5_dewpoint_ge_70,weather_single,2018,27,13,14,0.48148148148148145,-2.181818181818181,-0.08080808080808079
hgb_under_3p5_dewpoint_ge_70,weather_single,2019,6,4,2,0.6666666666666666,1.6363636363636362,0.2727272727272727
hgb_under_3p5_dewpoint_ge_70,weather_single,2020,6,2,4,0.3333333333333333,-2.1818181818181817,-0.3636363636363636
hgb_under_3p5_dewpoint_ge_70,weather_single,2021,16,9,7,0.5625,1.1818181818181817,0.07386363636363635
hgb_under_3p5_dewpoint_ge_70,weather_single,2022,7,3,4,0.42857142857142855,-1.272727272727273,-0.18181818181818185
hgb_under_3p5_dewpoint_ge_70,weather_single,2023,3,3,0,1.0,2.727272727272727,0.9090909090909091
hgb_under_3p5_dewpoint_ge_70,weather_single,2024,9,4,5,0.4444444444444444,-1.3636363636363638,-0.15151515151515152
hgb_under_3p5_dewpoint_ge_75,weather_single,2016,3,1,2,0.3333333333333333,-1.0909090909090908,-0.3636363636363636
hgb_under_3p5_dewpoint_ge_75,weather_single,2017,6,3,3,0.5,-0.2727272727272727,-0.04545454545454545
hgb_under_3p5_dewpoint_ge_75,weather_single,2018,6,2,4,0.3333333333333333,-2.1818181818181817,-0.3636363636363636
hgb_under_3p5_dewpoint_ge_75,weather_single,2021,2,1,1,0.5,-0.09090909090909094,-0.04545454545454547
hgb_under_3p5_dewpoint_ge_75,weather_single,2024,1,0,1,0.0,-1.0,-1.0
hgb_under_3p5_precip_any,weather_single,2016,25,15,10,0.6,3.6363636363636362,0.14545454545454545
hgb_under_3p5_precip_any,weather_single,2017,26,14,12,0.5384615384615384,0.7272727272727273,0.027972027972027972
hgb_under_3p5_precip_any,weather_single,2018,37,21,16,0.5675675675675675,3.0909090909090913,0.08353808353808355
hgb_under_3p5_precip_any,weather_single,2019,17,11,6,0.6470588235294118,3.9999999999999996,0.2352941176470588
hgb_under_3p5_precip_any,weather_single,2020,12,4,8,0.3333333333333333,-4.363636363636363,-0.3636363636363636
hgb_under_3p5_precip_any,weather_single,2021,43,23,20,0.5348837209302325,0.9090909090909083,0.021141649048625775
hgb_under_3p5_precip_any,weather_single,2022,15,10,5,0.6666666666666666,4.090909090909091,0.2727272727272727
hgb_under_3p5_precip_any,weather_single,2023,16,7,9,0.4375,-2.6363636363636362,-0.16477272727272727
hgb_under_3p5_precip_any,weather_single,2024,14,5,9,0.35714285714285715,-4.454545454545454,-0.3181818181818182
hgb_under_3p5_rain_flag,weather_single,2016,25,15,10,0.6,3.6363636363636362,0.14545454545454545
hgb_under_3p5_rain_flag,weather_single,2017,26,14,12,0.5384615384615384,0.7272727272727273,0.027972027972027972
hgb_under_3p5_rain_flag,weather_single,2018,37,21,16,0.5675675675675675,3.0909090909090913,0.08353808353808355
hgb_under_3p5_rain_flag,weather_single,2019,17,11,6,0.6470588235294118,3.9999999999999996,0.2352941176470588
hgb_under_3p5_rain_flag,weather_single,2020,12,4,8,0.3333333333333333,-4.363636363636363,-0.3636363636363636
hgb_under_3p5_rain_flag,weather_single,2021,43,23,20,0.5348837209302325,0.9090909090909083,0.021141649048625775
hgb_under_3p5_rain_flag,weather_single,2022,15,10,5,0.6666666666666666,4.090909090909091,0.2727272727272727
hgb_under_3p5_rain_flag,weather_single,2023,16,7,9,0.4375,-2.6363636363636362,-0.16477272727272727
hgb_under_3p5_rain_flag,weather_single,2024,14,5,9,0.35714285714285715,-4.454545454545454,-0.3181818181818182
hgb_under_3p5_snow_flag,weather_single,2017,1,1,0,1.0,0.9090909090909091,0.9090909090909091
hgb_under_3p5_snow_flag,weather_single,2018,1,0,1,0.0,-1.0,-1.0
hgb_under_3p5_thunder_flag,weather_single,2016,1,0,1,0.0,-1.0,-1.0
hgb_under_3p5_thunder_flag,weather_single,2017,1,1,0,1.0,0.9090909090909091,0.9090909090909091
hgb_under_3p5_thunder_flag,weather_single,2018,1,1,0,1.0,0.9090909090909091,0.9090909090909091
hgb_under_3p5_thunder_flag,weather_single,2021,1,0,1,0.0,-1.0,-1.0
hgb_under_3p5_wintry_flag,weather_single,2017,1,1,0,1.0,0.9090909090909091,0.9090909090909091
hgb_under_3p5_wintry_flag,weather_single,2018,1,0,1,0.0,-1.0,-1.0
hgb_under_3p5_high_total_wind15,weather_total_combo,2016,9,5,4,0.5555555555555556,0.5454545454545454,0.0606060606060606
hgb_under_3p5_high_total_wind15,weather_total_combo,2017,18,10,8,0.5555555555555556,1.0909090909090908,0.0606060606060606
hgb_under_3p5_high_total_wind15,weather_total_combo,2018,13,3,10,0.23076923076923078,-7.2727272727272725,-0.5594405594405594
hgb_under_3p5_high_total_wind15,weather_total_combo,2019,3,1,2,0.3333333333333333,-1.0909090909090908,-0.3636363636363636
hgb_under_3p5_high_total_wind15,weather_total_combo,2020,3,1,2,0.3333333333333333,-1.0909090909090908,-0.3636363636363636
hgb_under_3p5_high_total_wind15,weather_total_combo,2021,6,5,1,0.8333333333333334,3.5454545454545454,0.5909090909090909
hgb_under_3p5_high_total_wind15,weather_total_combo,2022,8,5,3,0.625,1.5454545454545452,0.19318181818181815
hgb_under_3p5_high_total_wind15,weather_total_combo,2023,3,3,0,1.0,2.727272727272727,0.9090909090909091
hgb_under_3p5_high_total_wind15,weather_total_combo,2024,6,3,3,0.5,-0.2727272727272726,-0.045454545454545435
hgb_under_3p5_high_total_cold50,weather_total_combo,2016,11,6,5,0.5454545454545454,0.45454545454545436,0.04132231404958676
hgb_under_3p5_high_total_cold50,weather_total_combo,2017,15,6,9,0.4,-3.545454545454545,-0.23636363636363633
hgb_under_3p5_high_total_cold50,weather_total_combo,2018,25,15,10,0.6,3.6363636363636362,0.14545454545454545
hgb_under_3p5_high_total_cold50,weather_total_combo,2019,17,9,8,0.5294117647058824,0.18181818181818188,0.010695187165775404
hgb_under_3p5_high_total_cold50,weather_total_combo,2020,12,7,5,0.5833333333333334,1.3636363636363638,0.11363636363636365
hgb_under_3p5_high_total_cold50,weather_total_combo,2021,27,11,16,0.4074074074074074,-5.999999999999999,-0.22222222222222218
hgb_under_3p5_high_total_cold50,weather_total_combo,2022,11,8,3,0.7272727272727273,4.2727272727272725,0.3884297520661157
hgb_under_3p5_high_total_cold50,weather_total_combo,2023,5,4,1,0.8,2.6363636363636362,0.5272727272727272
hgb_under_3p5_high_total_cold50,weather_total_combo,2024,6,3,3,0.5,-0.2727272727272726,-0.045454545454545435
hgb_under_3p5_high_total_precip,weather_total_combo,2016,10,5,5,0.5,-0.4545454545454547,-0.04545454545454547
hgb_under_3p5_high_total_precip,weather_total_combo,2017,9,5,4,0.5555555555555556,0.5454545454545453,0.06060606060606059
hgb_under_3p5_high_total_precip,weather_total_combo,2018,20,12,8,0.6,2.9090909090909087,0.14545454545454545
hgb_under_3p5_high_total_precip,weather_total_combo,2019,5,5,0,1.0,4.545454545454545,0.909090909090909
hgb_under_3p5_high_total_precip,weather_total_combo,2020,9,4,5,0.4444444444444444,-1.3636363636363638,-0.15151515151515152
hgb_under_3p5_high_total_precip,weather_total_combo,2021,25,16,9,0.64,5.545454545454545,0.2218181818181818
hgb_under_3p5_high_total_precip,weather_total_combo,2022,11,7,4,0.6363636363636364,2.3636363636363633,0.21487603305785122
hgb_under_3p5_high_total_precip,weather_total_combo,2023,3,1,2,0.3333333333333333,-1.0909090909090908,-0.3636363636363636
hgb_under_3p5_high_total_precip,weather_total_combo,2024,8,4,4,0.5,-0.36363636363636376,-0.04545454545454547
hgb_under_3p5_high_total_wind_or_precip,weather_total_combo,2016,15,8,7,0.5333333333333333,0.27272727272727204,0.018181818181818136
hgb_under_3p5_high_total_wind_or_precip,weather_total_combo,2017,23,12,11,0.5217391304347826,-0.09090909090909127,-0.0039525691699604905
hgb_under_3p5_high_total_wind_or_precip,weather_total_combo,2018,32,14,18,0.4375,-5.2727272727272725,-0.16477272727272727
hgb_under_3p5_high_total_wind_or_precip,weather_total_combo,2019,8,6,2,0.75,3.454545454545454,0.43181818181818177
hgb_under_3p5_high_total_wind_or_precip,weather_total_combo,2020,12,5,7,0.4166666666666667,-2.454545454545454,-0.2045454545454545
hgb_under_3p5_high_total_wind_or_precip,weather_total_combo,2021,30,20,10,0.6666666666666666,8.181818181818178,0.2727272727272726
hgb_under_3p5_high_total_wind_or_precip,weather_total_combo,2022,17,11,6,0.6470588235294118,3.999999999999999,0.23529411764705876
hgb_under_3p5_high_total_wind_or_precip,weather_total_combo,2023,6,4,2,0.6666666666666666,1.6363636363636362,0.2727272727272727
hgb_under_3p5_high_total_wind_or_precip,weather_total_combo,2024,12,6,6,0.5,-0.5454545454545455,-0.04545454545454546
hgb_under_3p5_provider_consensus,provider,2017,171,96,75,0.5614035087719298,12.272727272727273,0.07177033492822966
hgb_under_3p5_provider_consensus,provider,2018,172,98,74,0.5697674418604651,15.090909090909088,0.08773784355179702
hgb_under_3p5_provider_consensus,provider,2019,107,58,49,0.5420560747663551,3.7272727272727266,0.03483432455395072
hgb_under_3p5_provider_consensus,provider,2020,86,41,45,0.47674418604651164,-7.727272727272727,-0.08985200845665961
hgb_under_3p5_provider_consensus,provider,2021,300,161,139,0.5366666666666666,7.363636363636363,0.024545454545454544
hgb_under_3p5_provider_consensus,provider,2022,130,69,61,0.5307692307692308,1.727272727272727,0.013286713286713285
hgb_under_3p5_provider_draftkings,provider,2023,74,41,33,0.5540540540540541,4.272727272727273,0.057739557739557745
hgb_under_3p5_provider_draftkings,provider,2024,53,30,23,0.5660377358490566,4.2727272727272725,0.08061749571183532
hgb_under_3p5_provider_espn_bet,provider,2023,2,2,0,1.0,1.8181818181818181,0.9090909090909091
hgb_under_3p5_provider_espn_bet,provider,2024,15,7,8,0.4666666666666667,-1.6363636363636358,-0.10909090909090906
hgb_under_3p5_provider_teamrankings,provider,2016,148,70,78,0.47297297297297297,-14.363636363636365,-0.09705159705159706
hgb_under_3p5_provider_teamrankings,provider,2018,21,10,11,0.47619047619047616,-1.9090909090909083,-0.09090909090909087
hgb_under_3p5_provider_william_hill_new_jersey,provider,2021,2,1,1,0.5,-0.09090909090909094,-0.04545454545454547
hgb_under_3p5_provider_william_hill_new_jersey,provider,2022,4,3,1,0.75,1.727272727272727,0.43181818181818177
hgb_under_3p5_provider_william_hill_new_jersey,provider,2023,9,5,4,0.5555555555555556,0.5454545454545453,0.06060606060606059
hgb_under_3p5_provider_bovada,provider,2021,3,2,1,0.6666666666666666,0.8181818181818181,0.2727272727272727
hgb_under_3p5_provider_bovada,provider,2022,3,2,1,0.6666666666666666,0.8181818181818181,0.2727272727272727
hgb_under_3p5_provider_bovada,provider,2023,16,8,8,0.5,-0.7272727272727275,-0.04545454545454547
hgb_under_3p5_provider_caesars_sportsbook_colorado,provider,2023,2,2,0,1.0,1.8181818181818181,0.9090909090909091
hgb_under_3p5_two_plus_models_under,model_consensus,2016,98,46,52,0.46938775510204084,-10.181818181818183,-0.10389610389610392
hgb_under_3p5_two_plus_models_under,model_consensus,2017,94,51,43,0.5425531914893617,3.3636363636363624,0.0357833655705996
hgb_under_3p5_two_plus_models_under,model_consensus,2018,148,85,63,0.5743243243243243,14.272727272727272,0.09643734643734643
hgb_under_3p5_two_plus_models_under,model_consensus,2019,75,41,34,0.5466666666666666,3.2727272727272716,0.04363636363636362
hgb_under_3p5_two_plus_models_under,model_consensus,2020,45,20,25,0.4444444444444444,-6.818181818181818,-0.15151515151515152
hgb_under_3p5_two_plus_models_under,model_consensus,2021,110,53,57,0.4818181818181818,-8.81818181818182,-0.08016528925619837
hgb_under_3p5_two_plus_models_under,model_consensus,2022,114,61,53,0.5350877192982456,2.454545454545455,0.021531100478468904
hgb_under_3p5_two_plus_models_under,model_consensus,2023,75,46,29,0.6133333333333333,12.818181818181817,0.1709090909090909
hgb_under_3p5_two_plus_models_under,model_consensus,2024,51,29,22,0.5686274509803921,4.363636363636363,0.0855614973262032
hgb_under_3p5_all_models_under,model_consensus,2016,69,34,35,0.4927536231884058,-4.090909090909092,-0.059288537549407126
hgb_under_3p5_all_models_under,model_consensus,2017,65,35,30,0.5384615384615384,1.8181818181818175,0.02797202797202796
hgb_under_3p5_all_models_under,model_consensus,2018,111,62,49,0.5585585585585585,7.363636363636364,0.06633906633906635
hgb_under_3p5_all_models_under,model_consensus,2019,63,34,29,0.5396825396825397,1.9090909090909087,0.030303030303030297
hgb_under_3p5_all_models_under,model_consensus,2020,28,13,15,0.4642857142857143,-3.181818181818182,-0.11363636363636365
hgb_under_3p5_all_models_under,model_consensus,2021,64,30,34,0.46875,-6.727272727272727,-0.10511363636363635
hgb_under_3p5_all_models_under,model_consensus,2022,89,51,38,0.5730337078651685,8.363636363636363,0.09397344228804902
hgb_under_3p5_all_models_under,model_consensus,2023,48,28,20,0.5833333333333334,5.454545454545454,0.11363636363636363
hgb_under_3p5_all_models_under,model_consensus,2024,40,24,16,0.6,5.818181818181818,0.14545454545454545
hgb_under_3p5_no_model_strong_opposition,model_consensus,2016,110,48,62,0.43636363636363634,-18.363636363636363,-0.1669421487603306
hgb_under_3p5_no_model_strong_opposition,model_consensus,2017,104,58,46,0.5576923076923077,6.727272727272728,0.0646853146853147
hgb_under_3p5_no_model_strong_opposition,model_consensus,2018,161,91,70,0.5652173913043478,12.727272727272728,0.07905138339920949
hgb_under_3p5_no_model_strong_opposition,model_consensus,2019,85,45,40,0.5294117647058824,0.90909090909091,0.01069518716577541
hgb_under_3p5_no_model_strong_opposition,model_consensus,2020,49,21,28,0.42857142857142855,-8.909090909090907,-0.18181818181818177
hgb_under_3p5_no_model_strong_opposition,model_consensus,2021,156,87,69,0.5576923076923077,10.090909090909092,0.06468531468531469
hgb_under_3p5_no_model_strong_opposition,model_consensus,2022,122,69,53,0.5655737704918032,9.727272727272728,0.0797317436661699
hgb_under_3p5_no_model_strong_opposition,model_consensus,2023,81,49,32,0.6049382716049383,12.545454545454543,0.15488215488215484
hgb_under_3p5_no_model_strong_opposition,model_consensus,2024,60,36,24,0.6,8.727272727272727,0.14545454545454545
hgb_under_5p0_two_plus_models_under,model_consensus,2016,57,27,30,0.47368421052631576,-5.454545454545453,-0.09569377990430619
hgb_under_5p0_two_plus_models_under,model_consensus,2017,57,29,28,0.5087719298245614,-1.6363636363636362,-0.028708133971291863
hgb_under_5p0_two_plus_models_under,model_consensus,2018,99,54,45,0.5454545454545454,4.090909090909092,0.041322314049586785
hgb_under_5p0_two_plus_models_under,model_consensus,2019,44,20,24,0.45454545454545453,-5.818181818181818,-0.1322314049586777
hgb_under_5p0_two_plus_models_under,model_consensus,2020,25,11,14,0.44,-4.0,-0.16
hgb_under_5p0_two_plus_models_under,model_consensus,2021,71,38,33,0.5352112676056338,1.5454545454545454,0.02176696542893726
hgb_under_5p0_two_plus_models_under,model_consensus,2022,57,32,25,0.5614035087719298,4.09090909090909,0.07177033492822965
hgb_under_5p0_two_plus_models_under,model_consensus,2023,33,21,12,0.6363636363636364,7.09090909090909,0.21487603305785122
hgb_under_5p0_two_plus_models_under,model_consensus,2024,31,18,13,0.5806451612903226,3.3636363636363624,0.10850439882697943
hgb_under_7p0_no_model_strong_opposition,model_consensus,2016,28,13,15,0.4642857142857143,-3.1818181818181825,-0.11363636363636366
hgb_under_7p0_no_model_strong_opposition,model_consensus,2017,31,16,15,0.5161290322580645,-0.45454545454545503,-0.014662756598240486
hgb_under_7p0_no_model_strong_opposition,model_consensus,2018,57,33,24,0.5789473684210527,6.0,0.10526315789473684
hgb_under_7p0_no_model_strong_opposition,model_consensus,2019,26,10,16,0.38461538461538464,-6.909090909090908,-0.26573426573426573
hgb_under_7p0_no_model_strong_opposition,model_consensus,2020,11,6,5,0.5454545454545454,0.45454545454545414,0.04132231404958674
hgb_under_7p0_no_model_strong_opposition,model_consensus,2021,46,28,18,0.6086956521739131,7.454545454545454,0.16205533596837943
hgb_under_7p0_no_model_strong_opposition,model_consensus,2022,14,8,6,0.5714285714285714,1.2727272727272725,0.0909090909090909
hgb_under_7p0_no_model_strong_opposition,model_consensus,2023,14,10,4,0.7142857142857143,5.090909090909091,0.36363636363636365
hgb_under_7p0_no_model_strong_opposition,model_consensus,2024,8,5,3,0.625,1.5454545454545454,0.19318181818181818
hgb_under_3p5_high_pass_rate_top30,team_style,2016,44,23,21,0.5227272727272727,-0.0909090909090906,-0.002066115702479332
hgb_under_3p5_high_pass_rate_top30,team_style,2017,44,28,16,0.6363636363636364,9.454545454545453,0.21487603305785122
hgb_under_3p5_high_pass_rate_top30,team_style,2018,56,29,27,0.5178571428571429,-0.6363636363636359,-0.011363636363636355
hgb_under_3p5_high_pass_rate_top30,team_style,2019,32,15,17,0.46875,-3.3636363636363633,-0.10511363636363635
hgb_under_3p5_high_pass_rate_top30,team_style,2020,26,13,13,0.5,-1.1818181818181817,-0.04545454545454545
hgb_under_3p5_high_pass_rate_top30,team_style,2021,63,39,24,0.6190476190476191,11.454545454545451,0.18181818181818177
hgb_under_3p5_high_pass_rate_top30,team_style,2022,24,15,9,0.625,4.636363636363636,0.19318181818181815
hgb_under_3p5_high_pass_rate_top30,team_style,2023,30,19,11,0.6333333333333333,6.2727272727272725,0.20909090909090908
hgb_under_3p5_high_pass_rate_top30,team_style,2024,20,12,8,0.6,2.909090909090909,0.14545454545454545
hgb_under_3p5_combo_cold_le_55_wind_ge_10,weather_combo_grid,2016,13,6,7,0.46153846153846156,-1.545454545454545,-0.11888111888111884
hgb_under_3p5_combo_cold_le_55_wind_ge_10,weather_combo_grid,2017,17,10,7,0.5882352941176471,2.0909090909090904,0.12299465240641708
hgb_under_3p5_combo_cold_le_55_wind_ge_10,weather_combo_grid,2018,15,8,7,0.5333333333333333,0.27272727272727315,0.01818181818181821
hgb_under_3p5_combo_cold_le_55_wind_ge_10,weather_combo_grid,2019,16,9,7,0.5625,1.1818181818181817,0.07386363636363635
hgb_under_3p5_combo_cold_le_55_wind_ge_10,weather_combo_grid,2020,10,8,2,0.8,5.2727272727272725,0.5272727272727272
hgb_under_3p5_combo_cold_le_55_wind_ge_10,weather_combo_grid,2021,19,7,12,0.3684210526315789,-5.636363636363636,-0.2966507177033493
hgb_under_3p5_combo_cold_le_55_wind_ge_10,weather_combo_grid,2022,16,13,3,0.8125,8.818181818181818,0.5511363636363636
hgb_under_3p5_combo_cold_le_55_wind_ge_10,weather_combo_grid,2023,6,2,4,0.3333333333333333,-2.1818181818181817,-0.3636363636363636
hgb_under_3p5_combo_cold_le_55_wind_ge_10,weather_combo_grid,2024,12,6,6,0.5,-0.5454545454545451,-0.04545454545454542
hgb_under_3p5_combo_cold_le_55_wind_ge_12,weather_combo_grid,2016,8,3,5,0.375,-2.2727272727272725,-0.28409090909090906
hgb_under_3p5_combo_cold_le_55_wind_ge_12,weather_combo_grid,2017,13,8,5,0.6153846153846154,2.2727272727272725,0.17482517482517482
hgb_under_3p5_combo_cold_le_55_wind_ge_12,weather_combo_grid,2018,8,5,3,0.625,1.5454545454545452,0.19318181818181815
hgb_under_3p5_combo_cold_le_55_wind_ge_12,weather_combo_grid,2019,8,6,2,0.75,3.454545454545454,0.43181818181818177
hgb_under_3p5_combo_cold_le_55_wind_ge_12,weather_combo_grid,2020,6,4,2,0.6666666666666666,1.6363636363636362,0.2727272727272727
hgb_under_3p5_combo_cold_le_55_wind_ge_12,weather_combo_grid,2021,11,5,6,0.45454545454545453,-1.4545454545454541,-0.13223140495867766
hgb_under_3p5_combo_cold_le_55_wind_ge_12,weather_combo_grid,2022,10,7,3,0.7,3.3636363636363633,0.3363636363636363
hgb_under_3p5_combo_cold_le_55_wind_ge_12,weather_combo_grid,2023,4,2,2,0.5,-0.18181818181818188,-0.04545454545454547
hgb_under_3p5_combo_cold_le_55_wind_ge_12,weather_combo_grid,2024,6,4,2,0.6666666666666666,1.6363636363636362,0.2727272727272727
hgb_under_3p5_combo_cold_le_50_wind_ge_12,weather_combo_grid,2016,4,1,3,0.25,-2.090909090909091,-0.5227272727272727
hgb_under_3p5_combo_cold_le_50_wind_ge_12,weather_combo_grid,2017,9,4,5,0.4444444444444444,-1.3636363636363633,-0.1515151515151515
hgb_under_3p5_combo_cold_le_50_wind_ge_12,weather_combo_grid,2018,4,3,1,0.75,1.727272727272727,0.43181818181818177
hgb_under_3p5_combo_cold_le_50_wind_ge_12,weather_combo_grid,2019,6,5,1,0.8333333333333334,3.5454545454545454,0.5909090909090909
hgb_under_3p5_combo_cold_le_50_wind_ge_12,weather_combo_grid,2020,4,2,2,0.5,-0.18181818181818177,-0.04545454545454544
hgb_under_3p5_combo_cold_le_50_wind_ge_12,weather_combo_grid,2021,8,4,4,0.5,-0.36363636363636376,-0.04545454545454547
hgb_under_3p5_combo_cold_le_50_wind_ge_12,weather_combo_grid,2022,7,4,3,0.5714285714285714,0.6363636363636362,0.0909090909090909
hgb_under_3p5_combo_cold_le_50_wind_ge_12,weather_combo_grid,2023,3,2,1,0.6666666666666666,0.8181818181818181,0.2727272727272727
hgb_under_3p5_combo_cold_le_50_wind_ge_12,weather_combo_grid,2024,5,4,1,0.8,2.6363636363636362,0.5272727272727272
hgb_under_3p5_combo_cold_le_45_wind_ge_12,weather_combo_grid,2016,2,0,2,0.0,-2.0,-1.0
hgb_under_3p5_combo_cold_le_45_wind_ge_12,weather_combo_grid,2017,4,2,2,0.5,-0.18181818181818177,-0.04545454545454544
hgb_under_3p5_combo_cold_le_45_wind_ge_12,weather_combo_grid,2018,3,2,1,0.6666666666666666,0.8181818181818181,0.2727272727272727
hgb_under_3p5_combo_cold_le_45_wind_ge_12,weather_combo_grid,2019,3,3,0,1.0,2.727272727272727,0.9090909090909091
hgb_under_3p5_combo_cold_le_45_wind_ge_12,weather_combo_grid,2020,3,2,1,0.6666666666666666,0.8181818181818181,0.2727272727272727
hgb_under_3p5_combo_cold_le_45_wind_ge_12,weather_combo_grid,2021,7,3,4,0.42857142857142855,-1.2727272727272725,-0.1818181818181818
hgb_under_3p5_combo_cold_le_45_wind_ge_12,weather_combo_grid,2022,6,3,3,0.5,-0.27272727272727293,-0.04545454545454549
hgb_under_3p5_combo_cold_le_45_wind_ge_12,weather_combo_grid,2023,2,2,0,1.0,1.8181818181818181,0.9090909090909091
hgb_under_3p5_combo_cold_le_45_wind_ge_12,weather_combo_grid,2024,4,3,1,0.75,1.727272727272727,0.43181818181818177
hgb_under_3p5_combo_cold_le_40_wind_ge_12,weather_combo_grid,2016,1,0,1,0.0,-1.0,-1.0
hgb_under_3p5_combo_cold_le_40_wind_ge_12,weather_combo_grid,2017,2,2,0,1.0,1.8181818181818181,0.9090909090909091
hgb_under_3p5_combo_cold_le_40_wind_ge_12,weather_combo_grid,2018,2,1,1,0.5,-0.09090909090909094,-0.04545454545454547
hgb_under_3p5_combo_cold_le_40_wind_ge_12,weather_combo_grid,2019,0,0,0,,0.0,
hgb_under_3p5_combo_cold_le_40_wind_ge_12,weather_combo_grid,2020,2,2,0,1.0,1.8181818181818181,0.9090909090909091
hgb_under_3p5_combo_cold_le_40_wind_ge_12,weather_combo_grid,2021,5,1,4,0.2,-3.090909090909091,-0.6181818181818182
hgb_under_3p5_combo_cold_le_40_wind_ge_12,weather_combo_grid,2022,4,3,1,0.75,1.727272727272727,0.43181818181818177
hgb_under_3p5_combo_cold_le_40_wind_ge_12,weather_combo_grid,2023,1,1,0,1.0,0.9090909090909091,0.9090909090909091
hgb_under_3p5_combo_cold_le_40_wind_ge_12,weather_combo_grid,2024,3,2,1,0.6666666666666666,0.8181818181818181,0.2727272727272727
hgb_under_3p5_combo_cold_le_50_wind_ge_15,weather_combo_grid,2016,2,0,2,0.0,-2.0,-1.0
hgb_under_3p5_combo_cold_le_50_wind_ge_15,weather_combo_grid,2017,6,2,4,0.3333333333333333,-2.1818181818181817,-0.3636363636363636
hgb_under_3p5_combo_cold_le_50_wind_ge_15,weather_combo_grid,2018,2,1,1,0.5,-0.09090909090909094,-0.04545454545454547
hgb_under_3p5_combo_cold_le_50_wind_ge_15,weather_combo_grid,2019,3,2,1,0.6666666666666666,0.8181818181818181,0.2727272727272727
hgb_under_3p5_combo_cold_le_50_wind_ge_15,weather_combo_grid,2020,2,1,1,0.5,-0.09090909090909094,-0.04545454545454547
hgb_under_3p5_combo_cold_le_50_wind_ge_15,weather_combo_grid,2021,2,0,2,0.0,-2.0,-1.0
hgb_under_3p5_combo_cold_le_50_wind_ge_15,weather_combo_grid,2022,3,2,1,0.6666666666666666,0.8181818181818181,0.2727272727272727
hgb_under_3p5_combo_cold_le_50_wind_ge_15,weather_combo_grid,2024,1,1,0,1.0,0.9090909090909091,0.9090909090909091
hgb_under_3p5_combo_cold_le_45_wind_ge_15,weather_combo_grid,2016,2,0,2,0.0,-2.0,-1.0
hgb_under_3p5_combo_cold_le_45_wind_ge_15,weather_combo_grid,2017,1,0,1,0.0,-1.0,-1.0
hgb_under_3p5_combo_cold_le_45_wind_ge_15,weather_combo_grid,2018,1,0,1,0.0,-1.0,-1.0
hgb_under_3p5_combo_cold_le_45_wind_ge_15,weather_combo_grid,2019,1,1,0,1.0,0.9090909090909091,0.9090909090909091
hgb_under_3p5_combo_cold_le_45_wind_ge_15,weather_combo_grid,2020,1,1,0,1.0,0.9090909090909091,0.9090909090909091
hgb_under_3p5_combo_cold_le_45_wind_ge_15,weather_combo_grid,2021,2,0,2,0.0,-2.0,-1.0
hgb_under_3p5_combo_cold_le_45_wind_ge_15,weather_combo_grid,2022,3,2,1,0.6666666666666666,0.8181818181818181,0.2727272727272727
hgb_under_3p5_combo_cold_le_45_wind_ge_15,weather_combo_grid,2024,1,1,0,1.0,0.9090909090909091,0.9090909090909091
hgb_under_3p5_combo_cold_le_55_precip_any,weather_combo_grid,2016,6,4,2,0.6666666666666666,1.6363636363636362,0.2727272727272727
hgb_under_3p5_combo_cold_le_55_precip_any,weather_combo_grid,2017,13,8,5,0.6153846153846154,2.2727272727272725,0.17482517482517482
hgb_under_3p5_combo_cold_le_55_precip_any,weather_combo_grid,2018,9,5,4,0.5555555555555556,0.5454545454545453,0.06060606060606059
hgb_under_3p5_combo_cold_le_55_precip_any,weather_combo_grid,2019,12,8,4,0.6666666666666666,3.2727272727272725,0.2727272727272727
hgb_under_3p5_combo_cold_le_55_precip_any,weather_combo_grid,2020,2,1,1,0.5,-0.09090909090909094,-0.04545454545454547
hgb_under_3p5_combo_cold_le_55_precip_any,weather_combo_grid,2021,11,5,6,0.45454545454545453,-1.4545454545454548,-0.13223140495867772
hgb_under_3p5_combo_cold_le_55_precip_any,weather_combo_grid,2022,4,3,1,0.75,1.727272727272727,0.43181818181818177
hgb_under_3p5_combo_cold_le_55_precip_any,weather_combo_grid,2023,3,1,2,0.3333333333333333,-1.0909090909090908,-0.3636363636363636
hgb_under_3p5_combo_cold_le_55_precip_any,weather_combo_grid,2024,2,0,2,0.0,-2.0,-1.0
hgb_under_3p5_combo_cold_le_50_precip_any,weather_combo_grid,2016,2,2,0,1.0,1.8181818181818181,0.9090909090909091
hgb_under_3p5_combo_cold_le_50_precip_any,weather_combo_grid,2017,11,6,5,0.5454545454545454,0.45454545454545436,0.04132231404958676
hgb_under_3p5_combo_cold_le_50_precip_any,weather_combo_grid,2018,8,4,4,0.5,-0.36363636363636376,-0.04545454545454547
hgb_under_3p5_combo_cold_le_50_precip_any,weather_combo_grid,2019,6,5,1,0.8333333333333334,3.5454545454545454,0.5909090909090909
hgb_under_3p5_combo_cold_le_50_precip_any,weather_combo_grid,2020,1,0,1,0.0,-1.0,-1.0
hgb_under_3p5_combo_cold_le_50_precip_any,weather_combo_grid,2021,8,3,5,0.375,-2.2727272727272725,-0.28409090909090906
hgb_under_3p5_combo_cold_le_50_precip_any,weather_combo_grid,2022,3,2,1,0.6666666666666666,0.8181818181818181,0.2727272727272727
hgb_under_3p5_combo_cold_le_50_precip_any,weather_combo_grid,2023,2,1,1,0.5,-0.09090909090909094,-0.04545454545454547
hgb_under_3p5_combo_cold_le_50_precip_any,weather_combo_grid,2024,1,0,1,0.0,-1.0,-1.0
hgb_under_3p5_combo_cold_le_45_precip_any,weather_combo_grid,2016,1,1,0,1.0,0.9090909090909091,0.9090909090909091
hgb_under_3p5_combo_cold_le_45_precip_any,weather_combo_grid,2017,7,5,2,0.7142857142857143,2.5454545454545454,0.36363636363636365
hgb_under_3p5_combo_cold_le_45_precip_any,weather_combo_grid,2018,4,2,2,0.5,-0.18181818181818177,-0.04545454545454544
hgb_under_3p5_combo_cold_le_45_precip_any,weather_combo_grid,2019,3,3,0,1.0,2.727272727272727,0.9090909090909091
hgb_under_3p5_combo_cold_le_45_precip_any,weather_combo_grid,2020,1,0,1,0.0,-1.0,-1.0
hgb_under_3p5_combo_cold_le_45_precip_any,weather_combo_grid,2021,4,1,3,0.25,-2.090909090909091,-0.5227272727272727
hgb_under_3p5_combo_cold_le_45_precip_any,weather_combo_grid,2022,2,1,1,0.5,-0.09090909090909094,-0.04545454545454547
hgb_under_3p5_combo_cold_le_45_precip_any,weather_combo_grid,2023,1,1,0,1.0,0.9090909090909091,0.9090909090909091
hgb_under_3p5_combo_cold_le_50_rain_flag,weather_combo_grid,2016,2,2,0,1.0,1.8181818181818181,0.9090909090909091
hgb_under_3p5_combo_cold_le_50_rain_flag,weather_combo_grid,2017,11,6,5,0.5454545454545454,0.45454545454545436,0.04132231404958676
hgb_under_3p5_combo_cold_le_50_rain_flag,weather_combo_grid,2018,8,4,4,0.5,-0.36363636363636376,-0.04545454545454547
hgb_under_3p5_combo_cold_le_50_rain_flag,weather_combo_grid,2019,6,5,1,0.8333333333333334,3.5454545454545454,0.5909090909090909
hgb_under_3p5_combo_cold_le_50_rain_flag,weather_combo_grid,2020,1,0,1,0.0,-1.0,-1.0
hgb_under_3p5_combo_cold_le_50_rain_flag,weather_combo_grid,2021,8,3,5,0.375,-2.2727272727272725,-0.28409090909090906
hgb_under_3p5_combo_cold_le_50_rain_flag,weather_combo_grid,2022,3,2,1,0.6666666666666666,0.8181818181818181,0.2727272727272727
hgb_under_3p5_combo_cold_le_50_rain_flag,weather_combo_grid,2023,2,1,1,0.5,-0.09090909090909094,-0.04545454545454547
hgb_under_3p5_combo_cold_le_50_rain_flag,weather_combo_grid,2024,1,0,1,0.0,-1.0,-1.0
hgb_under_3p5_combo_cold_le_45_rain_flag,weather_combo_grid,2016,1,1,0,1.0,0.9090909090909091,0.9090909090909091
hgb_under_3p5_combo_cold_le_45_rain_flag,weather_combo_grid,2017,7,5,2,0.7142857142857143,2.5454545454545454,0.36363636363636365
hgb_under_3p5_combo_cold_le_45_rain_flag,weather_combo_grid,2018,4,2,2,0.5,-0.18181818181818177,-0.04545454545454544
hgb_under_3p5_combo_cold_le_45_rain_flag,weather_combo_grid,2019,3,3,0,1.0,2.727272727272727,0.9090909090909091
hgb_under_3p5_combo_cold_le_45_rain_flag,weather_combo_grid,2020,1,0,1,0.0,-1.0,-1.0
hgb_under_3p5_combo_cold_le_45_rain_flag,weather_combo_grid,2021,4,1,3,0.25,-2.090909090909091,-0.5227272727272727
hgb_under_3p5_combo_cold_le_45_rain_flag,weather_combo_grid,2022,2,1,1,0.5,-0.09090909090909094,-0.04545454545454547
hgb_under_3p5_combo_cold_le_45_rain_flag,weather_combo_grid,2023,1,1,0,1.0,0.9090909090909091,0.9090909090909091
hgb_under_3p5_combo_cold_le_50_snow_flag,weather_combo_grid,2017,1,1,0,1.0,0.9090909090909091,0.9090909090909091
hgb_under_3p5_combo_cold_le_50_snow_flag,weather_combo_grid,2018,1,0,1,0.0,-1.0,-1.0
hgb_under_3p5_combo_cold_le_45_snow_flag,weather_combo_grid,2017,1,1,0,1.0,0.9090909090909091,0.9090909090909091
hgb_under_3p5_combo_cold_le_45_snow_flag,weather_combo_grid,2018,1,0,1,0.0,-1.0,-1.0
hgb_under_3p5_combo_wind_ge_10_precip_any,weather_combo_grid,2016,18,12,6,0.6666666666666666,4.909090909090908,0.2727272727272727
hgb_under_3p5_combo_wind_ge_10_precip_any,weather_combo_grid,2017,10,7,3,0.7,3.3636363636363638,0.33636363636363636
hgb_under_3p5_combo_wind_ge_10_precip_any,weather_combo_grid,2018,17,11,6,0.6470588235294118,3.9999999999999996,0.2352941176470588
hgb_under_3p5_combo_wind_ge_10_precip_any,weather_combo_grid,2019,10,7,3,0.7,3.3636363636363633,0.3363636363636363
hgb_under_3p5_combo_wind_ge_10_precip_any,weather_combo_grid,2020,3,1,2,0.3333333333333333,-1.0909090909090908,-0.3636363636363636
hgb_under_3p5_combo_wind_ge_10_precip_any,weather_combo_grid,2021,7,4,3,0.5714285714285714,0.6363636363636362,0.0909090909090909
hgb_under_3p5_combo_wind_ge_10_precip_any,weather_combo_grid,2022,9,8,1,0.8888888888888888,6.2727272727272725,0.6969696969696969
hgb_under_3p5_combo_wind_ge_10_precip_any,weather_combo_grid,2023,7,2,5,0.2857142857142857,-3.1818181818181817,-0.45454545454545453
hgb_under_3p5_combo_wind_ge_10_precip_any,weather_combo_grid,2024,10,3,7,0.3,-4.2727272727272725,-0.42727272727272725
hgb_under_3p5_combo_wind_ge_12_precip_any,weather_combo_grid,2016,13,10,3,0.7692307692307693,6.090909090909091,0.46853146853146854
hgb_under_3p5_combo_wind_ge_12_precip_any,weather_combo_grid,2017,8,5,3,0.625,1.5454545454545454,0.19318181818181818
hgb_under_3p5_combo_wind_ge_12_precip_any,weather_combo_grid,2018,7,7,0,1.0,6.363636363636363,0.9090909090909091
hgb_under_3p5_combo_wind_ge_12_precip_any,weather_combo_grid,2019,5,4,1,0.8,2.6363636363636362,0.5272727272727272
hgb_under_3p5_combo_wind_ge_12_precip_any,weather_combo_grid,2020,2,1,1,0.5,-0.09090909090909094,-0.04545454545454547
hgb_under_3p5_combo_wind_ge_12_precip_any,weather_combo_grid,2021,4,4,0,1.0,3.6363636363636362,0.9090909090909091
hgb_under_3p5_combo_wind_ge_12_precip_any,weather_combo_grid,2022,6,5,1,0.8333333333333334,3.5454545454545454,0.5909090909090909
hgb_under_3p5_combo_wind_ge_12_precip_any,weather_combo_grid,2023,5,2,3,0.4,-1.1818181818181817,-0.23636363636363633
hgb_under_3p5_combo_wind_ge_12_precip_any,weather_combo_grid,2024,4,3,1,0.75,1.727272727272727,0.43181818181818177
hgb_under_3p5_combo_wind_ge_15_precip_any,weather_combo_grid,2016,8,6,2,0.75,3.454545454545454,0.43181818181818177
hgb_under_3p5_combo_wind_ge_15_precip_any,weather_combo_grid,2017,6,3,3,0.5,-0.2727272727272726,-0.045454545454545435
hgb_under_3p5_combo_wind_ge_15_precip_any,weather_combo_grid,2018,2,2,0,1.0,1.8181818181818181,0.9090909090909091
hgb_under_3p5_combo_wind_ge_15_precip_any,weather_combo_grid,2019,1,1,0,1.0,0.9090909090909091,0.9090909090909091
hgb_under_3p5_combo_wind_ge_15_precip_any,weather_combo_grid,2021,2,2,0,1.0,1.8181818181818181,0.9090909090909091
hgb_under_3p5_combo_wind_ge_15_precip_any,weather_combo_grid,2022,2,1,1,0.5,-0.09090909090909094,-0.04545454545454547
hgb_under_3p5_combo_wind_ge_15_precip_any,weather_combo_grid,2023,2,1,1,0.5,-0.09090909090909094,-0.04545454545454547
hgb_under_3p5_combo_wind_ge_15_precip_any,weather_combo_grid,2024,3,2,1,0.6666666666666666,0.8181818181818181,0.2727272727272727
hgb_under_3p5_combo_wind_ge_10_rain_flag,weather_combo_grid,2016,18,12,6,0.6666666666666666,4.909090909090908,0.2727272727272727
hgb_under_3p5_combo_wind_ge_10_rain_flag,weather_combo_grid,2017,10,7,3,0.7,3.3636363636363638,0.33636363636363636
hgb_under_3p5_combo_wind_ge_10_rain_flag,weather_combo_grid,2018,17,11,6,0.6470588235294118,3.9999999999999996,0.2352941176470588
hgb_under_3p5_combo_wind_ge_10_rain_flag,weather_combo_grid,2019,10,7,3,0.7,3.3636363636363633,0.3363636363636363
hgb_under_3p5_combo_wind_ge_10_rain_flag,weather_combo_grid,2020,3,1,2,0.3333333333333333,-1.0909090909090908,-0.3636363636363636
hgb_under_3p5_combo_wind_ge_10_rain_flag,weather_combo_grid,2021,7,4,3,0.5714285714285714,0.6363636363636362,0.0909090909090909
hgb_under_3p5_combo_wind_ge_10_rain_flag,weather_combo_grid,2022,9,8,1,0.8888888888888888,6.2727272727272725,0.6969696969696969
hgb_under_3p5_combo_wind_ge_10_rain_flag,weather_combo_grid,2023,7,2,5,0.2857142857142857,-3.1818181818181817,-0.45454545454545453
hgb_under_3p5_combo_wind_ge_10_rain_flag,weather_combo_grid,2024,10,3,7,0.3,-4.2727272727272725,-0.42727272727272725
hgb_under_3p5_combo_wind_ge_12_rain_flag,weather_combo_grid,2016,13,10,3,0.7692307692307693,6.090909090909091,0.46853146853146854
hgb_under_3p5_combo_wind_ge_12_rain_flag,weather_combo_grid,2017,8,5,3,0.625,1.5454545454545454,0.19318181818181818
hgb_under_3p5_combo_wind_ge_12_rain_flag,weather_combo_grid,2018,7,7,0,1.0,6.363636363636363,0.9090909090909091
hgb_under_3p5_combo_wind_ge_12_rain_flag,weather_combo_grid,2019,5,4,1,0.8,2.6363636363636362,0.5272727272727272
hgb_under_3p5_combo_wind_ge_12_rain_flag,weather_combo_grid,2020,2,1,1,0.5,-0.09090909090909094,-0.04545454545454547
hgb_under_3p5_combo_wind_ge_12_rain_flag,weather_combo_grid,2021,4,4,0,1.0,3.6363636363636362,0.9090909090909091
hgb_under_3p5_combo_wind_ge_12_rain_flag,weather_combo_grid,2022,6,5,1,0.8333333333333334,3.5454545454545454,0.5909090909090909
hgb_under_3p5_combo_wind_ge_12_rain_flag,weather_combo_grid,2023,5,2,3,0.4,-1.1818181818181817,-0.23636363636363633
hgb_under_3p5_combo_wind_ge_12_rain_flag,weather_combo_grid,2024,4,3,1,0.75,1.727272727272727,0.43181818181818177
hgb_under_3p5_combo_wind_ge_15_rain_flag,weather_combo_grid,2016,8,6,2,0.75,3.454545454545454,0.43181818181818177
hgb_under_3p5_combo_wind_ge_15_rain_flag,weather_combo_grid,2017,6,3,3,0.5,-0.2727272727272726,-0.045454545454545435
hgb_under_3p5_combo_wind_ge_15_rain_flag,weather_combo_grid,2018,2,2,0,1.0,1.8181818181818181,0.9090909090909091
hgb_under_3p5_combo_wind_ge_15_rain_flag,weather_combo_grid,2019,1,1,0,1.0,0.9090909090909091,0.9090909090909091
hgb_under_3p5_combo_wind_ge_15_rain_flag,weather_combo_grid,2021,2,2,0,1.0,1.8181818181818181,0.9090909090909091
hgb_under_3p5_combo_wind_ge_15_rain_flag,weather_combo_grid,2022,2,1,1,0.5,-0.09090909090909094,-0.04545454545454547
hgb_under_3p5_combo_wind_ge_15_rain_flag,weather_combo_grid,2023,2,1,1,0.5,-0.09090909090909094,-0.04545454545454547
hgb_under_3p5_combo_wind_ge_15_rain_flag,weather_combo_grid,2024,3,2,1,0.6666666666666666,0.8181818181818181,0.2727272727272727
hgb_under_3p5_combo_wind_ge_10_snow_flag,weather_combo_grid,2017,1,1,0,1.0,0.9090909090909091,0.9090909090909091
hgb_under_3p5_combo_heat_ge_85_humid_ge_70,weather_combo_grid,2016,2,1,1,0.5,-0.09090909090909094,-0.04545454545454547
hgb_under_3p5_combo_heat_ge_85_humid_ge_70,weather_combo_grid,2017,1,1,0,1.0,0.9090909090909091,0.9090909090909091
hgb_under_3p5_combo_heat_ge_85_humid_ge_70,weather_combo_grid,2018,2,1,1,0.5,-0.09090909090909094,-0.04545454545454547
hgb_under_3p5_combo_heat_ge_85_humid_ge_70,weather_combo_grid,2024,1,0,1,0.0,-1.0,-1.0
hgb_under_3p5_combo_heat_ge_85_humid_ge_80,weather_combo_grid,2016,1,1,0,1.0,0.9090909090909091,0.9090909090909091
hgb_under_3p5_combo_heat_ge_85_dewpoint_ge_65,weather_combo_grid,2016,5,1,4,0.2,-3.090909090909091,-0.6181818181818182
hgb_under_3p5_combo_heat_ge_85_dewpoint_ge_65,weather_combo_grid,2017,5,3,2,0.6,0.7272727272727272,0.14545454545454545
hgb_under_3p5_combo_heat_ge_85_dewpoint_ge_65,weather_combo_grid,2018,17,8,9,0.47058823529411764,-1.7272727272727275,-0.10160427807486633
hgb_under_3p5_combo_heat_ge_85_dewpoint_ge_65,weather_combo_grid,2019,8,3,5,0.375,-2.2727272727272725,-0.28409090909090906
hgb_under_3p5_combo_heat_ge_85_dewpoint_ge_65,weather_combo_grid,2020,1,0,1,0.0,-1.0,-1.0
hgb_under_3p5_combo_heat_ge_85_dewpoint_ge_65,weather_combo_grid,2021,5,3,2,0.6,0.7272727272727272,0.14545454545454545
hgb_under_3p5_combo_heat_ge_85_dewpoint_ge_65,weather_combo_grid,2022,5,1,4,0.2,-3.090909090909091,-0.6181818181818182
hgb_under_3p5_combo_heat_ge_85_dewpoint_ge_65,weather_combo_grid,2023,1,1,0,1.0,0.9090909090909091,0.9090909090909091
hgb_under_3p5_combo_heat_ge_85_dewpoint_ge_65,weather_combo_grid,2024,6,2,4,0.3333333333333333,-2.1818181818181817,-0.3636363636363636
hgb_under_3p5_combo_heat_ge_90_dewpoint_ge_70,weather_combo_grid,2018,2,0,2,0.0,-2.0,-1.0
hgb_under_3p5_combo_heat_ge_90_dewpoint_ge_70,weather_combo_grid,2019,3,1,2,0.3333333333333333,-1.0909090909090908,-0.3636363636363636
hgb_under_3p5_combo_humid_ge_80_dewpoint_ge_70,weather_combo_grid,2016,6,2,4,0.3333333333333333,-2.1818181818181817,-0.3636363636363636
hgb_under_3p5_combo_humid_ge_80_dewpoint_ge_70,weather_combo_grid,2017,6,2,4,0.3333333333333333,-2.1818181818181817,-0.3636363636363636
hgb_under_3p5_combo_humid_ge_80_dewpoint_ge_70,weather_combo_grid,2018,10,5,5,0.5,-0.4545454545454547,-0.04545454545454547
hgb_under_3p5_combo_humid_ge_80_dewpoint_ge_70,weather_combo_grid,2019,1,1,0,1.0,0.9090909090909091,0.9090909090909091
hgb_under_3p5_combo_humid_ge_80_dewpoint_ge_70,weather_combo_grid,2020,3,2,1,0.6666666666666666,0.8181818181818181,0.2727272727272727
hgb_under_3p5_combo_humid_ge_80_dewpoint_ge_70,weather_combo_grid,2021,8,4,4,0.5,-0.36363636363636376,-0.04545454545454547
hgb_under_3p5_combo_humid_ge_80_dewpoint_ge_70,weather_combo_grid,2022,1,1,0,1.0,0.9090909090909091,0.9090909090909091
hgb_under_3p5_combo_humid_ge_80_dewpoint_ge_70,weather_combo_grid,2023,1,1,0,1.0,0.9090909090909091,0.9090909090909091
hgb_under_3p5_combo_humid_ge_80_dewpoint_ge_70,weather_combo_grid,2024,4,2,2,0.5,-0.18181818181818188,-0.04545454545454547
hgb_under_3p5_combo_humid_ge_90_dewpoint_ge_70,weather_combo_grid,2016,2,0,2,0.0,-2.0,-1.0
hgb_under_3p5_combo_humid_ge_90_dewpoint_ge_70,weather_combo_grid,2017,4,2,2,0.5,-0.18181818181818177,-0.04545454545454544
hgb_under_3p5_combo_humid_ge_90_dewpoint_ge_70,weather_combo_grid,2018,5,3,2,0.6,0.7272727272727272,0.14545454545454545
hgb_under_3p5_combo_humid_ge_90_dewpoint_ge_70,weather_combo_grid,2019,1,1,0,1.0,0.9090909090909091,0.9090909090909091
hgb_under_3p5_combo_humid_ge_90_dewpoint_ge_70,weather_combo_grid,2020,1,1,0,1.0,0.9090909090909091,0.9090909090909091
hgb_under_3p5_combo_humid_ge_90_dewpoint_ge_70,weather_combo_grid,2021,6,2,4,0.3333333333333333,-2.1818181818181817,-0.3636363636363636
hgb_under_3p5_combo_humid_ge_90_dewpoint_ge_70,weather_combo_grid,2023,1,1,0,1.0,0.9090909090909091,0.9090909090909091
hgb_under_3p5_combo_humid_ge_90_dewpoint_ge_70,weather_combo_grid,2024,2,1,1,0.5,-0.09090909090909094,-0.04545454545454547
hgb_under_3p5_combo_cold_le_50_wind_ge_12_precip_any,weather_combo_grid,2016,1,1,0,1.0,0.9090909090909091,0.9090909090909091
hgb_under_3p5_combo_cold_le_50_wind_ge_12_precip_any,weather_combo_grid,2017,3,2,1,0.6666666666666666,0.8181818181818181,0.2727272727272727
hgb_under_3p5_combo_cold_le_50_wind_ge_12_precip_any,weather_combo_grid,2018,1,1,0,1.0,0.9090909090909091,0.9090909090909091
hgb_under_3p5_combo_cold_le_50_wind_ge_12_precip_any,weather_combo_grid,2019,2,2,0,1.0,1.8181818181818181,0.9090909090909091
hgb_under_3p5_combo_cold_le_50_wind_ge_12_precip_any,weather_combo_grid,2021,1,1,0,1.0,0.9090909090909091,0.9090909090909091
hgb_under_3p5_combo_cold_le_50_wind_ge_12_precip_any,weather_combo_grid,2022,1,1,0,1.0,0.9090909090909091,0.9090909090909091
hgb_under_3p5_combo_cold_le_45_wind_ge_12_precip_any,weather_combo_grid,2017,1,1,0,1.0,0.9090909090909091,0.9090909090909091
hgb_under_3p5_combo_cold_le_45_wind_ge_12_precip_any,weather_combo_grid,2019,1,1,0,1.0,0.9090909090909091,0.9090909090909091
hgb_under_3p5_combo_cold_le_45_wind_ge_12_precip_any,weather_combo_grid,2021,1,1,0,1.0,0.9090909090909091,0.9090909090909091
hgb_under_3p5_combo_wind_ge_12_rain_flag_total_ge_56,weather_combo_grid,2016,7,4,3,0.5714285714285714,0.6363636363636361,0.09090909090909087
hgb_under_3p5_combo_wind_ge_12_rain_flag_total_ge_56,weather_combo_grid,2017,4,3,1,0.75,1.727272727272727,0.43181818181818177
hgb_under_3p5_combo_wind_ge_12_rain_flag_total_ge_56,weather_combo_grid,2018,4,4,0,1.0,3.6363636363636362,0.9090909090909091
hgb_under_3p5_combo_wind_ge_12_rain_flag_total_ge_56,weather_combo_grid,2020,1,1,0,1.0,0.9090909090909091,0.9090909090909091
hgb_under_3p5_combo_wind_ge_12_rain_flag_total_ge_56,weather_combo_grid,2021,2,2,0,1.0,1.8181818181818181,0.9090909090909091
hgb_under_3p5_combo_wind_ge_12_rain_flag_total_ge_56,weather_combo_grid,2022,5,4,1,0.8,2.6363636363636362,0.5272727272727272
hgb_under_3p5_combo_wind_ge_12_rain_flag_total_ge_56,weather_combo_grid,2024,3,2,1,0.6666666666666666,0.8181818181818181,0.2727272727272727
hgb_under_3p5_combo_wind_ge_12_precip_any_total_ge_56,weather_combo_grid,2016,7,4,3,0.5714285714285714,0.6363636363636361,0.09090909090909087
hgb_under_3p5_combo_wind_ge_12_precip_any_total_ge_56,weather_combo_grid,2017,4,3,1,0.75,1.727272727272727,0.43181818181818177
hgb_under_3p5_combo_wind_ge_12_precip_any_total_ge_56,weather_combo_grid,2018,4,4,0,1.0,3.6363636363636362,0.9090909090909091
hgb_under_3p5_combo_wind_ge_12_precip_any_total_ge_56,weather_combo_grid,2020,1,1,0,1.0,0.9090909090909091,0.9090909090909091
hgb_under_3p5_combo_wind_ge_12_precip_any_total_ge_56,weather_combo_grid,2021,2,2,0,1.0,1.8181818181818181,0.9090909090909091
hgb_under_3p5_combo_wind_ge_12_precip_any_total_ge_56,weather_combo_grid,2022,5,4,1,0.8,2.6363636363636362,0.5272727272727272
hgb_under_3p5_combo_wind_ge_12_precip_any_total_ge_56,weather_combo_grid,2024,3,2,1,0.6666666666666666,0.8181818181818181,0.2727272727272727
hgb_under_3p5_combo_cold_le_50_wind_ge_12_total_ge_56,weather_combo_grid,2016,2,0,2,0.0,-2.0,-1.0
hgb_under_3p5_combo_cold_le_50_wind_ge_12_total_ge_56,weather_combo_grid,2017,5,3,2,0.6,0.7272727272727273,0.14545454545454545
hgb_under_3p5_combo_cold_le_50_wind_ge_12_total_ge_56,weather_combo_grid,2018,3,2,1,0.6666666666666666,0.8181818181818181,0.2727272727272727
hgb_under_3p5_combo_cold_le_50_wind_ge_12_total_ge_56,weather_combo_grid,2019,2,1,1,0.5,-0.09090909090909094,-0.04545454545454547
hgb_under_3p5_combo_cold_le_50_wind_ge_12_total_ge_56,weather_combo_grid,2020,1,1,0,1.0,0.9090909090909091,0.9090909090909091
hgb_under_3p5_combo_cold_le_50_wind_ge_12_total_ge_56,weather_combo_grid,2021,4,2,2,0.5,-0.18181818181818177,-0.04545454545454544
hgb_under_3p5_combo_cold_le_50_wind_ge_12_total_ge_56,weather_combo_grid,2022,2,2,0,1.0,1.8181818181818181,0.9090909090909091
hgb_under_3p5_combo_cold_le_50_wind_ge_12_total_ge_56,weather_combo_grid,2023,2,1,1,0.5,-0.09090909090909094,-0.04545454545454547
hgb_under_3p5_combo_cold_le_50_wind_ge_12_total_ge_56,weather_combo_grid,2024,2,1,1,0.5,-0.09090909090909094,-0.04545454545454547
hgb_under_3p5_combo_cold_le_50_precip_any_total_ge_56,weather_combo_grid,2016,0,0,0,,0.0,
hgb_under_3p5_combo_cold_le_50_precip_any_total_ge_56,weather_combo_grid,2017,4,2,2,0.5,-0.18181818181818177,-0.04545454545454544
hgb_under_3p5_combo_cold_le_50_precip_any_total_ge_56,weather_combo_grid,2018,4,2,2,0.5,-0.18181818181818177,-0.04545454545454544
hgb_under_3p5_combo_cold_le_50_precip_any_total_ge_56,weather_combo_grid,2019,2,2,0,1.0,1.8181818181818181,0.9090909090909091
hgb_under_3p5_combo_cold_le_50_precip_any_total_ge_56,weather_combo_grid,2020,1,0,1,0.0,-1.0,-1.0
hgb_under_3p5_combo_cold_le_50_precip_any_total_ge_56,weather_combo_grid,2021,3,1,2,0.3333333333333333,-1.0909090909090908,-0.3636363636363636
hgb_under_3p5_combo_cold_le_50_precip_any_total_ge_56,weather_combo_grid,2022,3,2,1,0.6666666666666666,0.8181818181818181,0.2727272727272727
hgb_under_3p5_combo_cold_le_50_precip_any_total_ge_56,weather_combo_grid,2023,1,1,0,1.0,0.9090909090909091,0.9090909090909091
hgb_under_3p5_combo_cold_le_50_precip_any_total_ge_56,weather_combo_grid,2024,1,0,1,0.0,-1.0,-1.0
hgb_under_3p5_combo_heat_ge_85_humid_ge_70_total_ge_56,weather_combo_grid,2016,1,1,0,1.0,0.9090909090909091,0.9090909090909091
hgb_under_3p5_combo_heat_ge_85_humid_ge_70_total_ge_56,weather_combo_grid,2017,1,1,0,1.0,0.9090909090909091,0.9090909090909091
hgb_under_3p5_combo_heat_ge_85_humid_ge_70_total_ge_56,weather_combo_grid,2018,2,1,1,0.5,-0.09090909090909094,-0.04545454545454547
hgb_under_3p5_combo_total_ge_56_wind_ge_10,weather_total_combo_grid,2016,33,18,15,0.5454545454545454,1.3636363636363638,0.04132231404958678
hgb_under_3p5_combo_total_ge_56_wind_ge_10,weather_total_combo_grid,2017,50,35,15,0.7,16.818181818181817,0.3363636363636363
hgb_under_3p5_combo_total_ge_56_wind_ge_10,weather_total_combo_grid,2018,53,27,26,0.5094339622641509,-1.4545454545454533,-0.027444253859348174
hgb_under_3p5_combo_total_ge_56_wind_ge_10,weather_total_combo_grid,2019,19,9,10,0.47368421052631576,-1.8181818181818183,-0.09569377990430623
hgb_under_3p5_combo_total_ge_56_wind_ge_10,weather_total_combo_grid,2020,15,9,6,0.6,2.1818181818181817,0.14545454545454545
hgb_under_3p5_combo_total_ge_56_wind_ge_10,weather_total_combo_grid,2021,37,28,9,0.7567567567567568,16.454545454545453,0.4447174447174447
hgb_under_3p5_combo_total_ge_56_wind_ge_10,weather_total_combo_grid,2022,37,24,13,0.6486486486486487,8.818181818181817,0.23832923832923827
hgb_under_3p5_combo_total_ge_56_wind_ge_10,weather_total_combo_grid,2023,14,10,4,0.7142857142857143,5.090909090909091,0.36363636363636365
hgb_under_3p5_combo_total_ge_56_wind_ge_10,weather_total_combo_grid,2024,16,8,8,0.5,-0.7272727272727272,-0.04545454545454545
hgb_under_3p5_combo_total_ge_56_wind_ge_12,weather_total_combo_grid,2016,22,11,11,0.5,-1.0000000000000004,-0.04545454545454548
hgb_under_3p5_combo_total_ge_56_wind_ge_12,weather_total_combo_grid,2017,31,21,10,0.6774193548387096,9.090909090909088,0.2932551319648093
hgb_under_3p5_combo_total_ge_56_wind_ge_12,weather_total_combo_grid,2018,25,11,14,0.44,-3.999999999999999,-0.15999999999999998
hgb_under_3p5_combo_total_ge_56_wind_ge_12,weather_total_combo_grid,2019,8,4,4,0.5,-0.36363636363636376,-0.04545454545454547
hgb_under_3p5_combo_total_ge_56_wind_ge_12,weather_total_combo_grid,2020,6,3,3,0.5,-0.2727272727272727,-0.04545454545454545
hgb_under_3p5_combo_total_ge_56_wind_ge_12,weather_total_combo_grid,2021,22,16,6,0.7272727272727273,8.545454545454545,0.3884297520661157
hgb_under_3p5_combo_total_ge_56_wind_ge_12,weather_total_combo_grid,2022,21,14,7,0.6666666666666666,5.727272727272727,0.2727272727272727
hgb_under_3p5_combo_total_ge_56_wind_ge_12,weather_total_combo_grid,2023,10,8,2,0.8,5.2727272727272725,0.5272727272727272
hgb_under_3p5_combo_total_ge_56_wind_ge_12,weather_total_combo_grid,2024,10,6,4,0.6,1.4545454545454546,0.14545454545454545
hgb_under_3p5_combo_total_ge_56_wind_ge_15,weather_total_combo_grid,2016,9,5,4,0.5555555555555556,0.5454545454545454,0.0606060606060606
hgb_under_3p5_combo_total_ge_56_wind_ge_15,weather_total_combo_grid,2017,18,10,8,0.5555555555555556,1.0909090909090908,0.0606060606060606
hgb_under_3p5_combo_total_ge_56_wind_ge_15,weather_total_combo_grid,2018,13,3,10,0.23076923076923078,-7.2727272727272725,-0.5594405594405594
hgb_under_3p5_combo_total_ge_56_wind_ge_15,weather_total_combo_grid,2019,3,1,2,0.3333333333333333,-1.0909090909090908,-0.3636363636363636
hgb_under_3p5_combo_total_ge_56_wind_ge_15,weather_total_combo_grid,2020,3,1,2,0.3333333333333333,-1.0909090909090908,-0.3636363636363636
hgb_under_3p5_combo_total_ge_56_wind_ge_15,weather_total_combo_grid,2021,6,5,1,0.8333333333333334,3.5454545454545454,0.5909090909090909
hgb_under_3p5_combo_total_ge_56_wind_ge_15,weather_total_combo_grid,2022,8,5,3,0.625,1.5454545454545452,0.19318181818181815
hgb_under_3p5_combo_total_ge_56_wind_ge_15,weather_total_combo_grid,2023,3,3,0,1.0,2.727272727272727,0.9090909090909091
hgb_under_3p5_combo_total_ge_56_wind_ge_15,weather_total_combo_grid,2024,6,3,3,0.5,-0.2727272727272726,-0.045454545454545435
hgb_under_3p5_combo_total_ge_56_wind_ge_18,weather_total_combo_grid,2016,2,1,1,0.5,-0.09090909090909094,-0.04545454545454547
hgb_under_3p5_combo_total_ge_56_wind_ge_18,weather_total_combo_grid,2017,8,4,4,0.5,-0.36363636363636376,-0.04545454545454547
hgb_under_3p5_combo_total_ge_56_wind_ge_18,weather_total_combo_grid,2018,8,1,7,0.125,-6.090909090909091,-0.7613636363636364
hgb_under_3p5_combo_total_ge_56_wind_ge_18,weather_total_combo_grid,2019,0,0,0,,0.0,
hgb_under_3p5_combo_total_ge_56_wind_ge_18,weather_total_combo_grid,2021,3,2,1,0.6666666666666666,0.8181818181818181,0.2727272727272727
hgb_under_3p5_combo_total_ge_56_wind_ge_18,weather_total_combo_grid,2022,5,3,2,0.6,0.7272727272727271,0.14545454545454542
hgb_under_3p5_combo_total_ge_56_wind_ge_18,weather_total_combo_grid,2024,3,2,1,0.6666666666666666,0.8181818181818181,0.2727272727272727
hgb_under_3p5_combo_total_ge_56_cold_le_55,weather_total_combo_grid,2016,21,11,10,0.5238095238095238,-2.220446049250313e-16,-1.057355261547768e-17
hgb_under_3p5_combo_total_ge_56_cold_le_55,weather_total_combo_grid,2017,19,8,11,0.42105263157894735,-3.727272727272727,-0.19617224880382775
hgb_under_3p5_combo_total_ge_56_cold_le_55,weather_total_combo_grid,2018,35,21,14,0.6,5.090909090909091,0.14545454545454545
hgb_under_3p5_combo_total_ge_56_cold_le_55,weather_total_combo_grid,2019,22,13,9,0.5909090909090909,2.818181818181818,0.128099173553719
hgb_under_3p5_combo_total_ge_56_cold_le_55,weather_total_combo_grid,2020,16,11,5,0.6875,5.0,0.3125
hgb_under_3p5_combo_total_ge_56_cold_le_55,weather_total_combo_grid,2021,39,16,23,0.41025641025641024,-8.454545454545457,-0.21678321678321685
hgb_under_3p5_combo_total_ge_56_cold_le_55,weather_total_combo_grid,2022,17,13,4,0.7647058823529411,7.818181818181817,0.45989304812834214
hgb_under_3p5_combo_total_ge_56_cold_le_55,weather_total_combo_grid,2023,7,5,2,0.7142857142857143,2.5454545454545454,0.36363636363636365
hgb_under_3p5_combo_total_ge_56_cold_le_55,weather_total_combo_grid,2024,9,5,4,0.5555555555555556,0.5454545454545453,0.06060606060606059
hgb_under_3p5_combo_total_ge_56_cold_le_50,weather_total_combo_grid,2016,11,6,5,0.5454545454545454,0.45454545454545436,0.04132231404958676
hgb_under_3p5_combo_total_ge_56_cold_le_50,weather_total_combo_grid,2017,15,6,9,0.4,-3.545454545454545,-0.23636363636363633
hgb_under_3p5_combo_total_ge_56_cold_le_50,weather_total_combo_grid,2018,25,15,10,0.6,3.6363636363636362,0.14545454545454545
hgb_under_3p5_combo_total_ge_56_cold_le_50,weather_total_combo_grid,2019,17,9,8,0.5294117647058824,0.18181818181818188,0.010695187165775404
hgb_under_3p5_combo_total_ge_56_cold_le_50,weather_total_combo_grid,2020,12,7,5,0.5833333333333334,1.3636363636363638,0.11363636363636365
hgb_under_3p5_combo_total_ge_56_cold_le_50,weather_total_combo_grid,2021,27,11,16,0.4074074074074074,-5.999999999999999,-0.22222222222222218
hgb_under_3p5_combo_total_ge_56_cold_le_50,weather_total_combo_grid,2022,11,8,3,0.7272727272727273,4.2727272727272725,0.3884297520661157
hgb_under_3p5_combo_total_ge_56_cold_le_50,weather_total_combo_grid,2023,5,4,1,0.8,2.6363636363636362,0.5272727272727272
hgb_under_3p5_combo_total_ge_56_cold_le_50,weather_total_combo_grid,2024,6,3,3,0.5,-0.2727272727272726,-0.045454545454545435
hgb_under_3p5_combo_total_ge_56_cold_le_45,weather_total_combo_grid,2016,7,4,3,0.5714285714285714,0.6363636363636362,0.0909090909090909
hgb_under_3p5_combo_total_ge_56_cold_le_45,weather_total_combo_grid,2017,10,4,6,0.4,-2.3636363636363638,-0.2363636363636364
hgb_under_3p5_combo_total_ge_56_cold_le_45,weather_total_combo_grid,2018,15,9,6,0.6,2.1818181818181817,0.14545454545454545
hgb_under_3p5_combo_total_ge_56_cold_le_45,weather_total_combo_grid,2019,11,6,5,0.5454545454545454,0.45454545454545425,0.04132231404958675
hgb_under_3p5_combo_total_ge_56_cold_le_45,weather_total_combo_grid,2020,8,3,5,0.375,-2.2727272727272725,-0.28409090909090906
hgb_under_3p5_combo_total_ge_56_cold_le_45,weather_total_combo_grid,2021,16,6,10,0.375,-4.545454545454545,-0.28409090909090906
hgb_under_3p5_combo_total_ge_56_cold_le_45,weather_total_combo_grid,2022,10,7,3,0.7,3.3636363636363633,0.3363636363636363
hgb_under_3p5_combo_total_ge_56_cold_le_45,weather_total_combo_grid,2023,3,3,0,1.0,2.727272727272727,0.9090909090909091
hgb_under_3p5_combo_total_ge_56_cold_le_45,weather_total_combo_grid,2024,5,3,2,0.6,0.7272727272727273,0.14545454545454545
hgb_under_3p5_combo_total_ge_56_cold_le_40,weather_total_combo_grid,2016,3,1,2,0.3333333333333333,-1.0909090909090908,-0.3636363636363636
hgb_under_3p5_combo_total_ge_56_cold_le_40,weather_total_combo_grid,2017,6,4,2,0.6666666666666666,1.6363636363636362,0.2727272727272727
hgb_under_3p5_combo_total_ge_56_cold_le_40,weather_total_combo_grid,2018,8,3,5,0.375,-2.2727272727272725,-0.28409090909090906
hgb_under_3p5_combo_total_ge_56_cold_le_40,weather_total_combo_grid,2019,4,2,2,0.5,-0.18181818181818177,-0.04545454545454544
hgb_under_3p5_combo_total_ge_56_cold_le_40,weather_total_combo_grid,2020,5,2,3,0.4,-1.1818181818181819,-0.2363636363636364
hgb_under_3p5_combo_total_ge_56_cold_le_40,weather_total_combo_grid,2021,11,4,7,0.36363636363636365,-3.363636363636364,-0.3057851239669422
hgb_under_3p5_combo_total_ge_56_cold_le_40,weather_total_combo_grid,2022,5,4,1,0.8,2.6363636363636362,0.5272727272727272
hgb_under_3p5_combo_total_ge_56_cold_le_40,weather_total_combo_grid,2023,1,1,0,1.0,0.9090909090909091,0.9090909090909091
hgb_under_3p5_combo_total_ge_56_cold_le_40,weather_total_combo_grid,2024,4,2,2,0.5,-0.18181818181818177,-0.04545454545454544
hgb_under_3p5_combo_total_ge_56_heat_ge_85,weather_total_combo_grid,2016,5,1,4,0.2,-3.090909090909091,-0.6181818181818182
hgb_under_3p5_combo_total_ge_56_heat_ge_85,weather_total_combo_grid,2017,11,7,4,0.6363636363636364,2.3636363636363633,0.21487603305785122
hgb_under_3p5_combo_total_ge_56_heat_ge_85,weather_total_combo_grid,2018,16,7,9,0.4375,-2.6363636363636362,-0.16477272727272727
hgb_under_3p5_combo_total_ge_56_heat_ge_85,weather_total_combo_grid,2019,8,5,3,0.625,1.5454545454545452,0.19318181818181815
hgb_under_3p5_combo_total_ge_56_heat_ge_85,weather_total_combo_grid,2020,1,0,1,0.0,-1.0,-1.0
hgb_under_3p5_combo_total_ge_56_heat_ge_85,weather_total_combo_grid,2021,7,3,4,0.42857142857142855,-1.272727272727273,-0.18181818181818185
hgb_under_3p5_combo_total_ge_56_heat_ge_85,weather_total_combo_grid,2022,11,5,6,0.45454545454545453,-1.4545454545454541,-0.13223140495867766
hgb_under_3p5_combo_total_ge_56_heat_ge_85,weather_total_combo_grid,2023,8,5,3,0.625,1.5454545454545452,0.19318181818181815
hgb_under_3p5_combo_total_ge_56_heat_ge_85,weather_total_combo_grid,2024,7,3,4,0.42857142857142855,-1.2727272727272725,-0.1818181818181818
hgb_under_3p5_combo_total_ge_56_heat_ge_90,weather_total_combo_grid,2016,1,0,1,0.0,-1.0,-1.0
hgb_under_3p5_combo_total_ge_56_heat_ge_90,weather_total_combo_grid,2017,3,2,1,0.6666666666666666,0.8181818181818181,0.2727272727272727
hgb_under_3p5_combo_total_ge_56_heat_ge_90,weather_total_combo_grid,2018,4,1,3,0.25,-2.090909090909091,-0.5227272727272727
hgb_under_3p5_combo_total_ge_56_heat_ge_90,weather_total_combo_grid,2019,3,2,1,0.6666666666666666,0.8181818181818181,0.2727272727272727
hgb_under_3p5_combo_total_ge_56_heat_ge_90,weather_total_combo_grid,2021,2,0,2,0.0,-2.0,-1.0
hgb_under_3p5_combo_total_ge_56_heat_ge_90,weather_total_combo_grid,2022,2,0,2,0.0,-2.0,-1.0
hgb_under_3p5_combo_total_ge_56_heat_ge_90,weather_total_combo_grid,2023,5,4,1,0.8,2.6363636363636362,0.5272727272727272
hgb_under_3p5_combo_total_ge_56_heat_ge_90,weather_total_combo_grid,2024,3,0,3,0.0,-3.0,-1.0
hgb_under_3p5_combo_total_ge_56_heat_ge_95,weather_total_combo_grid,2018,2,1,1,0.5,-0.09090909090909094,-0.04545454545454547
hgb_under_3p5_combo_total_ge_56_heat_ge_95,weather_total_combo_grid,2019,1,0,1,0.0,-1.0,-1.0
hgb_under_3p5_combo_total_ge_56_heat_ge_95,weather_total_combo_grid,2023,1,0,1,0.0,-1.0,-1.0
hgb_under_3p5_combo_total_ge_56_heat_ge_95,weather_total_combo_grid,2024,3,0,3,0.0,-3.0,-1.0
hgb_under_3p5_combo_total_ge_56_humid_ge_70,weather_total_combo_grid,2016,28,14,14,0.5,-1.2727272727272725,-0.04545454545454545
hgb_under_3p5_combo_total_ge_56_humid_ge_70,weather_total_combo_grid,2017,30,17,13,0.5666666666666667,2.454545454545455,0.08181818181818183
hgb_under_3p5_combo_total_ge_56_humid_ge_70,weather_total_combo_grid,2018,40,22,18,0.55,2.0,0.05
hgb_under_3p5_combo_total_ge_56_humid_ge_70,weather_total_combo_grid,2019,18,11,7,0.6111111111111112,2.9999999999999996,0.16666666666666663
hgb_under_3p5_combo_total_ge_56_humid_ge_70,weather_total_combo_grid,2020,22,13,9,0.5909090909090909,2.8181818181818175,0.12809917355371897
hgb_under_3p5_combo_total_ge_56_humid_ge_70,weather_total_combo_grid,2021,50,26,24,0.52,-0.36363636363636476,-0.007272727272727295
hgb_under_3p5_combo_total_ge_56_humid_ge_70,weather_total_combo_grid,2022,23,13,10,0.5652173913043478,1.8181818181818175,0.07905138339920946
hgb_under_3p5_combo_total_ge_56_humid_ge_70,weather_total_combo_grid,2023,14,10,4,0.7142857142857143,5.090909090909091,0.36363636363636365
hgb_under_3p5_combo_total_ge_56_humid_ge_70,weather_total_combo_grid,2024,14,9,5,0.6428571428571429,3.1818181818181817,0.22727272727272727
hgb_under_3p5_combo_total_ge_56_humid_ge_80,weather_total_combo_grid,2016,18,9,9,0.5,-0.8181818181818187,-0.045454545454545484
hgb_under_3p5_combo_total_ge_56_humid_ge_80,weather_total_combo_grid,2017,16,7,9,0.4375,-2.6363636363636362,-0.16477272727272727
hgb_under_3p5_combo_total_ge_56_humid_ge_80,weather_total_combo_grid,2018,24,13,11,0.5416666666666666,0.8181818181818183,0.034090909090909095
hgb_under_3p5_combo_total_ge_56_humid_ge_80,weather_total_combo_grid,2019,7,4,3,0.5714285714285714,0.6363636363636361,0.09090909090909087
hgb_under_3p5_combo_total_ge_56_humid_ge_80,weather_total_combo_grid,2020,16,10,6,0.625,3.0909090909090904,0.19318181818181815
hgb_under_3p5_combo_total_ge_56_humid_ge_80,weather_total_combo_grid,2021,27,18,9,0.6666666666666666,7.363636363636362,0.2727272727272727
hgb_under_3p5_combo_total_ge_56_humid_ge_80,weather_total_combo_grid,2022,13,9,4,0.6923076923076923,4.181818181818182,0.32167832167832167
hgb_under_3p5_combo_total_ge_56_humid_ge_80,weather_total_combo_grid,2023,9,7,2,0.7777777777777778,4.363636363636363,0.4848484848484848
hgb_under_3p5_combo_total_ge_56_humid_ge_80,weather_total_combo_grid,2024,10,7,3,0.7,3.3636363636363633,0.3363636363636363
hgb_under_3p5_combo_total_ge_56_dewpoint_ge_65,weather_total_combo_grid,2016,13,5,8,0.38461538461538464,-3.454545454545454,-0.26573426573426573
hgb_under_3p5_combo_total_ge_56_dewpoint_ge_65,weather_total_combo_grid,2017,13,6,7,0.46153846153846156,-1.545454545454545,-0.11888111888111884
hgb_under_3p5_combo_total_ge_56_dewpoint_ge_65,weather_total_combo_grid,2018,33,18,15,0.5454545454545454,1.363636363636364,0.041322314049586785
hgb_under_3p5_combo_total_ge_56_dewpoint_ge_65,weather_total_combo_grid,2019,9,4,5,0.4444444444444444,-1.3636363636363638,-0.15151515151515152
hgb_under_3p5_combo_total_ge_56_dewpoint_ge_65,weather_total_combo_grid,2020,10,2,8,0.2,-6.181818181818182,-0.6181818181818182
hgb_under_3p5_combo_total_ge_56_dewpoint_ge_65,weather_total_combo_grid,2021,25,16,9,0.64,5.545454545454545,0.2218181818181818
hgb_under_3p5_combo_total_ge_56_dewpoint_ge_65,weather_total_combo_grid,2022,10,4,6,0.4,-2.3636363636363633,-0.23636363636363633
hgb_under_3p5_combo_total_ge_56_dewpoint_ge_65,weather_total_combo_grid,2023,3,2,1,0.6666666666666666,0.8181818181818181,0.2727272727272727
hgb_under_3p5_combo_total_ge_56_dewpoint_ge_65,weather_total_combo_grid,2024,10,6,4,0.6,1.4545454545454546,0.14545454545454545
hgb_under_3p5_combo_total_ge_56_dewpoint_ge_70,weather_total_combo_grid,2016,6,2,4,0.3333333333333333,-2.1818181818181817,-0.3636363636363636
hgb_under_3p5_combo_total_ge_56_dewpoint_ge_70,weather_total_combo_grid,2017,7,5,2,0.7142857142857143,2.5454545454545454,0.36363636363636365
hgb_under_3p5_combo_total_ge_56_dewpoint_ge_70,weather_total_combo_grid,2018,19,10,9,0.5263157894736842,0.09090909090909072,0.004784688995215301
hgb_under_3p5_combo_total_ge_56_dewpoint_ge_70,weather_total_combo_grid,2019,2,1,1,0.5,-0.09090909090909094,-0.04545454545454547
hgb_under_3p5_combo_total_ge_56_dewpoint_ge_70,weather_total_combo_grid,2020,5,2,3,0.4,-1.1818181818181817,-0.23636363636363633
hgb_under_3p5_combo_total_ge_56_dewpoint_ge_70,weather_total_combo_grid,2021,9,6,3,0.6666666666666666,2.454545454545454,0.2727272727272727
hgb_under_3p5_combo_total_ge_56_dewpoint_ge_70,weather_total_combo_grid,2022,7,3,4,0.42857142857142855,-1.272727272727273,-0.18181818181818185
hgb_under_3p5_combo_total_ge_56_dewpoint_ge_70,weather_total_combo_grid,2024,5,4,1,0.8,2.6363636363636362,0.5272727272727272
hgb_under_3p5_combo_total_ge_56_precip_any,weather_total_combo_grid,2016,10,5,5,0.5,-0.4545454545454547,-0.04545454545454547
hgb_under_3p5_combo_total_ge_56_precip_any,weather_total_combo_grid,2017,9,5,4,0.5555555555555556,0.5454545454545453,0.06060606060606059
hgb_under_3p5_combo_total_ge_56_precip_any,weather_total_combo_grid,2018,20,12,8,0.6,2.9090909090909087,0.14545454545454545
hgb_under_3p5_combo_total_ge_56_precip_any,weather_total_combo_grid,2019,5,5,0,1.0,4.545454545454545,0.909090909090909
hgb_under_3p5_combo_total_ge_56_precip_any,weather_total_combo_grid,2020,9,4,5,0.4444444444444444,-1.3636363636363638,-0.15151515151515152
hgb_under_3p5_combo_total_ge_56_precip_any,weather_total_combo_grid,2021,25,16,9,0.64,5.545454545454545,0.2218181818181818
hgb_under_3p5_combo_total_ge_56_precip_any,weather_total_combo_grid,2022,11,7,4,0.6363636363636364,2.3636363636363633,0.21487603305785122
hgb_under_3p5_combo_total_ge_56_precip_any,weather_total_combo_grid,2023,3,1,2,0.3333333333333333,-1.0909090909090908,-0.3636363636363636
hgb_under_3p5_combo_total_ge_56_precip_any,weather_total_combo_grid,2024,8,4,4,0.5,-0.36363636363636376,-0.04545454545454547
hgb_under_3p5_combo_total_ge_56_rain_flag,weather_total_combo_grid,2016,10,5,5,0.5,-0.4545454545454547,-0.04545454545454547
hgb_under_3p5_combo_total_ge_56_rain_flag,weather_total_combo_grid,2017,9,5,4,0.5555555555555556,0.5454545454545453,0.06060606060606059
hgb_under_3p5_combo_total_ge_56_rain_flag,weather_total_combo_grid,2018,20,12,8,0.6,2.9090909090909087,0.14545454545454545
hgb_under_3p5_combo_total_ge_56_rain_flag,weather_total_combo_grid,2019,5,5,0,1.0,4.545454545454545,0.909090909090909
hgb_under_3p5_combo_total_ge_56_rain_flag,weather_total_combo_grid,2020,9,4,5,0.4444444444444444,-1.3636363636363638,-0.15151515151515152
hgb_under_3p5_combo_total_ge_56_rain_flag,weather_total_combo_grid,2021,25,16,9,0.64,5.545454545454545,0.2218181818181818
hgb_under_3p5_combo_total_ge_56_rain_flag,weather_total_combo_grid,2022,11,7,4,0.6363636363636364,2.3636363636363633,0.21487603305785122
hgb_under_3p5_combo_total_ge_56_rain_flag,weather_total_combo_grid,2023,3,1,2,0.3333333333333333,-1.0909090909090908,-0.3636363636363636
hgb_under_3p5_combo_total_ge_56_rain_flag,weather_total_combo_grid,2024,8,4,4,0.5,-0.36363636363636376,-0.04545454545454547
hgb_under_3p5_combo_total_ge_56_snow_flag,weather_total_combo_grid,2018,1,0,1,0.0,-1.0,-1.0
hgb_under_3p5_combo_total_ge_56_thunder_flag,weather_total_combo_grid,2016,1,0,1,0.0,-1.0,-1.0
hgb_under_3p5_combo_total_ge_56_thunder_flag,weather_total_combo_grid,2017,1,1,0,1.0,0.9090909090909091,0.9090909090909091
hgb_under_3p5_combo_total_ge_56_thunder_flag,weather_total_combo_grid,2018,1,1,0,1.0,0.9090909090909091,0.9090909090909091
hgb_under_3p5_combo_total_ge_56_wintry_flag,weather_total_combo_grid,2018,1,0,1,0.0,-1.0,-1.0
hgb_under_3p5_combo_total_ge_58_wind_ge_10,weather_total_combo_grid,2016,29,16,13,0.5517241379310345,1.5454545454545454,0.05329153605015674
hgb_under_3p5_combo_total_ge_58_wind_ge_10,weather_total_combo_grid,2017,45,31,14,0.6888888888888889,14.18181818181818,0.3151515151515151
hgb_under_3p5_combo_total_ge_58_wind_ge_10,weather_total_combo_grid,2018,50,26,24,0.52,-0.3636363636363634,-0.007272727272727268
hgb_under_3p5_combo_total_ge_58_wind_ge_10,weather_total_combo_grid,2019,15,7,8,0.4666666666666667,-1.6363636363636365,-0.1090909090909091
hgb_under_3p5_combo_total_ge_58_wind_ge_10,weather_total_combo_grid,2020,14,8,6,0.5714285714285714,1.2727272727272725,0.0909090909090909
hgb_under_3p5_combo_total_ge_58_wind_ge_10,weather_total_combo_grid,2021,33,24,9,0.7272727272727273,12.818181818181815,0.3884297520661156
hgb_under_3p5_combo_total_ge_58_wind_ge_10,weather_total_combo_grid,2022,33,23,10,0.696969696969697,10.909090909090907,0.3305785123966941
hgb_under_3p5_combo_total_ge_58_wind_ge_10,weather_total_combo_grid,2023,14,10,4,0.7142857142857143,5.090909090909091,0.36363636363636365
hgb_under_3p5_combo_total_ge_58_wind_ge_10,weather_total_combo_grid,2024,16,8,8,0.5,-0.7272727272727272,-0.04545454545454545
hgb_under_3p5_combo_total_ge_58_wind_ge_12,weather_total_combo_grid,2016,18,9,9,0.5,-0.8181818181818182,-0.045454545454545456
hgb_under_3p5_combo_total_ge_58_wind_ge_12,weather_total_combo_grid,2017,28,18,10,0.6428571428571429,6.363636363636363,0.22727272727272727
hgb_under_3p5_combo_total_ge_58_wind_ge_12,weather_total_combo_grid,2018,23,10,13,0.43478260869565216,-3.9090909090909083,-0.16996047430830036
hgb_under_3p5_combo_total_ge_58_wind_ge_12,weather_total_combo_grid,2019,7,4,3,0.5714285714285714,0.6363636363636362,0.0909090909090909
hgb_under_3p5_combo_total_ge_58_wind_ge_12,weather_total_combo_grid,2020,6,3,3,0.5,-0.2727272727272727,-0.04545454545454545
hgb_under_3p5_combo_total_ge_58_wind_ge_12,weather_total_combo_grid,2021,19,13,6,0.6842105263157895,5.8181818181818175,0.3062200956937799
hgb_under_3p5_combo_total_ge_58_wind_ge_12,weather_total_combo_grid,2022,17,13,4,0.7647058823529411,7.8181818181818175,0.4598930481283422
hgb_under_3p5_combo_total_ge_58_wind_ge_12,weather_total_combo_grid,2023,10,8,2,0.8,5.2727272727272725,0.5272727272727272
hgb_under_3p5_combo_total_ge_58_wind_ge_12,weather_total_combo_grid,2024,10,6,4,0.6,1.4545454545454546,0.14545454545454545
hgb_under_3p5_combo_total_ge_58_wind_ge_15,weather_total_combo_grid,2016,7,4,3,0.5714285714285714,0.6363636363636362,0.0909090909090909
hgb_under_3p5_combo_total_ge_58_wind_ge_15,weather_total_combo_grid,2017,16,8,8,0.5,-0.7272727272727275,-0.04545454545454547
hgb_under_3p5_combo_total_ge_58_wind_ge_15,weather_total_combo_grid,2018,12,3,9,0.25,-6.2727272727272725,-0.5227272727272727
hgb_under_3p5_combo_total_ge_58_wind_ge_15,weather_total_combo_grid,2019,2,1,1,0.5,-0.09090909090909094,-0.04545454545454547
hgb_under_3p5_combo_total_ge_58_wind_ge_15,weather_total_combo_grid,2020,3,1,2,0.3333333333333333,-1.0909090909090908,-0.3636363636363636
hgb_under_3p5_combo_total_ge_58_wind_ge_15,weather_total_combo_grid,2021,5,4,1,0.8,2.6363636363636362,0.5272727272727272
hgb_under_3p5_combo_total_ge_58_wind_ge_15,weather_total_combo_grid,2022,6,5,1,0.8333333333333334,3.5454545454545454,0.5909090909090909
hgb_under_3p5_combo_total_ge_58_wind_ge_15,weather_total_combo_grid,2023,3,3,0,1.0,2.727272727272727,0.9090909090909091
hgb_under_3p5_combo_total_ge_58_wind_ge_15,weather_total_combo_grid,2024,6,3,3,0.5,-0.2727272727272726,-0.045454545454545435
hgb_under_3p5_combo_total_ge_58_wind_ge_18,weather_total_combo_grid,2017,7,3,4,0.42857142857142855,-1.2727272727272725,-0.1818181818181818
hgb_under_3p5_combo_total_ge_58_wind_ge_18,weather_total_combo_grid,2018,8,1,7,0.125,-6.090909090909091,-0.7613636363636364
hgb_under_3p5_combo_total_ge_58_wind_ge_18,weather_total_combo_grid,2019,0,0,0,,0.0,
hgb_under_3p5_combo_total_ge_58_wind_ge_18,weather_total_combo_grid,2021,3,2,1,0.6666666666666666,0.8181818181818181,0.2727272727272727
hgb_under_3p5_combo_total_ge_58_wind_ge_18,weather_total_combo_grid,2022,3,3,0,1.0,2.727272727272727,0.9090909090909091
hgb_under_3p5_combo_total_ge_58_wind_ge_18,weather_total_combo_grid,2024,3,2,1,0.6666666666666666,0.8181818181818181,0.2727272727272727
hgb_under_3p5_combo_total_ge_58_cold_le_55,weather_total_combo_grid,2016,18,9,9,0.5,-0.8181818181818185,-0.04545454545454547
hgb_under_3p5_combo_total_ge_58_cold_le_55,weather_total_combo_grid,2017,12,4,8,0.3333333333333333,-4.363636363636363,-0.3636363636363636
hgb_under_3p5_combo_total_ge_58_cold_le_55,weather_total_combo_grid,2018,30,19,11,0.6333333333333333,6.2727272727272725,0.20909090909090908
hgb_under_3p5_combo_total_ge_58_cold_le_55,weather_total_combo_grid,2019,16,8,8,0.5,-0.7272727272727273,-0.045454545454545456
hgb_under_3p5_combo_total_ge_58_cold_le_55,weather_total_combo_grid,2020,14,10,4,0.7142857142857143,5.090909090909091,0.36363636363636365
hgb_under_3p5_combo_total_ge_58_cold_le_55,weather_total_combo_grid,2021,31,13,18,0.41935483870967744,-6.181818181818182,-0.19941348973607037
hgb_under_3p5_combo_total_ge_58_cold_le_55,weather_total_combo_grid,2022,15,11,4,0.7333333333333333,5.999999999999999,0.39999999999999997
hgb_under_3p5_combo_total_ge_58_cold_le_55,weather_total_combo_grid,2023,7,5,2,0.7142857142857143,2.5454545454545454,0.36363636363636365
hgb_under_3p5_combo_total_ge_58_cold_le_55,weather_total_combo_grid,2024,7,3,4,0.42857142857142855,-1.2727272727272725,-0.1818181818181818
hgb_under_3p5_combo_total_ge_58_cold_le_50,weather_total_combo_grid,2016,9,4,5,0.4444444444444444,-1.3636363636363638,-0.15151515151515152
hgb_under_3p5_combo_total_ge_58_cold_le_50,weather_total_combo_grid,2017,8,2,6,0.25,-4.181818181818182,-0.5227272727272727
hgb_under_3p5_combo_total_ge_58_cold_le_50,weather_total_combo_grid,2018,22,13,9,0.5909090909090909,2.818181818181818,0.128099173553719
hgb_under_3p5_combo_total_ge_58_cold_le_50,weather_total_combo_grid,2019,12,5,7,0.4166666666666667,-2.4545454545454546,-0.20454545454545456
hgb_under_3p5_combo_total_ge_58_cold_le_50,weather_total_combo_grid,2020,10,6,4,0.6,1.4545454545454541,0.14545454545454542
hgb_under_3p5_combo_total_ge_58_cold_le_50,weather_total_combo_grid,2021,21,10,11,0.47619047619047616,-1.9090909090909092,-0.09090909090909091
hgb_under_3p5_combo_total_ge_58_cold_le_50,weather_total_combo_grid,2022,9,6,3,0.6666666666666666,2.454545454545454,0.2727272727272727
hgb_under_3p5_combo_total_ge_58_cold_le_50,weather_total_combo_grid,2023,5,4,1,0.8,2.6363636363636362,0.5272727272727272
hgb_under_3p5_combo_total_ge_58_cold_le_50,weather_total_combo_grid,2024,6,3,3,0.5,-0.2727272727272726,-0.045454545454545435
hgb_under_3p5_combo_total_ge_58_cold_le_45,weather_total_combo_grid,2016,6,3,3,0.5,-0.27272727272727293,-0.04545454545454549
hgb_under_3p5_combo_total_ge_58_cold_le_45,weather_total_combo_grid,2017,5,1,4,0.2,-3.090909090909091,-0.6181818181818182
hgb_under_3p5_combo_total_ge_58_cold_le_45,weather_total_combo_grid,2018,13,8,5,0.6153846153846154,2.2727272727272725,0.17482517482517482
hgb_under_3p5_combo_total_ge_58_cold_le_45,weather_total_combo_grid,2019,9,4,5,0.4444444444444444,-1.3636363636363638,-0.15151515151515152
hgb_under_3p5_combo_total_ge_58_cold_le_45,weather_total_combo_grid,2020,7,3,4,0.42857142857142855,-1.2727272727272725,-0.1818181818181818
hgb_under_3p5_combo_total_ge_58_cold_le_45,weather_total_combo_grid,2021,13,5,8,0.38461538461538464,-3.454545454545454,-0.26573426573426573
hgb_under_3p5_combo_total_ge_58_cold_le_45,weather_total_combo_grid,2022,8,5,3,0.625,1.5454545454545452,0.19318181818181815
hgb_under_3p5_combo_total_ge_58_cold_le_45,weather_total_combo_grid,2023,3,3,0,1.0,2.727272727272727,0.9090909090909091
hgb_under_3p5_combo_total_ge_58_cold_le_45,weather_total_combo_grid,2024,5,3,2,0.6,0.7272727272727273,0.14545454545454545
hgb_under_3p5_combo_total_ge_58_cold_le_40,weather_total_combo_grid,2016,2,0,2,0.0,-2.0,-1.0
hgb_under_3p5_combo_total_ge_58_cold_le_40,weather_total_combo_grid,2017,3,1,2,0.3333333333333333,-1.0909090909090908,-0.3636363636363636
hgb_under_3p5_combo_total_ge_58_cold_le_40,weather_total_combo_grid,2018,7,3,4,0.42857142857142855,-1.2727272727272725,-0.1818181818181818
hgb_under_3p5_combo_total_ge_58_cold_le_40,weather_total_combo_grid,2019,3,1,2,0.3333333333333333,-1.0909090909090908,-0.3636363636363636
hgb_under_3p5_combo_total_ge_58_cold_le_40,weather_total_combo_grid,2020,5,2,3,0.4,-1.1818181818181819,-0.2363636363636364
hgb_under_3p5_combo_total_ge_58_cold_le_40,weather_total_combo_grid,2021,9,4,5,0.4444444444444444,-1.3636363636363633,-0.1515151515151515
hgb_under_3p5_combo_total_ge_58_cold_le_40,weather_total_combo_grid,2022,4,3,1,0.75,1.727272727272727,0.43181818181818177
hgb_under_3p5_combo_total_ge_58_cold_le_40,weather_total_combo_grid,2023,1,1,0,1.0,0.9090909090909091,0.9090909090909091
hgb_under_3p5_combo_total_ge_58_cold_le_40,weather_total_combo_grid,2024,4,2,2,0.5,-0.18181818181818177,-0.04545454545454544
hgb_under_3p5_combo_total_ge_58_heat_ge_85,weather_total_combo_grid,2016,5,1,4,0.2,-3.090909090909091,-0.6181818181818182
hgb_under_3p5_combo_total_ge_58_heat_ge_85,weather_total_combo_grid,2017,11,7,4,0.6363636363636364,2.3636363636363633,0.21487603305785122
hgb_under_3p5_combo_total_ge_58_heat_ge_85,weather_total_combo_grid,2018,15,7,8,0.4666666666666667,-1.6363636363636367,-0.10909090909090911
hgb_under_3p5_combo_total_ge_58_heat_ge_85,weather_total_combo_grid,2019,6,4,2,0.6666666666666666,1.6363636363636362,0.2727272727272727
hgb_under_3p5_combo_total_ge_58_heat_ge_85,weather_total_combo_grid,2020,1,0,1,0.0,-1.0,-1.0
hgb_under_3p5_combo_total_ge_58_heat_ge_85,weather_total_combo_grid,2021,7,3,4,0.42857142857142855,-1.272727272727273,-0.18181818181818185
hgb_under_3p5_combo_total_ge_58_heat_ge_85,weather_total_combo_grid,2022,10,4,6,0.4,-2.3636363636363633,-0.23636363636363633
hgb_under_3p5_combo_total_ge_58_heat_ge_85,weather_total_combo_grid,2023,7,5,2,0.7142857142857143,2.5454545454545454,0.36363636363636365
hgb_under_3p5_combo_total_ge_58_heat_ge_85,weather_total_combo_grid,2024,7,3,4,0.42857142857142855,-1.2727272727272725,-0.1818181818181818
hgb_under_3p5_combo_total_ge_58_heat_ge_90,weather_total_combo_grid,2016,1,0,1,0.0,-1.0,-1.0
hgb_under_3p5_combo_total_ge_58_heat_ge_90,weather_total_combo_grid,2017,3,2,1,0.6666666666666666,0.8181818181818181,0.2727272727272727
hgb_under_3p5_combo_total_ge_58_heat_ge_90,weather_total_combo_grid,2018,4,1,3,0.25,-2.090909090909091,-0.5227272727272727
hgb_under_3p5_combo_total_ge_58_heat_ge_90,weather_total_combo_grid,2019,3,2,1,0.6666666666666666,0.8181818181818181,0.2727272727272727
hgb_under_3p5_combo_total_ge_58_heat_ge_90,weather_total_combo_grid,2021,2,0,2,0.0,-2.0,-1.0
hgb_under_3p5_combo_total_ge_58_heat_ge_90,weather_total_combo_grid,2022,2,0,2,0.0,-2.0,-1.0
hgb_under_3p5_combo_total_ge_58_heat_ge_90,weather_total_combo_grid,2023,5,4,1,0.8,2.6363636363636362,0.5272727272727272
hgb_under_3p5_combo_total_ge_58_heat_ge_90,weather_total_combo_grid,2024,3,0,3,0.0,-3.0,-1.0
hgb_under_3p5_combo_total_ge_58_heat_ge_95,weather_total_combo_grid,2018,2,1,1,0.5,-0.09090909090909094,-0.04545454545454547
hgb_under_3p5_combo_total_ge_58_heat_ge_95,weather_total_combo_grid,2019,1,0,1,0.0,-1.0,-1.0
hgb_under_3p5_combo_total_ge_58_heat_ge_95,weather_total_combo_grid,2023,1,0,1,0.0,-1.0,-1.0
hgb_under_3p5_combo_total_ge_58_heat_ge_95,weather_total_combo_grid,2024,3,0,3,0.0,-3.0,-1.0
hgb_under_3p5_combo_total_ge_58_humid_ge_70,weather_total_combo_grid,2016,24,12,12,0.5,-1.0909090909090908,-0.04545454545454545
hgb_under_3p5_combo_total_ge_58_humid_ge_70,weather_total_combo_grid,2017,23,14,9,0.6086956521739131,3.7272727272727266,0.16205533596837943
hgb_under_3p5_combo_total_ge_58_humid_ge_70,weather_total_combo_grid,2018,35,19,16,0.5428571428571428,1.272727272727272,0.03636363636363634
hgb_under_3p5_combo_total_ge_58_humid_ge_70,weather_total_combo_grid,2019,16,10,6,0.625,3.0909090909090904,0.19318181818181815
hgb_under_3p5_combo_total_ge_58_humid_ge_70,weather_total_combo_grid,2020,20,11,9,0.55,0.9999999999999997,0.04999999999999998
hgb_under_3p5_combo_total_ge_58_humid_ge_70,weather_total_combo_grid,2021,40,21,19,0.525,0.09090909090908994,0.0022727272727272483
hgb_under_3p5_combo_total_ge_58_humid_ge_70,weather_total_combo_grid,2022,22,13,9,0.5909090909090909,2.8181818181818175,0.12809917355371897
hgb_under_3p5_combo_total_ge_58_humid_ge_70,weather_total_combo_grid,2023,13,9,4,0.6923076923076923,4.181818181818182,0.32167832167832167
hgb_under_3p5_combo_total_ge_58_humid_ge_70,weather_total_combo_grid,2024,12,7,5,0.5833333333333334,1.3636363636363633,0.1136363636363636
hgb_under_3p5_combo_total_ge_58_humid_ge_80,weather_total_combo_grid,2016,16,8,8,0.5,-0.7272727272727275,-0.04545454545454547
hgb_under_3p5_combo_total_ge_58_humid_ge_80,weather_total_combo_grid,2017,11,5,6,0.45454545454545453,-1.4545454545454546,-0.1322314049586777
hgb_under_3p5_combo_total_ge_58_humid_ge_80,weather_total_combo_grid,2018,23,13,10,0.5652173913043478,1.818181818181818,0.07905138339920947
hgb_under_3p5_combo_total_ge_58_humid_ge_80,weather_total_combo_grid,2019,6,3,3,0.5,-0.27272727272727293,-0.04545454545454549
hgb_under_3p5_combo_total_ge_58_humid_ge_80,weather_total_combo_grid,2020,14,8,6,0.5714285714285714,1.2727272727272725,0.0909090909090909
hgb_under_3p5_combo_total_ge_58_humid_ge_80,weather_total_combo_grid,2021,21,14,7,0.6666666666666666,5.727272727272727,0.2727272727272727
hgb_under_3p5_combo_total_ge_58_humid_ge_80,weather_total_combo_grid,2022,12,9,3,0.75,5.181818181818182,0.4318181818181818
hgb_under_3p5_combo_total_ge_58_humid_ge_80,weather_total_combo_grid,2023,8,6,2,0.75,3.454545454545454,0.43181818181818177
hgb_under_3p5_combo_total_ge_58_humid_ge_80,weather_total_combo_grid,2024,9,6,3,0.6666666666666666,2.454545454545454,0.2727272727272727
hgb_under_3p5_combo_total_ge_58_dewpoint_ge_65,weather_total_combo_grid,2016,11,4,7,0.36363636363636365,-3.3636363636363638,-0.3057851239669422
hgb_under_3p5_combo_total_ge_58_dewpoint_ge_65,weather_total_combo_grid,2017,12,6,6,0.5,-0.5454545454545456,-0.04545454545454547
hgb_under_3p5_combo_total_ge_58_dewpoint_ge_65,weather_total_combo_grid,2018,29,16,13,0.5517241379310345,1.5454545454545454,0.05329153605015674
hgb_under_3p5_combo_total_ge_58_dewpoint_ge_65,weather_total_combo_grid,2019,8,4,4,0.5,-0.36363636363636376,-0.04545454545454547
hgb_under_3p5_combo_total_ge_58_dewpoint_ge_65,weather_total_combo_grid,2020,10,2,8,0.2,-6.181818181818182,-0.6181818181818182
hgb_under_3p5_combo_total_ge_58_dewpoint_ge_65,weather_total_combo_grid,2021,21,14,7,0.6666666666666666,5.727272727272727,0.2727272727272727
hgb_under_3p5_combo_total_ge_58_dewpoint_ge_65,weather_total_combo_grid,2022,9,3,6,0.3333333333333333,-3.2727272727272725,-0.3636363636363636
hgb_under_3p5_combo_total_ge_58_dewpoint_ge_65,weather_total_combo_grid,2023,3,2,1,0.6666666666666666,0.8181818181818181,0.2727272727272727
hgb_under_3p5_combo_total_ge_58_dewpoint_ge_65,weather_total_combo_grid,2024,10,6,4,0.6,1.4545454545454546,0.14545454545454545
hgb_under_3p5_combo_total_ge_58_dewpoint_ge_70,weather_total_combo_grid,2016,6,2,4,0.3333333333333333,-2.1818181818181817,-0.3636363636363636
hgb_under_3p5_combo_total_ge_58_dewpoint_ge_70,weather_total_combo_grid,2017,6,5,1,0.8333333333333334,3.5454545454545454,0.5909090909090909
hgb_under_3p5_combo_total_ge_58_dewpoint_ge_70,weather_total_combo_grid,2018,17,9,8,0.5294117647058824,0.18181818181818155,0.010695187165775385
hgb_under_3p5_combo_total_ge_58_dewpoint_ge_70,weather_total_combo_grid,2019,2,1,1,0.5,-0.09090909090909094,-0.04545454545454547
hgb_under_3p5_combo_total_ge_58_dewpoint_ge_70,weather_total_combo_grid,2020,5,2,3,0.4,-1.1818181818181817,-0.23636363636363633
hgb_under_3p5_combo_total_ge_58_dewpoint_ge_70,weather_total_combo_grid,2021,8,5,3,0.625,1.5454545454545452,0.19318181818181815
hgb_under_3p5_combo_total_ge_58_dewpoint_ge_70,weather_total_combo_grid,2022,6,2,4,0.3333333333333333,-2.1818181818181817,-0.3636363636363636
hgb_under_3p5_combo_total_ge_58_dewpoint_ge_70,weather_total_combo_grid,2024,5,4,1,0.8,2.6363636363636362,0.5272727272727272
hgb_under_3p5_combo_total_ge_58_precip_any,weather_total_combo_grid,2016,7,3,4,0.42857142857142855,-1.2727272727272727,-0.18181818181818182
hgb_under_3p5_combo_total_ge_58_precip_any,weather_total_combo_grid,2017,7,4,3,0.5714285714285714,0.6363636363636364,0.09090909090909091
hgb_under_3p5_combo_total_ge_58_precip_any,weather_total_combo_grid,2018,18,11,7,0.6111111111111112,3.0,0.16666666666666666
hgb_under_3p5_combo_total_ge_58_precip_any,weather_total_combo_grid,2019,3,3,0,1.0,2.727272727272727,0.9090909090909091
hgb_under_3p5_combo_total_ge_58_precip_any,weather_total_combo_grid,2020,9,4,5,0.4444444444444444,-1.3636363636363638,-0.15151515151515152
hgb_under_3p5_combo_total_ge_58_precip_any,weather_total_combo_grid,2021,20,14,6,0.7,6.727272727272727,0.3363636363636363
hgb_under_3p5_combo_total_ge_58_precip_any,weather_total_combo_grid,2022,10,6,4,0.6,1.4545454545454546,0.14545454545454545
hgb_under_3p5_combo_total_ge_58_precip_any,weather_total_combo_grid,2023,3,1,2,0.3333333333333333,-1.0909090909090908,-0.3636363636363636
hgb_under_3p5_combo_total_ge_58_precip_any,weather_total_combo_grid,2024,8,4,4,0.5,-0.36363636363636376,-0.04545454545454547
hgb_under_3p5_combo_total_ge_58_rain_flag,weather_total_combo_grid,2016,7,3,4,0.42857142857142855,-1.2727272727272727,-0.18181818181818182
hgb_under_3p5_combo_total_ge_58_rain_flag,weather_total_combo_grid,2017,7,4,3,0.5714285714285714,0.6363636363636364,0.09090909090909091
hgb_under_3p5_combo_total_ge_58_rain_flag,weather_total_combo_grid,2018,18,11,7,0.6111111111111112,3.0,0.16666666666666666
hgb_under_3p5_combo_total_ge_58_rain_flag,weather_total_combo_grid,2019,3,3,0,1.0,2.727272727272727,0.9090909090909091
hgb_under_3p5_combo_total_ge_58_rain_flag,weather_total_combo_grid,2020,9,4,5,0.4444444444444444,-1.3636363636363638,-0.15151515151515152
hgb_under_3p5_combo_total_ge_58_rain_flag,weather_total_combo_grid,2021,20,14,6,0.7,6.727272727272727,0.3363636363636363
hgb_under_3p5_combo_total_ge_58_rain_flag,weather_total_combo_grid,2022,10,6,4,0.6,1.4545454545454546,0.14545454545454545
hgb_under_3p5_combo_total_ge_58_rain_flag,weather_total_combo_grid,2023,3,1,2,0.3333333333333333,-1.0909090909090908,-0.3636363636363636
hgb_under_3p5_combo_total_ge_58_rain_flag,weather_total_combo_grid,2024,8,4,4,0.5,-0.36363636363636376,-0.04545454545454547
hgb_under_3p5_combo_total_ge_58_thunder_flag,weather_total_combo_grid,2017,1,1,0,1.0,0.9090909090909091,0.9090909090909091
hgb_under_3p5_combo_total_ge_58_thunder_flag,weather_total_combo_grid,2018,1,1,0,1.0,0.9090909090909091,0.9090909090909091
hgb_under_3p5_combo_total_ge_60_wind_ge_10,weather_total_combo_grid,2016,22,14,8,0.6363636363636364,4.727272727272727,0.21487603305785122
hgb_under_3p5_combo_total_ge_60_wind_ge_10,weather_total_combo_grid,2017,41,28,13,0.6829268292682927,12.454545454545453,0.3037694013303769
hgb_under_3p5_combo_total_ge_60_wind_ge_10,weather_total_combo_grid,2018,44,23,21,0.5227272727272727,-0.09090909090909094,-0.0020661157024793393
hgb_under_3p5_combo_total_ge_60_wind_ge_10,weather_total_combo_grid,2019,11,6,5,0.5454545454545454,0.45454545454545414,0.04132231404958674
hgb_under_3p5_combo_total_ge_60_wind_ge_10,weather_total_combo_grid,2020,12,7,5,0.5833333333333334,1.3636363636363638,0.11363636363636365
hgb_under_3p5_combo_total_ge_60_wind_ge_10,weather_total_combo_grid,2021,24,19,5,0.7916666666666666,12.272727272727272,0.5113636363636364
hgb_under_3p5_combo_total_ge_60_wind_ge_10,weather_total_combo_grid,2022,29,20,9,0.6896551724137931,9.18181818181818,0.31661442006269586
hgb_under_3p5_combo_total_ge_60_wind_ge_10,weather_total_combo_grid,2023,14,10,4,0.7142857142857143,5.090909090909091,0.36363636363636365
hgb_under_3p5_combo_total_ge_60_wind_ge_10,weather_total_combo_grid,2024,10,5,5,0.5,-0.4545454545454547,-0.04545454545454547
hgb_under_3p5_combo_total_ge_60_wind_ge_12,weather_total_combo_grid,2016,14,9,5,0.6428571428571429,3.1818181818181817,0.22727272727272727
hgb_under_3p5_combo_total_ge_60_wind_ge_12,weather_total_combo_grid,2017,26,17,9,0.6538461538461539,6.454545454545453,0.2482517482517482
hgb_under_3p5_combo_total_ge_60_wind_ge_12,weather_total_combo_grid,2018,21,9,12,0.42857142857142855,-3.8181818181818183,-0.18181818181818182
hgb_under_3p5_combo_total_ge_60_wind_ge_12,weather_total_combo_grid,2019,6,3,3,0.5,-0.27272727272727293,-0.04545454545454549
hgb_under_3p5_combo_total_ge_60_wind_ge_12,weather_total_combo_grid,2020,4,2,2,0.5,-0.18181818181818188,-0.04545454545454547
hgb_under_3p5_combo_total_ge_60_wind_ge_12,weather_total_combo_grid,2021,16,11,5,0.6875,4.999999999999999,0.31249999999999994
hgb_under_3p5_combo_total_ge_60_wind_ge_12,weather_total_combo_grid,2022,14,11,3,0.7857142857142857,7.0,0.5
hgb_under_3p5_combo_total_ge_60_wind_ge_12,weather_total_combo_grid,2023,10,8,2,0.8,5.2727272727272725,0.5272727272727272
hgb_under_3p5_combo_total_ge_60_wind_ge_12,weather_total_combo_grid,2024,5,3,2,0.6,0.7272727272727271,0.14545454545454542
hgb_under_3p5_combo_total_ge_60_wind_ge_15,weather_total_combo_grid,2016,6,4,2,0.6666666666666666,1.6363636363636362,0.2727272727272727
hgb_under_3p5_combo_total_ge_60_wind_ge_15,weather_total_combo_grid,2017,14,7,7,0.5,-0.6363636363636367,-0.04545454545454548
hgb_under_3p5_combo_total_ge_60_wind_ge_15,weather_total_combo_grid,2018,11,3,8,0.2727272727272727,-5.272727272727273,-0.4793388429752067
hgb_under_3p5_combo_total_ge_60_wind_ge_15,weather_total_combo_grid,2019,2,1,1,0.5,-0.09090909090909094,-0.04545454545454547
hgb_under_3p5_combo_total_ge_60_wind_ge_15,weather_total_combo_grid,2020,2,0,2,0.0,-2.0,-1.0
hgb_under_3p5_combo_total_ge_60_wind_ge_15,weather_total_combo_grid,2021,4,4,0,1.0,3.6363636363636362,0.9090909090909091
hgb_under_3p5_combo_total_ge_60_wind_ge_15,weather_total_combo_grid,2022,5,5,0,1.0,4.545454545454545,0.909090909090909
hgb_under_3p5_combo_total_ge_60_wind_ge_15,weather_total_combo_grid,2023,3,3,0,1.0,2.727272727272727,0.9090909090909091
hgb_under_3p5_combo_total_ge_60_wind_ge_15,weather_total_combo_grid,2024,2,1,1,0.5,-0.09090909090909094,-0.04545454545454547
hgb_under_3p5_combo_total_ge_60_wind_ge_18,weather_total_combo_grid,2017,6,3,3,0.5,-0.2727272727272727,-0.04545454545454545
hgb_under_3p5_combo_total_ge_60_wind_ge_18,weather_total_combo_grid,2018,7,1,6,0.14285714285714285,-5.090909090909091,-0.7272727272727273
hgb_under_3p5_combo_total_ge_60_wind_ge_18,weather_total_combo_grid,2019,0,0,0,,0.0,
hgb_under_3p5_combo_total_ge_60_wind_ge_18,weather_total_combo_grid,2021,2,2,0,1.0,1.8181818181818181,0.9090909090909091
hgb_under_3p5_combo_total_ge_60_wind_ge_18,weather_total_combo_grid,2022,3,3,0,1.0,2.727272727272727,0.9090909090909091
hgb_under_3p5_combo_total_ge_60_wind_ge_18,weather_total_combo_grid,2024,1,0,1,0.0,-1.0,-1.0
hgb_under_3p5_combo_total_ge_60_cold_le_55,weather_total_combo_grid,2016,14,7,7,0.5,-0.6363636363636368,-0.045454545454545484
hgb_under_3p5_combo_total_ge_60_cold_le_55,weather_total_combo_grid,2017,8,4,4,0.5,-0.36363636363636376,-0.04545454545454547
hgb_under_3p5_combo_total_ge_60_cold_le_55,weather_total_combo_grid,2018,26,16,10,0.6153846153846154,4.545454545454545,0.17482517482517482
hgb_under_3p5_combo_total_ge_60_cold_le_55,weather_total_combo_grid,2019,13,7,6,0.5384615384615384,0.3636363636363633,0.027972027972027948
hgb_under_3p5_combo_total_ge_60_cold_le_55,weather_total_combo_grid,2020,12,8,4,0.6666666666666666,3.2727272727272725,0.2727272727272727
hgb_under_3p5_combo_total_ge_60_cold_le_55,weather_total_combo_grid,2021,27,11,16,0.4074074074074074,-6.0,-0.2222222222222222
hgb_under_3p5_combo_total_ge_60_cold_le_55,weather_total_combo_grid,2022,13,9,4,0.6923076923076923,4.181818181818182,0.32167832167832167
hgb_under_3p5_combo_total_ge_60_cold_le_55,weather_total_combo_grid,2023,6,4,2,0.6666666666666666,1.6363636363636362,0.2727272727272727
hgb_under_3p5_combo_total_ge_60_cold_le_55,weather_total_combo_grid,2024,6,2,4,0.3333333333333333,-2.1818181818181817,-0.3636363636363636
hgb_under_3p5_combo_total_ge_60_cold_le_50,weather_total_combo_grid,2016,7,3,4,0.42857142857142855,-1.272727272727273,-0.18181818181818185
hgb_under_3p5_combo_total_ge_60_cold_le_50,weather_total_combo_grid,2017,4,2,2,0.5,-0.18181818181818188,-0.04545454545454547
hgb_under_3p5_combo_total_ge_60_cold_le_50,weather_total_combo_grid,2018,18,10,8,0.5555555555555556,1.0909090909090906,0.06060606060606059
hgb_under_3p5_combo_total_ge_60_cold_le_50,weather_total_combo_grid,2019,9,4,5,0.4444444444444444,-1.3636363636363638,-0.15151515151515152
hgb_under_3p5_combo_total_ge_60_cold_le_50,weather_total_combo_grid,2020,8,4,4,0.5,-0.36363636363636376,-0.04545454545454547
hgb_under_3p5_combo_total_ge_60_cold_le_50,weather_total_combo_grid,2021,18,8,10,0.4444444444444444,-2.7272727272727266,-0.1515151515151515
hgb_under_3p5_combo_total_ge_60_cold_le_50,weather_total_combo_grid,2022,7,4,3,0.5714285714285714,0.6363636363636361,0.09090909090909087
hgb_under_3p5_combo_total_ge_60_cold_le_50,weather_total_combo_grid,2023,5,4,1,0.8,2.6363636363636362,0.5272727272727272
hgb_under_3p5_combo_total_ge_60_cold_le_50,weather_total_combo_grid,2024,5,2,3,0.4,-1.1818181818181817,-0.23636363636363633
hgb_under_3p5_combo_total_ge_60_cold_le_45,weather_total_combo_grid,2016,6,3,3,0.5,-0.27272727272727293,-0.04545454545454549
hgb_under_3p5_combo_total_ge_60_cold_le_45,weather_total_combo_grid,2017,2,1,1,0.5,-0.09090909090909094,-0.04545454545454547
hgb_under_3p5_combo_total_ge_60_cold_le_45,weather_total_combo_grid,2018,9,5,4,0.5555555555555556,0.5454545454545453,0.06060606060606059
hgb_under_3p5_combo_total_ge_60_cold_le_45,weather_total_combo_grid,2019,7,3,4,0.42857142857142855,-1.2727272727272727,-0.18181818181818182
hgb_under_3p5_combo_total_ge_60_cold_le_45,weather_total_combo_grid,2020,5,1,4,0.2,-3.090909090909091,-0.6181818181818182
hgb_under_3p5_combo_total_ge_60_cold_le_45,weather_total_combo_grid,2021,10,3,7,0.3,-4.272727272727273,-0.42727272727272736
hgb_under_3p5_combo_total_ge_60_cold_le_45,weather_total_combo_grid,2022,6,3,3,0.5,-0.2727272727272728,-0.04545454545454547
hgb_under_3p5_combo_total_ge_60_cold_le_45,weather_total_combo_grid,2023,3,3,0,1.0,2.727272727272727,0.9090909090909091
hgb_under_3p5_combo_total_ge_60_cold_le_45,weather_total_combo_grid,2024,4,2,2,0.5,-0.18181818181818177,-0.04545454545454544
hgb_under_3p5_combo_total_ge_60_cold_le_40,weather_total_combo_grid,2016,2,0,2,0.0,-2.0,-1.0
hgb_under_3p5_combo_total_ge_60_cold_le_40,weather_total_combo_grid,2017,1,1,0,1.0,0.9090909090909091,0.9090909090909091
hgb_under_3p5_combo_total_ge_60_cold_le_40,weather_total_combo_grid,2018,5,1,4,0.2,-3.090909090909091,-0.6181818181818182
hgb_under_3p5_combo_total_ge_60_cold_le_40,weather_total_combo_grid,2019,2,1,1,0.5,-0.09090909090909094,-0.04545454545454547
hgb_under_3p5_combo_total_ge_60_cold_le_40,weather_total_combo_grid,2020,3,0,3,0.0,-3.0,-1.0
hgb_under_3p5_combo_total_ge_60_cold_le_40,weather_total_combo_grid,2021,6,2,4,0.3333333333333333,-2.1818181818181817,-0.3636363636363636
hgb_under_3p5_combo_total_ge_60_cold_le_40,weather_total_combo_grid,2022,2,1,1,0.5,-0.09090909090909094,-0.04545454545454547
hgb_under_3p5_combo_total_ge_60_cold_le_40,weather_total_combo_grid,2023,1,1,0,1.0,0.9090909090909091,0.9090909090909091
hgb_under_3p5_combo_total_ge_60_cold_le_40,weather_total_combo_grid,2024,3,1,2,0.3333333333333333,-1.0909090909090908,-0.3636363636363636
hgb_under_3p5_combo_total_ge_60_heat_ge_85,weather_total_combo_grid,2016,4,1,3,0.25,-2.090909090909091,-0.5227272727272727
hgb_under_3p5_combo_total_ge_60_heat_ge_85,weather_total_combo_grid,2017,10,6,4,0.6,1.4545454545454544,0.14545454545454545
hgb_under_3p5_combo_total_ge_60_heat_ge_85,weather_total_combo_grid,2018,14,6,8,0.42857142857142855,-2.545454545454546,-0.18181818181818185
hgb_under_3p5_combo_total_ge_60_heat_ge_85,weather_total_combo_grid,2019,5,3,2,0.6,0.7272727272727271,0.14545454545454542
hgb_under_3p5_combo_total_ge_60_heat_ge_85,weather_total_combo_grid,2020,1,0,1,0.0,-1.0,-1.0
hgb_under_3p5_combo_total_ge_60_heat_ge_85,weather_total_combo_grid,2021,6,3,3,0.5,-0.2727272727272728,-0.04545454545454547
hgb_under_3p5_combo_total_ge_60_heat_ge_85,weather_total_combo_grid,2022,9,4,5,0.4444444444444444,-1.3636363636363638,-0.15151515151515152
hgb_under_3p5_combo_total_ge_60_heat_ge_85,weather_total_combo_grid,2023,7,5,2,0.7142857142857143,2.5454545454545454,0.36363636363636365
hgb_under_3p5_combo_total_ge_60_heat_ge_85,weather_total_combo_grid,2024,5,2,3,0.4,-1.1818181818181817,-0.23636363636363633
hgb_under_3p5_combo_total_ge_60_heat_ge_90,weather_total_combo_grid,2016,1,0,1,0.0,-1.0,-1.0
hgb_under_3p5_combo_total_ge_60_heat_ge_90,weather_total_combo_grid,2017,3,2,1,0.6666666666666666,0.8181818181818181,0.2727272727272727
hgb_under_3p5_combo_total_ge_60_heat_ge_90,weather_total_combo_grid,2018,4,1,3,0.25,-2.090909090909091,-0.5227272727272727
hgb_under_3p5_combo_total_ge_60_heat_ge_90,weather_total_combo_grid,2019,2,1,1,0.5,-0.09090909090909094,-0.04545454545454547
hgb_under_3p5_combo_total_ge_60_heat_ge_90,weather_total_combo_grid,2021,2,0,2,0.0,-2.0,-1.0
hgb_under_3p5_combo_total_ge_60_heat_ge_90,weather_total_combo_grid,2022,2,0,2,0.0,-2.0,-1.0
hgb_under_3p5_combo_total_ge_60_heat_ge_90,weather_total_combo_grid,2023,5,4,1,0.8,2.6363636363636362,0.5272727272727272
hgb_under_3p5_combo_total_ge_60_heat_ge_90,weather_total_combo_grid,2024,2,0,2,0.0,-2.0,-1.0
hgb_under_3p5_combo_total_ge_60_heat_ge_95,weather_total_combo_grid,2018,2,1,1,0.5,-0.09090909090909094,-0.04545454545454547
hgb_under_3p5_combo_total_ge_60_heat_ge_95,weather_total_combo_grid,2019,1,0,1,0.0,-1.0,-1.0
hgb_under_3p5_combo_total_ge_60_heat_ge_95,weather_total_combo_grid,2023,1,0,1,0.0,-1.0,-1.0
hgb_under_3p5_combo_total_ge_60_heat_ge_95,weather_total_combo_grid,2024,2,0,2,0.0,-2.0,-1.0
hgb_under_3p5_combo_total_ge_60_humid_ge_70,weather_total_combo_grid,2016,22,11,11,0.5,-0.9999999999999992,-0.04545454545454542
hgb_under_3p5_combo_total_ge_60_humid_ge_70,weather_total_combo_grid,2017,18,13,5,0.7222222222222222,6.8181818181818175,0.37878787878787873
hgb_under_3p5_combo_total_ge_60_humid_ge_70,weather_total_combo_grid,2018,27,17,10,0.6296296296296297,5.454545454545454,0.20202020202020202
hgb_under_3p5_combo_total_ge_60_humid_ge_70,weather_total_combo_grid,2019,14,9,5,0.6428571428571429,3.1818181818181817,0.22727272727272727
hgb_under_3p5_combo_total_ge_60_humid_ge_70,weather_total_combo_grid,2020,17,9,8,0.5294117647058824,0.18181818181818155,0.010695187165775385
hgb_under_3p5_combo_total_ge_60_humid_ge_70,weather_total_combo_grid,2021,35,19,16,0.5428571428571428,1.272727272727273,0.03636363636363637
hgb_under_3p5_combo_total_ge_60_humid_ge_70,weather_total_combo_grid,2022,18,10,8,0.5555555555555556,1.0909090909090904,0.06060606060606058
hgb_under_3p5_combo_total_ge_60_humid_ge_70,weather_total_combo_grid,2023,13,9,4,0.6923076923076923,4.181818181818182,0.32167832167832167
hgb_under_3p5_combo_total_ge_60_humid_ge_70,weather_total_combo_grid,2024,10,5,5,0.5,-0.4545454545454548,-0.045454545454545484
hgb_under_3p5_combo_total_ge_60_humid_ge_80,weather_total_combo_grid,2016,14,7,7,0.5,-0.6363636363636364,-0.045454545454545456
hgb_under_3p5_combo_total_ge_60_humid_ge_80,weather_total_combo_grid,2017,9,5,4,0.5555555555555556,0.5454545454545452,0.06060606060606058
hgb_under_3p5_combo_total_ge_60_humid_ge_80,weather_total_combo_grid,2018,18,12,6,0.6666666666666666,4.909090909090908,0.2727272727272727
hgb_under_3p5_combo_total_ge_60_humid_ge_80,weather_total_combo_grid,2019,5,3,2,0.6,0.7272727272727271,0.14545454545454542
hgb_under_3p5_combo_total_ge_60_humid_ge_80,weather_total_combo_grid,2020,14,8,6,0.5714285714285714,1.2727272727272725,0.0909090909090909
hgb_under_3p5_combo_total_ge_60_humid_ge_80,weather_total_combo_grid,2021,19,13,6,0.6842105263157895,5.818181818181818,0.3062200956937799
hgb_under_3p5_combo_total_ge_60_humid_ge_80,weather_total_combo_grid,2022,10,7,3,0.7,3.3636363636363633,0.3363636363636363
hgb_under_3p5_combo_total_ge_60_humid_ge_80,weather_total_combo_grid,2023,8,6,2,0.75,3.454545454545454,0.43181818181818177
hgb_under_3p5_combo_total_ge_60_humid_ge_80,weather_total_combo_grid,2024,7,4,3,0.5714285714285714,0.6363636363636362,0.0909090909090909
hgb_under_3p5_combo_total_ge_60_dewpoint_ge_65,weather_total_combo_grid,2016,10,4,6,0.4,-2.3636363636363638,-0.2363636363636364
hgb_under_3p5_combo_total_ge_60_dewpoint_ge_65,weather_total_combo_grid,2017,11,5,6,0.45454545454545453,-1.4545454545454546,-0.1322314049586777
hgb_under_3p5_combo_total_ge_60_dewpoint_ge_65,weather_total_combo_grid,2018,24,14,10,0.5833333333333334,2.727272727272727,0.11363636363636363
hgb_under_3p5_combo_total_ge_60_dewpoint_ge_65,weather_total_combo_grid,2019,7,3,4,0.42857142857142855,-1.2727272727272725,-0.1818181818181818
hgb_under_3p5_combo_total_ge_60_dewpoint_ge_65,weather_total_combo_grid,2020,9,2,7,0.2222222222222222,-5.181818181818182,-0.5757575757575757
hgb_under_3p5_combo_total_ge_60_dewpoint_ge_65,weather_total_combo_grid,2021,20,13,7,0.65,4.8181818181818175,0.24090909090909088
hgb_under_3p5_combo_total_ge_60_dewpoint_ge_65,weather_total_combo_grid,2022,8,3,5,0.375,-2.2727272727272725,-0.28409090909090906
hgb_under_3p5_combo_total_ge_60_dewpoint_ge_65,weather_total_combo_grid,2023,3,2,1,0.6666666666666666,0.8181818181818181,0.2727272727272727
hgb_under_3p5_combo_total_ge_60_dewpoint_ge_65,weather_total_combo_grid,2024,9,5,4,0.5555555555555556,0.5454545454545454,0.0606060606060606
hgb_under_3p5_combo_total_ge_60_dewpoint_ge_70,weather_total_combo_grid,2016,6,2,4,0.3333333333333333,-2.1818181818181817,-0.3636363636363636
hgb_under_3p5_combo_total_ge_60_dewpoint_ge_70,weather_total_combo_grid,2017,5,4,1,0.8,2.6363636363636362,0.5272727272727272
hgb_under_3p5_combo_total_ge_60_dewpoint_ge_70,weather_total_combo_grid,2018,14,8,6,0.5714285714285714,1.2727272727272725,0.0909090909090909
hgb_under_3p5_combo_total_ge_60_dewpoint_ge_70,weather_total_combo_grid,2019,2,1,1,0.5,-0.09090909090909094,-0.04545454545454547
hgb_under_3p5_combo_total_ge_60_dewpoint_ge_70,weather_total_combo_grid,2020,4,2,2,0.5,-0.18181818181818177,-0.04545454545454544
hgb_under_3p5_combo_total_ge_60_dewpoint_ge_70,weather_total_combo_grid,2021,7,4,3,0.5714285714285714,0.6363636363636362,0.0909090909090909
hgb_under_3p5_combo_total_ge_60_dewpoint_ge_70,weather_total_combo_grid,2022,5,2,3,0.4,-1.1818181818181817,-0.23636363636363633
hgb_under_3p5_combo_total_ge_60_dewpoint_ge_70,weather_total_combo_grid,2024,4,3,1,0.75,1.727272727272727,0.43181818181818177
hgb_under_3p5_combo_total_ge_60_precip_any,weather_total_combo_grid,2016,7,3,4,0.42857142857142855,-1.2727272727272727,-0.18181818181818182
hgb_under_3p5_combo_total_ge_60_precip_any,weather_total_combo_grid,2017,6,4,2,0.6666666666666666,1.6363636363636362,0.2727272727272727
hgb_under_3p5_combo_total_ge_60_precip_any,weather_total_combo_grid,2018,14,10,4,0.7142857142857143,5.090909090909091,0.36363636363636365
hgb_under_3p5_combo_total_ge_60_precip_any,weather_total_combo_grid,2019,3,3,0,1.0,2.727272727272727,0.9090909090909091
hgb_under_3p5_combo_total_ge_60_precip_any,weather_total_combo_grid,2020,8,4,4,0.5,-0.36363636363636376,-0.04545454545454547
hgb_under_3p5_combo_total_ge_60_precip_any,weather_total_combo_grid,2021,18,12,6,0.6666666666666666,4.909090909090908,0.2727272727272727
hgb_under_3p5_combo_total_ge_60_precip_any,weather_total_combo_grid,2022,8,6,2,0.75,3.454545454545454,0.43181818181818177
hgb_under_3p5_combo_total_ge_60_precip_any,weather_total_combo_grid,2023,3,1,2,0.3333333333333333,-1.0909090909090908,-0.3636363636363636
hgb_under_3p5_combo_total_ge_60_precip_any,weather_total_combo_grid,2024,6,2,4,0.3333333333333333,-2.1818181818181817,-0.3636363636363636
hgb_under_3p5_combo_total_ge_60_rain_flag,weather_total_combo_grid,2016,7,3,4,0.42857142857142855,-1.2727272727272727,-0.18181818181818182
hgb_under_3p5_combo_total_ge_60_rain_flag,weather_total_combo_grid,2017,6,4,2,0.6666666666666666,1.6363636363636362,0.2727272727272727
hgb_under_3p5_combo_total_ge_60_rain_flag,weather_total_combo_grid,2018,14,10,4,0.7142857142857143,5.090909090909091,0.36363636363636365
hgb_under_3p5_combo_total_ge_60_rain_flag,weather_total_combo_grid,2019,3,3,0,1.0,2.727272727272727,0.9090909090909091
hgb_under_3p5_combo_total_ge_60_rain_flag,weather_total_combo_grid,2020,8,4,4,0.5,-0.36363636363636376,-0.04545454545454547
hgb_under_3p5_combo_total_ge_60_rain_flag,weather_total_combo_grid,2021,18,12,6,0.6666666666666666,4.909090909090908,0.2727272727272727
hgb_under_3p5_combo_total_ge_60_rain_flag,weather_total_combo_grid,2022,8,6,2,0.75,3.454545454545454,0.43181818181818177
hgb_under_3p5_combo_total_ge_60_rain_flag,weather_total_combo_grid,2023,3,1,2,0.3333333333333333,-1.0909090909090908,-0.3636363636363636
hgb_under_3p5_combo_total_ge_60_rain_flag,weather_total_combo_grid,2024,6,2,4,0.3333333333333333,-2.1818181818181817,-0.3636363636363636
hgb_under_3p5_combo_total_ge_60_thunder_flag,weather_total_combo_grid,2017,1,1,0,1.0,0.9090909090909091,0.9090909090909091
hgb_under_3p5_combo_total_ge_60_thunder_flag,weather_total_combo_grid,2018,1,1,0,1.0,0.9090909090909091,0.9090909090909091
hgb_under_3p5_combo_total_60_63_wind_ge_10,weather_total_combo_grid,2016,4,1,3,0.25,-2.090909090909091,-0.5227272727272727
hgb_under_3p5_combo_total_60_63_wind_ge_10,weather_total_combo_grid,2017,12,10,2,0.8333333333333334,7.090909090909091,0.5909090909090909
hgb_under_3p5_combo_total_60_63_wind_ge_10,weather_total_combo_grid,2018,12,8,4,0.6666666666666666,3.2727272727272725,0.2727272727272727
hgb_under_3p5_combo_total_60_63_wind_ge_10,weather_total_combo_grid,2019,4,2,2,0.5,-0.18181818181818188,-0.04545454545454547
hgb_under_3p5_combo_total_60_63_wind_ge_10,weather_total_combo_grid,2020,3,2,1,0.6666666666666666,0.8181818181818181,0.2727272727272727
hgb_under_3p5_combo_total_60_63_wind_ge_10,weather_total_combo_grid,2021,9,7,2,0.7777777777777778,4.363636363636363,0.4848484848484848
hgb_under_3p5_combo_total_60_63_wind_ge_10,weather_total_combo_grid,2022,5,5,0,1.0,4.545454545454545,0.909090909090909
hgb_under_3p5_combo_total_60_63_wind_ge_10,weather_total_combo_grid,2023,3,2,1,0.6666666666666666,0.8181818181818181,0.2727272727272727
hgb_under_3p5_combo_total_60_63_wind_ge_10,weather_total_combo_grid,2024,3,2,1,0.6666666666666666,0.8181818181818181,0.2727272727272727
hgb_under_3p5_combo_total_60_63_wind_ge_12,weather_total_combo_grid,2016,3,1,2,0.3333333333333333,-1.0909090909090908,-0.3636363636363636
hgb_under_3p5_combo_total_60_63_wind_ge_12,weather_total_combo_grid,2017,9,8,1,0.8888888888888888,6.2727272727272725,0.6969696969696969
hgb_under_3p5_combo_total_60_63_wind_ge_12,weather_total_combo_grid,2018,7,5,2,0.7142857142857143,2.5454545454545454,0.36363636363636365
hgb_under_3p5_combo_total_60_63_wind_ge_12,weather_total_combo_grid,2019,3,1,2,0.3333333333333333,-1.0909090909090908,-0.3636363636363636
hgb_under_3p5_combo_total_60_63_wind_ge_12,weather_total_combo_grid,2020,2,1,1,0.5,-0.09090909090909094,-0.04545454545454547
hgb_under_3p5_combo_total_60_63_wind_ge_12,weather_total_combo_grid,2021,8,6,2,0.75,3.454545454545454,0.43181818181818177
hgb_under_3p5_combo_total_60_63_wind_ge_12,weather_total_combo_grid,2022,3,3,0,1.0,2.727272727272727,0.9090909090909091
hgb_under_3p5_combo_total_60_63_wind_ge_12,weather_total_combo_grid,2023,2,2,0,1.0,1.8181818181818181,0.9090909090909091
hgb_under_3p5_combo_total_60_63_wind_ge_12,weather_total_combo_grid,2024,1,1,0,1.0,0.9090909090909091,0.9090909090909091
hgb_under_3p5_combo_total_60_63_wind_ge_15,weather_total_combo_grid,2016,2,1,1,0.5,-0.09090909090909094,-0.04545454545454547
hgb_under_3p5_combo_total_60_63_wind_ge_15,weather_total_combo_grid,2017,4,3,1,0.75,1.727272727272727,0.43181818181818177
hgb_under_3p5_combo_total_60_63_wind_ge_15,weather_total_combo_grid,2018,2,1,1,0.5,-0.09090909090909094,-0.04545454545454547
hgb_under_3p5_combo_total_60_63_wind_ge_15,weather_total_combo_grid,2019,1,0,1,0.0,-1.0,-1.0
hgb_under_3p5_combo_total_60_63_wind_ge_15,weather_total_combo_grid,2020,1,0,1,0.0,-1.0,-1.0
hgb_under_3p5_combo_total_60_63_wind_ge_15,weather_total_combo_grid,2021,3,3,0,1.0,2.727272727272727,0.9090909090909091
hgb_under_3p5_combo_total_60_63_wind_ge_15,weather_total_combo_grid,2022,2,2,0,1.0,1.8181818181818181,0.9090909090909091
hgb_under_3p5_combo_total_60_63_wind_ge_15,weather_total_combo_grid,2023,1,1,0,1.0,0.9090909090909091,0.9090909090909091
hgb_under_3p5_combo_total_60_63_wind_ge_18,weather_total_combo_grid,2017,1,0,1,0.0,-1.0,-1.0
hgb_under_3p5_combo_total_60_63_wind_ge_18,weather_total_combo_grid,2021,1,1,0,1.0,0.9090909090909091,0.9090909090909091
hgb_under_3p5_combo_total_60_63_cold_le_55,weather_total_combo_grid,2016,2,0,2,0.0,-2.0,-1.0
hgb_under_3p5_combo_total_60_63_cold_le_55,weather_total_combo_grid,2017,3,2,1,0.6666666666666666,0.8181818181818181,0.2727272727272727
hgb_under_3p5_combo_total_60_63_cold_le_55,weather_total_combo_grid,2018,7,6,1,0.8571428571428571,4.454545454545454,0.6363636363636364
hgb_under_3p5_combo_total_60_63_cold_le_55,weather_total_combo_grid,2019,1,1,0,1.0,0.9090909090909091,0.9090909090909091
hgb_under_3p5_combo_total_60_63_cold_le_55,weather_total_combo_grid,2020,4,3,1,0.75,1.727272727272727,0.43181818181818177
hgb_under_3p5_combo_total_60_63_cold_le_55,weather_total_combo_grid,2021,10,4,6,0.4,-2.3636363636363638,-0.2363636363636364
hgb_under_3p5_combo_total_60_63_cold_le_55,weather_total_combo_grid,2022,3,2,1,0.6666666666666666,0.8181818181818181,0.2727272727272727
hgb_under_3p5_combo_total_60_63_cold_le_55,weather_total_combo_grid,2023,1,0,1,0.0,-1.0,-1.0
hgb_under_3p5_combo_total_60_63_cold_le_55,weather_total_combo_grid,2024,2,1,1,0.5,-0.09090909090909094,-0.04545454545454547
hgb_under_3p5_combo_total_60_63_cold_le_50,weather_total_combo_grid,2016,1,0,1,0.0,-1.0,-1.0
hgb_under_3p5_combo_total_60_63_cold_le_50,weather_total_combo_grid,2017,1,1,0,1.0,0.9090909090909091,0.9090909090909091
hgb_under_3p5_combo_total_60_63_cold_le_50,weather_total_combo_grid,2018,5,4,1,0.8,2.6363636363636362,0.5272727272727272
hgb_under_3p5_combo_total_60_63_cold_le_50,weather_total_combo_grid,2020,2,1,1,0.5,-0.09090909090909094,-0.04545454545454547
hgb_under_3p5_combo_total_60_63_cold_le_50,weather_total_combo_grid,2021,6,2,4,0.3333333333333333,-2.1818181818181817,-0.3636363636363636
hgb_under_3p5_combo_total_60_63_cold_le_50,weather_total_combo_grid,2022,2,1,1,0.5,-0.09090909090909094,-0.04545454545454547
hgb_under_3p5_combo_total_60_63_cold_le_50,weather_total_combo_grid,2024,1,1,0,1.0,0.9090909090909091,0.9090909090909091
hgb_under_3p5_combo_total_60_63_cold_le_45,weather_total_combo_grid,2016,1,0,1,0.0,-1.0,-1.0
hgb_under_3p5_combo_total_60_63_cold_le_45,weather_total_combo_grid,2017,1,1,0,1.0,0.9090909090909091,0.9090909090909091
hgb_under_3p5_combo_total_60_63_cold_le_45,weather_total_combo_grid,2018,3,2,1,0.6666666666666666,0.8181818181818181,0.2727272727272727
hgb_under_3p5_combo_total_60_63_cold_le_45,weather_total_combo_grid,2020,1,0,1,0.0,-1.0,-1.0
hgb_under_3p5_combo_total_60_63_cold_le_45,weather_total_combo_grid,2021,2,0,2,0.0,-2.0,-1.0
hgb_under_3p5_combo_total_60_63_cold_le_45,weather_total_combo_grid,2022,2,1,1,0.5,-0.09090909090909094,-0.04545454545454547
hgb_under_3p5_combo_total_60_63_cold_le_45,weather_total_combo_grid,2024,1,1,0,1.0,0.9090909090909091,0.9090909090909091
hgb_under_3p5_combo_total_60_63_cold_le_40,weather_total_combo_grid,2016,1,0,1,0.0,-1.0,-1.0
hgb_under_3p5_combo_total_60_63_cold_le_40,weather_total_combo_grid,2017,1,1,0,1.0,0.9090909090909091,0.9090909090909091
hgb_under_3p5_combo_total_60_63_cold_le_40,weather_total_combo_grid,2018,1,0,1,0.0,-1.0,-1.0
hgb_under_3p5_combo_total_60_63_cold_le_40,weather_total_combo_grid,2020,1,0,1,0.0,-1.0,-1.0
hgb_under_3p5_combo_total_60_63_cold_le_40,weather_total_combo_grid,2021,1,0,1,0.0,-1.0,-1.0
hgb_under_3p5_combo_total_60_63_cold_le_40,weather_total_combo_grid,2022,1,1,0,1.0,0.9090909090909091,0.9090909090909091
hgb_under_3p5_combo_total_60_63_heat_ge_85,weather_total_combo_grid,2017,4,3,1,0.75,1.727272727272727,0.43181818181818177
hgb_under_3p5_combo_total_60_63_heat_ge_85,weather_total_combo_grid,2018,2,0,2,0.0,-2.0,-1.0
hgb_under_3p5_combo_total_60_63_heat_ge_85,weather_total_combo_grid,2021,1,0,1,0.0,-1.0,-1.0
hgb_under_3p5_combo_total_60_63_heat_ge_85,weather_total_combo_grid,2022,1,0,1,0.0,-1.0,-1.0
hgb_under_3p5_combo_total_60_63_heat_ge_85,weather_total_combo_grid,2023,3,2,1,0.6666666666666666,0.8181818181818181,0.2727272727272727
hgb_under_3p5_combo_total_60_63_heat_ge_85,weather_total_combo_grid,2024,4,2,2,0.5,-0.18181818181818177,-0.04545454545454544
hgb_under_3p5_combo_total_60_63_heat_ge_90,weather_total_combo_grid,2017,1,1,0,1.0,0.9090909090909091,0.9090909090909091
hgb_under_3p5_combo_total_60_63_heat_ge_90,weather_total_combo_grid,2018,1,0,1,0.0,-1.0,-1.0
hgb_under_3p5_combo_total_60_63_heat_ge_90,weather_total_combo_grid,2021,1,0,1,0.0,-1.0,-1.0
hgb_under_3p5_combo_total_60_63_heat_ge_90,weather_total_combo_grid,2023,3,2,1,0.6666666666666666,0.8181818181818181,0.2727272727272727
hgb_under_3p5_combo_total_60_63_heat_ge_90,weather_total_combo_grid,2024,2,0,2,0.0,-2.0,-1.0
hgb_under_3p5_combo_total_60_63_heat_ge_95,weather_total_combo_grid,2023,1,0,1,0.0,-1.0,-1.0
hgb_under_3p5_combo_total_60_63_heat_ge_95,weather_total_combo_grid,2024,2,0,2,0.0,-2.0,-1.0
hgb_under_3p5_combo_total_60_63_humid_ge_70,weather_total_combo_grid,2016,6,2,4,0.3333333333333333,-2.1818181818181817,-0.3636363636363636
hgb_under_3p5_combo_total_60_63_humid_ge_70,weather_total_combo_grid,2017,4,3,1,0.75,1.727272727272727,0.43181818181818177
hgb_under_3p5_combo_total_60_63_humid_ge_70,weather_total_combo_grid,2018,7,4,3,0.5714285714285714,0.6363636363636362,0.0909090909090909
hgb_under_3p5_combo_total_60_63_humid_ge_70,weather_total_combo_grid,2019,2,2,0,1.0,1.8181818181818181,0.9090909090909091
hgb_under_3p5_combo_total_60_63_humid_ge_70,weather_total_combo_grid,2020,4,3,1,0.75,1.727272727272727,0.43181818181818177
hgb_under_3p5_combo_total_60_63_humid_ge_70,weather_total_combo_grid,2021,13,7,6,0.5384615384615384,0.3636363636363633,0.027972027972027948
hgb_under_3p5_combo_total_60_63_humid_ge_70,weather_total_combo_grid,2022,5,3,2,0.6,0.7272727272727272,0.14545454545454545
hgb_under_3p5_combo_total_60_63_humid_ge_70,weather_total_combo_grid,2023,2,1,1,0.5,-0.09090909090909094,-0.04545454545454547
hgb_under_3p5_combo_total_60_63_humid_ge_70,weather_total_combo_grid,2024,5,3,2,0.6,0.7272727272727271,0.14545454545454542
hgb_under_3p5_combo_total_60_63_humid_ge_80,weather_total_combo_grid,2016,6,2,4,0.3333333333333333,-2.1818181818181817,-0.3636363636363636
hgb_under_3p5_combo_total_60_63_humid_ge_80,weather_total_combo_grid,2017,3,2,1,0.6666666666666666,0.8181818181818181,0.2727272727272727
hgb_under_3p5_combo_total_60_63_humid_ge_80,weather_total_combo_grid,2018,4,2,2,0.5,-0.18181818181818188,-0.04545454545454547
hgb_under_3p5_combo_total_60_63_humid_ge_80,weather_total_combo_grid,2020,4,3,1,0.75,1.727272727272727,0.43181818181818177
hgb_under_3p5_combo_total_60_63_humid_ge_80,weather_total_combo_grid,2021,6,6,0,1.0,5.454545454545454,0.9090909090909091
hgb_under_3p5_combo_total_60_63_humid_ge_80,weather_total_combo_grid,2022,3,2,1,0.6666666666666666,0.8181818181818181,0.2727272727272727
hgb_under_3p5_combo_total_60_63_humid_ge_80,weather_total_combo_grid,2024,5,3,2,0.6,0.7272727272727271,0.14545454545454542
hgb_under_3p5_combo_total_60_63_dewpoint_ge_65,weather_total_combo_grid,2016,3,1,2,0.3333333333333333,-1.0909090909090908,-0.3636363636363636
hgb_under_3p5_combo_total_60_63_dewpoint_ge_65,weather_total_combo_grid,2017,4,2,2,0.5,-0.18181818181818177,-0.04545454545454544
hgb_under_3p5_combo_total_60_63_dewpoint_ge_65,weather_total_combo_grid,2018,2,1,1,0.5,-0.09090909090909094,-0.04545454545454547
hgb_under_3p5_combo_total_60_63_dewpoint_ge_65,weather_total_combo_grid,2019,1,1,0,1.0,0.9090909090909091,0.9090909090909091
hgb_under_3p5_combo_total_60_63_dewpoint_ge_65,weather_total_combo_grid,2020,1,0,1,0.0,-1.0,-1.0
hgb_under_3p5_combo_total_60_63_dewpoint_ge_65,weather_total_combo_grid,2021,3,2,1,0.6666666666666666,0.8181818181818181,0.2727272727272727
hgb_under_3p5_combo_total_60_63_dewpoint_ge_65,weather_total_combo_grid,2022,3,2,1,0.6666666666666666,0.8181818181818181,0.2727272727272727
hgb_under_3p5_combo_total_60_63_dewpoint_ge_65,weather_total_combo_grid,2023,1,1,0,1.0,0.9090909090909091,0.9090909090909091
hgb_under_3p5_combo_total_60_63_dewpoint_ge_65,weather_total_combo_grid,2024,6,3,3,0.5,-0.2727272727272726,-0.045454545454545435
hgb_under_3p5_combo_total_60_63_dewpoint_ge_70,weather_total_combo_grid,2016,2,0,2,0.0,-2.0,-1.0
hgb_under_3p5_combo_total_60_63_dewpoint_ge_70,weather_total_combo_grid,2017,1,1,0,1.0,0.9090909090909091,0.9090909090909091
hgb_under_3p5_combo_total_60_63_dewpoint_ge_70,weather_total_combo_grid,2018,1,1,0,1.0,0.9090909090909091,0.9090909090909091
hgb_under_3p5_combo_total_60_63_dewpoint_ge_70,weather_total_combo_grid,2021,2,1,1,0.5,-0.09090909090909094,-0.04545454545454547
hgb_under_3p5_combo_total_60_63_dewpoint_ge_70,weather_total_combo_grid,2022,3,2,1,0.6666666666666666,0.8181818181818181,0.2727272727272727
hgb_under_3p5_combo_total_60_63_dewpoint_ge_70,weather_total_combo_grid,2024,3,2,1,0.6666666666666666,0.8181818181818181,0.2727272727272727
hgb_under_3p5_combo_total_60_63_precip_any,weather_total_combo_grid,2016,5,2,3,0.4,-1.1818181818181819,-0.2363636363636364
hgb_under_3p5_combo_total_60_63_precip_any,weather_total_combo_grid,2017,2,1,1,0.5,-0.09090909090909094,-0.04545454545454547
hgb_under_3p5_combo_total_60_63_precip_any,weather_total_combo_grid,2018,1,1,0,1.0,0.9090909090909091,0.9090909090909091
hgb_under_3p5_combo_total_60_63_precip_any,weather_total_combo_grid,2019,1,1,0,1.0,0.9090909090909091,0.9090909090909091
hgb_under_3p5_combo_total_60_63_precip_any,weather_total_combo_grid,2020,2,2,0,1.0,1.8181818181818181,0.9090909090909091
hgb_under_3p5_combo_total_60_63_precip_any,weather_total_combo_grid,2021,6,4,2,0.6666666666666666,1.6363636363636362,0.2727272727272727
hgb_under_3p5_combo_total_60_63_precip_any,weather_total_combo_grid,2022,2,1,1,0.5,-0.09090909090909094,-0.04545454545454547
hgb_under_3p5_combo_total_60_63_precip_any,weather_total_combo_grid,2024,4,2,2,0.5,-0.18181818181818188,-0.04545454545454547
hgb_under_3p5_combo_total_60_63_rain_flag,weather_total_combo_grid,2016,5,2,3,0.4,-1.1818181818181819,-0.2363636363636364
hgb_under_3p5_combo_total_60_63_rain_flag,weather_total_combo_grid,2017,2,1,1,0.5,-0.09090909090909094,-0.04545454545454547
hgb_under_3p5_combo_total_60_63_rain_flag,weather_total_combo_grid,2018,1,1,0,1.0,0.9090909090909091,0.9090909090909091
hgb_under_3p5_combo_total_60_63_rain_flag,weather_total_combo_grid,2019,1,1,0,1.0,0.9090909090909091,0.9090909090909091
hgb_under_3p5_combo_total_60_63_rain_flag,weather_total_combo_grid,2020,2,2,0,1.0,1.8181818181818181,0.9090909090909091
hgb_under_3p5_combo_total_60_63_rain_flag,weather_total_combo_grid,2021,6,4,2,0.6666666666666666,1.6363636363636362,0.2727272727272727
hgb_under_3p5_combo_total_60_63_rain_flag,weather_total_combo_grid,2022,2,1,1,0.5,-0.09090909090909094,-0.04545454545454547
hgb_under_3p5_combo_total_60_63_rain_flag,weather_total_combo_grid,2024,4,2,2,0.5,-0.18181818181818188,-0.04545454545454547
hgb_under_3p5_combo_total_60_63_thunder_flag,weather_total_combo_grid,2018,1,1,0,1.0,0.9090909090909091,0.9090909090909091
hgb_under_3p5_combo_high_pass_rate_wind_ge_10,weather_team_style_grid,2016,15,7,8,0.4666666666666667,-1.6363636363636358,-0.10909090909090906
hgb_under_3p5_combo_high_pass_rate_wind_ge_10,weather_team_style_grid,2017,21,15,6,0.7142857142857143,7.636363636363635,0.3636363636363636
hgb_under_3p5_combo_high_pass_rate_wind_ge_10,weather_team_style_grid,2018,24,13,11,0.5416666666666666,0.8181818181818181,0.03409090909090909
hgb_under_3p5_combo_high_pass_rate_wind_ge_10,weather_team_style_grid,2019,14,7,7,0.5,-0.6363636363636366,-0.04545454545454547
hgb_under_3p5_combo_high_pass_rate_wind_ge_10,weather_team_style_grid,2020,5,1,4,0.2,-3.090909090909091,-0.6181818181818182
hgb_under_3p5_combo_high_pass_rate_wind_ge_10,weather_team_style_grid,2021,8,5,3,0.625,1.5454545454545454,0.19318181818181818
hgb_under_3p5_combo_high_pass_rate_wind_ge_10,weather_team_style_grid,2022,5,4,1,0.8,2.6363636363636362,0.5272727272727272
hgb_under_3p5_combo_high_pass_rate_wind_ge_10,weather_team_style_grid,2023,7,5,2,0.7142857142857143,2.5454545454545454,0.36363636363636365
hgb_under_3p5_combo_high_pass_rate_wind_ge_10,weather_team_style_grid,2024,9,5,4,0.5555555555555556,0.5454545454545454,0.0606060606060606
hgb_under_3p5_combo_high_pass_rate_wind_ge_12,weather_team_style_grid,2016,7,3,4,0.42857142857142855,-1.2727272727272725,-0.1818181818181818
hgb_under_3p5_combo_high_pass_rate_wind_ge_12,weather_team_style_grid,2017,14,10,4,0.7142857142857143,5.090909090909091,0.36363636363636365
hgb_under_3p5_combo_high_pass_rate_wind_ge_12,weather_team_style_grid,2018,11,5,6,0.45454545454545453,-1.4545454545454541,-0.13223140495867766
hgb_under_3p5_combo_high_pass_rate_wind_ge_12,weather_team_style_grid,2019,9,4,5,0.4444444444444444,-1.3636363636363638,-0.15151515151515152
hgb_under_3p5_combo_high_pass_rate_wind_ge_12,weather_team_style_grid,2020,2,0,2,0.0,-2.0,-1.0
hgb_under_3p5_combo_high_pass_rate_wind_ge_12,weather_team_style_grid,2021,5,4,1,0.8,2.6363636363636362,0.5272727272727272
hgb_under_3p5_combo_high_pass_rate_wind_ge_12,weather_team_style_grid,2022,4,3,1,0.75,1.727272727272727,0.43181818181818177
hgb_under_3p5_combo_high_pass_rate_wind_ge_12,weather_team_style_grid,2023,5,3,2,0.6,0.7272727272727273,0.14545454545454545
hgb_under_3p5_combo_high_pass_rate_wind_ge_12,weather_team_style_grid,2024,6,4,2,0.6666666666666666,1.6363636363636362,0.2727272727272727
hgb_under_3p5_combo_high_pass_rate_wind_ge_15,weather_team_style_grid,2016,2,0,2,0.0,-2.0,-1.0
hgb_under_3p5_combo_high_pass_rate_wind_ge_15,weather_team_style_grid,2017,6,4,2,0.6666666666666666,1.6363636363636362,0.2727272727272727
hgb_under_3p5_combo_high_pass_rate_wind_ge_15,weather_team_style_grid,2018,8,3,5,0.375,-2.2727272727272725,-0.28409090909090906
hgb_under_3p5_combo_high_pass_rate_wind_ge_15,weather_team_style_grid,2019,4,2,2,0.5,-0.18181818181818177,-0.04545454545454544
hgb_under_3p5_combo_high_pass_rate_wind_ge_15,weather_team_style_grid,2020,2,0,2,0.0,-2.0,-1.0
hgb_under_3p5_combo_high_pass_rate_wind_ge_15,weather_team_style_grid,2021,2,2,0,1.0,1.8181818181818181,0.9090909090909091
hgb_under_3p5_combo_high_pass_rate_wind_ge_15,weather_team_style_grid,2022,1,1,0,1.0,0.9090909090909091,0.9090909090909091
hgb_under_3p5_combo_high_pass_rate_wind_ge_15,weather_team_style_grid,2023,4,2,2,0.5,-0.18181818181818177,-0.04545454545454544
hgb_under_3p5_combo_high_pass_rate_wind_ge_15,weather_team_style_grid,2024,4,2,2,0.5,-0.18181818181818177,-0.04545454545454544
hgb_under_3p5_combo_high_pass_rate_precip_any,weather_team_style_grid,2016,7,3,4,0.42857142857142855,-1.2727272727272727,-0.18181818181818182
hgb_under_3p5_combo_high_pass_rate_precip_any,weather_team_style_grid,2017,5,3,2,0.6,0.7272727272727273,0.14545454545454545
hgb_under_3p5_combo_high_pass_rate_precip_any,weather_team_style_grid,2018,11,5,6,0.45454545454545453,-1.4545454545454541,-0.13223140495867766
hgb_under_3p5_combo_high_pass_rate_precip_any,weather_team_style_grid,2019,7,5,2,0.7142857142857143,2.5454545454545454,0.36363636363636365
hgb_under_3p5_combo_high_pass_rate_precip_any,weather_team_style_grid,2020,3,2,1,0.6666666666666666,0.8181818181818181,0.2727272727272727
hgb_under_3p5_combo_high_pass_rate_precip_any,weather_team_style_grid,2021,12,9,3,0.75,5.181818181818182,0.4318181818181818
hgb_under_3p5_combo_high_pass_rate_precip_any,weather_team_style_grid,2022,1,1,0,1.0,0.9090909090909091,0.9090909090909091
hgb_under_3p5_combo_high_pass_rate_precip_any,weather_team_style_grid,2023,5,4,1,0.8,2.6363636363636362,0.5272727272727272
hgb_under_3p5_combo_high_pass_rate_precip_any,weather_team_style_grid,2024,2,0,2,0.0,-2.0,-1.0
hgb_under_3p5_combo_high_pass_rate_rain_flag,weather_team_style_grid,2016,7,3,4,0.42857142857142855,-1.2727272727272727,-0.18181818181818182
hgb_under_3p5_combo_high_pass_rate_rain_flag,weather_team_style_grid,2017,5,3,2,0.6,0.7272727272727273,0.14545454545454545
hgb_under_3p5_combo_high_pass_rate_rain_flag,weather_team_style_grid,2018,11,5,6,0.45454545454545453,-1.4545454545454541,-0.13223140495867766
hgb_under_3p5_combo_high_pass_rate_rain_flag,weather_team_style_grid,2019,7,5,2,0.7142857142857143,2.5454545454545454,0.36363636363636365
hgb_under_3p5_combo_high_pass_rate_rain_flag,weather_team_style_grid,2020,3,2,1,0.6666666666666666,0.8181818181818181,0.2727272727272727
hgb_under_3p5_combo_high_pass_rate_rain_flag,weather_team_style_grid,2021,12,9,3,0.75,5.181818181818182,0.4318181818181818
hgb_under_3p5_combo_high_pass_rate_rain_flag,weather_team_style_grid,2022,1,1,0,1.0,0.9090909090909091,0.9090909090909091
hgb_under_3p5_combo_high_pass_rate_rain_flag,weather_team_style_grid,2023,5,4,1,0.8,2.6363636363636362,0.5272727272727272
hgb_under_3p5_combo_high_pass_rate_rain_flag,weather_team_style_grid,2024,2,0,2,0.0,-2.0,-1.0
hgb_under_3p5_combo_high_pass_rate_cold_le_50,weather_team_style_grid,2016,7,4,3,0.5714285714285714,0.6363636363636362,0.0909090909090909
hgb_under_3p5_combo_high_pass_rate_cold_le_50,weather_team_style_grid,2017,4,3,1,0.75,1.727272727272727,0.43181818181818177
hgb_under_3p5_combo_high_pass_rate_cold_le_50,weather_team_style_grid,2018,12,8,4,0.6666666666666666,3.272727272727273,0.27272727272727276
hgb_under_3p5_combo_high_pass_rate_cold_le_50,weather_team_style_grid,2019,10,6,4,0.6,1.4545454545454541,0.14545454545454542
hgb_under_3p5_combo_high_pass_rate_cold_le_50,weather_team_style_grid,2020,5,0,5,0.0,-5.0,-1.0
hgb_under_3p5_combo_high_pass_rate_cold_le_50,weather_team_style_grid,2021,7,3,4,0.42857142857142855,-1.2727272727272725,-0.1818181818181818
hgb_under_3p5_combo_high_pass_rate_cold_le_50,weather_team_style_grid,2022,4,1,3,0.25,-2.090909090909091,-0.5227272727272727
hgb_under_3p5_combo_high_pass_rate_cold_le_50,weather_team_style_grid,2023,2,2,0,1.0,1.8181818181818181,0.9090909090909091
hgb_under_3p5_combo_high_pass_rate_cold_le_50,weather_team_style_grid,2024,3,3,0,1.0,2.727272727272727,0.9090909090909091
hgb_under_3p5_combo_high_pass_rate_cold_le_45,weather_team_style_grid,2016,4,2,2,0.5,-0.18181818181818177,-0.04545454545454544
hgb_under_3p5_combo_high_pass_rate_cold_le_45,weather_team_style_grid,2017,3,3,0,1.0,2.727272727272727,0.9090909090909091
hgb_under_3p5_combo_high_pass_rate_cold_le_45,weather_team_style_grid,2018,6,3,3,0.5,-0.2727272727272726,-0.045454545454545435
hgb_under_3p5_combo_high_pass_rate_cold_le_45,weather_team_style_grid,2019,5,3,2,0.6,0.7272727272727271,0.14545454545454542
hgb_under_3p5_combo_high_pass_rate_cold_le_45,weather_team_style_grid,2020,4,0,4,0.0,-4.0,-1.0
hgb_under_3p5_combo_high_pass_rate_cold_le_45,weather_team_style_grid,2021,5,2,3,0.4,-1.1818181818181817,-0.23636363636363633
hgb_under_3p5_combo_high_pass_rate_cold_le_45,weather_team_style_grid,2022,4,1,3,0.25,-2.090909090909091,-0.5227272727272727
hgb_under_3p5_combo_high_pass_rate_cold_le_45,weather_team_style_grid,2023,1,1,0,1.0,0.9090909090909091,0.9090909090909091
hgb_under_3p5_combo_high_pass_rate_cold_le_45,weather_team_style_grid,2024,3,3,0,1.0,2.727272727272727,0.9090909090909091
hgb_under_3p5_combo_high_pass_rate_heat_ge_85,weather_team_style_grid,2016,2,0,2,0.0,-2.0,-1.0
hgb_under_3p5_combo_high_pass_rate_heat_ge_85,weather_team_style_grid,2017,4,3,1,0.75,1.727272727272727,0.43181818181818177
hgb_under_3p5_combo_high_pass_rate_heat_ge_85,weather_team_style_grid,2018,6,3,3,0.5,-0.2727272727272728,-0.04545454545454547
hgb_under_3p5_combo_high_pass_rate_heat_ge_85,weather_team_style_grid,2019,5,3,2,0.6,0.7272727272727273,0.14545454545454545
hgb_under_3p5_combo_high_pass_rate_heat_ge_85,weather_team_style_grid,2021,1,1,0,1.0,0.9090909090909091,0.9090909090909091
hgb_under_3p5_combo_high_pass_rate_heat_ge_85,weather_team_style_grid,2022,3,2,1,0.6666666666666666,0.8181818181818181,0.2727272727272727
hgb_under_3p5_combo_high_pass_rate_heat_ge_85,weather_team_style_grid,2023,2,2,0,1.0,1.8181818181818181,0.9090909090909091
hgb_under_3p5_combo_high_pass_rate_heat_ge_85,weather_team_style_grid,2024,6,2,4,0.3333333333333333,-2.1818181818181817,-0.3636363636363636
hgb_under_3p5_combo_high_pass_rate_heat_ge_90,weather_team_style_grid,2016,1,0,1,0.0,-1.0,-1.0
hgb_under_3p5_combo_high_pass_rate_heat_ge_90,weather_team_style_grid,2019,2,1,1,0.5,-0.09090909090909094,-0.04545454545454547
hgb_under_3p5_combo_high_pass_rate_heat_ge_90,weather_team_style_grid,2023,2,2,0,1.0,1.8181818181818181,0.9090909090909091
hgb_under_3p5_combo_high_pass_rate_heat_ge_90,weather_team_style_grid,2024,2,0,2,0.0,-2.0,-1.0
hgb_under_3p5_combo_high_pass_rate_humid_ge_70,weather_team_style_grid,2016,19,9,10,0.47368421052631576,-1.8181818181818175,-0.09569377990430618
hgb_under_3p5_combo_high_pass_rate_humid_ge_70,weather_team_style_grid,2017,13,10,3,0.7692307692307693,6.090909090909091,0.46853146853146854
hgb_under_3p5_combo_high_pass_rate_humid_ge_70,weather_team_style_grid,2018,19,8,11,0.42105263157894735,-3.727272727272727,-0.19617224880382775
hgb_under_3p5_combo_high_pass_rate_humid_ge_70,weather_team_style_grid,2019,10,5,5,0.5,-0.4545454545454547,-0.04545454545454547
hgb_under_3p5_combo_high_pass_rate_humid_ge_70,weather_team_style_grid,2020,10,5,5,0.5,-0.4545454545454546,-0.045454545454545456
hgb_under_3p5_combo_high_pass_rate_humid_ge_70,weather_team_style_grid,2021,19,13,6,0.6842105263157895,5.8181818181818175,0.3062200956937799
hgb_under_3p5_combo_high_pass_rate_humid_ge_70,weather_team_style_grid,2022,5,3,2,0.6,0.7272727272727271,0.14545454545454542
hgb_under_3p5_combo_high_pass_rate_humid_ge_70,weather_team_style_grid,2023,9,6,3,0.6666666666666666,2.454545454545454,0.2727272727272727
hgb_under_3p5_combo_high_pass_rate_humid_ge_70,weather_team_style_grid,2024,4,2,2,0.5,-0.18181818181818177,-0.04545454545454544
hgb_under_3p5_combo_high_pass_rate_humid_ge_80,weather_team_style_grid,2016,11,4,7,0.36363636363636365,-3.3636363636363633,-0.30578512396694213
hgb_under_3p5_combo_high_pass_rate_humid_ge_80,weather_team_style_grid,2017,7,6,1,0.8571428571428571,4.454545454545454,0.6363636363636364
hgb_under_3p5_combo_high_pass_rate_humid_ge_80,weather_team_style_grid,2018,11,5,6,0.45454545454545453,-1.4545454545454541,-0.13223140495867766
hgb_under_3p5_combo_high_pass_rate_humid_ge_80,weather_team_style_grid,2019,6,3,3,0.5,-0.2727272727272728,-0.04545454545454547
hgb_under_3p5_combo_high_pass_rate_humid_ge_80,weather_team_style_grid,2020,9,5,4,0.5555555555555556,0.5454545454545452,0.06060606060606058
hgb_under_3p5_combo_high_pass_rate_humid_ge_80,weather_team_style_grid,2021,12,9,3,0.75,5.181818181818182,0.4318181818181818
hgb_under_3p5_combo_high_pass_rate_humid_ge_80,weather_team_style_grid,2022,2,2,0,1.0,1.8181818181818181,0.9090909090909091
hgb_under_3p5_combo_high_pass_rate_humid_ge_80,weather_team_style_grid,2023,7,5,2,0.7142857142857143,2.5454545454545454,0.36363636363636365
hgb_under_3p5_combo_high_pass_rate_humid_ge_80,weather_team_style_grid,2024,1,1,0,1.0,0.9090909090909091,0.9090909090909091
hgb_under_3p5_combo_high_pass_rate_dewpoint_ge_70,weather_team_style_grid,2016,5,2,3,0.4,-1.1818181818181817,-0.23636363636363633
hgb_under_3p5_combo_high_pass_rate_dewpoint_ge_70,weather_team_style_grid,2017,4,4,0,1.0,3.6363636363636362,0.9090909090909091
hgb_under_3p5_combo_high_pass_rate_dewpoint_ge_70,weather_team_style_grid,2018,5,1,4,0.2,-3.090909090909091,-0.6181818181818182
hgb_under_3p5_combo_high_pass_rate_dewpoint_ge_70,weather_team_style_grid,2019,2,1,1,0.5,-0.09090909090909094,-0.04545454545454547
hgb_under_3p5_combo_high_pass_rate_dewpoint_ge_70,weather_team_style_grid,2021,2,2,0,1.0,1.8181818181818181,0.9090909090909091
hgb_under_3p5_combo_high_pass_rate_dewpoint_ge_70,weather_team_style_grid,2022,1,0,1,0.0,-1.0,-1.0
hgb_under_3p5_combo_high_pass_rate_dewpoint_ge_70,weather_team_style_grid,2023,3,3,0,1.0,2.727272727272727,0.9090909090909091
hgb_under_3p5_combo_high_pass_rate_dewpoint_ge_70,weather_team_style_grid,2024,3,2,1,0.6666666666666666,0.8181818181818181,0.2727272727272727
hgb_under_3p5_combo_high_pass_rate_total_ge_56,team_style_total_grid,2016,30,16,14,0.5333333333333333,0.5454545454545456,0.018181818181818188
hgb_under_3p5_combo_high_pass_rate_total_ge_56,team_style_total_grid,2017,30,21,9,0.7,10.090909090909086,0.3363636363636362
hgb_under_3p5_combo_high_pass_rate_total_ge_56,team_style_total_grid,2018,37,19,18,0.5135135135135135,-0.7272727272727276,-0.019656019656019666
hgb_under_3p5_combo_high_pass_rate_total_ge_56,team_style_total_grid,2019,25,11,14,0.44,-3.999999999999999,-0.15999999999999998
hgb_under_3p5_combo_high_pass_rate_total_ge_56,team_style_total_grid,2020,21,13,8,0.6190476190476191,3.8181818181818175,0.1818181818181818
hgb_under_3p5_combo_high_pass_rate_total_ge_56,team_style_total_grid,2021,40,27,13,0.675,11.545454545454545,0.28863636363636364
hgb_under_3p5_combo_high_pass_rate_total_ge_56,team_style_total_grid,2022,15,9,6,0.6,2.1818181818181817,0.14545454545454545
hgb_under_3p5_combo_high_pass_rate_total_ge_56,team_style_total_grid,2023,16,10,6,0.625,3.090909090909091,0.19318181818181818
hgb_under_3p5_combo_high_pass_rate_total_ge_56,team_style_total_grid,2024,17,11,6,0.6470588235294118,4.0,0.23529411764705882
hgb_under_3p5_combo_high_pass_rate_total_ge_56_wind_ge_12,weather_team_style_total_grid,2016,6,3,3,0.5,-0.2727272727272728,-0.04545454545454547
hgb_under_3p5_combo_high_pass_rate_total_ge_56_wind_ge_12,weather_team_style_total_grid,2017,10,8,2,0.8,5.2727272727272725,0.5272727272727272
hgb_under_3p5_combo_high_pass_rate_total_ge_56_wind_ge_12,weather_team_style_total_grid,2018,8,2,6,0.25,-4.181818181818182,-0.5227272727272727
hgb_under_3p5_combo_high_pass_rate_total_ge_56_wind_ge_12,weather_team_style_total_grid,2019,6,2,4,0.3333333333333333,-2.1818181818181817,-0.3636363636363636
hgb_under_3p5_combo_high_pass_rate_total_ge_56_wind_ge_12,weather_team_style_total_grid,2020,1,0,1,0.0,-1.0,-1.0
hgb_under_3p5_combo_high_pass_rate_total_ge_56_wind_ge_12,weather_team_style_total_grid,2021,4,3,1,0.75,1.727272727272727,0.43181818181818177
hgb_under_3p5_combo_high_pass_rate_total_ge_56_wind_ge_12,weather_team_style_total_grid,2022,2,1,1,0.5,-0.09090909090909094,-0.04545454545454547
hgb_under_3p5_combo_high_pass_rate_total_ge_56_wind_ge_12,weather_team_style_total_grid,2023,2,2,0,1.0,1.8181818181818181,0.9090909090909091
hgb_under_3p5_combo_high_pass_rate_total_ge_56_wind_ge_12,weather_team_style_total_grid,2024,5,3,2,0.6,0.7272727272727273,0.14545454545454545
hgb_under_3p5_combo_high_pass_rate_total_ge_56_wind_ge_15,weather_team_style_total_grid,2016,1,0,1,0.0,-1.0,-1.0
hgb_under_3p5_combo_high_pass_rate_total_ge_56_wind_ge_15,weather_team_style_total_grid,2017,3,2,1,0.6666666666666666,0.8181818181818181,0.2727272727272727
hgb_under_3p5_combo_high_pass_rate_total_ge_56_wind_ge_15,weather_team_style_total_grid,2018,6,1,5,0.16666666666666666,-4.090909090909091,-0.6818181818181818
hgb_under_3p5_combo_high_pass_rate_total_ge_56_wind_ge_15,weather_team_style_total_grid,2019,3,1,2,0.3333333333333333,-1.0909090909090908,-0.3636363636363636
hgb_under_3p5_combo_high_pass_rate_total_ge_56_wind_ge_15,weather_team_style_total_grid,2020,1,0,1,0.0,-1.0,-1.0
hgb_under_3p5_combo_high_pass_rate_total_ge_56_wind_ge_15,weather_team_style_total_grid,2021,2,2,0,1.0,1.8181818181818181,0.9090909090909091
hgb_under_3p5_combo_high_pass_rate_total_ge_56_wind_ge_15,weather_team_style_total_grid,2022,1,1,0,1.0,0.9090909090909091,0.9090909090909091
hgb_under_3p5_combo_high_pass_rate_total_ge_56_wind_ge_15,weather_team_style_total_grid,2023,1,1,0,1.0,0.9090909090909091,0.9090909090909091
hgb_under_3p5_combo_high_pass_rate_total_ge_56_wind_ge_15,weather_team_style_total_grid,2024,4,2,2,0.5,-0.18181818181818177,-0.04545454545454544
hgb_under_3p5_combo_high_pass_rate_total_ge_56_precip_any,weather_team_style_total_grid,2016,5,2,3,0.4,-1.1818181818181817,-0.23636363636363633
hgb_under_3p5_combo_high_pass_rate_total_ge_56_precip_any,weather_team_style_total_grid,2017,3,2,1,0.6666666666666666,0.8181818181818181,0.2727272727272727
hgb_under_3p5_combo_high_pass_rate_total_ge_56_precip_any,weather_team_style_total_grid,2018,5,2,3,0.4,-1.1818181818181817,-0.23636363636363633
hgb_under_3p5_combo_high_pass_rate_total_ge_56_precip_any,weather_team_style_total_grid,2019,4,4,0,1.0,3.6363636363636362,0.9090909090909091
hgb_under_3p5_combo_high_pass_rate_total_ge_56_precip_any,weather_team_style_total_grid,2020,2,2,0,1.0,1.8181818181818181,0.9090909090909091
hgb_under_3p5_combo_high_pass_rate_total_ge_56_precip_any,weather_team_style_total_grid,2021,8,7,1,0.875,5.363636363636363,0.6704545454545454
hgb_under_3p5_combo_high_pass_rate_total_ge_56_precip_any,weather_team_style_total_grid,2022,1,1,0,1.0,0.9090909090909091,0.9090909090909091
hgb_under_3p5_combo_high_pass_rate_total_ge_56_precip_any,weather_team_style_total_grid,2023,2,1,1,0.5,-0.09090909090909094,-0.04545454545454547
hgb_under_3p5_combo_high_pass_rate_total_ge_56_precip_any,weather_team_style_total_grid,2024,1,0,1,0.0,-1.0,-1.0
hgb_under_3p5_combo_high_pass_rate_total_ge_56_rain_flag,weather_team_style_total_grid,2016,5,2,3,0.4,-1.1818181818181817,-0.23636363636363633
hgb_under_3p5_combo_high_pass_rate_total_ge_56_rain_flag,weather_team_style_total_grid,2017,3,2,1,0.6666666666666666,0.8181818181818181,0.2727272727272727
hgb_under_3p5_combo_high_pass_rate_total_ge_56_rain_flag,weather_team_style_total_grid,2018,5,2,3,0.4,-1.1818181818181817,-0.23636363636363633
hgb_under_3p5_combo_high_pass_rate_total_ge_56_rain_flag,weather_team_style_total_grid,2019,4,4,0,1.0,3.6363636363636362,0.9090909090909091
hgb_under_3p5_combo_high_pass_rate_total_ge_56_rain_flag,weather_team_style_total_grid,2020,2,2,0,1.0,1.8181818181818181,0.9090909090909091
hgb_under_3p5_combo_high_pass_rate_total_ge_56_rain_flag,weather_team_style_total_grid,2021,8,7,1,0.875,5.363636363636363,0.6704545454545454
hgb_under_3p5_combo_high_pass_rate_total_ge_56_rain_flag,weather_team_style_total_grid,2022,1,1,0,1.0,0.9090909090909091,0.9090909090909091
hgb_under_3p5_combo_high_pass_rate_total_ge_56_rain_flag,weather_team_style_total_grid,2023,2,1,1,0.5,-0.09090909090909094,-0.04545454545454547
hgb_under_3p5_combo_high_pass_rate_total_ge_56_rain_flag,weather_team_style_total_grid,2024,1,0,1,0.0,-1.0,-1.0
hgb_under_3p5_combo_high_pass_rate_total_ge_56_cold_le_50,weather_team_style_total_grid,2016,4,3,1,0.75,1.727272727272727,0.43181818181818177
hgb_under_3p5_combo_high_pass_rate_total_ge_56_cold_le_50,weather_team_style_total_grid,2017,2,2,0,1.0,1.8181818181818181,0.9090909090909091
hgb_under_3p5_combo_high_pass_rate_total_ge_56_cold_le_50,weather_team_style_total_grid,2018,9,6,3,0.6666666666666666,2.454545454545454,0.2727272727272727
hgb_under_3p5_combo_high_pass_rate_total_ge_56_cold_le_50,weather_team_style_total_grid,2019,7,3,4,0.42857142857142855,-1.2727272727272725,-0.1818181818181818
hgb_under_3p5_combo_high_pass_rate_total_ge_56_cold_le_50,weather_team_style_total_grid,2020,4,0,4,0.0,-4.0,-1.0
hgb_under_3p5_combo_high_pass_rate_total_ge_56_cold_le_50,weather_team_style_total_grid,2021,3,1,2,0.3333333333333333,-1.0909090909090908,-0.3636363636363636
hgb_under_3p5_combo_high_pass_rate_total_ge_56_cold_le_50,weather_team_style_total_grid,2023,2,2,0,1.0,1.8181818181818181,0.9090909090909091
hgb_under_3p5_combo_high_pass_rate_total_ge_56_cold_le_50,weather_team_style_total_grid,2024,2,2,0,1.0,1.8181818181818181,0.9090909090909091
hgb_under_3p5_combo_high_pass_rate_total_ge_56_heat_ge_85,weather_team_style_total_grid,2016,1,0,1,0.0,-1.0,-1.0
hgb_under_3p5_combo_high_pass_rate_total_ge_56_heat_ge_85,weather_team_style_total_grid,2017,4,3,1,0.75,1.727272727272727,0.43181818181818177
hgb_under_3p5_combo_high_pass_rate_total_ge_56_heat_ge_85,weather_team_style_total_grid,2018,3,0,3,0.0,-3.0,-1.0
hgb_under_3p5_combo_high_pass_rate_total_ge_56_heat_ge_85,weather_team_style_total_grid,2019,5,3,2,0.6,0.7272727272727273,0.14545454545454545
hgb_under_3p5_combo_high_pass_rate_total_ge_56_heat_ge_85,weather_team_style_total_grid,2022,3,2,1,0.6666666666666666,0.8181818181818181,0.2727272727272727
hgb_under_3p5_combo_high_pass_rate_total_ge_56_heat_ge_85,weather_team_style_total_grid,2023,1,1,0,1.0,0.9090909090909091,0.9090909090909091
hgb_under_3p5_combo_high_pass_rate_total_ge_56_heat_ge_85,weather_team_style_total_grid,2024,5,2,3,0.4,-1.1818181818181817,-0.23636363636363633
hgb_under_3p5_combo_high_pass_rate_total_ge_56_humid_ge_70,weather_team_style_total_grid,2016,14,7,7,0.5,-0.6363636363636359,-0.04545454545454542
hgb_under_3p5_combo_high_pass_rate_total_ge_56_humid_ge_70,weather_team_style_total_grid,2017,9,7,2,0.7777777777777778,4.363636363636363,0.4848484848484848
hgb_under_3p5_combo_high_pass_rate_total_ge_56_humid_ge_70,weather_team_style_total_grid,2018,11,5,6,0.45454545454545453,-1.4545454545454546,-0.1322314049586777
hgb_under_3p5_combo_high_pass_rate_total_ge_56_humid_ge_70,weather_team_style_total_grid,2019,6,3,3,0.5,-0.2727272727272728,-0.04545454545454547
hgb_under_3p5_combo_high_pass_rate_total_ge_56_humid_ge_70,weather_team_style_total_grid,2020,7,5,2,0.7142857142857143,2.5454545454545454,0.36363636363636365
hgb_under_3p5_combo_high_pass_rate_total_ge_56_humid_ge_70,weather_team_style_total_grid,2021,11,8,3,0.7272727272727273,4.2727272727272725,0.3884297520661157
hgb_under_3p5_combo_high_pass_rate_total_ge_56_humid_ge_70,weather_team_style_total_grid,2022,4,3,1,0.75,1.727272727272727,0.43181818181818177
hgb_under_3p5_combo_high_pass_rate_total_ge_56_humid_ge_70,weather_team_style_total_grid,2023,3,2,1,0.6666666666666666,0.8181818181818181,0.2727272727272727
hgb_under_3p5_combo_high_pass_rate_total_ge_56_humid_ge_70,weather_team_style_total_grid,2024,2,1,1,0.5,-0.09090909090909094,-0.04545454545454547
hgb_under_3p5_combo_high_pass_rate_total_ge_56_dewpoint_ge_70,weather_team_style_total_grid,2016,2,0,2,0.0,-2.0,-1.0
hgb_under_3p5_combo_high_pass_rate_total_ge_56_dewpoint_ge_70,weather_team_style_total_grid,2017,3,3,0,1.0,2.727272727272727,0.9090909090909091
hgb_under_3p5_combo_high_pass_rate_total_ge_56_dewpoint_ge_70,weather_team_style_total_grid,2018,2,1,1,0.5,-0.09090909090909094,-0.04545454545454547
hgb_under_3p5_combo_high_pass_rate_total_ge_56_dewpoint_ge_70,weather_team_style_total_grid,2019,1,0,1,0.0,-1.0,-1.0
hgb_under_3p5_combo_high_pass_rate_total_ge_56_dewpoint_ge_70,weather_team_style_total_grid,2021,2,2,0,1.0,1.8181818181818181,0.9090909090909091
hgb_under_3p5_combo_high_pass_rate_total_ge_56_dewpoint_ge_70,weather_team_style_total_grid,2022,1,0,1,0.0,-1.0,-1.0
hgb_under_3p5_combo_high_pass_rate_total_ge_56_dewpoint_ge_70,weather_team_style_total_grid,2024,2,2,0,1.0,1.8181818181818181,0.9090909090909091
hgb_under_3p5_combo_high_pass_rate_total_ge_58,team_style_total_grid,2016,27,14,13,0.5185185185185185,-0.2727272727272726,-0.010101010101010097
hgb_under_3p5_combo_high_pass_rate_total_ge_58,team_style_total_grid,2017,25,17,8,0.68,7.454545454545453,0.2981818181818181
hgb_under_3p5_combo_high_pass_rate_total_ge_58,team_style_total_grid,2018,32,16,16,0.5,-1.4545454545454541,-0.04545454545454544
hgb_under_3p5_combo_high_pass_rate_total_ge_58,team_style_total_grid,2019,20,8,12,0.4,-4.727272727272727,-0.23636363636363633
hgb_under_3p5_combo_high_pass_rate_total_ge_58,team_style_total_grid,2020,19,12,7,0.631578947368421,3.9090909090909083,0.20574162679425834
hgb_under_3p5_combo_high_pass_rate_total_ge_58,team_style_total_grid,2021,34,24,10,0.7058823529411765,11.818181818181817,0.3475935828877005
hgb_under_3p5_combo_high_pass_rate_total_ge_58,team_style_total_grid,2022,14,8,6,0.5714285714285714,1.2727272727272725,0.0909090909090909
hgb_under_3p5_combo_high_pass_rate_total_ge_58,team_style_total_grid,2023,14,9,5,0.6428571428571429,3.1818181818181817,0.22727272727272727
hgb_under_3p5_combo_high_pass_rate_total_ge_58,team_style_total_grid,2024,17,11,6,0.6470588235294118,4.0,0.23529411764705882
hgb_under_3p5_combo_high_pass_rate_total_ge_58_wind_ge_12,weather_team_style_total_grid,2016,5,3,2,0.6,0.7272727272727272,0.14545454545454545
hgb_under_3p5_combo_high_pass_rate_total_ge_58_wind_ge_12,weather_team_style_total_grid,2017,10,8,2,0.8,5.2727272727272725,0.5272727272727272
hgb_under_3p5_combo_high_pass_rate_total_ge_58_wind_ge_12,weather_team_style_total_grid,2018,7,2,5,0.2857142857142857,-3.1818181818181817,-0.45454545454545453
hgb_under_3p5_combo_high_pass_rate_total_ge_58_wind_ge_12,weather_team_style_total_grid,2019,5,2,3,0.4,-1.1818181818181819,-0.2363636363636364
hgb_under_3p5_combo_high_pass_rate_total_ge_58_wind_ge_12,weather_team_style_total_grid,2020,1,0,1,0.0,-1.0,-1.0
hgb_under_3p5_combo_high_pass_rate_total_ge_58_wind_ge_12,weather_team_style_total_grid,2021,4,3,1,0.75,1.727272727272727,0.43181818181818177
hgb_under_3p5_combo_high_pass_rate_total_ge_58_wind_ge_12,weather_team_style_total_grid,2022,2,1,1,0.5,-0.09090909090909094,-0.04545454545454547
hgb_under_3p5_combo_high_pass_rate_total_ge_58_wind_ge_12,weather_team_style_total_grid,2023,2,2,0,1.0,1.8181818181818181,0.9090909090909091
hgb_under_3p5_combo_high_pass_rate_total_ge_58_wind_ge_12,weather_team_style_total_grid,2024,5,3,2,0.6,0.7272727272727273,0.14545454545454545
hgb_under_3p5_combo_high_pass_rate_total_ge_58_wind_ge_15,weather_team_style_total_grid,2016,1,0,1,0.0,-1.0,-1.0
hgb_under_3p5_combo_high_pass_rate_total_ge_58_wind_ge_15,weather_team_style_total_grid,2017,3,2,1,0.6666666666666666,0.8181818181818181,0.2727272727272727
hgb_under_3p5_combo_high_pass_rate_total_ge_58_wind_ge_15,weather_team_style_total_grid,2018,5,1,4,0.2,-3.090909090909091,-0.6181818181818182
hgb_under_3p5_combo_high_pass_rate_total_ge_58_wind_ge_15,weather_team_style_total_grid,2019,2,1,1,0.5,-0.09090909090909094,-0.04545454545454547
hgb_under_3p5_combo_high_pass_rate_total_ge_58_wind_ge_15,weather_team_style_total_grid,2020,1,0,1,0.0,-1.0,-1.0
hgb_under_3p5_combo_high_pass_rate_total_ge_58_wind_ge_15,weather_team_style_total_grid,2021,2,2,0,1.0,1.8181818181818181,0.9090909090909091
hgb_under_3p5_combo_high_pass_rate_total_ge_58_wind_ge_15,weather_team_style_total_grid,2022,1,1,0,1.0,0.9090909090909091,0.9090909090909091
hgb_under_3p5_combo_high_pass_rate_total_ge_58_wind_ge_15,weather_team_style_total_grid,2023,1,1,0,1.0,0.9090909090909091,0.9090909090909091
hgb_under_3p5_combo_high_pass_rate_total_ge_58_wind_ge_15,weather_team_style_total_grid,2024,4,2,2,0.5,-0.18181818181818177,-0.04545454545454544
hgb_under_3p5_combo_high_pass_rate_total_ge_58_precip_any,weather_team_style_total_grid,2016,5,2,3,0.4,-1.1818181818181817,-0.23636363636363633
hgb_under_3p5_combo_high_pass_rate_total_ge_58_precip_any,weather_team_style_total_grid,2017,2,1,1,0.5,-0.09090909090909094,-0.04545454545454547
hgb_under_3p5_combo_high_pass_rate_total_ge_58_precip_any,weather_team_style_total_grid,2018,4,1,3,0.25,-2.090909090909091,-0.5227272727272727
hgb_under_3p5_combo_high_pass_rate_total_ge_58_precip_any,weather_team_style_total_grid,2019,2,2,0,1.0,1.8181818181818181,0.9090909090909091
hgb_under_3p5_combo_high_pass_rate_total_ge_58_precip_any,weather_team_style_total_grid,2020,2,2,0,1.0,1.8181818181818181,0.9090909090909091
hgb_under_3p5_combo_high_pass_rate_total_ge_58_precip_any,weather_team_style_total_grid,2021,8,7,1,0.875,5.363636363636363,0.6704545454545454
hgb_under_3p5_combo_high_pass_rate_total_ge_58_precip_any,weather_team_style_total_grid,2022,1,1,0,1.0,0.9090909090909091,0.9090909090909091
hgb_under_3p5_combo_high_pass_rate_total_ge_58_precip_any,weather_team_style_total_grid,2023,2,1,1,0.5,-0.09090909090909094,-0.04545454545454547
hgb_under_3p5_combo_high_pass_rate_total_ge_58_precip_any,weather_team_style_total_grid,2024,1,0,1,0.0,-1.0,-1.0
hgb_under_3p5_combo_high_pass_rate_total_ge_58_rain_flag,weather_team_style_total_grid,2016,5,2,3,0.4,-1.1818181818181817,-0.23636363636363633
hgb_under_3p5_combo_high_pass_rate_total_ge_58_rain_flag,weather_team_style_total_grid,2017,2,1,1,0.5,-0.09090909090909094,-0.04545454545454547
hgb_under_3p5_combo_high_pass_rate_total_ge_58_rain_flag,weather_team_style_total_grid,2018,4,1,3,0.25,-2.090909090909091,-0.5227272727272727
hgb_under_3p5_combo_high_pass_rate_total_ge_58_rain_flag,weather_team_style_total_grid,2019,2,2,0,1.0,1.8181818181818181,0.9090909090909091
hgb_under_3p5_combo_high_pass_rate_total_ge_58_rain_flag,weather_team_style_total_grid,2020,2,2,0,1.0,1.8181818181818181,0.9090909090909091
hgb_under_3p5_combo_high_pass_rate_total_ge_58_rain_flag,weather_team_style_total_grid,2021,8,7,1,0.875,5.363636363636363,0.6704545454545454
hgb_under_3p5_combo_high_pass_rate_total_ge_58_rain_flag,weather_team_style_total_grid,2022,1,1,0,1.0,0.9090909090909091,0.9090909090909091
hgb_under_3p5_combo_high_pass_rate_total_ge_58_rain_flag,weather_team_style_total_grid,2023,2,1,1,0.5,-0.09090909090909094,-0.04545454545454547
hgb_under_3p5_combo_high_pass_rate_total_ge_58_rain_flag,weather_team_style_total_grid,2024,1,0,1,0.0,-1.0,-1.0
hgb_under_3p5_combo_high_pass_rate_total_ge_58_cold_le_50,weather_team_style_total_grid,2016,3,2,1,0.6666666666666666,0.8181818181818181,0.2727272727272727
hgb_under_3p5_combo_high_pass_rate_total_ge_58_cold_le_50,weather_team_style_total_grid,2018,8,5,3,0.625,1.5454545454545452,0.19318181818181815
hgb_under_3p5_combo_high_pass_rate_total_ge_58_cold_le_50,weather_team_style_total_grid,2019,4,1,3,0.25,-2.090909090909091,-0.5227272727272727
hgb_under_3p5_combo_high_pass_rate_total_ge_58_cold_le_50,weather_team_style_total_grid,2020,3,0,3,0.0,-3.0,-1.0
hgb_under_3p5_combo_high_pass_rate_total_ge_58_cold_le_50,weather_team_style_total_grid,2021,2,1,1,0.5,-0.09090909090909094,-0.04545454545454547
hgb_under_3p5_combo_high_pass_rate_total_ge_58_cold_le_50,weather_team_style_total_grid,2023,2,2,0,1.0,1.8181818181818181,0.9090909090909091
hgb_under_3p5_combo_high_pass_rate_total_ge_58_cold_le_50,weather_team_style_total_grid,2024,2,2,0,1.0,1.8181818181818181,0.9090909090909091
hgb_under_3p5_combo_high_pass_rate_total_ge_58_heat_ge_85,weather_team_style_total_grid,2016,1,0,1,0.0,-1.0,-1.0
hgb_under_3p5_combo_high_pass_rate_total_ge_58_heat_ge_85,weather_team_style_total_grid,2017,4,3,1,0.75,1.727272727272727,0.43181818181818177
hgb_under_3p5_combo_high_pass_rate_total_ge_58_heat_ge_85,weather_team_style_total_grid,2018,3,0,3,0.0,-3.0,-1.0
hgb_under_3p5_combo_high_pass_rate_total_ge_58_heat_ge_85,weather_team_style_total_grid,2019,4,3,1,0.75,1.727272727272727,0.43181818181818177
hgb_under_3p5_combo_high_pass_rate_total_ge_58_heat_ge_85,weather_team_style_total_grid,2022,3,2,1,0.6666666666666666,0.8181818181818181,0.2727272727272727
hgb_under_3p5_combo_high_pass_rate_total_ge_58_heat_ge_85,weather_team_style_total_grid,2023,1,1,0,1.0,0.9090909090909091,0.9090909090909091
hgb_under_3p5_combo_high_pass_rate_total_ge_58_heat_ge_85,weather_team_style_total_grid,2024,5,2,3,0.4,-1.1818181818181817,-0.23636363636363633
hgb_under_3p5_combo_high_pass_rate_total_ge_58_humid_ge_70,weather_team_style_total_grid,2016,12,6,6,0.5,-0.5454545454545451,-0.04545454545454542
hgb_under_3p5_combo_high_pass_rate_total_ge_58_humid_ge_70,weather_team_style_total_grid,2017,8,6,2,0.75,3.454545454545454,0.43181818181818177
hgb_under_3p5_combo_high_pass_rate_total_ge_58_humid_ge_70,weather_team_style_total_grid,2018,8,3,5,0.375,-2.2727272727272725,-0.28409090909090906
hgb_under_3p5_combo_high_pass_rate_total_ge_58_humid_ge_70,weather_team_style_total_grid,2019,5,2,3,0.4,-1.1818181818181819,-0.2363636363636364
hgb_under_3p5_combo_high_pass_rate_total_ge_58_humid_ge_70,weather_team_style_total_grid,2020,6,4,2,0.6666666666666666,1.6363636363636362,0.2727272727272727
hgb_under_3p5_combo_high_pass_rate_total_ge_58_humid_ge_70,weather_team_style_total_grid,2021,10,7,3,0.7,3.3636363636363633,0.3363636363636363
hgb_under_3p5_combo_high_pass_rate_total_ge_58_humid_ge_70,weather_team_style_total_grid,2022,4,3,1,0.75,1.727272727272727,0.43181818181818177
hgb_under_3p5_combo_high_pass_rate_total_ge_58_humid_ge_70,weather_team_style_total_grid,2023,3,2,1,0.6666666666666666,0.8181818181818181,0.2727272727272727
hgb_under_3p5_combo_high_pass_rate_total_ge_58_humid_ge_70,weather_team_style_total_grid,2024,2,1,1,0.5,-0.09090909090909094,-0.04545454545454547
hgb_under_3p5_combo_high_pass_rate_total_ge_58_dewpoint_ge_70,weather_team_style_total_grid,2016,2,0,2,0.0,-2.0,-1.0
hgb_under_3p5_combo_high_pass_rate_total_ge_58_dewpoint_ge_70,weather_team_style_total_grid,2017,3,3,0,1.0,2.727272727272727,0.9090909090909091
hgb_under_3p5_combo_high_pass_rate_total_ge_58_dewpoint_ge_70,weather_team_style_total_grid,2018,1,0,1,0.0,-1.0,-1.0
hgb_under_3p5_combo_high_pass_rate_total_ge_58_dewpoint_ge_70,weather_team_style_total_grid,2019,1,0,1,0.0,-1.0,-1.0
hgb_under_3p5_combo_high_pass_rate_total_ge_58_dewpoint_ge_70,weather_team_style_total_grid,2021,2,2,0,1.0,1.8181818181818181,0.9090909090909091
hgb_under_3p5_combo_high_pass_rate_total_ge_58_dewpoint_ge_70,weather_team_style_total_grid,2022,1,0,1,0.0,-1.0,-1.0
hgb_under_3p5_combo_high_pass_rate_total_ge_58_dewpoint_ge_70,weather_team_style_total_grid,2024,2,2,0,1.0,1.8181818181818181,0.9090909090909091
hgb_under_3p5_combo_high_pass_rate_total_ge_60,team_style_total_grid,2016,23,11,12,0.4782608695652174,-1.9999999999999998,-0.08695652173913042
hgb_under_3p5_combo_high_pass_rate_total_ge_60,team_style_total_grid,2017,23,16,7,0.6956521739130435,7.545454545454545,0.32806324110671936
hgb_under_3p5_combo_high_pass_rate_total_ge_60,team_style_total_grid,2018,29,13,16,0.4482758620689655,-4.181818181818181,-0.14420062695924762
hgb_under_3p5_combo_high_pass_rate_total_ge_60,team_style_total_grid,2019,17,8,9,0.47058823529411764,-1.7272727272727273,-0.10160427807486631
hgb_under_3p5_combo_high_pass_rate_total_ge_60,team_style_total_grid,2020,16,9,7,0.5625,1.1818181818181814,0.07386363636363634
hgb_under_3p5_combo_high_pass_rate_total_ge_60,team_style_total_grid,2021,30,23,7,0.7666666666666667,13.909090909090905,0.4636363636363635
hgb_under_3p5_combo_high_pass_rate_total_ge_60,team_style_total_grid,2022,12,6,6,0.5,-0.5454545454545459,-0.04545454545454549
hgb_under_3p5_combo_high_pass_rate_total_ge_60,team_style_total_grid,2023,13,9,4,0.6923076923076923,4.181818181818182,0.32167832167832167
hgb_under_3p5_combo_high_pass_rate_total_ge_60,team_style_total_grid,2024,12,8,4,0.6666666666666666,3.272727272727273,0.27272727272727276
hgb_under_3p5_combo_high_pass_rate_total_ge_60_wind_ge_12,weather_team_style_total_grid,2016,5,3,2,0.6,0.7272727272727272,0.14545454545454545
hgb_under_3p5_combo_high_pass_rate_total_ge_60_wind_ge_12,weather_team_style_total_grid,2017,10,8,2,0.8,5.2727272727272725,0.5272727272727272
hgb_under_3p5_combo_high_pass_rate_total_ge_60_wind_ge_12,weather_team_style_total_grid,2018,7,2,5,0.2857142857142857,-3.1818181818181817,-0.45454545454545453
hgb_under_3p5_combo_high_pass_rate_total_ge_60_wind_ge_12,weather_team_style_total_grid,2019,5,2,3,0.4,-1.1818181818181819,-0.2363636363636364
hgb_under_3p5_combo_high_pass_rate_total_ge_60_wind_ge_12,weather_team_style_total_grid,2020,1,0,1,0.0,-1.0,-1.0
hgb_under_3p5_combo_high_pass_rate_total_ge_60_wind_ge_12,weather_team_style_total_grid,2021,4,3,1,0.75,1.727272727272727,0.43181818181818177
hgb_under_3p5_combo_high_pass_rate_total_ge_60_wind_ge_12,weather_team_style_total_grid,2022,2,1,1,0.5,-0.09090909090909094,-0.04545454545454547
hgb_under_3p5_combo_high_pass_rate_total_ge_60_wind_ge_12,weather_team_style_total_grid,2023,2,2,0,1.0,1.8181818181818181,0.9090909090909091
hgb_under_3p5_combo_high_pass_rate_total_ge_60_wind_ge_12,weather_team_style_total_grid,2024,2,1,1,0.5,-0.09090909090909094,-0.04545454545454547
hgb_under_3p5_combo_high_pass_rate_total_ge_60_wind_ge_15,weather_team_style_total_grid,2016,1,0,1,0.0,-1.0,-1.0
hgb_under_3p5_combo_high_pass_rate_total_ge_60_wind_ge_15,weather_team_style_total_grid,2017,3,2,1,0.6666666666666666,0.8181818181818181,0.2727272727272727
hgb_under_3p5_combo_high_pass_rate_total_ge_60_wind_ge_15,weather_team_style_total_grid,2018,5,1,4,0.2,-3.090909090909091,-0.6181818181818182
hgb_under_3p5_combo_high_pass_rate_total_ge_60_wind_ge_15,weather_team_style_total_grid,2019,2,1,1,0.5,-0.09090909090909094,-0.04545454545454547
hgb_under_3p5_combo_high_pass_rate_total_ge_60_wind_ge_15,weather_team_style_total_grid,2020,1,0,1,0.0,-1.0,-1.0
hgb_under_3p5_combo_high_pass_rate_total_ge_60_wind_ge_15,weather_team_style_total_grid,2021,2,2,0,1.0,1.8181818181818181,0.9090909090909091
hgb_under_3p5_combo_high_pass_rate_total_ge_60_wind_ge_15,weather_team_style_total_grid,2022,1,1,0,1.0,0.9090909090909091,0.9090909090909091
hgb_under_3p5_combo_high_pass_rate_total_ge_60_wind_ge_15,weather_team_style_total_grid,2023,1,1,0,1.0,0.9090909090909091,0.9090909090909091
hgb_under_3p5_combo_high_pass_rate_total_ge_60_wind_ge_15,weather_team_style_total_grid,2024,2,1,1,0.5,-0.09090909090909094,-0.04545454545454547
hgb_under_3p5_combo_high_pass_rate_total_ge_60_precip_any,weather_team_style_total_grid,2016,5,2,3,0.4,-1.1818181818181817,-0.23636363636363633
hgb_under_3p5_combo_high_pass_rate_total_ge_60_precip_any,weather_team_style_total_grid,2017,2,1,1,0.5,-0.09090909090909094,-0.04545454545454547
hgb_under_3p5_combo_high_pass_rate_total_ge_60_precip_any,weather_team_style_total_grid,2018,4,1,3,0.25,-2.090909090909091,-0.5227272727272727
hgb_under_3p5_combo_high_pass_rate_total_ge_60_precip_any,weather_team_style_total_grid,2019,2,2,0,1.0,1.8181818181818181,0.9090909090909091
hgb_under_3p5_combo_high_pass_rate_total_ge_60_precip_any,weather_team_style_total_grid,2020,2,2,0,1.0,1.8181818181818181,0.9090909090909091
hgb_under_3p5_combo_high_pass_rate_total_ge_60_precip_any,weather_team_style_total_grid,2021,8,7,1,0.875,5.363636363636363,0.6704545454545454
hgb_under_3p5_combo_high_pass_rate_total_ge_60_precip_any,weather_team_style_total_grid,2022,1,1,0,1.0,0.9090909090909091,0.9090909090909091
hgb_under_3p5_combo_high_pass_rate_total_ge_60_precip_any,weather_team_style_total_grid,2023,2,1,1,0.5,-0.09090909090909094,-0.04545454545454547
hgb_under_3p5_combo_high_pass_rate_total_ge_60_precip_any,weather_team_style_total_grid,2024,1,0,1,0.0,-1.0,-1.0
hgb_under_3p5_combo_high_pass_rate_total_ge_60_rain_flag,weather_team_style_total_grid,2016,5,2,3,0.4,-1.1818181818181817,-0.23636363636363633
hgb_under_3p5_combo_high_pass_rate_total_ge_60_rain_flag,weather_team_style_total_grid,2017,2,1,1,0.5,-0.09090909090909094,-0.04545454545454547
hgb_under_3p5_combo_high_pass_rate_total_ge_60_rain_flag,weather_team_style_total_grid,2018,4,1,3,0.25,-2.090909090909091,-0.5227272727272727
hgb_under_3p5_combo_high_pass_rate_total_ge_60_rain_flag,weather_team_style_total_grid,2019,2,2,0,1.0,1.8181818181818181,0.9090909090909091
hgb_under_3p5_combo_high_pass_rate_total_ge_60_rain_flag,weather_team_style_total_grid,2020,2,2,0,1.0,1.8181818181818181,0.9090909090909091
hgb_under_3p5_combo_high_pass_rate_total_ge_60_rain_flag,weather_team_style_total_grid,2021,8,7,1,0.875,5.363636363636363,0.6704545454545454
hgb_under_3p5_combo_high_pass_rate_total_ge_60_rain_flag,weather_team_style_total_grid,2022,1,1,0,1.0,0.9090909090909091,0.9090909090909091
hgb_under_3p5_combo_high_pass_rate_total_ge_60_rain_flag,weather_team_style_total_grid,2023,2,1,1,0.5,-0.09090909090909094,-0.04545454545454547
hgb_under_3p5_combo_high_pass_rate_total_ge_60_rain_flag,weather_team_style_total_grid,2024,1,0,1,0.0,-1.0,-1.0
hgb_under_3p5_combo_high_pass_rate_total_ge_60_cold_le_50,weather_team_style_total_grid,2016,2,1,1,0.5,-0.09090909090909094,-0.04545454545454547
hgb_under_3p5_combo_high_pass_rate_total_ge_60_cold_le_50,weather_team_style_total_grid,2018,7,4,3,0.5714285714285714,0.6363636363636362,0.0909090909090909
hgb_under_3p5_combo_high_pass_rate_total_ge_60_cold_le_50,weather_team_style_total_grid,2019,4,1,3,0.25,-2.090909090909091,-0.5227272727272727
hgb_under_3p5_combo_high_pass_rate_total_ge_60_cold_le_50,weather_team_style_total_grid,2020,3,0,3,0.0,-3.0,-1.0
hgb_under_3p5_combo_high_pass_rate_total_ge_60_cold_le_50,weather_team_style_total_grid,2021,1,0,1,0.0,-1.0,-1.0
hgb_under_3p5_combo_high_pass_rate_total_ge_60_cold_le_50,weather_team_style_total_grid,2023,2,2,0,1.0,1.8181818181818181,0.9090909090909091
hgb_under_3p5_combo_high_pass_rate_total_ge_60_cold_le_50,weather_team_style_total_grid,2024,1,1,0,1.0,0.9090909090909091,0.9090909090909091
hgb_under_3p5_combo_high_pass_rate_total_ge_60_heat_ge_85,weather_team_style_total_grid,2016,1,0,1,0.0,-1.0,-1.0
hgb_under_3p5_combo_high_pass_rate_total_ge_60_heat_ge_85,weather_team_style_total_grid,2017,4,3,1,0.75,1.727272727272727,0.43181818181818177
hgb_under_3p5_combo_high_pass_rate_total_ge_60_heat_ge_85,weather_team_style_total_grid,2018,3,0,3,0.0,-3.0,-1.0
hgb_under_3p5_combo_high_pass_rate_total_ge_60_heat_ge_85,weather_team_style_total_grid,2019,4,3,1,0.75,1.727272727272727,0.43181818181818177
hgb_under_3p5_combo_high_pass_rate_total_ge_60_heat_ge_85,weather_team_style_total_grid,2022,3,2,1,0.6666666666666666,0.8181818181818181,0.2727272727272727
hgb_under_3p5_combo_high_pass_rate_total_ge_60_heat_ge_85,weather_team_style_total_grid,2023,1,1,0,1.0,0.9090909090909091,0.9090909090909091
hgb_under_3p5_combo_high_pass_rate_total_ge_60_heat_ge_85,weather_team_style_total_grid,2024,3,1,2,0.3333333333333333,-1.0909090909090908,-0.3636363636363636
hgb_under_3p5_combo_high_pass_rate_total_ge_60_humid_ge_70,weather_team_style_total_grid,2016,12,6,6,0.5,-0.5454545454545451,-0.04545454545454542
hgb_under_3p5_combo_high_pass_rate_total_ge_60_humid_ge_70,weather_team_style_total_grid,2017,6,5,1,0.8333333333333334,3.5454545454545454,0.5909090909090909
hgb_under_3p5_combo_high_pass_rate_total_ge_60_humid_ge_70,weather_team_style_total_grid,2018,7,2,5,0.2857142857142857,-3.1818181818181817,-0.45454545454545453
hgb_under_3p5_combo_high_pass_rate_total_ge_60_humid_ge_70,weather_team_style_total_grid,2019,5,2,3,0.4,-1.1818181818181819,-0.2363636363636364
hgb_under_3p5_combo_high_pass_rate_total_ge_60_humid_ge_70,weather_team_style_total_grid,2020,6,4,2,0.6666666666666666,1.6363636363636362,0.2727272727272727
hgb_under_3p5_combo_high_pass_rate_total_ge_60_humid_ge_70,weather_team_style_total_grid,2021,9,7,2,0.7777777777777778,4.363636363636363,0.4848484848484848
hgb_under_3p5_combo_high_pass_rate_total_ge_60_humid_ge_70,weather_team_style_total_grid,2022,3,2,1,0.6666666666666666,0.8181818181818181,0.2727272727272727
hgb_under_3p5_combo_high_pass_rate_total_ge_60_humid_ge_70,weather_team_style_total_grid,2023,3,2,1,0.6666666666666666,0.8181818181818181,0.2727272727272727
hgb_under_3p5_combo_high_pass_rate_total_ge_60_humid_ge_70,weather_team_style_total_grid,2024,2,1,1,0.5,-0.09090909090909094,-0.04545454545454547
hgb_under_3p5_combo_high_pass_rate_total_ge_60_dewpoint_ge_70,weather_team_style_total_grid,2016,2,0,2,0.0,-2.0,-1.0
hgb_under_3p5_combo_high_pass_rate_total_ge_60_dewpoint_ge_70,weather_team_style_total_grid,2017,2,2,0,1.0,1.8181818181818181,0.9090909090909091
hgb_under_3p5_combo_high_pass_rate_total_ge_60_dewpoint_ge_70,weather_team_style_total_grid,2018,1,0,1,0.0,-1.0,-1.0
hgb_under_3p5_combo_high_pass_rate_total_ge_60_dewpoint_ge_70,weather_team_style_total_grid,2019,1,0,1,0.0,-1.0,-1.0
hgb_under_3p5_combo_high_pass_rate_total_ge_60_dewpoint_ge_70,weather_team_style_total_grid,2021,2,2,0,1.0,1.8181818181818181,0.9090909090909091
hgb_under_3p5_combo_high_pass_rate_total_ge_60_dewpoint_ge_70,weather_team_style_total_grid,2022,1,0,1,0.0,-1.0,-1.0
hgb_under_3p5_combo_high_pass_rate_total_ge_60_dewpoint_ge_70,weather_team_style_total_grid,2024,2,2,0,1.0,1.8181818181818181,0.9090909090909091
hgb_under_3p5_combo_high_pass_rate_total_60_63,team_style_total_grid,2016,4,2,2,0.5,-0.18181818181818177,-0.04545454545454544
hgb_under_3p5_combo_high_pass_rate_total_60_63,team_style_total_grid,2017,3,3,0,1.0,2.727272727272727,0.9090909090909091
hgb_under_3p5_combo_high_pass_rate_total_60_63,team_style_total_grid,2018,5,4,1,0.8,2.6363636363636362,0.5272727272727272
hgb_under_3p5_combo_high_pass_rate_total_60_63,team_style_total_grid,2019,5,3,2,0.6,0.7272727272727272,0.14545454545454545
hgb_under_3p5_combo_high_pass_rate_total_60_63,team_style_total_grid,2020,4,3,1,0.75,1.727272727272727,0.43181818181818177
hgb_under_3p5_combo_high_pass_rate_total_60_63,team_style_total_grid,2021,12,9,3,0.75,5.181818181818182,0.4318181818181818
hgb_under_3p5_combo_high_pass_rate_total_60_63,team_style_total_grid,2022,3,0,3,0.0,-3.0,-1.0
hgb_under_3p5_combo_high_pass_rate_total_60_63,team_style_total_grid,2024,4,3,1,0.75,1.727272727272727,0.43181818181818177
hgb_under_3p5_combo_high_pass_rate_total_60_63_wind_ge_12,weather_team_style_total_grid,2016,1,0,1,0.0,-1.0,-1.0
hgb_under_3p5_combo_high_pass_rate_total_60_63_wind_ge_12,weather_team_style_total_grid,2017,2,2,0,1.0,1.8181818181818181,0.9090909090909091
hgb_under_3p5_combo_high_pass_rate_total_60_63_wind_ge_12,weather_team_style_total_grid,2018,1,1,0,1.0,0.9090909090909091,0.9090909090909091
hgb_under_3p5_combo_high_pass_rate_total_60_63_wind_ge_12,weather_team_style_total_grid,2019,3,1,2,0.3333333333333333,-1.0909090909090908,-0.3636363636363636
hgb_under_3p5_combo_high_pass_rate_total_60_63_wind_ge_12,weather_team_style_total_grid,2021,4,3,1,0.75,1.727272727272727,0.43181818181818177
hgb_under_3p5_combo_high_pass_rate_total_60_63_wind_ge_12,weather_team_style_total_grid,2024,0,0,0,,0.0,
hgb_under_3p5_combo_high_pass_rate_total_60_63_wind_ge_15,weather_team_style_total_grid,2019,1,0,1,0.0,-1.0,-1.0
hgb_under_3p5_combo_high_pass_rate_total_60_63_wind_ge_15,weather_team_style_total_grid,2021,2,2,0,1.0,1.8181818181818181,0.9090909090909091
hgb_under_3p5_combo_high_pass_rate_total_60_63_precip_any,weather_team_style_total_grid,2016,3,1,2,0.3333333333333333,-1.0909090909090908,-0.3636363636363636
hgb_under_3p5_combo_high_pass_rate_total_60_63_precip_any,weather_team_style_total_grid,2019,1,1,0,1.0,0.9090909090909091,0.9090909090909091
hgb_under_3p5_combo_high_pass_rate_total_60_63_precip_any,weather_team_style_total_grid,2020,1,1,0,1.0,0.9090909090909091,0.9090909090909091
hgb_under_3p5_combo_high_pass_rate_total_60_63_precip_any,weather_team_style_total_grid,2021,3,2,1,0.6666666666666666,0.8181818181818181,0.2727272727272727
hgb_under_3p5_combo_high_pass_rate_total_60_63_rain_flag,weather_team_style_total_grid,2016,3,1,2,0.3333333333333333,-1.0909090909090908,-0.3636363636363636
hgb_under_3p5_combo_high_pass_rate_total_60_63_rain_flag,weather_team_style_total_grid,2019,1,1,0,1.0,0.9090909090909091,0.9090909090909091
hgb_under_3p5_combo_high_pass_rate_total_60_63_rain_flag,weather_team_style_total_grid,2020,1,1,0,1.0,0.9090909090909091,0.9090909090909091
hgb_under_3p5_combo_high_pass_rate_total_60_63_rain_flag,weather_team_style_total_grid,2021,3,2,1,0.6666666666666666,0.8181818181818181,0.2727272727272727
hgb_under_3p5_combo_high_pass_rate_total_60_63_cold_le_50,weather_team_style_total_grid,2016,0,0,0,,0.0,
hgb_under_3p5_combo_high_pass_rate_total_60_63_cold_le_50,weather_team_style_total_grid,2018,1,1,0,1.0,0.9090909090909091,0.9090909090909091
hgb_under_3p5_combo_high_pass_rate_total_60_63_cold_le_50,weather_team_style_total_grid,2020,1,0,1,0.0,-1.0,-1.0
hgb_under_3p5_combo_high_pass_rate_total_60_63_cold_le_50,weather_team_style_total_grid,2021,1,0,1,0.0,-1.0,-1.0
hgb_under_3p5_combo_high_pass_rate_total_60_63_heat_ge_85,weather_team_style_total_grid,2017,1,1,0,1.0,0.9090909090909091,0.9090909090909091
hgb_under_3p5_combo_high_pass_rate_total_60_63_heat_ge_85,weather_team_style_total_grid,2018,1,0,1,0.0,-1.0,-1.0
hgb_under_3p5_combo_high_pass_rate_total_60_63_heat_ge_85,weather_team_style_total_grid,2022,1,0,1,0.0,-1.0,-1.0
hgb_under_3p5_combo_high_pass_rate_total_60_63_heat_ge_85,weather_team_style_total_grid,2024,2,1,1,0.5,-0.09090909090909094,-0.04545454545454547
hgb_under_3p5_combo_high_pass_rate_total_60_63_humid_ge_70,weather_team_style_total_grid,2016,3,1,2,0.3333333333333333,-1.0909090909090908,-0.3636363636363636
hgb_under_3p5_combo_high_pass_rate_total_60_63_humid_ge_70,weather_team_style_total_grid,2017,1,1,0,1.0,0.9090909090909091,0.9090909090909091
hgb_under_3p5_combo_high_pass_rate_total_60_63_humid_ge_70,weather_team_style_total_grid,2019,1,1,0,1.0,0.9090909090909091,0.9090909090909091
hgb_under_3p5_combo_high_pass_rate_total_60_63_humid_ge_70,weather_team_style_total_grid,2020,2,2,0,1.0,1.8181818181818181,0.9090909090909091
hgb_under_3p5_combo_high_pass_rate_total_60_63_humid_ge_70,weather_team_style_total_grid,2021,4,2,2,0.5,-0.18181818181818188,-0.04545454545454547
hgb_under_3p5_combo_high_pass_rate_total_60_63_humid_ge_70,weather_team_style_total_grid,2022,1,0,1,0.0,-1.0,-1.0
hgb_under_3p5_combo_high_pass_rate_total_60_63_dewpoint_ge_70,weather_team_style_total_grid,2016,2,0,2,0.0,-2.0,-1.0
hgb_under_3p5_combo_high_pass_rate_total_60_63_dewpoint_ge_70,weather_team_style_total_grid,2017,1,1,0,1.0,0.9090909090909091,0.9090909090909091
hgb_under_3p5_combo_high_pass_rate_total_60_63_dewpoint_ge_70,weather_team_style_total_grid,2021,1,1,0,1.0,0.9090909090909091,0.9090909090909091
hgb_under_3p5_combo_high_pass_rate_total_60_63_dewpoint_ge_70,weather_team_style_total_grid,2022,1,0,1,0.0,-1.0,-1.0
hgb_under_3p5_combo_high_pass_rate_total_60_63_dewpoint_ge_70,weather_team_style_total_grid,2024,1,1,0,1.0,0.9090909090909091,0.9090909090909091
